group,sector,dep_var,model_type,feature,importance
full,Advanced Manufacturing,lq_emp,regression,enterprise_birth_rate,0.007859467491999166
full,Advanced Manufacturing,lq_emp,regression,enterprise_death_rate,0.0030708696227706436
full,Advanced Manufacturing,lq_emp,regression,enterprise_high_growth_rate,0.003648511133322627
full,Advanced Manufacturing,lq_emp,regression,broadband,0.00398988984568457
full,Advanced Manufacturing,lq_emp,regression,coverage_4g,0.003729960217567268
full,Advanced Manufacturing,lq_emp,regression,transport_to_employer,0.006571567590697262
full,Advanced Manufacturing,lq_emp,regression,drive_to_employer,0.007845083749829876
full,Advanced Manufacturing,lq_emp,regression,cycle_to_employer,0.004024177674193185
full,Advanced Manufacturing,lq_emp,regression,nvq_level3,0.009389285261394974
full,Advanced Manufacturing,lq_emp,regression,gcse_age19,0.005317970408902925
full,Advanced Manufacturing,lq_emp,regression,apprenticeship_starts,0.04369909293342892
full,Advanced Manufacturing,lq_emp,regression,apprenticeship_achievements,0.09787364525930284
full,Advanced Manufacturing,lq_emp,regression,fe_participation,0.011618201894614846
full,Advanced Manufacturing,lq_emp,regression,unemployment_rate,0.004235238777182672
full,Advanced Manufacturing,lq_emp,regression,housing_net_additions,0.003939788256936125
full,Advanced Manufacturing,lq_emp,regression,size_large_share,0.673170252549444
full,Advanced Manufacturing,lq_emp,regression,size_micro_share,0.09167811111365282
full,Advanced Manufacturing,lq_emp,regression,related_variety,0.0019287166955396715
full,Advanced Manufacturing,lq_emp,regression,within_sector_diversity,0.016410169523535856
full,Advanced Manufacturing,lq_bus,regression,enterprise_birth_rate,0.008356135481993359
full,Advanced Manufacturing,lq_bus,regression,enterprise_death_rate,0.0060956401938570635
full,Advanced Manufacturing,lq_bus,regression,enterprise_high_growth_rate,0.003824487949404618
full,Advanced Manufacturing,lq_bus,regression,broadband,0.012861641767764052
full,Advanced Manufacturing,lq_bus,regression,coverage_4g,0.0025670381452377504
full,Advanced Manufacturing,lq_bus,regression,transport_to_employer,0.011573456974900524
full,Advanced Manufacturing,lq_bus,regression,drive_to_employer,0.011274988258700132
full,Advanced Manufacturing,lq_bus,regression,cycle_to_employer,0.02884405893689993
full,Advanced Manufacturing,lq_bus,regression,nvq_level3,0.02031962198772303
full,Advanced Manufacturing,lq_bus,regression,gcse_age19,0.008089319039541413
full,Advanced Manufacturing,lq_bus,regression,apprenticeship_starts,0.2466423350086657
full,Advanced Manufacturing,lq_bus,regression,apprenticeship_achievements,0.12045014970030171
full,Advanced Manufacturing,lq_bus,regression,fe_participation,0.010245004649763533
full,Advanced Manufacturing,lq_bus,regression,unemployment_rate,0.0051874574030006315
full,Advanced Manufacturing,lq_bus,regression,housing_net_additions,0.0056130771873077155
full,Advanced Manufacturing,lq_bus,regression,size_large_share,0.0
full,Advanced Manufacturing,lq_bus,regression,size_micro_share,0.26347705307682456
full,Advanced Manufacturing,lq_bus,regression,related_variety,0.19030329279678773
full,Advanced Manufacturing,lq_bus,regression,within_sector_diversity,0.04427524144132664
full,Advanced Manufacturing,gd_emp,regression,enterprise_birth_rate,0.023476380075208893
full,Advanced Manufacturing,gd_emp,regression,enterprise_death_rate,0.019849840560451762
full,Advanced Manufacturing,gd_emp,regression,enterprise_high_growth_rate,0.08079699162143247
full,Advanced Manufacturing,gd_emp,regression,broadband,0.04918738266384769
full,Advanced Manufacturing,gd_emp,regression,coverage_4g,0.008506104134691455
full,Advanced Manufacturing,gd_emp,regression,transport_to_employer,0.040920225495016366
full,Advanced Manufacturing,gd_emp,regression,drive_to_employer,0.028267116042709643
full,Advanced Manufacturing,gd_emp,regression,cycle_to_employer,0.11082832276179518
full,Advanced Manufacturing,gd_emp,regression,nvq_level3,0.0822179559546094
full,Advanced Manufacturing,gd_emp,regression,gcse_age19,0.05090005193671574
full,Advanced Manufacturing,gd_emp,regression,apprenticeship_starts,0.05469179746333291
full,Advanced Manufacturing,gd_emp,regression,apprenticeship_achievements,0.0931998780029474
full,Advanced Manufacturing,gd_emp,regression,fe_participation,0.053805540909710514
full,Advanced Manufacturing,gd_emp,regression,unemployment_rate,0.08458993698603795
full,Advanced Manufacturing,gd_emp,regression,housing_net_additions,0.02729291330271574
full,Advanced Manufacturing,gd_emp,regression,size_large_share,0.0
full,Advanced Manufacturing,gd_emp,regression,size_micro_share,0.038916653712304544
full,Advanced Manufacturing,gd_emp,regression,related_variety,0.03952239203529853
full,Advanced Manufacturing,gd_emp,regression,within_sector_diversity,0.11303051634117384
full,Advanced Manufacturing,gd_bus,regression,enterprise_birth_rate,0.03018238218708937
full,Advanced Manufacturing,gd_bus,regression,enterprise_death_rate,0.012911784905890069
full,Advanced Manufacturing,gd_bus,regression,enterprise_high_growth_rate,0.1700947621948121
full,Advanced Manufacturing,gd_bus,regression,broadband,0.059350539129441555
full,Advanced Manufacturing,gd_bus,regression,coverage_4g,0.006013309470474104
full,Advanced Manufacturing,gd_bus,regression,transport_to_employer,0.09689151399418859
full,Advanced Manufacturing,gd_bus,regression,drive_to_employer,0.03767125126765279
full,Advanced Manufacturing,gd_bus,regression,cycle_to_employer,0.14758628569170731
full,Advanced Manufacturing,gd_bus,regression,nvq_level3,0.019900655389583324
full,Advanced Manufacturing,gd_bus,regression,gcse_age19,0.05047933787465407
full,Advanced Manufacturing,gd_bus,regression,apprenticeship_starts,0.03818985030980325
full,Advanced Manufacturing,gd_bus,regression,apprenticeship_achievements,0.01895279759103135
full,Advanced Manufacturing,gd_bus,regression,fe_participation,0.05195949660824735
full,Advanced Manufacturing,gd_bus,regression,unemployment_rate,0.008548151135340666
full,Advanced Manufacturing,gd_bus,regression,housing_net_additions,0.01677659606093949
full,Advanced Manufacturing,gd_bus,regression,size_large_share,0.0
full,Advanced Manufacturing,gd_bus,regression,size_micro_share,0.025704772184394188
full,Advanced Manufacturing,gd_bus,regression,related_variety,0.027127057631789613
full,Advanced Manufacturing,gd_bus,regression,within_sector_diversity,0.18165945637296096
full,Advanced Manufacturing,lq_emp_binary,classification,enterprise_birth_rate,0.02446092968456494
full,Advanced Manufacturing,lq_emp_binary,classification,enterprise_death_rate,0.023582889074332307
full,Advanced Manufacturing,lq_emp_binary,classification,enterprise_high_growth_rate,0.025694803226358823
full,Advanced Manufacturing,lq_emp_binary,classification,broadband,0.023703200315892348
full,Advanced Manufacturing,lq_emp_binary,classification,coverage_4g,0.016282763596853427
full,Advanced Manufacturing,lq_emp_binary,classification,transport_to_employer,0.057231908676531794
full,Advanced Manufacturing,lq_emp_binary,classification,drive_to_employer,0.05325855395592954
full,Advanced Manufacturing,lq_emp_binary,classification,cycle_to_employer,0.08176747869501641
full,Advanced Manufacturing,lq_emp_binary,classification,nvq_level3,0.03606579266815208
full,Advanced Manufacturing,lq_emp_binary,classification,gcse_age19,0.026240446620901872
full,Advanced Manufacturing,lq_emp_binary,classification,apprenticeship_starts,0.10932544603814909
full,Advanced Manufacturing,lq_emp_binary,classification,apprenticeship_achievements,0.15830204743723741
full,Advanced Manufacturing,lq_emp_binary,classification,fe_participation,0.039584368746798514
full,Advanced Manufacturing,lq_emp_binary,classification,unemployment_rate,0.02641859058952687
full,Advanced Manufacturing,lq_emp_binary,classification,housing_net_additions,0.01491020897812588
full,Advanced Manufacturing,lq_emp_binary,classification,size_large_share,0.014200183555584979
full,Advanced Manufacturing,lq_emp_binary,classification,size_micro_share,0.16759617538982924
full,Advanced Manufacturing,lq_emp_binary,classification,related_variety,0.06096936767984807
full,Advanced Manufacturing,lq_emp_binary,classification,within_sector_diversity,0.04040484507036639
full,Advanced Manufacturing,lq_bus_binary,classification,enterprise_birth_rate,0.008073898959645314
full,Advanced Manufacturing,lq_bus_binary,classification,enterprise_death_rate,0.01920057395596649
full,Advanced Manufacturing,lq_bus_binary,classification,enterprise_high_growth_rate,0.010065780172719809
full,Advanced Manufacturing,lq_bus_binary,classification,broadband,0.013129036931488642
full,Advanced Manufacturing,lq_bus_binary,classification,coverage_4g,0.015455821034655016
full,Advanced Manufacturing,lq_bus_binary,classification,transport_to_employer,0.06140056361617468
full,Advanced Manufacturing,lq_bus_binary,classification,drive_to_employer,0.043522714342760366
full,Advanced Manufacturing,lq_bus_binary,classification,cycle_to_employer,0.08963173523313918
full,Advanced Manufacturing,lq_bus_binary,classification,nvq_level3,0.04459644385410646
full,Advanced Manufacturing,lq_bus_binary,classification,gcse_age19,0.01936144945155937
full,Advanced Manufacturing,lq_bus_binary,classification,apprenticeship_starts,0.11190435234222232
full,Advanced Manufacturing,lq_bus_binary,classification,apprenticeship_achievements,0.14662370998952504
full,Advanced Manufacturing,lq_bus_binary,classification,fe_participation,0.016586305736493993
full,Advanced Manufacturing,lq_bus_binary,classification,unemployment_rate,0.00872344241619526
full,Advanced Manufacturing,lq_bus_binary,classification,housing_net_additions,0.010954844659020356
full,Advanced Manufacturing,lq_bus_binary,classification,size_large_share,0.00033839371794574586
full,Advanced Manufacturing,lq_bus_binary,classification,size_micro_share,0.18392613661377438
full,Advanced Manufacturing,lq_bus_binary,classification,related_variety,0.13332206014750642
full,Advanced Manufacturing,lq_bus_binary,classification,within_sector_diversity,0.06318273682510127
full,Advanced Manufacturing,gd_emp_binary,classification,enterprise_birth_rate,0.04946167189572376
full,Advanced Manufacturing,gd_emp_binary,classification,enterprise_death_rate,0.051127398755746144
full,Advanced Manufacturing,gd_emp_binary,classification,enterprise_high_growth_rate,0.05106062902828388
full,Advanced Manufacturing,gd_emp_binary,classification,broadband,0.04381359935623122
full,Advanced Manufacturing,gd_emp_binary,classification,coverage_4g,0.023062733523393705
full,Advanced Manufacturing,gd_emp_binary,classification,transport_to_employer,0.08201428247882094
full,Advanced Manufacturing,gd_emp_binary,classification,drive_to_employer,0.04813723425622701
full,Advanced Manufacturing,gd_emp_binary,classification,cycle_to_employer,0.08145458386615417
full,Advanced Manufacturing,gd_emp_binary,classification,nvq_level3,0.09483350298447175
full,Advanced Manufacturing,gd_emp_binary,classification,gcse_age19,0.04433964737923472
full,Advanced Manufacturing,gd_emp_binary,classification,apprenticeship_starts,0.02550392128773534
full,Advanced Manufacturing,gd_emp_binary,classification,apprenticeship_achievements,0.07177324329689275
full,Advanced Manufacturing,gd_emp_binary,classification,fe_participation,0.034199271845829715
full,Advanced Manufacturing,gd_emp_binary,classification,unemployment_rate,0.03823537661932339
full,Advanced Manufacturing,gd_emp_binary,classification,housing_net_additions,0.048111248302733674
full,Advanced Manufacturing,gd_emp_binary,classification,size_large_share,0.00447464470404738
full,Advanced Manufacturing,gd_emp_binary,classification,size_micro_share,0.04643082976344709
full,Advanced Manufacturing,gd_emp_binary,classification,related_variety,0.10183323601007539
full,Advanced Manufacturing,gd_emp_binary,classification,within_sector_diversity,0.06013294464562782
full,Advanced Manufacturing,gd_bus_binary,classification,enterprise_birth_rate,0.04630414657507243
full,Advanced Manufacturing,gd_bus_binary,classification,enterprise_death_rate,0.025736809828596913
full,Advanced Manufacturing,gd_bus_binary,classification,enterprise_high_growth_rate,0.1506040140202517
full,Advanced Manufacturing,gd_bus_binary,classification,broadband,0.03078677053566632
full,Advanced Manufacturing,gd_bus_binary,classification,coverage_4g,0.030436582509123507
full,Advanced Manufacturing,gd_bus_binary,classification,transport_to_employer,0.08050281627658372
full,Advanced Manufacturing,gd_bus_binary,classification,drive_to_employer,0.06545791133272902
full,Advanced Manufacturing,gd_bus_binary,classification,cycle_to_employer,0.09251863349793536
full,Advanced Manufacturing,gd_bus_binary,classification,nvq_level3,0.04531540590602504
full,Advanced Manufacturing,gd_bus_binary,classification,gcse_age19,0.0519583378455387
full,Advanced Manufacturing,gd_bus_binary,classification,apprenticeship_starts,0.030335096667465464
full,Advanced Manufacturing,gd_bus_binary,classification,apprenticeship_achievements,0.03853860745724896
full,Advanced Manufacturing,gd_bus_binary,classification,fe_participation,0.04839252144862129
full,Advanced Manufacturing,gd_bus_binary,classification,unemployment_rate,0.024468094085666924
full,Advanced Manufacturing,gd_bus_binary,classification,housing_net_additions,0.020106910107256785
full,Advanced Manufacturing,gd_bus_binary,classification,size_large_share,0.0024923909048870873
full,Advanced Manufacturing,gd_bus_binary,classification,size_micro_share,0.06311688952028968
full,Advanced Manufacturing,gd_bus_binary,classification,related_variety,0.042912357813374706
full,Advanced Manufacturing,gd_bus_binary,classification,within_sector_diversity,0.11001570366766641
full,Creative Industries,lq_emp,regression,enterprise_birth_rate,0.0026294381173129554
full,Creative Industries,lq_emp,regression,enterprise_death_rate,0.004713998933711255
full,Creative Industries,lq_emp,regression,enterprise_high_growth_rate,0.005390056141216984
full,Creative Industries,lq_emp,regression,broadband,0.0014239413595825957
full,Creative Industries,lq_emp,regression,coverage_4g,0.0
full,Creative Industries,lq_emp,regression,transport_to_employer,0.3247730796069109
full,Creative Industries,lq_emp,regression,drive_to_employer,0.009416904311471184
full,Creative Industries,lq_emp,regression,cycle_to_employer,0.05603087582602218
full,Creative Industries,lq_emp,regression,nvq_level3,0.10129213198277214
full,Creative Industries,lq_emp,regression,gcse_age19,0.015574070835846467
full,Creative Industries,lq_emp,regression,apprenticeship_starts,0.10845847351940885
full,Creative Industries,lq_emp,regression,apprenticeship_achievements,0.021331262845663237
full,Creative Industries,lq_emp,regression,fe_participation,0.0015329351302464436
full,Creative Industries,lq_emp,regression,unemployment_rate,0.0009063341371595143
full,Creative Industries,lq_emp,regression,housing_net_additions,0.004017883911804981
full,Creative Industries,lq_emp,regression,size_large_share,0.2959077401452826
full,Creative Industries,lq_emp,regression,size_micro_share,0.03201436055011211
full,Creative Industries,lq_emp,regression,related_variety,0.008262041231281003
full,Creative Industries,lq_emp,regression,within_sector_diversity,0.006324471414194659
full,Creative Industries,lq_bus,regression,enterprise_birth_rate,0.004969403364468428
full,Creative Industries,lq_bus,regression,enterprise_death_rate,0.004731240315407086
full,Creative Industries,lq_bus,regression,enterprise_high_growth_rate,0.005246832982633949
full,Creative Industries,lq_bus,regression,broadband,0.0033608058767534937
full,Creative Industries,lq_bus,regression,coverage_4g,0.0006867506671482655
full,Creative Industries,lq_bus,regression,transport_to_employer,0.09355297487858957
full,Creative Industries,lq_bus,regression,drive_to_employer,0.01460965695920382
full,Creative Industries,lq_bus,regression,cycle_to_employer,0.06363474919482556
full,Creative Industries,lq_bus,regression,nvq_level3,0.08118346381900418
full,Creative Industries,lq_bus,regression,gcse_age19,0.029320228343292617
full,Creative Industries,lq_bus,regression,apprenticeship_starts,0.4070092602791328
full,Creative Industries,lq_bus,regression,apprenticeship_achievements,0.2504924567062726
full,Creative Industries,lq_bus,regression,fe_participation,0.011089882960929422
full,Creative Industries,lq_bus,regression,unemployment_rate,0.004941841863753968
full,Creative Industries,lq_bus,regression,housing_net_additions,0.0021668259170573383
full,Creative Industries,lq_bus,regression,size_large_share,0.0
full,Creative Industries,lq_bus,regression,size_micro_share,0.00661418914717304
full,Creative Industries,lq_bus,regression,related_variety,0.004799574923894615
full,Creative Industries,lq_bus,regression,within_sector_diversity,0.011589861800459313
full,Creative Industries,gd_emp,regression,enterprise_birth_rate,0.03963706115977504
full,Creative Industries,gd_emp,regression,enterprise_death_rate,0.025969359594448155
full,Creative Industries,gd_emp,regression,enterprise_high_growth_rate,0.2223237482028651
full,Creative Industries,gd_emp,regression,broadband,0.0439547805983207
full,Creative Industries,gd_emp,regression,coverage_4g,0.03514452416052429
full,Creative Industries,gd_emp,regression,transport_to_employer,0.028488165811262022
full,Creative Industries,gd_emp,regression,drive_to_employer,0.01678524168768924
full,Creative Industries,gd_emp,regression,cycle_to_employer,0.02185261448557601
full,Creative Industries,gd_emp,regression,nvq_level3,0.02701771492605914
full,Creative Industries,gd_emp,regression,gcse_age19,0.03992367933969932
full,Creative Industries,gd_emp,regression,apprenticeship_starts,0.03642685363079539
full,Creative Industries,gd_emp,regression,apprenticeship_achievements,0.035079218881184364
full,Creative Industries,gd_emp,regression,fe_participation,0.07613982404776495
full,Creative Industries,gd_emp,regression,unemployment_rate,0.016443065472174886
full,Creative Industries,gd_emp,regression,housing_net_additions,0.12339319555672994
full,Creative Industries,gd_emp,regression,size_large_share,0.044931258822477504
full,Creative Industries,gd_emp,regression,size_micro_share,0.07512745562110236
full,Creative Industries,gd_emp,regression,related_variety,0.049658741496567814
full,Creative Industries,gd_emp,regression,within_sector_diversity,0.041703496504983784
full,Creative Industries,gd_bus,regression,enterprise_birth_rate,0.02589735530957056
full,Creative Industries,gd_bus,regression,enterprise_death_rate,0.05580306106791643
full,Creative Industries,gd_bus,regression,enterprise_high_growth_rate,0.029598706331820608
full,Creative Industries,gd_bus,regression,broadband,0.02509540967745815
full,Creative Industries,gd_bus,regression,coverage_4g,0.0034513138732469215
full,Creative Industries,gd_bus,regression,transport_to_employer,0.04376343067789526
full,Creative Industries,gd_bus,regression,drive_to_employer,0.02557666321316064
full,Creative Industries,gd_bus,regression,cycle_to_employer,0.036078134397065545
full,Creative Industries,gd_bus,regression,nvq_level3,0.016329688620036392
full,Creative Industries,gd_bus,regression,gcse_age19,0.03324576524740617
full,Creative Industries,gd_bus,regression,apprenticeship_starts,0.03847275434186981
full,Creative Industries,gd_bus,regression,apprenticeship_achievements,0.02272234033821774
full,Creative Industries,gd_bus,regression,fe_participation,0.10620057265475592
full,Creative Industries,gd_bus,regression,unemployment_rate,0.013393525190803184
full,Creative Industries,gd_bus,regression,housing_net_additions,0.024942603313713438
full,Creative Industries,gd_bus,regression,size_large_share,0.015403239632149348
full,Creative Industries,gd_bus,regression,size_micro_share,0.0331702014410643
full,Creative Industries,gd_bus,regression,related_variety,0.031121161078908284
full,Creative Industries,gd_bus,regression,within_sector_diversity,0.4197340735929413
full,Creative Industries,lq_emp_binary,classification,enterprise_birth_rate,0.0077403475249966415
full,Creative Industries,lq_emp_binary,classification,enterprise_death_rate,0.016187572757300466
full,Creative Industries,lq_emp_binary,classification,enterprise_high_growth_rate,0.040912797479886666
full,Creative Industries,lq_emp_binary,classification,broadband,0.01086829870540671
full,Creative Industries,lq_emp_binary,classification,coverage_4g,0.003929753090528066
full,Creative Industries,lq_emp_binary,classification,transport_to_employer,0.057290534324688905
full,Creative Industries,lq_emp_binary,classification,drive_to_employer,0.04507373869087289
full,Creative Industries,lq_emp_binary,classification,cycle_to_employer,0.0815483480578516
full,Creative Industries,lq_emp_binary,classification,nvq_level3,0.1632153332000642
full,Creative Industries,lq_emp_binary,classification,gcse_age19,0.08536285932296168
full,Creative Industries,lq_emp_binary,classification,apprenticeship_starts,0.07580099037294716
full,Creative Industries,lq_emp_binary,classification,apprenticeship_achievements,0.16206813308904902
full,Creative Industries,lq_emp_binary,classification,fe_participation,0.038216921712617806
full,Creative Industries,lq_emp_binary,classification,unemployment_rate,0.01960397923774138
full,Creative Industries,lq_emp_binary,classification,housing_net_additions,0.00829167760282732
full,Creative Industries,lq_emp_binary,classification,size_large_share,0.07741144186845858
full,Creative Industries,lq_emp_binary,classification,size_micro_share,0.087232875008098
full,Creative Industries,lq_emp_binary,classification,related_variety,0.009151895083751424
full,Creative Industries,lq_emp_binary,classification,within_sector_diversity,0.010092502869951517
full,Creative Industries,lq_bus_binary,classification,enterprise_birth_rate,0.013987847407687406
full,Creative Industries,lq_bus_binary,classification,enterprise_death_rate,0.00994504229745643
full,Creative Industries,lq_bus_binary,classification,enterprise_high_growth_rate,0.015081552381471288
full,Creative Industries,lq_bus_binary,classification,broadband,0.01606330569715879
full,Creative Industries,lq_bus_binary,classification,coverage_4g,0.0021115117994006975
full,Creative Industries,lq_bus_binary,classification,transport_to_employer,0.03860450575051447
full,Creative Industries,lq_bus_binary,classification,drive_to_employer,0.040059370874893814
full,Creative Industries,lq_bus_binary,classification,cycle_to_employer,0.08418550969229488
full,Creative Industries,lq_bus_binary,classification,nvq_level3,0.1579768664221536
full,Creative Industries,lq_bus_binary,classification,gcse_age19,0.09347511597291566
full,Creative Industries,lq_bus_binary,classification,apprenticeship_starts,0.21136260589544584
full,Creative Industries,lq_bus_binary,classification,apprenticeship_achievements,0.23756026899282176
full,Creative Industries,lq_bus_binary,classification,fe_participation,0.026105809974233153
full,Creative Industries,lq_bus_binary,classification,unemployment_rate,0.008818245785080569
full,Creative Industries,lq_bus_binary,classification,housing_net_additions,0.002979116510486579
full,Creative Industries,lq_bus_binary,classification,size_large_share,0.007493219983644173
full,Creative Industries,lq_bus_binary,classification,size_micro_share,0.01575398235557387
full,Creative Industries,lq_bus_binary,classification,related_variety,0.007599330894352503
full,Creative Industries,lq_bus_binary,classification,within_sector_diversity,0.010836791312414551
full,Creative Industries,gd_emp_binary,classification,enterprise_birth_rate,0.048738295760125804
full,Creative Industries,gd_emp_binary,classification,enterprise_death_rate,0.028240237542859488
full,Creative Industries,gd_emp_binary,classification,enterprise_high_growth_rate,0.12313204532425116
full,Creative Industries,gd_emp_binary,classification,broadband,0.05299182080826892
full,Creative Industries,gd_emp_binary,classification,coverage_4g,0.02931376331429717
full,Creative Industries,gd_emp_binary,classification,transport_to_employer,0.039493910671413786
full,Creative Industries,gd_emp_binary,classification,drive_to_employer,0.02980809983530224
full,Creative Industries,gd_emp_binary,classification,cycle_to_employer,0.047858253101093234
full,Creative Industries,gd_emp_binary,classification,nvq_level3,0.029705342608436488
full,Creative Industries,gd_emp_binary,classification,gcse_age19,0.04113524108723489
full,Creative Industries,gd_emp_binary,classification,apprenticeship_starts,0.03689218230795866
full,Creative Industries,gd_emp_binary,classification,apprenticeship_achievements,0.05563672284042804
full,Creative Industries,gd_emp_binary,classification,fe_participation,0.04489692404065284
full,Creative Industries,gd_emp_binary,classification,unemployment_rate,0.043577077668819575
full,Creative Industries,gd_emp_binary,classification,housing_net_additions,0.08331896703714857
full,Creative Industries,gd_emp_binary,classification,size_large_share,0.009557342250368495
full,Creative Industries,gd_emp_binary,classification,size_micro_share,0.14943700110846797
full,Creative Industries,gd_emp_binary,classification,related_variety,0.04750621848402119
full,Creative Industries,gd_emp_binary,classification,within_sector_diversity,0.05876055420885147
full,Creative Industries,gd_bus_binary,classification,enterprise_birth_rate,0.02969128585036393
full,Creative Industries,gd_bus_binary,classification,enterprise_death_rate,0.07187224555350617
full,Creative Industries,gd_bus_binary,classification,enterprise_high_growth_rate,0.059047246478102645
full,Creative Industries,gd_bus_binary,classification,broadband,0.05080450282677379
full,Creative Industries,gd_bus_binary,classification,coverage_4g,0.024867090732031843
full,Creative Industries,gd_bus_binary,classification,transport_to_employer,0.052807435065374574
full,Creative Industries,gd_bus_binary,classification,drive_to_employer,0.042637466259575416
full,Creative Industries,gd_bus_binary,classification,cycle_to_employer,0.04966977833758375
full,Creative Industries,gd_bus_binary,classification,nvq_level3,0.041435060605245586
full,Creative Industries,gd_bus_binary,classification,gcse_age19,0.09131172789635807
full,Creative Industries,gd_bus_binary,classification,apprenticeship_starts,0.04425251125676219
full,Creative Industries,gd_bus_binary,classification,apprenticeship_achievements,0.03222634373022029
full,Creative Industries,gd_bus_binary,classification,fe_participation,0.0554204324363744
full,Creative Industries,gd_bus_binary,classification,unemployment_rate,0.030928356574305246
full,Creative Industries,gd_bus_binary,classification,housing_net_additions,0.026003135335678648
full,Creative Industries,gd_bus_binary,classification,size_large_share,0.0027482454722572757
full,Creative Industries,gd_bus_binary,classification,size_micro_share,0.03276914156715284
full,Creative Industries,gd_bus_binary,classification,related_variety,0.06288615126374907
full,Creative Industries,gd_bus_binary,classification,within_sector_diversity,0.19862184275858433
full,Defence,lq_emp,regression,enterprise_birth_rate,0.10394563248293094
full,Defence,lq_emp,regression,enterprise_death_rate,0.06770790357300449
full,Defence,lq_emp,regression,enterprise_high_growth_rate,0.06679632090027411
full,Defence,lq_emp,regression,broadband,0.02304454792832045
full,Defence,lq_emp,regression,coverage_4g,0.002932930618773581
full,Defence,lq_emp,regression,transport_to_employer,0.0161208512318878
full,Defence,lq_emp,regression,drive_to_employer,0.06355471200417627
full,Defence,lq_emp,regression,cycle_to_employer,0.016162777704741164
full,Defence,lq_emp,regression,nvq_level3,0.03589182619483601
full,Defence,lq_emp,regression,gcse_age19,0.006866111246179361
full,Defence,lq_emp,regression,apprenticeship_starts,0.047219182950084516
full,Defence,lq_emp,regression,apprenticeship_achievements,0.02049174748631512
full,Defence,lq_emp,regression,fe_participation,0.012761480648673799
full,Defence,lq_emp,regression,unemployment_rate,0.02295811772333182
full,Defence,lq_emp,regression,housing_net_additions,0.04177842819092313
full,Defence,lq_emp,regression,size_large_share,0.0
full,Defence,lq_emp,regression,size_micro_share,0.0
full,Defence,lq_emp,regression,related_variety,0.4517674291155475
full,Defence,lq_emp,regression,within_sector_diversity,0.0
full,Defence,lq_bus,regression,enterprise_birth_rate,0.0139550148968094
full,Defence,lq_bus,regression,enterprise_death_rate,0.005317844906369489
full,Defence,lq_bus,regression,enterprise_high_growth_rate,0.009265789331276331
full,Defence,lq_bus,regression,broadband,0.3547012696334625
full,Defence,lq_bus,regression,coverage_4g,0.0316931764420347
full,Defence,lq_bus,regression,transport_to_employer,0.0
full,Defence,lq_bus,regression,drive_to_employer,0.0
full,Defence,lq_bus,regression,cycle_to_employer,0.0
full,Defence,lq_bus,regression,nvq_level3,0.004338909867868623
full,Defence,lq_bus,regression,gcse_age19,0.07177457268895505
full,Defence,lq_bus,regression,apprenticeship_starts,0.2422029691098287
full,Defence,lq_bus,regression,apprenticeship_achievements,0.018824814249069163
full,Defence,lq_bus,regression,fe_participation,0.004296985080276264
full,Defence,lq_bus,regression,unemployment_rate,0.12452577040864975
full,Defence,lq_bus,regression,housing_net_additions,0.11897626721416901
full,Defence,lq_bus,regression,size_large_share,0.0
full,Defence,lq_bus,regression,size_micro_share,0.0
full,Defence,lq_bus,regression,related_variety,0.0001266161712309714
full,Defence,lq_bus,regression,within_sector_diversity,0.0
full,Defence,gd_emp,regression,enterprise_birth_rate,0.033766121716575795
full,Defence,gd_emp,regression,enterprise_death_rate,0.016535528221235045
full,Defence,gd_emp,regression,enterprise_high_growth_rate,0.034503775259390704
full,Defence,gd_emp,regression,broadband,0.07273174298333977
full,Defence,gd_emp,regression,coverage_4g,0.023928438380806404
full,Defence,gd_emp,regression,transport_to_employer,0.017753172289923885
full,Defence,gd_emp,regression,drive_to_employer,0.0039012894958273437
full,Defence,gd_emp,regression,cycle_to_employer,0.02963509405938103
full,Defence,gd_emp,regression,nvq_level3,0.05977727508005251
full,Defence,gd_emp,regression,gcse_age19,0.2558911784364753
full,Defence,gd_emp,regression,apprenticeship_starts,0.10443445882953128
full,Defence,gd_emp,regression,apprenticeship_achievements,0.04949637654418233
full,Defence,gd_emp,regression,fe_participation,0.03186313042611664
full,Defence,gd_emp,regression,unemployment_rate,0.07443629540837902
full,Defence,gd_emp,regression,housing_net_additions,0.02496369696984227
full,Defence,gd_emp,regression,size_large_share,0.0
full,Defence,gd_emp,regression,size_micro_share,0.0
full,Defence,gd_emp,regression,related_variety,0.1663824258989407
full,Defence,gd_emp,regression,within_sector_diversity,0.0
full,Defence,lq_emp_binary,classification,enterprise_birth_rate,0.06255890312147405
full,Defence,lq_emp_binary,classification,enterprise_death_rate,0.04361421378699476
full,Defence,lq_emp_binary,classification,enterprise_high_growth_rate,0.06875540483887396
full,Defence,lq_emp_binary,classification,broadband,0.09719242696440028
full,Defence,lq_emp_binary,classification,coverage_4g,0.03658608639385782
full,Defence,lq_emp_binary,classification,transport_to_employer,0.042017820464464534
full,Defence,lq_emp_binary,classification,drive_to_employer,0.03180233818276113
full,Defence,lq_emp_binary,classification,cycle_to_employer,0.04303316440796822
full,Defence,lq_emp_binary,classification,nvq_level3,0.05461424959444813
full,Defence,lq_emp_binary,classification,gcse_age19,0.04541726677696606
full,Defence,lq_emp_binary,classification,apprenticeship_starts,0.10172962578583636
full,Defence,lq_emp_binary,classification,apprenticeship_achievements,0.09020546274853013
full,Defence,lq_emp_binary,classification,fe_participation,0.0424032994137162
full,Defence,lq_emp_binary,classification,unemployment_rate,0.04709139303389734
full,Defence,lq_emp_binary,classification,housing_net_additions,0.04453850458392183
full,Defence,lq_emp_binary,classification,size_large_share,0.0
full,Defence,lq_emp_binary,classification,size_micro_share,0.0
full,Defence,lq_emp_binary,classification,related_variety,0.14843983990188922
full,Defence,lq_emp_binary,classification,within_sector_diversity,0.0
full,Defence,lq_bus_binary,classification,enterprise_birth_rate,0.06666042492771572
full,Defence,lq_bus_binary,classification,enterprise_death_rate,0.03909459877318944
full,Defence,lq_bus_binary,classification,enterprise_high_growth_rate,0.018264451692930613
full,Defence,lq_bus_binary,classification,broadband,0.1165390846490151
full,Defence,lq_bus_binary,classification,coverage_4g,0.0281108917145043
full,Defence,lq_bus_binary,classification,transport_to_employer,0.05640675106705164
full,Defence,lq_bus_binary,classification,drive_to_employer,0.023231538025513875
full,Defence,lq_bus_binary,classification,cycle_to_employer,0.04520426557347236
full,Defence,lq_bus_binary,classification,nvq_level3,0.03263750649789043
full,Defence,lq_bus_binary,classification,gcse_age19,0.03345622937619046
full,Defence,lq_bus_binary,classification,apprenticeship_starts,0.13118005116536705
full,Defence,lq_bus_binary,classification,apprenticeship_achievements,0.12924882211538186
full,Defence,lq_bus_binary,classification,fe_participation,0.07629657272282789
full,Defence,lq_bus_binary,classification,unemployment_rate,0.10275832532736796
full,Defence,lq_bus_binary,classification,housing_net_additions,0.09042236071397243
full,Defence,lq_bus_binary,classification,size_large_share,0.0
full,Defence,lq_bus_binary,classification,size_micro_share,0.0
full,Defence,lq_bus_binary,classification,related_variety,0.010488125657608907
full,Defence,lq_bus_binary,classification,within_sector_diversity,0.0
full,Defence,gd_emp_binary,classification,enterprise_birth_rate,0.042319884159750104
full,Defence,gd_emp_binary,classification,enterprise_death_rate,0.034849781958036063
full,Defence,gd_emp_binary,classification,enterprise_high_growth_rate,0.05008297738854216
full,Defence,gd_emp_binary,classification,broadband,0.06010163630809526
full,Defence,gd_emp_binary,classification,coverage_4g,0.019856076287424525
full,Defence,gd_emp_binary,classification,transport_to_employer,0.032983409438053155
full,Defence,gd_emp_binary,classification,drive_to_employer,0.022585493446105054
full,Defence,gd_emp_binary,classification,cycle_to_employer,0.049161207888937526
full,Defence,gd_emp_binary,classification,nvq_level3,0.12570092663376684
full,Defence,gd_emp_binary,classification,gcse_age19,0.21371767888593454
full,Defence,gd_emp_binary,classification,apprenticeship_starts,0.04706134151112584
full,Defence,gd_emp_binary,classification,apprenticeship_achievements,0.03456459671354586
full,Defence,gd_emp_binary,classification,fe_participation,0.04296947934273281
full,Defence,gd_emp_binary,classification,unemployment_rate,0.01747915389571772
full,Defence,gd_emp_binary,classification,housing_net_additions,0.08105142477270051
full,Defence,gd_emp_binary,classification,size_large_share,0.0
full,Defence,gd_emp_binary,classification,size_micro_share,0.0
full,Defence,gd_emp_binary,classification,related_variety,0.12551493136953207
full,Defence,gd_emp_binary,classification,within_sector_diversity,0.0
full,Digital and Technologies,lq_emp,regression,enterprise_birth_rate,0.028630595073971497
full,Digital and Technologies,lq_emp,regression,enterprise_death_rate,0.0034168056210589094
full,Digital and Technologies,lq_emp,regression,enterprise_high_growth_rate,0.051145706071776036
full,Digital and Technologies,lq_emp,regression,broadband,0.016338562218242994
full,Digital and Technologies,lq_emp,regression,coverage_4g,0.0017827545413986053
full,Digital and Technologies,lq_emp,regression,transport_to_employer,0.004536987353836434
full,Digital and Technologies,lq_emp,regression,drive_to_employer,0.006964762239586948
full,Digital and Technologies,lq_emp,regression,cycle_to_employer,0.0051706676464393485
full,Digital and Technologies,lq_emp,regression,nvq_level3,0.0764886846252857
full,Digital and Technologies,lq_emp,regression,gcse_age19,0.081880255905242
full,Digital and Technologies,lq_emp,regression,apprenticeship_starts,0.008593450453212888
full,Digital and Technologies,lq_emp,regression,apprenticeship_achievements,0.009371305510384767
full,Digital and Technologies,lq_emp,regression,fe_participation,0.023026395645923698
full,Digital and Technologies,lq_emp,regression,unemployment_rate,0.004289194633935406
full,Digital and Technologies,lq_emp,regression,housing_net_additions,0.010423725745979245
full,Digital and Technologies,lq_emp,regression,size_large_share,0.5440703466376938
full,Digital and Technologies,lq_emp,regression,size_micro_share,0.06972687592997677
full,Digital and Technologies,lq_emp,regression,related_variety,0.02653282305222411
full,Digital and Technologies,lq_emp,regression,within_sector_diversity,0.02761010109383071
full,Digital and Technologies,lq_bus,regression,enterprise_birth_rate,0.006555616036601166
full,Digital and Technologies,lq_bus,regression,enterprise_death_rate,0.009813045246636943
full,Digital and Technologies,lq_bus,regression,enterprise_high_growth_rate,0.015925247357857882
full,Digital and Technologies,lq_bus,regression,broadband,0.013808107608465394
full,Digital and Technologies,lq_bus,regression,coverage_4g,0.004435854343506002
full,Digital and Technologies,lq_bus,regression,transport_to_employer,0.008285745446408851
full,Digital and Technologies,lq_bus,regression,drive_to_employer,0.012651099017437073
full,Digital and Technologies,lq_bus,regression,cycle_to_employer,0.02283714092725141
full,Digital and Technologies,lq_bus,regression,nvq_level3,0.20754746913217384
full,Digital and Technologies,lq_bus,regression,gcse_age19,0.04908935960738626
full,Digital and Technologies,lq_bus,regression,apprenticeship_starts,0.25648076880048765
full,Digital and Technologies,lq_bus,regression,apprenticeship_achievements,0.16938816332731188
full,Digital and Technologies,lq_bus,regression,fe_participation,0.024183014361278274
full,Digital and Technologies,lq_bus,regression,unemployment_rate,0.00922686497651551
full,Digital and Technologies,lq_bus,regression,housing_net_additions,0.0023005342671821973
full,Digital and Technologies,lq_bus,regression,size_large_share,0.10517378905876086
full,Digital and Technologies,lq_bus,regression,size_micro_share,0.028188628770200827
full,Digital and Technologies,lq_bus,regression,related_variety,0.007902013250397176
full,Digital and Technologies,lq_bus,regression,within_sector_diversity,0.04620753846414088
full,Digital and Technologies,gd_emp,regression,enterprise_birth_rate,0.03618045131172075
full,Digital and Technologies,gd_emp,regression,enterprise_death_rate,0.050406156703625554
full,Digital and Technologies,gd_emp,regression,enterprise_high_growth_rate,0.12335035629814302
full,Digital and Technologies,gd_emp,regression,broadband,0.017915386755669126
full,Digital and Technologies,gd_emp,regression,coverage_4g,0.007473297801749963
full,Digital and Technologies,gd_emp,regression,transport_to_employer,0.05491028921885727
full,Digital and Technologies,gd_emp,regression,drive_to_employer,0.021165565355877977
full,Digital and Technologies,gd_emp,regression,cycle_to_employer,0.02744087207801037
full,Digital and Technologies,gd_emp,regression,nvq_level3,0.046808316424314336
full,Digital and Technologies,gd_emp,regression,gcse_age19,0.04588583476763685
full,Digital and Technologies,gd_emp,regression,apprenticeship_starts,0.017419060175884092
full,Digital and Technologies,gd_emp,regression,apprenticeship_achievements,0.021893565443825903
full,Digital and Technologies,gd_emp,regression,fe_participation,0.02874569051000037
full,Digital and Technologies,gd_emp,regression,unemployment_rate,0.021641597906434183
full,Digital and Technologies,gd_emp,regression,housing_net_additions,0.08334842011791993
full,Digital and Technologies,gd_emp,regression,size_large_share,0.06303959900842288
full,Digital and Technologies,gd_emp,regression,size_micro_share,0.23029521380812717
full,Digital and Technologies,gd_emp,regression,related_variety,0.04478616646476907
full,Digital and Technologies,gd_emp,regression,within_sector_diversity,0.05729415984901107
full,Digital and Technologies,gd_bus,regression,enterprise_birth_rate,0.016698800248427445
full,Digital and Technologies,gd_bus,regression,enterprise_death_rate,0.03369187275951007
full,Digital and Technologies,gd_bus,regression,enterprise_high_growth_rate,0.15967534149040014
full,Digital and Technologies,gd_bus,regression,broadband,0.03462020008299401
full,Digital and Technologies,gd_bus,regression,coverage_4g,0.01144449440628045
full,Digital and Technologies,gd_bus,regression,transport_to_employer,0.045111479704723706
full,Digital and Technologies,gd_bus,regression,drive_to_employer,0.021057040912101907
full,Digital and Technologies,gd_bus,regression,cycle_to_employer,0.06452218437467955
full,Digital and Technologies,gd_bus,regression,nvq_level3,0.03634922564883391
full,Digital and Technologies,gd_bus,regression,gcse_age19,0.025681627501237893
full,Digital and Technologies,gd_bus,regression,apprenticeship_starts,0.05858403845661266
full,Digital and Technologies,gd_bus,regression,apprenticeship_achievements,0.020652429972502617
full,Digital and Technologies,gd_bus,regression,fe_participation,0.10834002374784632
full,Digital and Technologies,gd_bus,regression,unemployment_rate,0.018289995565686355
full,Digital and Technologies,gd_bus,regression,housing_net_additions,0.024869708613429055
full,Digital and Technologies,gd_bus,regression,size_large_share,0.01244466626151178
full,Digital and Technologies,gd_bus,regression,size_micro_share,0.05785869078028065
full,Digital and Technologies,gd_bus,regression,related_variety,0.0511536232704265
full,Digital and Technologies,gd_bus,regression,within_sector_diversity,0.19895455620251506
full,Digital and Technologies,lq_emp_binary,classification,enterprise_birth_rate,0.015966263665909253
full,Digital and Technologies,lq_emp_binary,classification,enterprise_death_rate,0.008601509236314116
full,Digital and Technologies,lq_emp_binary,classification,enterprise_high_growth_rate,0.05865867473019499
full,Digital and Technologies,lq_emp_binary,classification,broadband,0.02197872573928894
full,Digital and Technologies,lq_emp_binary,classification,coverage_4g,0.00637365817592539
full,Digital and Technologies,lq_emp_binary,classification,transport_to_employer,0.02945878860358034
full,Digital and Technologies,lq_emp_binary,classification,drive_to_employer,0.03312003429243536
full,Digital and Technologies,lq_emp_binary,classification,cycle_to_employer,0.041682017581122784
full,Digital and Technologies,lq_emp_binary,classification,nvq_level3,0.09208759891895973
full,Digital and Technologies,lq_emp_binary,classification,gcse_age19,0.10596687687238869
full,Digital and Technologies,lq_emp_binary,classification,apprenticeship_starts,0.04608367390830861
full,Digital and Technologies,lq_emp_binary,classification,apprenticeship_achievements,0.031104837112192644
full,Digital and Technologies,lq_emp_binary,classification,fe_participation,0.11123353631671849
full,Digital and Technologies,lq_emp_binary,classification,unemployment_rate,0.029168840905820264
full,Digital and Technologies,lq_emp_binary,classification,housing_net_additions,0.01639443061786319
full,Digital and Technologies,lq_emp_binary,classification,size_large_share,0.18451427746415533
full,Digital and Technologies,lq_emp_binary,classification,size_micro_share,0.13616425175505206
full,Digital and Technologies,lq_emp_binary,classification,related_variety,0.014088467011846413
full,Digital and Technologies,lq_emp_binary,classification,within_sector_diversity,0.017353537091923377
full,Digital and Technologies,lq_bus_binary,classification,enterprise_birth_rate,0.013728765171162387
full,Digital and Technologies,lq_bus_binary,classification,enterprise_death_rate,0.016608359642409764
full,Digital and Technologies,lq_bus_binary,classification,enterprise_high_growth_rate,0.013115686568129132
full,Digital and Technologies,lq_bus_binary,classification,broadband,0.046901116674460605
full,Digital and Technologies,lq_bus_binary,classification,coverage_4g,0.006052100335313587
full,Digital and Technologies,lq_bus_binary,classification,transport_to_employer,0.03350952631460831
full,Digital and Technologies,lq_bus_binary,classification,drive_to_employer,0.042759152002382166
full,Digital and Technologies,lq_bus_binary,classification,cycle_to_employer,0.0675498057982438
full,Digital and Technologies,lq_bus_binary,classification,nvq_level3,0.17142932785357587
full,Digital and Technologies,lq_bus_binary,classification,gcse_age19,0.11014436880722929
full,Digital and Technologies,lq_bus_binary,classification,apprenticeship_starts,0.13901644671964783
full,Digital and Technologies,lq_bus_binary,classification,apprenticeship_achievements,0.17830438564416992
full,Digital and Technologies,lq_bus_binary,classification,fe_participation,0.05273187683274767
full,Digital and Technologies,lq_bus_binary,classification,unemployment_rate,0.017478784723262402
full,Digital and Technologies,lq_bus_binary,classification,housing_net_additions,0.0084179908478436
full,Digital and Technologies,lq_bus_binary,classification,size_large_share,0.02313209682626715
full,Digital and Technologies,lq_bus_binary,classification,size_micro_share,0.026991391255965582
full,Digital and Technologies,lq_bus_binary,classification,related_variety,0.01129844537112921
full,Digital and Technologies,lq_bus_binary,classification,within_sector_diversity,0.02083037261145182
full,Digital and Technologies,gd_emp_binary,classification,enterprise_birth_rate,0.04255546368157875
full,Digital and Technologies,gd_emp_binary,classification,enterprise_death_rate,0.03936745503207366
full,Digital and Technologies,gd_emp_binary,classification,enterprise_high_growth_rate,0.08419682059994127
full,Digital and Technologies,gd_emp_binary,classification,broadband,0.033518294854866695
full,Digital and Technologies,gd_emp_binary,classification,coverage_4g,0.01400597489977576
full,Digital and Technologies,gd_emp_binary,classification,transport_to_employer,0.05953712067030637
full,Digital and Technologies,gd_emp_binary,classification,drive_to_employer,0.0563776870028427
full,Digital and Technologies,gd_emp_binary,classification,cycle_to_employer,0.05690126132196006
full,Digital and Technologies,gd_emp_binary,classification,nvq_level3,0.05186531416351357
full,Digital and Technologies,gd_emp_binary,classification,gcse_age19,0.057037206662470155
full,Digital and Technologies,gd_emp_binary,classification,apprenticeship_starts,0.05112765940949947
full,Digital and Technologies,gd_emp_binary,classification,apprenticeship_achievements,0.05989147800714217
full,Digital and Technologies,gd_emp_binary,classification,fe_participation,0.03324823484642593
full,Digital and Technologies,gd_emp_binary,classification,unemployment_rate,0.0253552681711047
full,Digital and Technologies,gd_emp_binary,classification,housing_net_additions,0.041396538786525196
full,Digital and Technologies,gd_emp_binary,classification,size_large_share,0.09438300166702715
full,Digital and Technologies,gd_emp_binary,classification,size_micro_share,0.11196422691384617
full,Digital and Technologies,gd_emp_binary,classification,related_variety,0.04981559188817076
full,Digital and Technologies,gd_emp_binary,classification,within_sector_diversity,0.03745540142092949
full,Digital and Technologies,gd_bus_binary,classification,enterprise_birth_rate,0.04705316847981608
full,Digital and Technologies,gd_bus_binary,classification,enterprise_death_rate,0.048143105680556256
full,Digital and Technologies,gd_bus_binary,classification,enterprise_high_growth_rate,0.1051830937085674
full,Digital and Technologies,gd_bus_binary,classification,broadband,0.04970736569081545
full,Digital and Technologies,gd_bus_binary,classification,coverage_4g,0.028952949584515567
full,Digital and Technologies,gd_bus_binary,classification,transport_to_employer,0.05418122657197678
full,Digital and Technologies,gd_bus_binary,classification,drive_to_employer,0.04599769551605112
full,Digital and Technologies,gd_bus_binary,classification,cycle_to_employer,0.06724782917055123
full,Digital and Technologies,gd_bus_binary,classification,nvq_level3,0.038567877897457914
full,Digital and Technologies,gd_bus_binary,classification,gcse_age19,0.06875019161520397
full,Digital and Technologies,gd_bus_binary,classification,apprenticeship_starts,0.03436777236291654
full,Digital and Technologies,gd_bus_binary,classification,apprenticeship_achievements,0.042063809421645636
full,Digital and Technologies,gd_bus_binary,classification,fe_participation,0.06884022688610635
full,Digital and Technologies,gd_bus_binary,classification,unemployment_rate,0.028356341384700688
full,Digital and Technologies,gd_bus_binary,classification,housing_net_additions,0.03243418237074834
full,Digital and Technologies,gd_bus_binary,classification,size_large_share,0.004816309977467274
full,Digital and Technologies,gd_bus_binary,classification,size_micro_share,0.050755037346531695
full,Digital and Technologies,gd_bus_binary,classification,related_variety,0.04919750602031591
full,Digital and Technologies,gd_bus_binary,classification,within_sector_diversity,0.1353843103140559
full,Financial Services,lq_emp,regression,enterprise_birth_rate,0.0357432939330092
full,Financial Services,lq_emp,regression,enterprise_death_rate,0.014107615177376567
full,Financial Services,lq_emp,regression,enterprise_high_growth_rate,0.025424434088719132
full,Financial Services,lq_emp,regression,broadband,0.016889523425080804
full,Financial Services,lq_emp,regression,coverage_4g,0.004980182862063817
full,Financial Services,lq_emp,regression,transport_to_employer,0.006338344189280108
full,Financial Services,lq_emp,regression,drive_to_employer,0.0032521839341949814
full,Financial Services,lq_emp,regression,cycle_to_employer,0.006613612949776326
full,Financial Services,lq_emp,regression,nvq_level3,0.017075695254969752
full,Financial Services,lq_emp,regression,gcse_age19,0.03623325285226751
full,Financial Services,lq_emp,regression,apprenticeship_starts,0.003480291265900977
full,Financial Services,lq_emp,regression,apprenticeship_achievements,0.00718481442480955
full,Financial Services,lq_emp,regression,fe_participation,0.025872325076966733
full,Financial Services,lq_emp,regression,unemployment_rate,0.02318847122767057
full,Financial Services,lq_emp,regression,housing_net_additions,0.0021275371517447132
full,Financial Services,lq_emp,regression,size_large_share,0.6018059825088214
full,Financial Services,lq_emp,regression,size_micro_share,0.08976522070202467
full,Financial Services,lq_emp,regression,related_variety,0.04149877185985984
full,Financial Services,lq_emp,regression,within_sector_diversity,0.03841844711546328
full,Financial Services,lq_bus,regression,enterprise_birth_rate,0.0038621727240191485
full,Financial Services,lq_bus,regression,enterprise_death_rate,0.0020918855014479365
full,Financial Services,lq_bus,regression,enterprise_high_growth_rate,0.284547003052706
full,Financial Services,lq_bus,regression,broadband,0.015316405489396728
full,Financial Services,lq_bus,regression,coverage_4g,0.002537520056323258
full,Financial Services,lq_bus,regression,transport_to_employer,0.02190246249016637
full,Financial Services,lq_bus,regression,drive_to_employer,0.016156949009121197
full,Financial Services,lq_bus,regression,cycle_to_employer,0.03012767699117471
full,Financial Services,lq_bus,regression,nvq_level3,0.013574810261148915
full,Financial Services,lq_bus,regression,gcse_age19,0.010232290636629357
full,Financial Services,lq_bus,regression,apprenticeship_starts,0.01068985450759492
full,Financial Services,lq_bus,regression,apprenticeship_achievements,0.008204836383839434
full,Financial Services,lq_bus,regression,fe_participation,0.020585586255540394
full,Financial Services,lq_bus,regression,unemployment_rate,0.013869310925764215
full,Financial Services,lq_bus,regression,housing_net_additions,0.00047398300380088553
full,Financial Services,lq_bus,regression,size_large_share,0.05826265610215843
full,Financial Services,lq_bus,regression,size_micro_share,0.03131674234368094
full,Financial Services,lq_bus,regression,related_variety,0.1933595536716247
full,Financial Services,lq_bus,regression,within_sector_diversity,0.2628883005938625
full,Financial Services,gd_emp,regression,enterprise_birth_rate,0.05267618358245711
full,Financial Services,gd_emp,regression,enterprise_death_rate,0.037240366340463904
full,Financial Services,gd_emp,regression,enterprise_high_growth_rate,0.12392443434089309
full,Financial Services,gd_emp,regression,broadband,0.09403469265136549
full,Financial Services,gd_emp,regression,coverage_4g,0.03239128537388262
full,Financial Services,gd_emp,regression,transport_to_employer,0.021385176656962695
full,Financial Services,gd_emp,regression,drive_to_employer,0.056862003331862226
full,Financial Services,gd_emp,regression,cycle_to_employer,0.03579560502861591
full,Financial Services,gd_emp,regression,nvq_level3,0.03809754421898961
full,Financial Services,gd_emp,regression,gcse_age19,0.04892528293333254
full,Financial Services,gd_emp,regression,apprenticeship_starts,0.06908648931113319
full,Financial Services,gd_emp,regression,apprenticeship_achievements,0.035402219082123154
full,Financial Services,gd_emp,regression,fe_participation,0.07102871848592786
full,Financial Services,gd_emp,regression,unemployment_rate,0.010522812884827473
full,Financial Services,gd_emp,regression,housing_net_additions,0.0614208001716187
full,Financial Services,gd_emp,regression,size_large_share,0.0023639331532756638
full,Financial Services,gd_emp,regression,size_micro_share,0.050309574096148606
full,Financial Services,gd_emp,regression,related_variety,0.037970451452062425
full,Financial Services,gd_emp,regression,within_sector_diversity,0.12056242690405752
full,Financial Services,gd_bus,regression,enterprise_birth_rate,0.15110874515728137
full,Financial Services,gd_bus,regression,enterprise_death_rate,0.033813959612498536
full,Financial Services,gd_bus,regression,enterprise_high_growth_rate,0.01666493343316419
full,Financial Services,gd_bus,regression,broadband,0.03748536019774619
full,Financial Services,gd_bus,regression,coverage_4g,0.0680834075820777
full,Financial Services,gd_bus,regression,transport_to_employer,0.030115663388529192
full,Financial Services,gd_bus,regression,drive_to_employer,0.008789252431168295
full,Financial Services,gd_bus,regression,cycle_to_employer,0.012370362197506049
full,Financial Services,gd_bus,regression,nvq_level3,0.02503019271298726
full,Financial Services,gd_bus,regression,gcse_age19,0.058504066785621534
full,Financial Services,gd_bus,regression,apprenticeship_starts,0.02694929228760833
full,Financial Services,gd_bus,regression,apprenticeship_achievements,0.017745015082386975
full,Financial Services,gd_bus,regression,fe_participation,0.02296617406420305
full,Financial Services,gd_bus,regression,unemployment_rate,0.020264892249044566
full,Financial Services,gd_bus,regression,housing_net_additions,0.05456560872813191
full,Financial Services,gd_bus,regression,size_large_share,0.0
full,Financial Services,gd_bus,regression,size_micro_share,0.04733006170421747
full,Financial Services,gd_bus,regression,related_variety,0.3038364255276618
full,Financial Services,gd_bus,regression,within_sector_diversity,0.06437658685816544
full,Financial Services,lq_emp_binary,classification,enterprise_birth_rate,0.026931576794805387
full,Financial Services,lq_emp_binary,classification,enterprise_death_rate,0.029962768275062595
full,Financial Services,lq_emp_binary,classification,enterprise_high_growth_rate,0.05941120248307972
full,Financial Services,lq_emp_binary,classification,broadband,0.035999516502405876
full,Financial Services,lq_emp_binary,classification,coverage_4g,0.008709941522980618
full,Financial Services,lq_emp_binary,classification,transport_to_employer,0.024183797172204913
full,Financial Services,lq_emp_binary,classification,drive_to_employer,0.035340253660314985
full,Financial Services,lq_emp_binary,classification,cycle_to_employer,0.039416577222304065
full,Financial Services,lq_emp_binary,classification,nvq_level3,0.04687542137722498
full,Financial Services,lq_emp_binary,classification,gcse_age19,0.0406007118058814
full,Financial Services,lq_emp_binary,classification,apprenticeship_starts,0.021856205432143262
full,Financial Services,lq_emp_binary,classification,apprenticeship_achievements,0.023100878447925202
full,Financial Services,lq_emp_binary,classification,fe_participation,0.03701152229795318
full,Financial Services,lq_emp_binary,classification,unemployment_rate,0.052449792593311936
full,Financial Services,lq_emp_binary,classification,housing_net_additions,0.01770886145144153
full,Financial Services,lq_emp_binary,classification,size_large_share,0.1727101520884849
full,Financial Services,lq_emp_binary,classification,size_micro_share,0.13533960030167763
full,Financial Services,lq_emp_binary,classification,related_variety,0.08442722498487687
full,Financial Services,lq_emp_binary,classification,within_sector_diversity,0.10796399558592101
full,Financial Services,lq_bus_binary,classification,enterprise_birth_rate,0.027677344235110687
full,Financial Services,lq_bus_binary,classification,enterprise_death_rate,0.03542996352235053
full,Financial Services,lq_bus_binary,classification,enterprise_high_growth_rate,0.15908591519644288
full,Financial Services,lq_bus_binary,classification,broadband,0.026688598755026268
full,Financial Services,lq_bus_binary,classification,coverage_4g,0.004139283329343476
full,Financial Services,lq_bus_binary,classification,transport_to_employer,0.07047376160301963
full,Financial Services,lq_bus_binary,classification,drive_to_employer,0.07157077334725463
full,Financial Services,lq_bus_binary,classification,cycle_to_employer,0.08473644439581182
full,Financial Services,lq_bus_binary,classification,nvq_level3,0.06290672036281236
full,Financial Services,lq_bus_binary,classification,gcse_age19,0.030845788307371648
full,Financial Services,lq_bus_binary,classification,apprenticeship_starts,0.031453759299189386
full,Financial Services,lq_bus_binary,classification,apprenticeship_achievements,0.05154887688427299
full,Financial Services,lq_bus_binary,classification,fe_participation,0.036098024319264274
full,Financial Services,lq_bus_binary,classification,unemployment_rate,0.04735989588170199
full,Financial Services,lq_bus_binary,classification,housing_net_additions,0.01920137290521303
full,Financial Services,lq_bus_binary,classification,size_large_share,0.015965121255533236
full,Financial Services,lq_bus_binary,classification,size_micro_share,0.02883201862122663
full,Financial Services,lq_bus_binary,classification,related_variety,0.09108145173139665
full,Financial Services,lq_bus_binary,classification,within_sector_diversity,0.10490488604765784
full,Financial Services,gd_emp_binary,classification,enterprise_birth_rate,0.04384597747862799
full,Financial Services,gd_emp_binary,classification,enterprise_death_rate,0.04641495291092439
full,Financial Services,gd_emp_binary,classification,enterprise_high_growth_rate,0.18402542894668059
full,Financial Services,gd_emp_binary,classification,broadband,0.05683679248278508
full,Financial Services,gd_emp_binary,classification,coverage_4g,0.024244990798421316
full,Financial Services,gd_emp_binary,classification,transport_to_employer,0.06169202300828552
full,Financial Services,gd_emp_binary,classification,drive_to_employer,0.08845904184893326
full,Financial Services,gd_emp_binary,classification,cycle_to_employer,0.08496447660661385
full,Financial Services,gd_emp_binary,classification,nvq_level3,0.023401453322753864
full,Financial Services,gd_emp_binary,classification,gcse_age19,0.04189574723751439
full,Financial Services,gd_emp_binary,classification,apprenticeship_starts,0.03362661735371154
full,Financial Services,gd_emp_binary,classification,apprenticeship_achievements,0.03946837164745067
full,Financial Services,gd_emp_binary,classification,fe_participation,0.04460001498133899
full,Financial Services,gd_emp_binary,classification,unemployment_rate,0.0342880472074455
full,Financial Services,gd_emp_binary,classification,housing_net_additions,0.036070403412739496
full,Financial Services,gd_emp_binary,classification,size_large_share,0.028523820336257284
full,Financial Services,gd_emp_binary,classification,size_micro_share,0.027582277381924394
full,Financial Services,gd_emp_binary,classification,related_variety,0.059610105470721556
full,Financial Services,gd_emp_binary,classification,within_sector_diversity,0.04044945756687033
full,Financial Services,gd_bus_binary,classification,enterprise_birth_rate,0.13392091116129376
full,Financial Services,gd_bus_binary,classification,enterprise_death_rate,0.05922486213078309
full,Financial Services,gd_bus_binary,classification,enterprise_high_growth_rate,0.04327463267498425
full,Financial Services,gd_bus_binary,classification,broadband,0.0506443649462327
full,Financial Services,gd_bus_binary,classification,coverage_4g,0.054858061480937616
full,Financial Services,gd_bus_binary,classification,transport_to_employer,0.05631983119186988
full,Financial Services,gd_bus_binary,classification,drive_to_employer,0.025398374448434815
full,Financial Services,gd_bus_binary,classification,cycle_to_employer,0.07435409302357639
full,Financial Services,gd_bus_binary,classification,nvq_level3,0.034467929971174704
full,Financial Services,gd_bus_binary,classification,gcse_age19,0.06677033208720105
full,Financial Services,gd_bus_binary,classification,apprenticeship_starts,0.031073710360210546
full,Financial Services,gd_bus_binary,classification,apprenticeship_achievements,0.033989767696994966
full,Financial Services,gd_bus_binary,classification,fe_participation,0.08428579886241191
full,Financial Services,gd_bus_binary,classification,unemployment_rate,0.08547913696205638
full,Financial Services,gd_bus_binary,classification,housing_net_additions,0.03326214405917863
full,Financial Services,gd_bus_binary,classification,size_large_share,0.002563171222270751
full,Financial Services,gd_bus_binary,classification,size_micro_share,0.06208622542876389
full,Financial Services,gd_bus_binary,classification,related_variety,0.04524335551812578
full,Financial Services,gd_bus_binary,classification,within_sector_diversity,0.02278329677349901
full,Life Sciences,lq_emp,regression,enterprise_birth_rate,0.0690151893674383
full,Life Sciences,lq_emp,regression,enterprise_death_rate,0.017980651909332387
full,Life Sciences,lq_emp,regression,enterprise_high_growth_rate,0.027339993244762963
full,Life Sciences,lq_emp,regression,broadband,0.08074855553044574
full,Life Sciences,lq_emp,regression,coverage_4g,0.04442534452150246
full,Life Sciences,lq_emp,regression,transport_to_employer,0.018946748681562774
full,Life Sciences,lq_emp,regression,drive_to_employer,0.009172884006524376
full,Life Sciences,lq_emp,regression,cycle_to_employer,0.004308763883801674
full,Life Sciences,lq_emp,regression,nvq_level3,0.09831914888352818
full,Life Sciences,lq_emp,regression,gcse_age19,0.09383983867315958
full,Life Sciences,lq_emp,regression,apprenticeship_starts,0.019645100060717437
full,Life Sciences,lq_emp,regression,apprenticeship_achievements,0.009077774524909875
full,Life Sciences,lq_emp,regression,fe_participation,0.13034718537007398
full,Life Sciences,lq_emp,regression,unemployment_rate,0.04390312789635077
full,Life Sciences,lq_emp,regression,housing_net_additions,0.03031676239640633
full,Life Sciences,lq_emp,regression,size_large_share,0.0
full,Life Sciences,lq_emp,regression,size_micro_share,0.16106589144636285
full,Life Sciences,lq_emp,regression,related_variety,0.11378828117621984
full,Life Sciences,lq_emp,regression,within_sector_diversity,0.027758758426900475
full,Life Sciences,lq_bus,regression,enterprise_birth_rate,0.004184880619229521
full,Life Sciences,lq_bus,regression,enterprise_death_rate,0.004511007846100219
full,Life Sciences,lq_bus,regression,enterprise_high_growth_rate,0.05975432939878397
full,Life Sciences,lq_bus,regression,broadband,0.005542692490131373
full,Life Sciences,lq_bus,regression,coverage_4g,0.00723174667126757
full,Life Sciences,lq_bus,regression,transport_to_employer,0.005747164276396266
full,Life Sciences,lq_bus,regression,drive_to_employer,0.009479356543424104
full,Life Sciences,lq_bus,regression,cycle_to_employer,0.003256118165285208
full,Life Sciences,lq_bus,regression,nvq_level3,0.07275893523029474
full,Life Sciences,lq_bus,regression,gcse_age19,0.0036834330573516714
full,Life Sciences,lq_bus,regression,apprenticeship_starts,0.0042603554882663704
full,Life Sciences,lq_bus,regression,apprenticeship_achievements,0.012574765216855348
full,Life Sciences,lq_bus,regression,fe_participation,0.25973125940330755
full,Life Sciences,lq_bus,regression,unemployment_rate,0.0042602767631538885
full,Life Sciences,lq_bus,regression,housing_net_additions,0.013960437647603739
full,Life Sciences,lq_bus,regression,size_large_share,0.0
full,Life Sciences,lq_bus,regression,size_micro_share,0.04856257863516488
full,Life Sciences,lq_bus,regression,related_variety,0.07635516412691971
full,Life Sciences,lq_bus,regression,within_sector_diversity,0.40414549842046393
full,Life Sciences,gd_emp,regression,enterprise_birth_rate,0.03135669223650315
full,Life Sciences,gd_emp,regression,enterprise_death_rate,0.027683059101935
full,Life Sciences,gd_emp,regression,enterprise_high_growth_rate,0.08262214959062919
full,Life Sciences,gd_emp,regression,broadband,0.03632097475520491
full,Life Sciences,gd_emp,regression,coverage_4g,0.009570211136200444
full,Life Sciences,gd_emp,regression,transport_to_employer,0.05141376527443762
full,Life Sciences,gd_emp,regression,drive_to_employer,0.040930662904290725
full,Life Sciences,gd_emp,regression,cycle_to_employer,0.08541360152928106
full,Life Sciences,gd_emp,regression,nvq_level3,0.09413412811823499
full,Life Sciences,gd_emp,regression,gcse_age19,0.09074875189859292
full,Life Sciences,gd_emp,regression,apprenticeship_starts,0.04556845667579621
full,Life Sciences,gd_emp,regression,apprenticeship_achievements,0.05510877323547975
full,Life Sciences,gd_emp,regression,fe_participation,0.11815945331221887
full,Life Sciences,gd_emp,regression,unemployment_rate,0.03747635416949804
full,Life Sciences,gd_emp,regression,housing_net_additions,0.10986381068256569
full,Life Sciences,gd_emp,regression,size_large_share,0.0
full,Life Sciences,gd_emp,regression,size_micro_share,0.0017509430535540217
full,Life Sciences,gd_emp,regression,related_variety,0.042310149105028144
full,Life Sciences,gd_emp,regression,within_sector_diversity,0.039568063220549066
full,Life Sciences,gd_bus,regression,enterprise_birth_rate,0.036245490714615504
full,Life Sciences,gd_bus,regression,enterprise_death_rate,0.03211778862453063
full,Life Sciences,gd_bus,regression,enterprise_high_growth_rate,0.09022205466571533
full,Life Sciences,gd_bus,regression,broadband,0.02572878750550637
full,Life Sciences,gd_bus,regression,coverage_4g,0.020285491324787658
full,Life Sciences,gd_bus,regression,transport_to_employer,0.019572946240702105
full,Life Sciences,gd_bus,regression,drive_to_employer,0.04300575879290936
full,Life Sciences,gd_bus,regression,cycle_to_employer,0.01650537770687492
full,Life Sciences,gd_bus,regression,nvq_level3,0.054560451565317754
full,Life Sciences,gd_bus,regression,gcse_age19,0.03331533148259774
full,Life Sciences,gd_bus,regression,apprenticeship_starts,0.04818452321517195
full,Life Sciences,gd_bus,regression,apprenticeship_achievements,0.017420556217938424
full,Life Sciences,gd_bus,regression,fe_participation,0.034239608242356445
full,Life Sciences,gd_bus,regression,unemployment_rate,0.02193703304909717
full,Life Sciences,gd_bus,regression,housing_net_additions,0.01744675348629307
full,Life Sciences,gd_bus,regression,size_large_share,0.0
full,Life Sciences,gd_bus,regression,size_micro_share,0.0072550422358838304
full,Life Sciences,gd_bus,regression,related_variety,0.038837133345116334
full,Life Sciences,gd_bus,regression,within_sector_diversity,0.44311987158458543
full,Life Sciences,lq_emp_binary,classification,enterprise_birth_rate,0.04011419877843255
full,Life Sciences,lq_emp_binary,classification,enterprise_death_rate,0.04361797843907644
full,Life Sciences,lq_emp_binary,classification,enterprise_high_growth_rate,0.07175336174975257
full,Life Sciences,lq_emp_binary,classification,broadband,0.04819081219016648
full,Life Sciences,lq_emp_binary,classification,coverage_4g,0.012384669573909464
full,Life Sciences,lq_emp_binary,classification,transport_to_employer,0.03529583734207762
full,Life Sciences,lq_emp_binary,classification,drive_to_employer,0.03249167931249646
full,Life Sciences,lq_emp_binary,classification,cycle_to_employer,0.0356993239349702
full,Life Sciences,lq_emp_binary,classification,nvq_level3,0.045740718031046505
full,Life Sciences,lq_emp_binary,classification,gcse_age19,0.0639759927718837
full,Life Sciences,lq_emp_binary,classification,apprenticeship_starts,0.04532030522030725
full,Life Sciences,lq_emp_binary,classification,apprenticeship_achievements,0.04267596525514433
full,Life Sciences,lq_emp_binary,classification,fe_participation,0.11142121274162063
full,Life Sciences,lq_emp_binary,classification,unemployment_rate,0.028638729497604133
full,Life Sciences,lq_emp_binary,classification,housing_net_additions,0.024729744374813362
full,Life Sciences,lq_emp_binary,classification,size_large_share,0.0
full,Life Sciences,lq_emp_binary,classification,size_micro_share,0.14804547191963946
full,Life Sciences,lq_emp_binary,classification,related_variety,0.11904577385645702
full,Life Sciences,lq_emp_binary,classification,within_sector_diversity,0.050858225010601846
full,Life Sciences,lq_bus_binary,classification,enterprise_birth_rate,0.01608647595481092
full,Life Sciences,lq_bus_binary,classification,enterprise_death_rate,0.0268230333157696
full,Life Sciences,lq_bus_binary,classification,enterprise_high_growth_rate,0.11344945545124191
full,Life Sciences,lq_bus_binary,classification,broadband,0.02179752822659878
full,Life Sciences,lq_bus_binary,classification,coverage_4g,0.009613477117147978
full,Life Sciences,lq_bus_binary,classification,transport_to_employer,0.01978204205284223
full,Life Sciences,lq_bus_binary,classification,drive_to_employer,0.025852506930423954
full,Life Sciences,lq_bus_binary,classification,cycle_to_employer,0.028049627409223264
full,Life Sciences,lq_bus_binary,classification,nvq_level3,0.05776058189975838
full,Life Sciences,lq_bus_binary,classification,gcse_age19,0.026527279831526692
full,Life Sciences,lq_bus_binary,classification,apprenticeship_starts,0.04419006331776031
full,Life Sciences,lq_bus_binary,classification,apprenticeship_achievements,0.0404549639755633
full,Life Sciences,lq_bus_binary,classification,fe_participation,0.06621059317917562
full,Life Sciences,lq_bus_binary,classification,unemployment_rate,0.024891152955073107
full,Life Sciences,lq_bus_binary,classification,housing_net_additions,0.035014244927749696
full,Life Sciences,lq_bus_binary,classification,size_large_share,0.0
full,Life Sciences,lq_bus_binary,classification,size_micro_share,0.14371551262254234
full,Life Sciences,lq_bus_binary,classification,related_variety,0.05233678926749862
full,Life Sciences,lq_bus_binary,classification,within_sector_diversity,0.24744467156529326
full,Life Sciences,gd_emp_binary,classification,enterprise_birth_rate,0.04667340114796863
full,Life Sciences,gd_emp_binary,classification,enterprise_death_rate,0.062189018115121335
full,Life Sciences,gd_emp_binary,classification,enterprise_high_growth_rate,0.07522556538750327
full,Life Sciences,gd_emp_binary,classification,broadband,0.04930912818568785
full,Life Sciences,gd_emp_binary,classification,coverage_4g,0.038018214723025696
full,Life Sciences,gd_emp_binary,classification,transport_to_employer,0.07114940682540195
full,Life Sciences,gd_emp_binary,classification,drive_to_employer,0.056510632536870505
full,Life Sciences,gd_emp_binary,classification,cycle_to_employer,0.0647106371640787
full,Life Sciences,gd_emp_binary,classification,nvq_level3,0.0655943899763195
full,Life Sciences,gd_emp_binary,classification,gcse_age19,0.047616022195443676
full,Life Sciences,gd_emp_binary,classification,apprenticeship_starts,0.05133142999534617
full,Life Sciences,gd_emp_binary,classification,apprenticeship_achievements,0.08378371198343895
full,Life Sciences,gd_emp_binary,classification,fe_participation,0.06293308960099918
full,Life Sciences,gd_emp_binary,classification,unemployment_rate,0.027698719050528123
full,Life Sciences,gd_emp_binary,classification,housing_net_additions,0.043115753270367325
full,Life Sciences,gd_emp_binary,classification,size_large_share,0.0
full,Life Sciences,gd_emp_binary,classification,size_micro_share,0.01990511288663356
full,Life Sciences,gd_emp_binary,classification,related_variety,0.05614798542868632
full,Life Sciences,gd_emp_binary,classification,within_sector_diversity,0.07808778152657923
full,Life Sciences,gd_bus_binary,classification,enterprise_birth_rate,0.10888388128948129
full,Life Sciences,gd_bus_binary,classification,enterprise_death_rate,0.05052576827957417
full,Life Sciences,gd_bus_binary,classification,enterprise_high_growth_rate,0.10051338012028622
full,Life Sciences,gd_bus_binary,classification,broadband,0.07314191175081963
full,Life Sciences,gd_bus_binary,classification,coverage_4g,0.011959352399055222
full,Life Sciences,gd_bus_binary,classification,transport_to_employer,0.05559583305579676
full,Life Sciences,gd_bus_binary,classification,drive_to_employer,0.05479758432606875
full,Life Sciences,gd_bus_binary,classification,cycle_to_employer,0.03709961902661998
full,Life Sciences,gd_bus_binary,classification,nvq_level3,0.043904983327431195
full,Life Sciences,gd_bus_binary,classification,gcse_age19,0.041173003339771
full,Life Sciences,gd_bus_binary,classification,apprenticeship_starts,0.04608516158827378
full,Life Sciences,gd_bus_binary,classification,apprenticeship_achievements,0.04248021598825361
full,Life Sciences,gd_bus_binary,classification,fe_participation,0.0412652677889281
full,Life Sciences,gd_bus_binary,classification,unemployment_rate,0.033796175629223796
full,Life Sciences,gd_bus_binary,classification,housing_net_additions,0.025372381194072223
full,Life Sciences,gd_bus_binary,classification,size_large_share,0.0
full,Life Sciences,gd_bus_binary,classification,size_micro_share,0.09674219205064422
full,Life Sciences,gd_bus_binary,classification,related_variety,0.06160086229230379
full,Life Sciences,gd_bus_binary,classification,within_sector_diversity,0.07506242655339626
full,Professional and Business Services,lq_emp,regression,enterprise_birth_rate,0.007924098982628651
full,Professional and Business Services,lq_emp,regression,enterprise_death_rate,0.03134983814723887
full,Professional and Business Services,lq_emp,regression,enterprise_high_growth_rate,0.10171874619645642
full,Professional and Business Services,lq_emp,regression,broadband,0.017574636593131975
full,Professional and Business Services,lq_emp,regression,coverage_4g,0.0057999096564941574
full,Professional and Business Services,lq_emp,regression,transport_to_employer,0.01003510943060108
full,Professional and Business Services,lq_emp,regression,drive_to_employer,0.006245540723322815
full,Professional and Business Services,lq_emp,regression,cycle_to_employer,0.018610347032116194
full,Professional and Business Services,lq_emp,regression,nvq_level3,0.0474813991931561
full,Professional and Business Services,lq_emp,regression,gcse_age19,0.17518150755101594
full,Professional and Business Services,lq_emp,regression,apprenticeship_starts,0.16036223138201902
full,Professional and Business Services,lq_emp,regression,apprenticeship_achievements,0.008625363134648881
full,Professional and Business Services,lq_emp,regression,fe_participation,0.04677349046177837
full,Professional and Business Services,lq_emp,regression,unemployment_rate,0.010167152479206886
full,Professional and Business Services,lq_emp,regression,housing_net_additions,0.009238412161816548
full,Professional and Business Services,lq_emp,regression,size_large_share,0.2534299587265626
full,Professional and Business Services,lq_emp,regression,size_micro_share,0.05369308806415355
full,Professional and Business Services,lq_emp,regression,related_variety,0.005214446302771226
full,Professional and Business Services,lq_emp,regression,within_sector_diversity,0.030574723780880716
full,Professional and Business Services,lq_bus,regression,enterprise_birth_rate,0.0036054721034481222
full,Professional and Business Services,lq_bus,regression,enterprise_death_rate,0.0035169354271510846
full,Professional and Business Services,lq_bus,regression,enterprise_high_growth_rate,0.01299774327246626
full,Professional and Business Services,lq_bus,regression,broadband,0.007947375523011052
full,Professional and Business Services,lq_bus,regression,coverage_4g,0.010147726574372339
full,Professional and Business Services,lq_bus,regression,transport_to_employer,0.019251180322316385
full,Professional and Business Services,lq_bus,regression,drive_to_employer,0.021234982725405367
full,Professional and Business Services,lq_bus,regression,cycle_to_employer,0.026137795749589497
full,Professional and Business Services,lq_bus,regression,nvq_level3,0.35357940795499515
full,Professional and Business Services,lq_bus,regression,gcse_age19,0.08219619464166615
full,Professional and Business Services,lq_bus,regression,apprenticeship_starts,0.24517405934030148
full,Professional and Business Services,lq_bus,regression,apprenticeship_achievements,0.03615774447474158
full,Professional and Business Services,lq_bus,regression,fe_participation,0.01865373206297756
full,Professional and Business Services,lq_bus,regression,unemployment_rate,0.0022027138491433145
full,Professional and Business Services,lq_bus,regression,housing_net_additions,0.002002526583158455
full,Professional and Business Services,lq_bus,regression,size_large_share,0.007560611765482417
full,Professional and Business Services,lq_bus,regression,size_micro_share,0.004167493661996809
full,Professional and Business Services,lq_bus,regression,related_variety,0.00852672878893996
full,Professional and Business Services,lq_bus,regression,within_sector_diversity,0.13493957517883715
full,Professional and Business Services,gd_emp,regression,enterprise_birth_rate,0.0280063555557793
full,Professional and Business Services,gd_emp,regression,enterprise_death_rate,0.09576579536172035
full,Professional and Business Services,gd_emp,regression,enterprise_high_growth_rate,0.10539449117876773
full,Professional and Business Services,gd_emp,regression,broadband,0.050076987022628444
full,Professional and Business Services,gd_emp,regression,coverage_4g,0.021143080063312576
full,Professional and Business Services,gd_emp,regression,transport_to_employer,0.03307963214294124
full,Professional and Business Services,gd_emp,regression,drive_to_employer,0.026288877330832707
full,Professional and Business Services,gd_emp,regression,cycle_to_employer,0.021253659448909265
full,Professional and Business Services,gd_emp,regression,nvq_level3,0.12176104680990013
full,Professional and Business Services,gd_emp,regression,gcse_age19,0.07677291555408944
full,Professional and Business Services,gd_emp,regression,apprenticeship_starts,0.04125723918064355
full,Professional and Business Services,gd_emp,regression,apprenticeship_achievements,0.03999894493222573
full,Professional and Business Services,gd_emp,regression,fe_participation,0.07123955503778188
full,Professional and Business Services,gd_emp,regression,unemployment_rate,0.02384944844788385
full,Professional and Business Services,gd_emp,regression,housing_net_additions,0.02799661761387387
full,Professional and Business Services,gd_emp,regression,size_large_share,0.0566498309499601
full,Professional and Business Services,gd_emp,regression,size_micro_share,0.03126874130919814
full,Professional and Business Services,gd_emp,regression,related_variety,0.0182267505958459
full,Professional and Business Services,gd_emp,regression,within_sector_diversity,0.10997003146370586
full,Professional and Business Services,gd_bus,regression,enterprise_birth_rate,0.055907135993098905
full,Professional and Business Services,gd_bus,regression,enterprise_death_rate,0.09999142446420907
full,Professional and Business Services,gd_bus,regression,enterprise_high_growth_rate,0.04278146690501888
full,Professional and Business Services,gd_bus,regression,broadband,0.0544481368790772
full,Professional and Business Services,gd_bus,regression,coverage_4g,0.014622151431269652
full,Professional and Business Services,gd_bus,regression,transport_to_employer,0.00931921400698289
full,Professional and Business Services,gd_bus,regression,drive_to_employer,0.05350585777001818
full,Professional and Business Services,gd_bus,regression,cycle_to_employer,0.03757387014082951
full,Professional and Business Services,gd_bus,regression,nvq_level3,0.07212134961414354
full,Professional and Business Services,gd_bus,regression,gcse_age19,0.11011913760768662
full,Professional and Business Services,gd_bus,regression,apprenticeship_starts,0.11392095971417952
full,Professional and Business Services,gd_bus,regression,apprenticeship_achievements,0.011915162699463657
full,Professional and Business Services,gd_bus,regression,fe_participation,0.033194137960311905
full,Professional and Business Services,gd_bus,regression,unemployment_rate,0.013577494117019986
full,Professional and Business Services,gd_bus,regression,housing_net_additions,0.004977437002341885
full,Professional and Business Services,gd_bus,regression,size_large_share,0.005240296802661415
full,Professional and Business Services,gd_bus,regression,size_micro_share,0.02606767644024025
full,Professional and Business Services,gd_bus,regression,related_variety,0.07762833430006945
full,Professional and Business Services,gd_bus,regression,within_sector_diversity,0.16308875615137747
full,Professional and Business Services,lq_emp_binary,classification,enterprise_birth_rate,0.027186289429238307
full,Professional and Business Services,lq_emp_binary,classification,enterprise_death_rate,0.030124676646913127
full,Professional and Business Services,lq_emp_binary,classification,enterprise_high_growth_rate,0.07185825015066505
full,Professional and Business Services,lq_emp_binary,classification,broadband,0.028608330204773304
full,Professional and Business Services,lq_emp_binary,classification,coverage_4g,0.005027309650547818
full,Professional and Business Services,lq_emp_binary,classification,transport_to_employer,0.05873459272881358
full,Professional and Business Services,lq_emp_binary,classification,drive_to_employer,0.04095253413714488
full,Professional and Business Services,lq_emp_binary,classification,cycle_to_employer,0.04724052839954114
full,Professional and Business Services,lq_emp_binary,classification,nvq_level3,0.11568470257377443
full,Professional and Business Services,lq_emp_binary,classification,gcse_age19,0.12521359315098668
full,Professional and Business Services,lq_emp_binary,classification,apprenticeship_starts,0.0856704503422654
full,Professional and Business Services,lq_emp_binary,classification,apprenticeship_achievements,0.07994553736510583
full,Professional and Business Services,lq_emp_binary,classification,fe_participation,0.06637132843032958
full,Professional and Business Services,lq_emp_binary,classification,unemployment_rate,0.017966271606649476
full,Professional and Business Services,lq_emp_binary,classification,housing_net_additions,0.008126127353075123
full,Professional and Business Services,lq_emp_binary,classification,size_large_share,0.08546531699272586
full,Professional and Business Services,lq_emp_binary,classification,size_micro_share,0.026532426737219297
full,Professional and Business Services,lq_emp_binary,classification,related_variety,0.01032934795396657
full,Professional and Business Services,lq_emp_binary,classification,within_sector_diversity,0.06896238614626449
full,Professional and Business Services,lq_bus_binary,classification,enterprise_birth_rate,0.019815987888242917
full,Professional and Business Services,lq_bus_binary,classification,enterprise_death_rate,0.015021957994665243
full,Professional and Business Services,lq_bus_binary,classification,enterprise_high_growth_rate,0.020993225048594043
full,Professional and Business Services,lq_bus_binary,classification,broadband,0.009451183696508022
full,Professional and Business Services,lq_bus_binary,classification,coverage_4g,0.0029479157729463456
full,Professional and Business Services,lq_bus_binary,classification,transport_to_employer,0.02092174750853748
full,Professional and Business Services,lq_bus_binary,classification,drive_to_employer,0.02869876432083431
full,Professional and Business Services,lq_bus_binary,classification,cycle_to_employer,0.033125760256337435
full,Professional and Business Services,lq_bus_binary,classification,nvq_level3,0.23560030450398212
full,Professional and Business Services,lq_bus_binary,classification,gcse_age19,0.13478557310453074
full,Professional and Business Services,lq_bus_binary,classification,apprenticeship_starts,0.11365507680114756
full,Professional and Business Services,lq_bus_binary,classification,apprenticeship_achievements,0.14521382225819507
full,Professional and Business Services,lq_bus_binary,classification,fe_participation,0.0583233840401014
full,Professional and Business Services,lq_bus_binary,classification,unemployment_rate,0.01750900945801751
full,Professional and Business Services,lq_bus_binary,classification,housing_net_additions,0.005050576729108623
full,Professional and Business Services,lq_bus_binary,classification,size_large_share,0.007229673564920557
full,Professional and Business Services,lq_bus_binary,classification,size_micro_share,0.008692992507441684
full,Professional and Business Services,lq_bus_binary,classification,related_variety,0.013448516294325124
full,Professional and Business Services,lq_bus_binary,classification,within_sector_diversity,0.10951452825156377
full,Professional and Business Services,gd_emp_binary,classification,enterprise_birth_rate,0.036707191669090596
full,Professional and Business Services,gd_emp_binary,classification,enterprise_death_rate,0.040746221550624385
full,Professional and Business Services,gd_emp_binary,classification,enterprise_high_growth_rate,0.1525202154100698
full,Professional and Business Services,gd_emp_binary,classification,broadband,0.04253060612602576
full,Professional and Business Services,gd_emp_binary,classification,coverage_4g,0.02342515569760578
full,Professional and Business Services,gd_emp_binary,classification,transport_to_employer,0.05358468971411626
full,Professional and Business Services,gd_emp_binary,classification,drive_to_employer,0.06320903708175443
full,Professional and Business Services,gd_emp_binary,classification,cycle_to_employer,0.05286634586624393
full,Professional and Business Services,gd_emp_binary,classification,nvq_level3,0.07724709990410816
full,Professional and Business Services,gd_emp_binary,classification,gcse_age19,0.04257953444416421
full,Professional and Business Services,gd_emp_binary,classification,apprenticeship_starts,0.053506400134103016
full,Professional and Business Services,gd_emp_binary,classification,apprenticeship_achievements,0.04568035648720132
full,Professional and Business Services,gd_emp_binary,classification,fe_participation,0.040875923668542063
full,Professional and Business Services,gd_emp_binary,classification,unemployment_rate,0.03345690996141072
full,Professional and Business Services,gd_emp_binary,classification,housing_net_additions,0.045848318396422776
full,Professional and Business Services,gd_emp_binary,classification,size_large_share,0.04598314340918835
full,Professional and Business Services,gd_emp_binary,classification,size_micro_share,0.05066143379438553
full,Professional and Business Services,gd_emp_binary,classification,related_variety,0.05321447408446684
full,Professional and Business Services,gd_emp_binary,classification,within_sector_diversity,0.045356942600476235
full,Professional and Business Services,gd_bus_binary,classification,enterprise_birth_rate,0.045129170426901344
full,Professional and Business Services,gd_bus_binary,classification,enterprise_death_rate,0.09353425530212861
full,Professional and Business Services,gd_bus_binary,classification,enterprise_high_growth_rate,0.03537811017086697
full,Professional and Business Services,gd_bus_binary,classification,broadband,0.02686365700487703
full,Professional and Business Services,gd_bus_binary,classification,coverage_4g,0.025145873037598177
full,Professional and Business Services,gd_bus_binary,classification,transport_to_employer,0.061005544056885935
full,Professional and Business Services,gd_bus_binary,classification,drive_to_employer,0.044494627963539216
full,Professional and Business Services,gd_bus_binary,classification,cycle_to_employer,0.05713068291748786
full,Professional and Business Services,gd_bus_binary,classification,nvq_level3,0.05538368789635473
full,Professional and Business Services,gd_bus_binary,classification,gcse_age19,0.0837395427294601
full,Professional and Business Services,gd_bus_binary,classification,apprenticeship_starts,0.04837964614414675
full,Professional and Business Services,gd_bus_binary,classification,apprenticeship_achievements,0.03997973470486577
full,Professional and Business Services,gd_bus_binary,classification,fe_participation,0.050782391400255866
full,Professional and Business Services,gd_bus_binary,classification,unemployment_rate,0.02107771660610542
full,Professional and Business Services,gd_bus_binary,classification,housing_net_additions,0.03346005119550851
full,Professional and Business Services,gd_bus_binary,classification,size_large_share,0.04215225237752502
full,Professional and Business Services,gd_bus_binary,classification,size_micro_share,0.08019935795731709
full,Professional and Business Services,gd_bus_binary,classification,related_variety,0.02538944061636885
full,Professional and Business Services,gd_bus_binary,classification,within_sector_diversity,0.13077425749180688
theory,Advanced Manufacturing,lq_emp,regression,unemployment_rate,0.0930570738204331
theory,Advanced Manufacturing,lq_emp,regression,transport_to_employer,0.022715632518552034
theory,Advanced Manufacturing,lq_emp,regression,drive_to_employer,0.02103474227921225
theory,Advanced Manufacturing,lq_emp,regression,cycle_to_employer,0.011822524263373532
theory,Advanced Manufacturing,lq_emp,regression,broadband,0.0158607464487832
theory,Advanced Manufacturing,lq_emp,regression,gcse_age19,0.032344109382615074
theory,Advanced Manufacturing,lq_emp,regression,apprenticeship_achievements,0.24181680137582542
theory,Advanced Manufacturing,lq_emp,regression,nvq_level3,0.04279991041670046
theory,Advanced Manufacturing,lq_emp,regression,fe_participation,0.03738183626614854
theory,Advanced Manufacturing,lq_emp,regression,housing_net_additions,0.15523481818617907
theory,Advanced Manufacturing,lq_emp,regression,enterprise_birth_rate,0.03427726365373439
theory,Advanced Manufacturing,lq_emp,regression,enterprise_death_rate,0.016718680626346606
theory,Advanced Manufacturing,lq_emp,regression,n_universities_feecap_lad,0.011702118974161492
theory,Advanced Manufacturing,lq_emp,regression,size_micro_share,0.26323374178793474
theory,Advanced Manufacturing,lq_bus,regression,unemployment_rate,0.006988999178242458
theory,Advanced Manufacturing,lq_bus,regression,transport_to_employer,0.019806857586848144
theory,Advanced Manufacturing,lq_bus,regression,drive_to_employer,0.026972072526931297
theory,Advanced Manufacturing,lq_bus,regression,cycle_to_employer,0.05036768173612546
theory,Advanced Manufacturing,lq_bus,regression,broadband,0.018591278464879533
theory,Advanced Manufacturing,lq_bus,regression,gcse_age19,0.0053909618121451355
theory,Advanced Manufacturing,lq_bus,regression,apprenticeship_achievements,0.3558601528963219
theory,Advanced Manufacturing,lq_bus,regression,nvq_level3,0.0347017647308354
theory,Advanced Manufacturing,lq_bus,regression,fe_participation,0.027059510018517297
theory,Advanced Manufacturing,lq_bus,regression,housing_net_additions,0.01765376764568374
theory,Advanced Manufacturing,lq_bus,regression,enterprise_birth_rate,0.01805220461439065
theory,Advanced Manufacturing,lq_bus,regression,enterprise_death_rate,0.021008872108176316
theory,Advanced Manufacturing,lq_bus,regression,n_universities_feecap_lad,0.008003200077007737
theory,Advanced Manufacturing,lq_bus,regression,size_micro_share,0.3895426766038952
theory,Advanced Manufacturing,gd_emp,regression,unemployment_rate,0.08710278348997753
theory,Advanced Manufacturing,gd_emp,regression,transport_to_employer,0.05127440620880952
theory,Advanced Manufacturing,gd_emp,regression,drive_to_employer,0.04143804179789377
theory,Advanced Manufacturing,gd_emp,regression,cycle_to_employer,0.14410646177976158
theory,Advanced Manufacturing,gd_emp,regression,broadband,0.06394132669734129
theory,Advanced Manufacturing,gd_emp,regression,gcse_age19,0.06087801516733511
theory,Advanced Manufacturing,gd_emp,regression,apprenticeship_achievements,0.15250615642239715
theory,Advanced Manufacturing,gd_emp,regression,nvq_level3,0.11481255296128647
theory,Advanced Manufacturing,gd_emp,regression,fe_participation,0.08649173537823257
theory,Advanced Manufacturing,gd_emp,regression,housing_net_additions,0.0381543796500503
theory,Advanced Manufacturing,gd_emp,regression,enterprise_birth_rate,0.02991046763786614
theory,Advanced Manufacturing,gd_emp,regression,enterprise_death_rate,0.035272655244190064
theory,Advanced Manufacturing,gd_emp,regression,n_universities_feecap_lad,0.01078379207624385
theory,Advanced Manufacturing,gd_emp,regression,size_micro_share,0.08332722548861465
theory,Advanced Manufacturing,gd_bus,regression,unemployment_rate,0.016066556070851595
theory,Advanced Manufacturing,gd_bus,regression,transport_to_employer,0.13725818499189252
theory,Advanced Manufacturing,gd_bus,regression,drive_to_employer,0.044355050208567025
theory,Advanced Manufacturing,gd_bus,regression,cycle_to_employer,0.22994528321001512
theory,Advanced Manufacturing,gd_bus,regression,broadband,0.08760598133976899
theory,Advanced Manufacturing,gd_bus,regression,gcse_age19,0.11172544195481415
theory,Advanced Manufacturing,gd_bus,regression,apprenticeship_achievements,0.04461223084198
theory,Advanced Manufacturing,gd_bus,regression,nvq_level3,0.049068259148264605
theory,Advanced Manufacturing,gd_bus,regression,fe_participation,0.08839405667229232
theory,Advanced Manufacturing,gd_bus,regression,housing_net_additions,0.015209285925804053
theory,Advanced Manufacturing,gd_bus,regression,enterprise_birth_rate,0.04958422480265665
theory,Advanced Manufacturing,gd_bus,regression,enterprise_death_rate,0.026801146144568817
theory,Advanced Manufacturing,gd_bus,regression,n_universities_feecap_lad,0.048846460490489185
theory,Advanced Manufacturing,gd_bus,regression,size_micro_share,0.05052783819803477
theory,Advanced Manufacturing,lq_emp_binary,classification,unemployment_rate,0.03950632342640249
theory,Advanced Manufacturing,lq_emp_binary,classification,transport_to_employer,0.08611952970565076
theory,Advanced Manufacturing,lq_emp_binary,classification,drive_to_employer,0.0699223043325363
theory,Advanced Manufacturing,lq_emp_binary,classification,cycle_to_employer,0.08419545090814805
theory,Advanced Manufacturing,lq_emp_binary,classification,broadband,0.02896001801229612
theory,Advanced Manufacturing,lq_emp_binary,classification,gcse_age19,0.05316592691242964
theory,Advanced Manufacturing,lq_emp_binary,classification,apprenticeship_achievements,0.1652061522289699
theory,Advanced Manufacturing,lq_emp_binary,classification,nvq_level3,0.05211415948605141
theory,Advanced Manufacturing,lq_emp_binary,classification,fe_participation,0.048039499592785515
theory,Advanced Manufacturing,lq_emp_binary,classification,housing_net_additions,0.03232419782873054
theory,Advanced Manufacturing,lq_emp_binary,classification,enterprise_birth_rate,0.04253537278771592
theory,Advanced Manufacturing,lq_emp_binary,classification,enterprise_death_rate,0.02964083874617309
theory,Advanced Manufacturing,lq_emp_binary,classification,n_universities_feecap_lad,0.03048391586901132
theory,Advanced Manufacturing,lq_emp_binary,classification,size_micro_share,0.23778631016309898
theory,Advanced Manufacturing,lq_bus_binary,classification,unemployment_rate,0.020802623040659985
theory,Advanced Manufacturing,lq_bus_binary,classification,transport_to_employer,0.07438090067990795
theory,Advanced Manufacturing,lq_bus_binary,classification,drive_to_employer,0.06912984029377241
theory,Advanced Manufacturing,lq_bus_binary,classification,cycle_to_employer,0.10433087897125728
theory,Advanced Manufacturing,lq_bus_binary,classification,broadband,0.024841788281968247
theory,Advanced Manufacturing,lq_bus_binary,classification,gcse_age19,0.03555280510082999
theory,Advanced Manufacturing,lq_bus_binary,classification,apprenticeship_achievements,0.18192810671867377
theory,Advanced Manufacturing,lq_bus_binary,classification,nvq_level3,0.061500186375411714
theory,Advanced Manufacturing,lq_bus_binary,classification,fe_participation,0.034908516829165744
theory,Advanced Manufacturing,lq_bus_binary,classification,housing_net_additions,0.02833398876218964
theory,Advanced Manufacturing,lq_bus_binary,classification,enterprise_birth_rate,0.024238493380145422
theory,Advanced Manufacturing,lq_bus_binary,classification,enterprise_death_rate,0.0259845678206578
theory,Advanced Manufacturing,lq_bus_binary,classification,n_universities_feecap_lad,0.04526164421617143
theory,Advanced Manufacturing,lq_bus_binary,classification,size_micro_share,0.2688056595291887
theory,Advanced Manufacturing,gd_emp_binary,classification,unemployment_rate,0.061734694635376994
theory,Advanced Manufacturing,gd_emp_binary,classification,transport_to_employer,0.09643186569265422
theory,Advanced Manufacturing,gd_emp_binary,classification,drive_to_employer,0.0770245527349009
theory,Advanced Manufacturing,gd_emp_binary,classification,cycle_to_employer,0.0884032665590844
theory,Advanced Manufacturing,gd_emp_binary,classification,broadband,0.05208443749497021
theory,Advanced Manufacturing,gd_emp_binary,classification,gcse_age19,0.06046305470131935
theory,Advanced Manufacturing,gd_emp_binary,classification,apprenticeship_achievements,0.08171468047331716
theory,Advanced Manufacturing,gd_emp_binary,classification,nvq_level3,0.10771557751449323
theory,Advanced Manufacturing,gd_emp_binary,classification,fe_participation,0.06051695227566235
theory,Advanced Manufacturing,gd_emp_binary,classification,housing_net_additions,0.0713310036614639
theory,Advanced Manufacturing,gd_emp_binary,classification,enterprise_birth_rate,0.053653241493872884
theory,Advanced Manufacturing,gd_emp_binary,classification,enterprise_death_rate,0.07771331632490792
theory,Advanced Manufacturing,gd_emp_binary,classification,n_universities_feecap_lad,0.024288770838273174
theory,Advanced Manufacturing,gd_emp_binary,classification,size_micro_share,0.08692458559970344
theory,Advanced Manufacturing,gd_bus_binary,classification,unemployment_rate,0.03881078938169914
theory,Advanced Manufacturing,gd_bus_binary,classification,transport_to_employer,0.1429434195438746
theory,Advanced Manufacturing,gd_bus_binary,classification,drive_to_employer,0.11895965569453795
theory,Advanced Manufacturing,gd_bus_binary,classification,cycle_to_employer,0.10717321012791105
theory,Advanced Manufacturing,gd_bus_binary,classification,broadband,0.05692544378930835
theory,Advanced Manufacturing,gd_bus_binary,classification,gcse_age19,0.08681004687633175
theory,Advanced Manufacturing,gd_bus_binary,classification,apprenticeship_achievements,0.035629407233507465
theory,Advanced Manufacturing,gd_bus_binary,classification,nvq_level3,0.05549171433358779
theory,Advanced Manufacturing,gd_bus_binary,classification,fe_participation,0.07227361839704587
theory,Advanced Manufacturing,gd_bus_binary,classification,housing_net_additions,0.04381414194897122
theory,Advanced Manufacturing,gd_bus_binary,classification,enterprise_birth_rate,0.07015141288530838
theory,Advanced Manufacturing,gd_bus_binary,classification,enterprise_death_rate,0.04755230819897304
theory,Advanced Manufacturing,gd_bus_binary,classification,n_universities_feecap_lad,0.034951681740612944
theory,Advanced Manufacturing,gd_bus_binary,classification,size_micro_share,0.08851314984833043
theory,Creative Industries,lq_emp,regression,unemployment_rate,0.0016936727872511328
theory,Creative Industries,lq_emp,regression,transport_to_employer,0.42178278523316404
theory,Creative Industries,lq_emp,regression,drive_to_employer,0.011506474627353295
theory,Creative Industries,lq_emp,regression,cycle_to_employer,0.1575299525030728
theory,Creative Industries,lq_emp,regression,broadband,0.0011285019193310731
theory,Creative Industries,lq_emp,regression,gcse_age19,0.045571704548349086
theory,Creative Industries,lq_emp,regression,apprenticeship_achievements,0.0724457339441573
theory,Creative Industries,lq_emp,regression,nvq_level3,0.1418824886902562
theory,Creative Industries,lq_emp,regression,fe_participation,0.0032006998731168683
theory,Creative Industries,lq_emp,regression,housing_net_additions,0.005049556765750137
theory,Creative Industries,lq_emp,regression,enterprise_birth_rate,0.005901799150242987
theory,Creative Industries,lq_emp,regression,enterprise_death_rate,0.014219049367635666
theory,Creative Industries,lq_emp,regression,n_universities_feecap_lad,0.0005611618372960811
theory,Creative Industries,lq_emp,regression,size_micro_share,0.11752641875302344
theory,Creative Industries,lq_bus,regression,unemployment_rate,0.004468561871214497
theory,Creative Industries,lq_bus,regression,transport_to_employer,0.09381834664326263
theory,Creative Industries,lq_bus,regression,drive_to_employer,0.010461650905116698
theory,Creative Industries,lq_bus,regression,cycle_to_employer,0.06076069481228146
theory,Creative Industries,lq_bus,regression,broadband,0.0035620881570557657
theory,Creative Industries,lq_bus,regression,gcse_age19,0.048271224229376
theory,Creative Industries,lq_bus,regression,apprenticeship_achievements,0.624609827946127
theory,Creative Industries,lq_bus,regression,nvq_level3,0.11496033194635329
theory,Creative Industries,lq_bus,regression,fe_participation,0.018295496943067462
theory,Creative Industries,lq_bus,regression,housing_net_additions,0.0022496154174614044
theory,Creative Industries,lq_bus,regression,enterprise_birth_rate,0.004821322257712973
theory,Creative Industries,lq_bus,regression,enterprise_death_rate,0.004150738176184876
theory,Creative Industries,lq_bus,regression,n_universities_feecap_lad,0.001395750624353966
theory,Creative Industries,lq_bus,regression,size_micro_share,0.00817435007043207
theory,Creative Industries,gd_emp,regression,unemployment_rate,0.039483221730319366
theory,Creative Industries,gd_emp,regression,transport_to_employer,0.04160799139308864
theory,Creative Industries,gd_emp,regression,drive_to_employer,0.028685236665753067
theory,Creative Industries,gd_emp,regression,cycle_to_employer,0.0368573320970888
theory,Creative Industries,gd_emp,regression,broadband,0.05602727573077277
theory,Creative Industries,gd_emp,regression,gcse_age19,0.059277473960903354
theory,Creative Industries,gd_emp,regression,apprenticeship_achievements,0.08992597814436461
theory,Creative Industries,gd_emp,regression,nvq_level3,0.05192236377791356
theory,Creative Industries,gd_emp,regression,fe_participation,0.11612392063873919
theory,Creative Industries,gd_emp,regression,housing_net_additions,0.15260726978353673
theory,Creative Industries,gd_emp,regression,enterprise_birth_rate,0.060001567246604125
theory,Creative Industries,gd_emp,regression,enterprise_death_rate,0.03512630660684398
theory,Creative Industries,gd_emp,regression,n_universities_feecap_lad,0.057535364963996055
theory,Creative Industries,gd_emp,regression,size_micro_share,0.17481869726007576
theory,Creative Industries,gd_bus,regression,unemployment_rate,0.059448311688384985
theory,Creative Industries,gd_bus,regression,transport_to_employer,0.042375346643568464
theory,Creative Industries,gd_bus,regression,drive_to_employer,0.05782560827505692
theory,Creative Industries,gd_bus,regression,cycle_to_employer,0.05716027966635859
theory,Creative Industries,gd_bus,regression,broadband,0.07571117081412462
theory,Creative Industries,gd_bus,regression,gcse_age19,0.10306962337808384
theory,Creative Industries,gd_bus,regression,apprenticeship_achievements,0.04214211502897564
theory,Creative Industries,gd_bus,regression,nvq_level3,0.042849114904243875
theory,Creative Industries,gd_bus,regression,fe_participation,0.15834553695312212
theory,Creative Industries,gd_bus,regression,housing_net_additions,0.020790971597872857
theory,Creative Industries,gd_bus,regression,enterprise_birth_rate,0.026511897185297766
theory,Creative Industries,gd_bus,regression,enterprise_death_rate,0.17170786108852043
theory,Creative Industries,gd_bus,regression,n_universities_feecap_lad,0.08184789227910336
theory,Creative Industries,gd_bus,regression,size_micro_share,0.06021427049728653
theory,Creative Industries,lq_emp_binary,classification,unemployment_rate,0.024003352517998008
theory,Creative Industries,lq_emp_binary,classification,transport_to_employer,0.09424912699505417
theory,Creative Industries,lq_emp_binary,classification,drive_to_employer,0.05795520559069222
theory,Creative Industries,lq_emp_binary,classification,cycle_to_employer,0.09535013600150676
theory,Creative Industries,lq_emp_binary,classification,broadband,0.014470572576268938
theory,Creative Industries,lq_emp_binary,classification,gcse_age19,0.08681638840713658
theory,Creative Industries,lq_emp_binary,classification,apprenticeship_achievements,0.15538179457528511
theory,Creative Industries,lq_emp_binary,classification,nvq_level3,0.21627920562388808
theory,Creative Industries,lq_emp_binary,classification,fe_participation,0.05272007988683118
theory,Creative Industries,lq_emp_binary,classification,housing_net_additions,0.019130592216532547
theory,Creative Industries,lq_emp_binary,classification,enterprise_birth_rate,0.031336469850509745
theory,Creative Industries,lq_emp_binary,classification,enterprise_death_rate,0.022031586416735336
theory,Creative Industries,lq_emp_binary,classification,n_universities_feecap_lad,0.043378971206241436
theory,Creative Industries,lq_emp_binary,classification,size_micro_share,0.08689651813531998
theory,Creative Industries,lq_bus_binary,classification,unemployment_rate,0.01627520916327372
theory,Creative Industries,lq_bus_binary,classification,transport_to_employer,0.07811735816104806
theory,Creative Industries,lq_bus_binary,classification,drive_to_employer,0.06557321921073848
theory,Creative Industries,lq_bus_binary,classification,cycle_to_employer,0.10849549426621537
theory,Creative Industries,lq_bus_binary,classification,broadband,0.012142234742728967
theory,Creative Industries,lq_bus_binary,classification,gcse_age19,0.11013055470705907
theory,Creative Industries,lq_bus_binary,classification,apprenticeship_achievements,0.2590901704156512
theory,Creative Industries,lq_bus_binary,classification,nvq_level3,0.21766133731846915
theory,Creative Industries,lq_bus_binary,classification,fe_participation,0.05501829174257526
theory,Creative Industries,lq_bus_binary,classification,housing_net_additions,0.008748796709776964
theory,Creative Industries,lq_bus_binary,classification,enterprise_birth_rate,0.030116089079495964
theory,Creative Industries,lq_bus_binary,classification,enterprise_death_rate,0.01072568656185423
theory,Creative Industries,lq_bus_binary,classification,n_universities_feecap_lad,0.006140430122157759
theory,Creative Industries,lq_bus_binary,classification,size_micro_share,0.02176512779895573
theory,Creative Industries,gd_emp_binary,classification,unemployment_rate,0.055575799450987534
theory,Creative Industries,gd_emp_binary,classification,transport_to_employer,0.049614792967627094
theory,Creative Industries,gd_emp_binary,classification,drive_to_employer,0.057185296265669434
theory,Creative Industries,gd_emp_binary,classification,cycle_to_employer,0.0541695413700191
theory,Creative Industries,gd_emp_binary,classification,broadband,0.06211545622192494
theory,Creative Industries,gd_emp_binary,classification,gcse_age19,0.06478806447485633
theory,Creative Industries,gd_emp_binary,classification,apprenticeship_achievements,0.08176071504165394
theory,Creative Industries,gd_emp_binary,classification,nvq_level3,0.04156615798302843
theory,Creative Industries,gd_emp_binary,classification,fe_participation,0.07032256855562248
theory,Creative Industries,gd_emp_binary,classification,housing_net_additions,0.11518003097858066
theory,Creative Industries,gd_emp_binary,classification,enterprise_birth_rate,0.06670170312804653
theory,Creative Industries,gd_emp_binary,classification,enterprise_death_rate,0.0526973038217211
theory,Creative Industries,gd_emp_binary,classification,n_universities_feecap_lad,0.05973894564977141
theory,Creative Industries,gd_emp_binary,classification,size_micro_share,0.16858362409049105
theory,Creative Industries,gd_bus_binary,classification,unemployment_rate,0.04140080426539033
theory,Creative Industries,gd_bus_binary,classification,transport_to_employer,0.0546641885570477
theory,Creative Industries,gd_bus_binary,classification,drive_to_employer,0.06924826528692397
theory,Creative Industries,gd_bus_binary,classification,cycle_to_employer,0.06385111914941645
theory,Creative Industries,gd_bus_binary,classification,broadband,0.0844932118775053
theory,Creative Industries,gd_bus_binary,classification,gcse_age19,0.149865533222573
theory,Creative Industries,gd_bus_binary,classification,apprenticeship_achievements,0.06496586416903088
theory,Creative Industries,gd_bus_binary,classification,nvq_level3,0.05207100172458513
theory,Creative Industries,gd_bus_binary,classification,fe_participation,0.10099517110125168
theory,Creative Industries,gd_bus_binary,classification,housing_net_additions,0.045593452192066494
theory,Creative Industries,gd_bus_binary,classification,enterprise_birth_rate,0.05262668999451546
theory,Creative Industries,gd_bus_binary,classification,enterprise_death_rate,0.11253621281054514
theory,Creative Industries,gd_bus_binary,classification,n_universities_feecap_lad,0.045866862617644305
theory,Creative Industries,gd_bus_binary,classification,size_micro_share,0.06182162303150413
theory,Defence,lq_emp,regression,unemployment_rate,0.03994098904043201
theory,Defence,lq_emp,regression,transport_to_employer,0.10273251651938131
theory,Defence,lq_emp,regression,drive_to_employer,0.07614394851301756
theory,Defence,lq_emp,regression,cycle_to_employer,0.050814333413237905
theory,Defence,lq_emp,regression,broadband,0.17055507463886177
theory,Defence,lq_emp,regression,gcse_age19,0.02390064812443377
theory,Defence,lq_emp,regression,apprenticeship_achievements,0.09023549093957563
theory,Defence,lq_emp,regression,nvq_level3,0.06606882161280571
theory,Defence,lq_emp,regression,fe_participation,0.018109906712672708
theory,Defence,lq_emp,regression,housing_net_additions,0.07522039987223524
theory,Defence,lq_emp,regression,enterprise_birth_rate,0.20656789730850206
theory,Defence,lq_emp,regression,enterprise_death_rate,0.07666524097581677
theory,Defence,lq_emp,regression,n_universities_feecap_lad,0.003044732329027442
theory,Defence,lq_emp,regression,size_micro_share,0.0
theory,Defence,lq_bus,regression,unemployment_rate,0.04638841173180936
theory,Defence,lq_bus,regression,transport_to_employer,0.031623250281269145
theory,Defence,lq_bus,regression,drive_to_employer,0.019305395705200845
theory,Defence,lq_bus,regression,cycle_to_employer,0.02394089775523635
theory,Defence,lq_bus,regression,broadband,0.3635711189673251
theory,Defence,lq_bus,regression,gcse_age19,0.00793787364537134
theory,Defence,lq_bus,regression,apprenticeship_achievements,0.2374072816650522
theory,Defence,lq_bus,regression,nvq_level3,0.009332062778896474
theory,Defence,lq_bus,regression,fe_participation,0.0005231783921413582
theory,Defence,lq_bus,regression,housing_net_additions,0.10822045987741599
theory,Defence,lq_bus,regression,enterprise_birth_rate,0.00658855905623343
theory,Defence,lq_bus,regression,enterprise_death_rate,0.007727559358057649
theory,Defence,lq_bus,regression,n_universities_feecap_lad,0.13743395078599074
theory,Defence,lq_bus,regression,size_micro_share,0.0
theory,Defence,gd_emp,regression,unemployment_rate,0.13184488573390854
theory,Defence,gd_emp,regression,transport_to_employer,0.018912773121099923
theory,Defence,gd_emp,regression,drive_to_employer,0.007479178039758569
theory,Defence,gd_emp,regression,cycle_to_employer,0.04326385175842808
theory,Defence,gd_emp,regression,broadband,0.10417105039716228
theory,Defence,gd_emp,regression,gcse_age19,0.3504153620283861
theory,Defence,gd_emp,regression,apprenticeship_achievements,0.10692227519865172
theory,Defence,gd_emp,regression,nvq_level3,0.08970770609053198
theory,Defence,gd_emp,regression,fe_participation,0.03356036278924107
theory,Defence,gd_emp,regression,housing_net_additions,0.031106160689822634
theory,Defence,gd_emp,regression,enterprise_birth_rate,0.041540772076745454
theory,Defence,gd_emp,regression,enterprise_death_rate,0.008572026700498584
theory,Defence,gd_emp,regression,n_universities_feecap_lad,0.03250359537576505
theory,Defence,gd_emp,regression,size_micro_share,0.0
theory,Defence,lq_emp_binary,classification,unemployment_rate,0.05367045033198777
theory,Defence,lq_emp_binary,classification,transport_to_employer,0.06873668682149937
theory,Defence,lq_emp_binary,classification,drive_to_employer,0.07666101543877867
theory,Defence,lq_emp_binary,classification,cycle_to_employer,0.04747678268484874
theory,Defence,lq_emp_binary,classification,broadband,0.1285993567840579
theory,Defence,lq_emp_binary,classification,gcse_age19,0.04850740279319133
theory,Defence,lq_emp_binary,classification,apprenticeship_achievements,0.1350397603038451
theory,Defence,lq_emp_binary,classification,nvq_level3,0.07647728590075853
theory,Defence,lq_emp_binary,classification,fe_participation,0.07133120050141371
theory,Defence,lq_emp_binary,classification,housing_net_additions,0.06292995489485854
theory,Defence,lq_emp_binary,classification,enterprise_birth_rate,0.12455370397405112
theory,Defence,lq_emp_binary,classification,enterprise_death_rate,0.06905691745395315
theory,Defence,lq_emp_binary,classification,n_universities_feecap_lad,0.03695948211675611
theory,Defence,lq_emp_binary,classification,size_micro_share,0.0
theory,Defence,lq_bus_binary,classification,unemployment_rate,0.08002110715392471
theory,Defence,lq_bus_binary,classification,transport_to_employer,0.07271733166492317
theory,Defence,lq_bus_binary,classification,drive_to_employer,0.06892118150330881
theory,Defence,lq_bus_binary,classification,cycle_to_employer,0.05064573484077045
theory,Defence,lq_bus_binary,classification,broadband,0.07060178241376838
theory,Defence,lq_bus_binary,classification,gcse_age19,0.07628530251065554
theory,Defence,lq_bus_binary,classification,apprenticeship_achievements,0.1400933316209211
theory,Defence,lq_bus_binary,classification,nvq_level3,0.031363399808642424
theory,Defence,lq_bus_binary,classification,fe_participation,0.06665146146596775
theory,Defence,lq_bus_binary,classification,housing_net_additions,0.11497171020610913
theory,Defence,lq_bus_binary,classification,enterprise_birth_rate,0.05018757727223466
theory,Defence,lq_bus_binary,classification,enterprise_death_rate,0.04627448070640782
theory,Defence,lq_bus_binary,classification,n_universities_feecap_lad,0.13126559883236597
theory,Defence,lq_bus_binary,classification,size_micro_share,0.0
theory,Defence,gd_emp_binary,classification,unemployment_rate,0.040714760305031544
theory,Defence,gd_emp_binary,classification,transport_to_employer,0.07134975829087495
theory,Defence,gd_emp_binary,classification,drive_to_employer,0.06910306118526229
theory,Defence,gd_emp_binary,classification,cycle_to_employer,0.04662600617986537
theory,Defence,gd_emp_binary,classification,broadband,0.0836179298449542
theory,Defence,gd_emp_binary,classification,gcse_age19,0.24894326209814652
theory,Defence,gd_emp_binary,classification,apprenticeship_achievements,0.050171818421209415
theory,Defence,gd_emp_binary,classification,nvq_level3,0.12439692297011679
theory,Defence,gd_emp_binary,classification,fe_participation,0.06397442876624565
theory,Defence,gd_emp_binary,classification,housing_net_additions,0.06754319271605885
theory,Defence,gd_emp_binary,classification,enterprise_birth_rate,0.05829321266314222
theory,Defence,gd_emp_binary,classification,enterprise_death_rate,0.0638980296369978
theory,Defence,gd_emp_binary,classification,n_universities_feecap_lad,0.011367616922094507
theory,Defence,gd_emp_binary,classification,size_micro_share,0.0
theory,Digital and Technologies,lq_emp,regression,unemployment_rate,0.005217969984071147
theory,Digital and Technologies,lq_emp,regression,transport_to_employer,0.023317892762170205
theory,Digital and Technologies,lq_emp,regression,drive_to_employer,0.01127876749294921
theory,Digital and Technologies,lq_emp,regression,cycle_to_employer,0.007147992027682355
theory,Digital and Technologies,lq_emp,regression,broadband,0.011486350716354801
theory,Digital and Technologies,lq_emp,regression,gcse_age19,0.14326257009077561
theory,Digital and Technologies,lq_emp,regression,apprenticeship_achievements,0.05148007763850026
theory,Digital and Technologies,lq_emp,regression,nvq_level3,0.17674363703600363
theory,Digital and Technologies,lq_emp,regression,fe_participation,0.03711599018437941
theory,Digital and Technologies,lq_emp,regression,housing_net_additions,0.016884990354120184
theory,Digital and Technologies,lq_emp,regression,enterprise_birth_rate,0.031135460077837136
theory,Digital and Technologies,lq_emp,regression,enterprise_death_rate,0.023689053615874665
theory,Digital and Technologies,lq_emp,regression,n_universities_feecap_lad,0.0028055418450741755
theory,Digital and Technologies,lq_emp,regression,size_micro_share,0.4584337061742072
theory,Digital and Technologies,lq_bus,regression,unemployment_rate,0.01980622581397372
theory,Digital and Technologies,lq_bus,regression,transport_to_employer,0.012653571728631177
theory,Digital and Technologies,lq_bus,regression,drive_to_employer,0.01873779503532693
theory,Digital and Technologies,lq_bus,regression,cycle_to_employer,0.02841492979737037
theory,Digital and Technologies,lq_bus,regression,broadband,0.026727710737328762
theory,Digital and Technologies,lq_bus,regression,gcse_age19,0.0982184652134824
theory,Digital and Technologies,lq_bus,regression,apprenticeship_achievements,0.37075429727860465
theory,Digital and Technologies,lq_bus,regression,nvq_level3,0.2899567124198547
theory,Digital and Technologies,lq_bus,regression,fe_participation,0.02580657170827411
theory,Digital and Technologies,lq_bus,regression,housing_net_additions,0.004105315506522775
theory,Digital and Technologies,lq_bus,regression,enterprise_birth_rate,0.008083390501083565
theory,Digital and Technologies,lq_bus,regression,enterprise_death_rate,0.018878065173619295
theory,Digital and Technologies,lq_bus,regression,n_universities_feecap_lad,0.0017710793356245853
theory,Digital and Technologies,lq_bus,regression,size_micro_share,0.07608586975030268
theory,Digital and Technologies,gd_emp,regression,unemployment_rate,0.02294031320998822
theory,Digital and Technologies,gd_emp,regression,transport_to_employer,0.03584983499327997
theory,Digital and Technologies,gd_emp,regression,drive_to_employer,0.024694031995847205
theory,Digital and Technologies,gd_emp,regression,cycle_to_employer,0.019510183154532002
theory,Digital and Technologies,gd_emp,regression,broadband,0.019588014639699655
theory,Digital and Technologies,gd_emp,regression,gcse_age19,0.06473032304831511
theory,Digital and Technologies,gd_emp,regression,apprenticeship_achievements,0.034597740609958544
theory,Digital and Technologies,gd_emp,regression,nvq_level3,0.05492468864132219
theory,Digital and Technologies,gd_emp,regression,fe_participation,0.036722718907705884
theory,Digital and Technologies,gd_emp,regression,housing_net_additions,0.12528482401993934
theory,Digital and Technologies,gd_emp,regression,enterprise_birth_rate,0.03256656028940301
theory,Digital and Technologies,gd_emp,regression,enterprise_death_rate,0.034678505878917035
theory,Digital and Technologies,gd_emp,regression,n_universities_feecap_lad,0.2291194377415625
theory,Digital and Technologies,gd_emp,regression,size_micro_share,0.2647928228695293
theory,Digital and Technologies,gd_bus,regression,unemployment_rate,0.015216205805990595
theory,Digital and Technologies,gd_bus,regression,transport_to_employer,0.02690285026053333
theory,Digital and Technologies,gd_bus,regression,drive_to_employer,0.01765566040986095
theory,Digital and Technologies,gd_bus,regression,cycle_to_employer,0.03912535079080634
theory,Digital and Technologies,gd_bus,regression,broadband,0.046047125265076844
theory,Digital and Technologies,gd_bus,regression,gcse_age19,0.05213890132787904
theory,Digital and Technologies,gd_bus,regression,apprenticeship_achievements,0.04343481396424084
theory,Digital and Technologies,gd_bus,regression,nvq_level3,0.045345193595743495
theory,Digital and Technologies,gd_bus,regression,fe_participation,0.18907133110565502
theory,Digital and Technologies,gd_bus,regression,housing_net_additions,0.02407012480825164
theory,Digital and Technologies,gd_bus,regression,enterprise_birth_rate,0.02285290824025886
theory,Digital and Technologies,gd_bus,regression,enterprise_death_rate,0.06288965944249206
theory,Digital and Technologies,gd_bus,regression,n_universities_feecap_lad,0.3534179056971986
theory,Digital and Technologies,gd_bus,regression,size_micro_share,0.061831969286012284
theory,Digital and Technologies,lq_emp_binary,classification,unemployment_rate,0.039104521606397595
theory,Digital and Technologies,lq_emp_binary,classification,transport_to_employer,0.0586460076107074
theory,Digital and Technologies,lq_emp_binary,classification,drive_to_employer,0.04214973276852649
theory,Digital and Technologies,lq_emp_binary,classification,cycle_to_employer,0.046186124502151704
theory,Digital and Technologies,lq_emp_binary,classification,broadband,0.03101972001466767
theory,Digital and Technologies,lq_emp_binary,classification,gcse_age19,0.13840319774664356
theory,Digital and Technologies,lq_emp_binary,classification,apprenticeship_achievements,0.06693101657318232
theory,Digital and Technologies,lq_emp_binary,classification,nvq_level3,0.12246658560332309
theory,Digital and Technologies,lq_emp_binary,classification,fe_participation,0.11650895502391817
theory,Digital and Technologies,lq_emp_binary,classification,housing_net_additions,0.034829042397584865
theory,Digital and Technologies,lq_emp_binary,classification,enterprise_birth_rate,0.035484018799944554
theory,Digital and Technologies,lq_emp_binary,classification,enterprise_death_rate,0.0325743597696036
theory,Digital and Technologies,lq_emp_binary,classification,n_universities_feecap_lad,0.02971402948674289
theory,Digital and Technologies,lq_emp_binary,classification,size_micro_share,0.20598268809660603
theory,Digital and Technologies,lq_bus_binary,classification,unemployment_rate,0.017421850070548
theory,Digital and Technologies,lq_bus_binary,classification,transport_to_employer,0.060265925429176755
theory,Digital and Technologies,lq_bus_binary,classification,drive_to_employer,0.05803907606173075
theory,Digital and Technologies,lq_bus_binary,classification,cycle_to_employer,0.08068265317715678
theory,Digital and Technologies,lq_bus_binary,classification,broadband,0.055585422655501426
theory,Digital and Technologies,lq_bus_binary,classification,gcse_age19,0.15460869352788675
theory,Digital and Technologies,lq_bus_binary,classification,apprenticeship_achievements,0.17590599643629354
theory,Digital and Technologies,lq_bus_binary,classification,nvq_level3,0.22261920029644006
theory,Digital and Technologies,lq_bus_binary,classification,fe_participation,0.06063580605560113
theory,Digital and Technologies,lq_bus_binary,classification,housing_net_additions,0.010864245379277208
theory,Digital and Technologies,lq_bus_binary,classification,enterprise_birth_rate,0.029158843286295307
theory,Digital and Technologies,lq_bus_binary,classification,enterprise_death_rate,0.024281089658660163
theory,Digital and Technologies,lq_bus_binary,classification,n_universities_feecap_lad,0.005716406532707756
theory,Digital and Technologies,lq_bus_binary,classification,size_micro_share,0.04421479143272424
theory,Digital and Technologies,gd_emp_binary,classification,unemployment_rate,0.03607916713596325
theory,Digital and Technologies,gd_emp_binary,classification,transport_to_employer,0.0914419044556456
theory,Digital and Technologies,gd_emp_binary,classification,drive_to_employer,0.08433104152349535
theory,Digital and Technologies,gd_emp_binary,classification,cycle_to_employer,0.05116606630318381
theory,Digital and Technologies,gd_emp_binary,classification,broadband,0.05359730254019968
theory,Digital and Technologies,gd_emp_binary,classification,gcse_age19,0.07020944979062907
theory,Digital and Technologies,gd_emp_binary,classification,apprenticeship_achievements,0.05081315771355184
theory,Digital and Technologies,gd_emp_binary,classification,nvq_level3,0.05927014625850379
theory,Digital and Technologies,gd_emp_binary,classification,fe_participation,0.06499092441502326
theory,Digital and Technologies,gd_emp_binary,classification,housing_net_additions,0.07256849557334763
theory,Digital and Technologies,gd_emp_binary,classification,enterprise_birth_rate,0.06475360394005364
theory,Digital and Technologies,gd_emp_binary,classification,enterprise_death_rate,0.05333503196995536
theory,Digital and Technologies,gd_emp_binary,classification,n_universities_feecap_lad,0.07403475189593793
theory,Digital and Technologies,gd_emp_binary,classification,size_micro_share,0.17340895648450982
theory,Digital and Technologies,gd_bus_binary,classification,unemployment_rate,0.04689960065793322
theory,Digital and Technologies,gd_bus_binary,classification,transport_to_employer,0.0943161418392265
theory,Digital and Technologies,gd_bus_binary,classification,drive_to_employer,0.07726762547968048
theory,Digital and Technologies,gd_bus_binary,classification,cycle_to_employer,0.07594206324211115
theory,Digital and Technologies,gd_bus_binary,classification,broadband,0.06647376425502058
theory,Digital and Technologies,gd_bus_binary,classification,gcse_age19,0.10549420458224461
theory,Digital and Technologies,gd_bus_binary,classification,apprenticeship_achievements,0.0647048562182306
theory,Digital and Technologies,gd_bus_binary,classification,nvq_level3,0.04338151410493193
theory,Digital and Technologies,gd_bus_binary,classification,fe_participation,0.07219952465670483
theory,Digital and Technologies,gd_bus_binary,classification,housing_net_additions,0.05097534943928001
theory,Digital and Technologies,gd_bus_binary,classification,enterprise_birth_rate,0.07084737886218505
theory,Digital and Technologies,gd_bus_binary,classification,enterprise_death_rate,0.07358310695464404
theory,Digital and Technologies,gd_bus_binary,classification,n_universities_feecap_lad,0.07091969558375912
theory,Digital and Technologies,gd_bus_binary,classification,size_micro_share,0.08699517412404806
theory,Financial Services,lq_emp,regression,unemployment_rate,0.022689831534501
theory,Financial Services,lq_emp,regression,transport_to_employer,0.02069669947884879
theory,Financial Services,lq_emp,regression,drive_to_employer,0.005277606876256207
theory,Financial Services,lq_emp,regression,cycle_to_employer,0.012994265625865883
theory,Financial Services,lq_emp,regression,broadband,0.0294046071556153
theory,Financial Services,lq_emp,regression,gcse_age19,0.025045751750126157
theory,Financial Services,lq_emp,regression,apprenticeship_achievements,0.01980421996723652
theory,Financial Services,lq_emp,regression,nvq_level3,0.03432211667366
theory,Financial Services,lq_emp,regression,fe_participation,0.03103422782059322
theory,Financial Services,lq_emp,regression,housing_net_additions,0.004157426297422551
theory,Financial Services,lq_emp,regression,enterprise_birth_rate,0.07474081502927403
theory,Financial Services,lq_emp,regression,enterprise_death_rate,0.004586293505472659
theory,Financial Services,lq_emp,regression,n_universities_feecap_lad,0.500154020232378
theory,Financial Services,lq_emp,regression,size_micro_share,0.21509211805274964
theory,Financial Services,lq_bus,regression,unemployment_rate,0.04038669965412994
theory,Financial Services,lq_bus,regression,transport_to_employer,0.015575656604237613
theory,Financial Services,lq_bus,regression,drive_to_employer,0.05641894939201706
theory,Financial Services,lq_bus,regression,cycle_to_employer,0.03496970709337492
theory,Financial Services,lq_bus,regression,broadband,0.03464073784495525
theory,Financial Services,lq_bus,regression,gcse_age19,0.06487981796330627
theory,Financial Services,lq_bus,regression,apprenticeship_achievements,0.018591378671447615
theory,Financial Services,lq_bus,regression,nvq_level3,0.019284470059820612
theory,Financial Services,lq_bus,regression,fe_participation,0.06031577469132067
theory,Financial Services,lq_bus,regression,housing_net_additions,0.0412733434809388
theory,Financial Services,lq_bus,regression,enterprise_birth_rate,0.03013524177520009
theory,Financial Services,lq_bus,regression,enterprise_death_rate,0.026077136322176623
theory,Financial Services,lq_bus,regression,n_universities_feecap_lad,0.50398400435694
theory,Financial Services,lq_bus,regression,size_micro_share,0.05346708209013437
theory,Financial Services,gd_emp,regression,unemployment_rate,0.020213765877335973
theory,Financial Services,gd_emp,regression,transport_to_employer,0.06879499771970148
theory,Financial Services,gd_emp,regression,drive_to_employer,0.07926741523719263
theory,Financial Services,gd_emp,regression,cycle_to_employer,0.06846553721640987
theory,Financial Services,gd_emp,regression,broadband,0.1358499244684274
theory,Financial Services,gd_emp,regression,gcse_age19,0.09079924489762119
theory,Financial Services,gd_emp,regression,apprenticeship_achievements,0.05742457892186866
theory,Financial Services,gd_emp,regression,nvq_level3,0.054327025584679896
theory,Financial Services,gd_emp,regression,fe_participation,0.10956984442661186
theory,Financial Services,gd_emp,regression,housing_net_additions,0.09012833567530645
theory,Financial Services,gd_emp,regression,enterprise_birth_rate,0.07107245754745956
theory,Financial Services,gd_emp,regression,enterprise_death_rate,0.044882567732090234
theory,Financial Services,gd_emp,regression,n_universities_feecap_lad,0.05336786836446594
theory,Financial Services,gd_emp,regression,size_micro_share,0.055836436330829
theory,Financial Services,gd_bus,regression,unemployment_rate,0.036050866066566864
theory,Financial Services,gd_bus,regression,transport_to_employer,0.03520604851801862
theory,Financial Services,gd_bus,regression,drive_to_employer,0.030070266025131492
theory,Financial Services,gd_bus,regression,cycle_to_employer,0.035523410701847856
theory,Financial Services,gd_bus,regression,broadband,0.04516896387911894
theory,Financial Services,gd_bus,regression,gcse_age19,0.1287070144479589
theory,Financial Services,gd_bus,regression,apprenticeship_achievements,0.03619420117204433
theory,Financial Services,gd_bus,regression,nvq_level3,0.054564796471207745
theory,Financial Services,gd_bus,regression,fe_participation,0.07019408501233927
theory,Financial Services,gd_bus,regression,housing_net_additions,0.0966578769195843
theory,Financial Services,gd_bus,regression,enterprise_birth_rate,0.17050901378902558
theory,Financial Services,gd_bus,regression,enterprise_death_rate,0.08727449330421899
theory,Financial Services,gd_bus,regression,n_universities_feecap_lad,0.04709632522788336
theory,Financial Services,gd_bus,regression,size_micro_share,0.12678263846505375
theory,Financial Services,lq_emp_binary,classification,unemployment_rate,0.08393040953816662
theory,Financial Services,lq_emp_binary,classification,transport_to_employer,0.06389675778948849
theory,Financial Services,lq_emp_binary,classification,drive_to_employer,0.06489862397743822
theory,Financial Services,lq_emp_binary,classification,cycle_to_employer,0.045891219204733075
theory,Financial Services,lq_emp_binary,classification,broadband,0.0472596871364839
theory,Financial Services,lq_emp_binary,classification,gcse_age19,0.06329942563628262
theory,Financial Services,lq_emp_binary,classification,apprenticeship_achievements,0.04116327188378889
theory,Financial Services,lq_emp_binary,classification,nvq_level3,0.046578066108632486
theory,Financial Services,lq_emp_binary,classification,fe_participation,0.04141091021829603
theory,Financial Services,lq_emp_binary,classification,housing_net_additions,0.03523486859078211
theory,Financial Services,lq_emp_binary,classification,enterprise_birth_rate,0.059552112500168675
theory,Financial Services,lq_emp_binary,classification,enterprise_death_rate,0.05875806224696368
theory,Financial Services,lq_emp_binary,classification,n_universities_feecap_lad,0.16019334552667833
theory,Financial Services,lq_emp_binary,classification,size_micro_share,0.18793323964209702
theory,Financial Services,lq_bus_binary,classification,unemployment_rate,0.06386298436845729
theory,Financial Services,lq_bus_binary,classification,transport_to_employer,0.09401055239934726
theory,Financial Services,lq_bus_binary,classification,drive_to_employer,0.09707441578032608
theory,Financial Services,lq_bus_binary,classification,cycle_to_employer,0.10378421406234734
theory,Financial Services,lq_bus_binary,classification,broadband,0.04015110386380758
theory,Financial Services,lq_bus_binary,classification,gcse_age19,0.03648228640906158
theory,Financial Services,lq_bus_binary,classification,apprenticeship_achievements,0.06021182863992837
theory,Financial Services,lq_bus_binary,classification,nvq_level3,0.0700233178065131
theory,Financial Services,lq_bus_binary,classification,fe_participation,0.05373435599366484
theory,Financial Services,lq_bus_binary,classification,housing_net_additions,0.030831277518659418
theory,Financial Services,lq_bus_binary,classification,enterprise_birth_rate,0.05240064289470372
theory,Financial Services,lq_bus_binary,classification,enterprise_death_rate,0.07462174467609929
theory,Financial Services,lq_bus_binary,classification,n_universities_feecap_lad,0.17189648309203387
theory,Financial Services,lq_bus_binary,classification,size_micro_share,0.05091479249505024
theory,Financial Services,gd_emp_binary,classification,unemployment_rate,0.04114043530943497
theory,Financial Services,gd_emp_binary,classification,transport_to_employer,0.10800896059560207
theory,Financial Services,gd_emp_binary,classification,drive_to_employer,0.11358225532277158
theory,Financial Services,gd_emp_binary,classification,cycle_to_employer,0.08889603631280166
theory,Financial Services,gd_emp_binary,classification,broadband,0.0671180878711017
theory,Financial Services,gd_emp_binary,classification,gcse_age19,0.055582516242896556
theory,Financial Services,gd_emp_binary,classification,apprenticeship_achievements,0.04414393507101642
theory,Financial Services,gd_emp_binary,classification,nvq_level3,0.04741638197607516
theory,Financial Services,gd_emp_binary,classification,fe_participation,0.0816387721497957
theory,Financial Services,gd_emp_binary,classification,housing_net_additions,0.056985131514972275
theory,Financial Services,gd_emp_binary,classification,enterprise_birth_rate,0.05778494979536985
theory,Financial Services,gd_emp_binary,classification,enterprise_death_rate,0.07391328526566053
theory,Financial Services,gd_emp_binary,classification,n_universities_feecap_lad,0.11018465506597433
theory,Financial Services,gd_emp_binary,classification,size_micro_share,0.05360459750652723
theory,Financial Services,gd_bus_binary,classification,unemployment_rate,0.09688555207576606
theory,Financial Services,gd_bus_binary,classification,transport_to_employer,0.0668851600601222
theory,Financial Services,gd_bus_binary,classification,drive_to_employer,0.05684025686986587
theory,Financial Services,gd_bus_binary,classification,cycle_to_employer,0.05934403905966773
theory,Financial Services,gd_bus_binary,classification,broadband,0.06359086916236419
theory,Financial Services,gd_bus_binary,classification,gcse_age19,0.09254828942478603
theory,Financial Services,gd_bus_binary,classification,apprenticeship_achievements,0.045737512520807315
theory,Financial Services,gd_bus_binary,classification,nvq_level3,0.03703458325913196
theory,Financial Services,gd_bus_binary,classification,fe_participation,0.08697683357366344
theory,Financial Services,gd_bus_binary,classification,housing_net_additions,0.05104743980050596
theory,Financial Services,gd_bus_binary,classification,enterprise_birth_rate,0.14295953829039051
theory,Financial Services,gd_bus_binary,classification,enterprise_death_rate,0.06773334010301797
theory,Financial Services,gd_bus_binary,classification,n_universities_feecap_lad,0.04603413266048254
theory,Financial Services,gd_bus_binary,classification,size_micro_share,0.08638245313942831
theory,Life Sciences,lq_emp,regression,unemployment_rate,0.06808278274716414
theory,Life Sciences,lq_emp,regression,transport_to_employer,0.03308018662997932
theory,Life Sciences,lq_emp,regression,drive_to_employer,0.013989863121019665
theory,Life Sciences,lq_emp,regression,cycle_to_employer,0.013565613527254662
theory,Life Sciences,lq_emp,regression,broadband,0.11403588924460292
theory,Life Sciences,lq_emp,regression,gcse_age19,0.11919339248347645
theory,Life Sciences,lq_emp,regression,apprenticeship_achievements,0.020045474740447836
theory,Life Sciences,lq_emp,regression,nvq_level3,0.10322525706138308
theory,Life Sciences,lq_emp,regression,fe_participation,0.15109325723073008
theory,Life Sciences,lq_emp,regression,housing_net_additions,0.04288091268577921
theory,Life Sciences,lq_emp,regression,enterprise_birth_rate,0.08482157968085424
theory,Life Sciences,lq_emp,regression,enterprise_death_rate,0.02227626354484675
theory,Life Sciences,lq_emp,regression,n_universities_feecap_lad,0.016585086448667005
theory,Life Sciences,lq_emp,regression,size_micro_share,0.1971244408537947
theory,Life Sciences,lq_bus,regression,unemployment_rate,0.0078958021063743
theory,Life Sciences,lq_bus,regression,transport_to_employer,0.018285045676236913
theory,Life Sciences,lq_bus,regression,drive_to_employer,0.01667370760552107
theory,Life Sciences,lq_bus,regression,cycle_to_employer,0.014427725109488762
theory,Life Sciences,lq_bus,regression,broadband,0.01873980058598673
theory,Life Sciences,lq_bus,regression,gcse_age19,0.022448450491273753
theory,Life Sciences,lq_bus,regression,apprenticeship_achievements,0.017969098252440256
theory,Life Sciences,lq_bus,regression,nvq_level3,0.12553374477794196
theory,Life Sciences,lq_bus,regression,fe_participation,0.42862212181457937
theory,Life Sciences,lq_bus,regression,housing_net_additions,0.019462647925346657
theory,Life Sciences,lq_bus,regression,enterprise_birth_rate,0.009550798563491173
theory,Life Sciences,lq_bus,regression,enterprise_death_rate,0.017253610524116517
theory,Life Sciences,lq_bus,regression,n_universities_feecap_lad,0.005474357810332203
theory,Life Sciences,lq_bus,regression,size_micro_share,0.2776630887568704
theory,Life Sciences,gd_emp,regression,unemployment_rate,0.04323819143263228
theory,Life Sciences,gd_emp,regression,transport_to_employer,0.058565190310645804
theory,Life Sciences,gd_emp,regression,drive_to_employer,0.05246740051825956
theory,Life Sciences,gd_emp,regression,cycle_to_employer,0.12737669964392329
theory,Life Sciences,gd_emp,regression,broadband,0.046667654447389566
theory,Life Sciences,gd_emp,regression,gcse_age19,0.12547306306367223
theory,Life Sciences,gd_emp,regression,apprenticeship_achievements,0.06985023718242205
theory,Life Sciences,gd_emp,regression,nvq_level3,0.11171542735103084
theory,Life Sciences,gd_emp,regression,fe_participation,0.12366007433123898
theory,Life Sciences,gd_emp,regression,housing_net_additions,0.11898624047771321
theory,Life Sciences,gd_emp,regression,enterprise_birth_rate,0.047258879753819184
theory,Life Sciences,gd_emp,regression,enterprise_death_rate,0.04137747002786849
theory,Life Sciences,gd_emp,regression,n_universities_feecap_lad,0.0261713947315798
theory,Life Sciences,gd_emp,regression,size_micro_share,0.0071920767278048
theory,Life Sciences,gd_bus,regression,unemployment_rate,0.052427052743809904
theory,Life Sciences,gd_bus,regression,transport_to_employer,0.029114211090786688
theory,Life Sciences,gd_bus,regression,drive_to_employer,0.048004771115940176
theory,Life Sciences,gd_bus,regression,cycle_to_employer,0.02377286586816365
theory,Life Sciences,gd_bus,regression,broadband,0.06565492548346387
theory,Life Sciences,gd_bus,regression,gcse_age19,0.047403385758071
theory,Life Sciences,gd_bus,regression,apprenticeship_achievements,0.040634320269867144
theory,Life Sciences,gd_bus,regression,nvq_level3,0.25364578580583597
theory,Life Sciences,gd_bus,regression,fe_participation,0.09680515185082145
theory,Life Sciences,gd_bus,regression,housing_net_additions,0.0353529334729715
theory,Life Sciences,gd_bus,regression,enterprise_birth_rate,0.11171426361366642
theory,Life Sciences,gd_bus,regression,enterprise_death_rate,0.061005664364257015
theory,Life Sciences,gd_bus,regression,n_universities_feecap_lad,0.05122792168767826
theory,Life Sciences,gd_bus,regression,size_micro_share,0.08323674687466714
theory,Life Sciences,lq_emp_binary,classification,unemployment_rate,0.04533817599900856
theory,Life Sciences,lq_emp_binary,classification,transport_to_employer,0.04003861989847546
theory,Life Sciences,lq_emp_binary,classification,drive_to_employer,0.04572182286833092
theory,Life Sciences,lq_emp_binary,classification,cycle_to_employer,0.03620063214228631
theory,Life Sciences,lq_emp_binary,classification,broadband,0.06431065641683217
theory,Life Sciences,lq_emp_binary,classification,gcse_age19,0.0881733929462278
theory,Life Sciences,lq_emp_binary,classification,apprenticeship_achievements,0.07057557282717637
theory,Life Sciences,lq_emp_binary,classification,nvq_level3,0.058265702060781584
theory,Life Sciences,lq_emp_binary,classification,fe_participation,0.1301579510995298
theory,Life Sciences,lq_emp_binary,classification,housing_net_additions,0.04470435615102925
theory,Life Sciences,lq_emp_binary,classification,enterprise_birth_rate,0.07403179750981996
theory,Life Sciences,lq_emp_binary,classification,enterprise_death_rate,0.0651903945251431
theory,Life Sciences,lq_emp_binary,classification,n_universities_feecap_lad,0.020447675743784956
theory,Life Sciences,lq_emp_binary,classification,size_micro_share,0.21684324981157385
theory,Life Sciences,lq_bus_binary,classification,unemployment_rate,0.03877931800346253
theory,Life Sciences,lq_bus_binary,classification,transport_to_employer,0.0395217790844389
theory,Life Sciences,lq_bus_binary,classification,drive_to_employer,0.042749107619691654
theory,Life Sciences,lq_bus_binary,classification,cycle_to_employer,0.03464856573731106
theory,Life Sciences,lq_bus_binary,classification,broadband,0.033879439852267657
theory,Life Sciences,lq_bus_binary,classification,gcse_age19,0.057707542822259573
theory,Life Sciences,lq_bus_binary,classification,apprenticeship_achievements,0.05801352674734717
theory,Life Sciences,lq_bus_binary,classification,nvq_level3,0.12699924995791517
theory,Life Sciences,lq_bus_binary,classification,fe_participation,0.085064887461349
theory,Life Sciences,lq_bus_binary,classification,housing_net_additions,0.06022269151065527
theory,Life Sciences,lq_bus_binary,classification,enterprise_birth_rate,0.04646963775548028
theory,Life Sciences,lq_bus_binary,classification,enterprise_death_rate,0.05177860575235356
theory,Life Sciences,lq_bus_binary,classification,n_universities_feecap_lad,0.05297049556656433
theory,Life Sciences,lq_bus_binary,classification,size_micro_share,0.2711951521289038
theory,Life Sciences,gd_emp_binary,classification,unemployment_rate,0.04612346293601951
theory,Life Sciences,gd_emp_binary,classification,transport_to_employer,0.08676040038474722
theory,Life Sciences,gd_emp_binary,classification,drive_to_employer,0.06905986323868227
theory,Life Sciences,gd_emp_binary,classification,cycle_to_employer,0.07734407526482122
theory,Life Sciences,gd_emp_binary,classification,broadband,0.05404188374302231
theory,Life Sciences,gd_emp_binary,classification,gcse_age19,0.07061559181316092
theory,Life Sciences,gd_emp_binary,classification,apprenticeship_achievements,0.11078271824412153
theory,Life Sciences,gd_emp_binary,classification,nvq_level3,0.11150275980293824
theory,Life Sciences,gd_emp_binary,classification,fe_participation,0.10209344865542323
theory,Life Sciences,gd_emp_binary,classification,housing_net_additions,0.049190262322983125
theory,Life Sciences,gd_emp_binary,classification,enterprise_birth_rate,0.07491133961760119
theory,Life Sciences,gd_emp_binary,classification,enterprise_death_rate,0.06657120830643752
theory,Life Sciences,gd_emp_binary,classification,n_universities_feecap_lad,0.04901893603586776
theory,Life Sciences,gd_emp_binary,classification,size_micro_share,0.031984049634174117
theory,Life Sciences,gd_bus_binary,classification,unemployment_rate,0.04588674851928194
theory,Life Sciences,gd_bus_binary,classification,transport_to_employer,0.055406227958279694
theory,Life Sciences,gd_bus_binary,classification,drive_to_employer,0.08263176530177799
theory,Life Sciences,gd_bus_binary,classification,cycle_to_employer,0.05122711497863154
theory,Life Sciences,gd_bus_binary,classification,broadband,0.09940703038496287
theory,Life Sciences,gd_bus_binary,classification,gcse_age19,0.07724455982413277
theory,Life Sciences,gd_bus_binary,classification,apprenticeship_achievements,0.042057297931186184
theory,Life Sciences,gd_bus_binary,classification,nvq_level3,0.04907337408145941
theory,Life Sciences,gd_bus_binary,classification,fe_participation,0.055619597952430225
theory,Life Sciences,gd_bus_binary,classification,housing_net_additions,0.05529189889082949
theory,Life Sciences,gd_bus_binary,classification,enterprise_birth_rate,0.13268584174284107
theory,Life Sciences,gd_bus_binary,classification,enterprise_death_rate,0.07299394043790743
theory,Life Sciences,gd_bus_binary,classification,n_universities_feecap_lad,0.03449018389072492
theory,Life Sciences,gd_bus_binary,classification,size_micro_share,0.14598441810555443
theory,Professional and Business Services,lq_emp,regression,unemployment_rate,0.015188344303655626
theory,Professional and Business Services,lq_emp,regression,transport_to_employer,0.00923174108500498
theory,Professional and Business Services,lq_emp,regression,drive_to_employer,0.012936021628716505
theory,Professional and Business Services,lq_emp,regression,cycle_to_employer,0.021591992210878975
theory,Professional and Business Services,lq_emp,regression,broadband,0.04987027126741474
theory,Professional and Business Services,lq_emp,regression,gcse_age19,0.24774499342142808
theory,Professional and Business Services,lq_emp,regression,apprenticeship_achievements,0.06666324625138761
theory,Professional and Business Services,lq_emp,regression,nvq_level3,0.0556354469727308
theory,Professional and Business Services,lq_emp,regression,fe_participation,0.07334064604351666
theory,Professional and Business Services,lq_emp,regression,housing_net_additions,0.01666811642198822
theory,Professional and Business Services,lq_emp,regression,enterprise_birth_rate,0.007194117638643274
theory,Professional and Business Services,lq_emp,regression,enterprise_death_rate,0.04343541107862814
theory,Professional and Business Services,lq_emp,regression,n_universities_feecap_lad,0.24895968131522533
theory,Professional and Business Services,lq_emp,regression,size_micro_share,0.13153997036078122
theory,Professional and Business Services,lq_bus,regression,unemployment_rate,0.0037518707365075165
theory,Professional and Business Services,lq_bus,regression,transport_to_employer,0.02762339091981517
theory,Professional and Business Services,lq_bus,regression,drive_to_employer,0.017819934791700843
theory,Professional and Business Services,lq_bus,regression,cycle_to_employer,0.04418313740651003
theory,Professional and Business Services,lq_bus,regression,broadband,0.010030503683825154
theory,Professional and Business Services,lq_bus,regression,gcse_age19,0.14260159332661898
theory,Professional and Business Services,lq_bus,regression,apprenticeship_achievements,0.1466862486148742
theory,Professional and Business Services,lq_bus,regression,nvq_level3,0.5142206942186501
theory,Professional and Business Services,lq_bus,regression,fe_participation,0.024620221594452308
theory,Professional and Business Services,lq_bus,regression,housing_net_additions,0.012084958000934806
theory,Professional and Business Services,lq_bus,regression,enterprise_birth_rate,0.019944156121074967
theory,Professional and Business Services,lq_bus,regression,enterprise_death_rate,0.007170330143349813
theory,Professional and Business Services,lq_bus,regression,n_universities_feecap_lad,0.023704387425218014
theory,Professional and Business Services,lq_bus,regression,size_micro_share,0.005558573016468322
theory,Professional and Business Services,gd_emp,regression,unemployment_rate,0.025145739058552413
theory,Professional and Business Services,gd_emp,regression,transport_to_employer,0.05436007324214044
theory,Professional and Business Services,gd_emp,regression,drive_to_employer,0.03750957360452015
theory,Professional and Business Services,gd_emp,regression,cycle_to_employer,0.0425701591425161
theory,Professional and Business Services,gd_emp,regression,broadband,0.07403709772783672
theory,Professional and Business Services,gd_emp,regression,gcse_age19,0.10318445134802648
theory,Professional and Business Services,gd_emp,regression,apprenticeship_achievements,0.06936403753259689
theory,Professional and Business Services,gd_emp,regression,nvq_level3,0.11363452410592673
theory,Professional and Business Services,gd_emp,regression,fe_participation,0.11902095011309607
theory,Professional and Business Services,gd_emp,regression,housing_net_additions,0.030177672930228605
theory,Professional and Business Services,gd_emp,regression,enterprise_birth_rate,0.046615075888823666
theory,Professional and Business Services,gd_emp,regression,enterprise_death_rate,0.14059305397546723
theory,Professional and Business Services,gd_emp,regression,n_universities_feecap_lad,0.07233320525861324
theory,Professional and Business Services,gd_emp,regression,size_micro_share,0.07145438607165523
theory,Professional and Business Services,gd_bus,regression,unemployment_rate,0.0290297296949195
theory,Professional and Business Services,gd_bus,regression,transport_to_employer,0.01737153973589924
theory,Professional and Business Services,gd_bus,regression,drive_to_employer,0.10282355290309467
theory,Professional and Business Services,gd_bus,regression,cycle_to_employer,0.10100968016622308
theory,Professional and Business Services,gd_bus,regression,broadband,0.05179437082156728
theory,Professional and Business Services,gd_bus,regression,gcse_age19,0.13242422388877859
theory,Professional and Business Services,gd_bus,regression,apprenticeship_achievements,0.04875682033920548
theory,Professional and Business Services,gd_bus,regression,nvq_level3,0.06898212583746911
theory,Professional and Business Services,gd_bus,regression,fe_participation,0.06938148636080181
theory,Professional and Business Services,gd_bus,regression,housing_net_additions,0.015408947043609391
theory,Professional and Business Services,gd_bus,regression,enterprise_birth_rate,0.09235022697877344
theory,Professional and Business Services,gd_bus,regression,enterprise_death_rate,0.16369885789915636
theory,Professional and Business Services,gd_bus,regression,n_universities_feecap_lad,0.02555058618224094
theory,Professional and Business Services,gd_bus,regression,size_micro_share,0.08141785214826096
theory,Professional and Business Services,lq_emp_binary,classification,unemployment_rate,0.01861154796550132
theory,Professional and Business Services,lq_emp_binary,classification,transport_to_employer,0.07362055187082087
theory,Professional and Business Services,lq_emp_binary,classification,drive_to_employer,0.04645151069579315
theory,Professional and Business Services,lq_emp_binary,classification,cycle_to_employer,0.07897209419018614
theory,Professional and Business Services,lq_emp_binary,classification,broadband,0.030449009770211637
theory,Professional and Business Services,lq_emp_binary,classification,gcse_age19,0.1545357988408995
theory,Professional and Business Services,lq_emp_binary,classification,apprenticeship_achievements,0.09607281298930066
theory,Professional and Business Services,lq_emp_binary,classification,nvq_level3,0.14559807687915996
theory,Professional and Business Services,lq_emp_binary,classification,fe_participation,0.11799000675487796
theory,Professional and Business Services,lq_emp_binary,classification,housing_net_additions,0.012094309337014188
theory,Professional and Business Services,lq_emp_binary,classification,enterprise_birth_rate,0.042372827662141184
theory,Professional and Business Services,lq_emp_binary,classification,enterprise_death_rate,0.059408442822975055
theory,Professional and Business Services,lq_emp_binary,classification,n_universities_feecap_lad,0.08631351142601387
theory,Professional and Business Services,lq_emp_binary,classification,size_micro_share,0.037509498795104665
theory,Professional and Business Services,lq_bus_binary,classification,unemployment_rate,0.026103702406960316
theory,Professional and Business Services,lq_bus_binary,classification,transport_to_employer,0.04107702184755199
theory,Professional and Business Services,lq_bus_binary,classification,drive_to_employer,0.04917907073774805
theory,Professional and Business Services,lq_bus_binary,classification,cycle_to_employer,0.04269619046584971
theory,Professional and Business Services,lq_bus_binary,classification,broadband,0.014418412040827644
theory,Professional and Business Services,lq_bus_binary,classification,gcse_age19,0.1949182505327292
theory,Professional and Business Services,lq_bus_binary,classification,apprenticeship_achievements,0.16570511540436234
theory,Professional and Business Services,lq_bus_binary,classification,nvq_level3,0.25488053580965825
theory,Professional and Business Services,lq_bus_binary,classification,fe_participation,0.10650024152986987
theory,Professional and Business Services,lq_bus_binary,classification,housing_net_additions,0.01059442409457738
theory,Professional and Business Services,lq_bus_binary,classification,enterprise_birth_rate,0.025147369152452352
theory,Professional and Business Services,lq_bus_binary,classification,enterprise_death_rate,0.023284369869852776
theory,Professional and Business Services,lq_bus_binary,classification,n_universities_feecap_lad,0.020619465910050136
theory,Professional and Business Services,lq_bus_binary,classification,size_micro_share,0.02487583019750974
theory,Professional and Business Services,gd_emp_binary,classification,unemployment_rate,0.047073909705977815
theory,Professional and Business Services,gd_emp_binary,classification,transport_to_employer,0.08234107411698106
theory,Professional and Business Services,gd_emp_binary,classification,drive_to_employer,0.07778239984042193
theory,Professional and Business Services,gd_emp_binary,classification,cycle_to_employer,0.08123518878051283
theory,Professional and Business Services,gd_emp_binary,classification,broadband,0.06496432835559092
theory,Professional and Business Services,gd_emp_binary,classification,gcse_age19,0.05832605826800546
theory,Professional and Business Services,gd_emp_binary,classification,apprenticeship_achievements,0.07295572738261862
theory,Professional and Business Services,gd_emp_binary,classification,nvq_level3,0.08510181227096099
theory,Professional and Business Services,gd_emp_binary,classification,fe_participation,0.05036742554775846
theory,Professional and Business Services,gd_emp_binary,classification,housing_net_additions,0.05504930497814988
theory,Professional and Business Services,gd_emp_binary,classification,enterprise_birth_rate,0.0606529454034823
theory,Professional and Business Services,gd_emp_binary,classification,enterprise_death_rate,0.07051216870646694
theory,Professional and Business Services,gd_emp_binary,classification,n_universities_feecap_lad,0.08583408970624401
theory,Professional and Business Services,gd_emp_binary,classification,size_micro_share,0.10780356693682894
theory,Professional and Business Services,gd_bus_binary,classification,unemployment_rate,0.039590281907525796
theory,Professional and Business Services,gd_bus_binary,classification,transport_to_employer,0.08717661908275068
theory,Professional and Business Services,gd_bus_binary,classification,drive_to_employer,0.07199232824534267
theory,Professional and Business Services,gd_bus_binary,classification,cycle_to_employer,0.05524510887563365
theory,Professional and Business Services,gd_bus_binary,classification,broadband,0.05407402914177287
theory,Professional and Business Services,gd_bus_binary,classification,gcse_age19,0.1058005572925498
theory,Professional and Business Services,gd_bus_binary,classification,apprenticeship_achievements,0.061016242669415785
theory,Professional and Business Services,gd_bus_binary,classification,nvq_level3,0.08041204983826902
theory,Professional and Business Services,gd_bus_binary,classification,fe_participation,0.06834162499641155
theory,Professional and Business Services,gd_bus_binary,classification,housing_net_additions,0.02931010310399608
theory,Professional and Business Services,gd_bus_binary,classification,enterprise_birth_rate,0.07534905113916955
theory,Professional and Business Services,gd_bus_binary,classification,enterprise_death_rate,0.09367917820536999
theory,Professional and Business Services,gd_bus_binary,classification,n_universities_feecap_lad,0.031132207857631492
theory,Professional and Business Services,gd_bus_binary,classification,size_micro_share,0.14688061764416094
