group,sector,dep_var,model_type,feature,importance
full,Advanced Manufacturing,lq_emp,regression,new_enterprises,0.011271820903765098
full,Advanced Manufacturing,lq_emp,regression,deaths_of_enterprises,0.004556169077302158
full,Advanced Manufacturing,lq_emp,regression,active_enterprises,0.022956760099194097
full,Advanced Manufacturing,lq_emp,regression,high_growth_enterprises,0.0009722615876912128
full,Advanced Manufacturing,lq_emp,regression,broadband_availability,0.007759881349973793
full,Advanced Manufacturing,lq_emp,regression,4g_area_coverage,0.0037478329093712805
full,Advanced Manufacturing,lq_emp,regression,gcse_by_age_19,0.012006326705627412
full,Advanced Manufacturing,lq_emp,regression,early_years_comms,0.018344634481283706
full,Advanced Manufacturing,lq_emp,regression,early_years_literacy,0.04096050259582606
full,Advanced Manufacturing,lq_emp,regression,early_years_maths,0.009055300504629347
full,Advanced Manufacturing,lq_emp,regression,apprenticeship_starts,0.06808984738717781
full,Advanced Manufacturing,lq_emp,regression,apprenticeship_achievements,0.09152523010329933
full,Advanced Manufacturing,lq_emp,regression,level_3+_qualifications,0.00827221948217717
full,Advanced Manufacturing,lq_emp,regression,fe_and_skills_participation,0.0037356085238457837
full,Advanced Manufacturing,lq_emp,regression,smokers,0.025210055898150178
full,Advanced Manufacturing,lq_emp,regression,reception_obesity,0.0005327731102693228
full,Advanced Manufacturing,lq_emp,regression,year_6_obesity,0.0062501690934665035
full,Advanced Manufacturing,lq_emp,regression,adult_obesity,0.014677810285891674
full,Advanced Manufacturing,lq_emp,regression,cancer_diagnosis,0.0031222955764128486
full,Advanced Manufacturing,lq_emp,regression,under_75_mortality_rate,0.005154340155173568
full,Advanced Manufacturing,lq_emp,regression,life_satisfaction,0.012541566923586123
full,Advanced Manufacturing,lq_emp,regression,worthwhile,0.0017047146972138426
full,Advanced Manufacturing,lq_emp,regression,happiness,0.007670903197179676
full,Advanced Manufacturing,lq_emp,regression,anxiety,0.016016963822447824
full,Advanced Manufacturing,lq_emp,regression,net_additions,0.07272891674943664
full,Advanced Manufacturing,lq_emp,regression,related_variety,0.023423800015264742
full,Advanced Manufacturing,lq_emp,regression,size_large_share,0.38087353498574344
full,Advanced Manufacturing,lq_emp,regression,size_micro_share,0.10678537514613419
full,Advanced Manufacturing,lq_emp,regression,public_transport_to_employer,0.006771173795882019
full,Advanced Manufacturing,lq_emp,regression,drive_to_employer,0.006404091352245488
full,Advanced Manufacturing,lq_emp,regression,cycle_to_employer,0.006877119484337726
full,Advanced Manufacturing,lq_bus,regression,new_enterprises,0.017063539640165347
full,Advanced Manufacturing,lq_bus,regression,deaths_of_enterprises,0.008233903920651563
full,Advanced Manufacturing,lq_bus,regression,active_enterprises,0.008005767148230836
full,Advanced Manufacturing,lq_bus,regression,high_growth_enterprises,0.0027829756018376965
full,Advanced Manufacturing,lq_bus,regression,broadband_availability,0.0039675679479025845
full,Advanced Manufacturing,lq_bus,regression,4g_area_coverage,0.002889293004904548
full,Advanced Manufacturing,lq_bus,regression,gcse_by_age_19,0.002544995207291055
full,Advanced Manufacturing,lq_bus,regression,early_years_comms,0.008282806789756798
full,Advanced Manufacturing,lq_bus,regression,early_years_literacy,0.0033753327461569843
full,Advanced Manufacturing,lq_bus,regression,early_years_maths,0.002844405661273175
full,Advanced Manufacturing,lq_bus,regression,apprenticeship_starts,0.13484306834245655
full,Advanced Manufacturing,lq_bus,regression,apprenticeship_achievements,0.09566621238511928
full,Advanced Manufacturing,lq_bus,regression,level_3+_qualifications,0.053563672689804075
full,Advanced Manufacturing,lq_bus,regression,fe_and_skills_participation,0.009568140537466489
full,Advanced Manufacturing,lq_bus,regression,smokers,0.002515457456639156
full,Advanced Manufacturing,lq_bus,regression,reception_obesity,0.004094659776323996
full,Advanced Manufacturing,lq_bus,regression,year_6_obesity,0.0025018230350176878
full,Advanced Manufacturing,lq_bus,regression,adult_obesity,0.004811994888495209
full,Advanced Manufacturing,lq_bus,regression,cancer_diagnosis,0.010561621113543971
full,Advanced Manufacturing,lq_bus,regression,under_75_mortality_rate,0.0036096325213788322
full,Advanced Manufacturing,lq_bus,regression,life_satisfaction,0.0014150024560361347
full,Advanced Manufacturing,lq_bus,regression,worthwhile,0.0037284076423387902
full,Advanced Manufacturing,lq_bus,regression,happiness,0.006800618298380442
full,Advanced Manufacturing,lq_bus,regression,anxiety,0.010533494549309252
full,Advanced Manufacturing,lq_bus,regression,net_additions,0.03142503224252709
full,Advanced Manufacturing,lq_bus,regression,related_variety,0.11019675921276376
full,Advanced Manufacturing,lq_bus,regression,size_large_share,0.0
full,Advanced Manufacturing,lq_bus,regression,size_micro_share,0.4249878456514798
full,Advanced Manufacturing,lq_bus,regression,public_transport_to_employer,0.008721791856057391
full,Advanced Manufacturing,lq_bus,regression,drive_to_employer,0.001386833349265982
full,Advanced Manufacturing,lq_bus,regression,cycle_to_employer,0.01907734432742566
full,Advanced Manufacturing,cagr_emp,regression,new_enterprises,0.037250208556154726
full,Advanced Manufacturing,cagr_emp,regression,deaths_of_enterprises,0.007054898903263642
full,Advanced Manufacturing,cagr_emp,regression,active_enterprises,0.008085198938473252
full,Advanced Manufacturing,cagr_emp,regression,high_growth_enterprises,0.015220200128955343
full,Advanced Manufacturing,cagr_emp,regression,broadband_availability,0.04669416228030877
full,Advanced Manufacturing,cagr_emp,regression,4g_area_coverage,0.02063117166233065
full,Advanced Manufacturing,cagr_emp,regression,gcse_by_age_19,0.03356931977267891
full,Advanced Manufacturing,cagr_emp,regression,early_years_comms,0.04036867266792191
full,Advanced Manufacturing,cagr_emp,regression,early_years_literacy,0.039891848034705094
full,Advanced Manufacturing,cagr_emp,regression,early_years_maths,0.0030471345798288012
full,Advanced Manufacturing,cagr_emp,regression,apprenticeship_starts,0.2171286515111242
full,Advanced Manufacturing,cagr_emp,regression,apprenticeship_achievements,0.06559139617886489
full,Advanced Manufacturing,cagr_emp,regression,level_3+_qualifications,0.02828722747720027
full,Advanced Manufacturing,cagr_emp,regression,fe_and_skills_participation,0.030317964920183047
full,Advanced Manufacturing,cagr_emp,regression,smokers,0.017957355031669054
full,Advanced Manufacturing,cagr_emp,regression,reception_obesity,0.02352966158428953
full,Advanced Manufacturing,cagr_emp,regression,year_6_obesity,0.025770570376558007
full,Advanced Manufacturing,cagr_emp,regression,adult_obesity,0.007826013134615319
full,Advanced Manufacturing,cagr_emp,regression,cancer_diagnosis,0.014584337650252419
full,Advanced Manufacturing,cagr_emp,regression,under_75_mortality_rate,0.012565829823213947
full,Advanced Manufacturing,cagr_emp,regression,life_satisfaction,0.010224832237966363
full,Advanced Manufacturing,cagr_emp,regression,worthwhile,0.009852657814835025
full,Advanced Manufacturing,cagr_emp,regression,happiness,0.040785253605676114
full,Advanced Manufacturing,cagr_emp,regression,anxiety,0.009185179911874338
full,Advanced Manufacturing,cagr_emp,regression,net_additions,0.07809674849267471
full,Advanced Manufacturing,cagr_emp,regression,related_variety,0.014407494392360538
full,Advanced Manufacturing,cagr_emp,regression,size_large_share,0.0
full,Advanced Manufacturing,cagr_emp,regression,size_micro_share,0.007498908454852729
full,Advanced Manufacturing,cagr_emp,regression,public_transport_to_employer,0.06540520844531078
full,Advanced Manufacturing,cagr_emp,regression,drive_to_employer,0.033955860277958695
full,Advanced Manufacturing,cagr_emp,regression,cycle_to_employer,0.03521603315389893
full,Advanced Manufacturing,cagr_bus,regression,new_enterprises,0.02821234048730667
full,Advanced Manufacturing,cagr_bus,regression,deaths_of_enterprises,0.0429486292198745
full,Advanced Manufacturing,cagr_bus,regression,active_enterprises,0.032244846740359684
full,Advanced Manufacturing,cagr_bus,regression,high_growth_enterprises,0.020834023043285108
full,Advanced Manufacturing,cagr_bus,regression,broadband_availability,0.021053352698660516
full,Advanced Manufacturing,cagr_bus,regression,4g_area_coverage,0.007155241417516078
full,Advanced Manufacturing,cagr_bus,regression,gcse_by_age_19,0.02485211745364449
full,Advanced Manufacturing,cagr_bus,regression,early_years_comms,0.02118957532033603
full,Advanced Manufacturing,cagr_bus,regression,early_years_literacy,0.0060941580881506315
full,Advanced Manufacturing,cagr_bus,regression,early_years_maths,0.004910676981123964
full,Advanced Manufacturing,cagr_bus,regression,apprenticeship_starts,0.016919403487581326
full,Advanced Manufacturing,cagr_bus,regression,apprenticeship_achievements,0.0064641799152833825
full,Advanced Manufacturing,cagr_bus,regression,level_3+_qualifications,0.020849218518403278
full,Advanced Manufacturing,cagr_bus,regression,fe_and_skills_participation,0.017182239857126434
full,Advanced Manufacturing,cagr_bus,regression,smokers,0.012598641851251447
full,Advanced Manufacturing,cagr_bus,regression,reception_obesity,0.007136518215921429
full,Advanced Manufacturing,cagr_bus,regression,year_6_obesity,0.012028482540813876
full,Advanced Manufacturing,cagr_bus,regression,adult_obesity,0.007057603514996238
full,Advanced Manufacturing,cagr_bus,regression,cancer_diagnosis,0.007609223893488383
full,Advanced Manufacturing,cagr_bus,regression,under_75_mortality_rate,0.0031604459049235593
full,Advanced Manufacturing,cagr_bus,regression,life_satisfaction,0.003859627566048809
full,Advanced Manufacturing,cagr_bus,regression,worthwhile,0.008874692352648992
full,Advanced Manufacturing,cagr_bus,regression,happiness,0.07466775455831764
full,Advanced Manufacturing,cagr_bus,regression,anxiety,0.019196969118432307
full,Advanced Manufacturing,cagr_bus,regression,net_additions,0.005623702831500062
full,Advanced Manufacturing,cagr_bus,regression,related_variety,0.3530519375801358
full,Advanced Manufacturing,cagr_bus,regression,size_large_share,0.0
full,Advanced Manufacturing,cagr_bus,regression,size_micro_share,0.014328957394275305
full,Advanced Manufacturing,cagr_bus,regression,public_transport_to_employer,0.07748072707353709
full,Advanced Manufacturing,cagr_bus,regression,drive_to_employer,0.009927127310801176
full,Advanced Manufacturing,cagr_bus,regression,cycle_to_employer,0.11248758506425571
full,Advanced Manufacturing,lq_emp_binary,classification,new_enterprises,0.039633221822600935
full,Advanced Manufacturing,lq_emp_binary,classification,deaths_of_enterprises,0.026243270718378585
full,Advanced Manufacturing,lq_emp_binary,classification,active_enterprises,0.03170710927946562
full,Advanced Manufacturing,lq_emp_binary,classification,high_growth_enterprises,0.014669104903807774
full,Advanced Manufacturing,lq_emp_binary,classification,broadband_availability,0.0190427439913176
full,Advanced Manufacturing,lq_emp_binary,classification,4g_area_coverage,0.018174908093338892
full,Advanced Manufacturing,lq_emp_binary,classification,gcse_by_age_19,0.0261383698843682
full,Advanced Manufacturing,lq_emp_binary,classification,early_years_comms,0.02405165981599436
full,Advanced Manufacturing,lq_emp_binary,classification,early_years_literacy,0.009551338338882241
full,Advanced Manufacturing,lq_emp_binary,classification,early_years_maths,0.007779815583854313
full,Advanced Manufacturing,lq_emp_binary,classification,apprenticeship_starts,0.11231963081995472
full,Advanced Manufacturing,lq_emp_binary,classification,apprenticeship_achievements,0.089260858507704
full,Advanced Manufacturing,lq_emp_binary,classification,level_3+_qualifications,0.03986823664432189
full,Advanced Manufacturing,lq_emp_binary,classification,fe_and_skills_participation,0.0369984298678043
full,Advanced Manufacturing,lq_emp_binary,classification,smokers,0.03069647887589936
full,Advanced Manufacturing,lq_emp_binary,classification,reception_obesity,0.016500053922343834
full,Advanced Manufacturing,lq_emp_binary,classification,year_6_obesity,0.035634134412916366
full,Advanced Manufacturing,lq_emp_binary,classification,adult_obesity,0.026304104403028165
full,Advanced Manufacturing,lq_emp_binary,classification,cancer_diagnosis,0.02090602785487247
full,Advanced Manufacturing,lq_emp_binary,classification,under_75_mortality_rate,0.014696280394188067
full,Advanced Manufacturing,lq_emp_binary,classification,life_satisfaction,0.00937538785023453
full,Advanced Manufacturing,lq_emp_binary,classification,worthwhile,0.009630881255825617
full,Advanced Manufacturing,lq_emp_binary,classification,happiness,0.011218639620783857
full,Advanced Manufacturing,lq_emp_binary,classification,anxiety,0.010817598781030072
full,Advanced Manufacturing,lq_emp_binary,classification,net_additions,0.007396077544155255
full,Advanced Manufacturing,lq_emp_binary,classification,related_variety,0.03922921207535036
full,Advanced Manufacturing,lq_emp_binary,classification,size_large_share,0.02386390441162667
full,Advanced Manufacturing,lq_emp_binary,classification,size_micro_share,0.1531596946783829
full,Advanced Manufacturing,lq_emp_binary,classification,public_transport_to_employer,0.025151190359260903
full,Advanced Manufacturing,lq_emp_binary,classification,drive_to_employer,0.02655579975666218
full,Advanced Manufacturing,lq_emp_binary,classification,cycle_to_employer,0.04342583553164602
full,Advanced Manufacturing,lq_bus_binary,classification,new_enterprises,0.014930970355491988
full,Advanced Manufacturing,lq_bus_binary,classification,deaths_of_enterprises,0.014963271936152722
full,Advanced Manufacturing,lq_bus_binary,classification,active_enterprises,0.010747659274042762
full,Advanced Manufacturing,lq_bus_binary,classification,high_growth_enterprises,0.01350094170704973
full,Advanced Manufacturing,lq_bus_binary,classification,broadband_availability,0.008708002057215338
full,Advanced Manufacturing,lq_bus_binary,classification,4g_area_coverage,0.025634650300239543
full,Advanced Manufacturing,lq_bus_binary,classification,gcse_by_age_19,0.02672216147677872
full,Advanced Manufacturing,lq_bus_binary,classification,early_years_comms,0.013811894153961996
full,Advanced Manufacturing,lq_bus_binary,classification,early_years_literacy,0.011250358287543697
full,Advanced Manufacturing,lq_bus_binary,classification,early_years_maths,0.012185405168782677
full,Advanced Manufacturing,lq_bus_binary,classification,apprenticeship_starts,0.10286104865286619
full,Advanced Manufacturing,lq_bus_binary,classification,apprenticeship_achievements,0.09886146264222367
full,Advanced Manufacturing,lq_bus_binary,classification,level_3+_qualifications,0.06181955249744081
full,Advanced Manufacturing,lq_bus_binary,classification,fe_and_skills_participation,0.015844983683912243
full,Advanced Manufacturing,lq_bus_binary,classification,smokers,0.015708998442981962
full,Advanced Manufacturing,lq_bus_binary,classification,reception_obesity,0.006069724409058444
full,Advanced Manufacturing,lq_bus_binary,classification,year_6_obesity,0.01823864743426583
full,Advanced Manufacturing,lq_bus_binary,classification,adult_obesity,0.027139627303630554
full,Advanced Manufacturing,lq_bus_binary,classification,cancer_diagnosis,0.014039921193312195
full,Advanced Manufacturing,lq_bus_binary,classification,under_75_mortality_rate,0.025613176536823865
full,Advanced Manufacturing,lq_bus_binary,classification,life_satisfaction,0.010313148764264314
full,Advanced Manufacturing,lq_bus_binary,classification,worthwhile,0.007441531704795647
full,Advanced Manufacturing,lq_bus_binary,classification,happiness,0.015441648350458559
full,Advanced Manufacturing,lq_bus_binary,classification,anxiety,0.007623396416405886
full,Advanced Manufacturing,lq_bus_binary,classification,net_additions,0.004736374887203168
full,Advanced Manufacturing,lq_bus_binary,classification,related_variety,0.09350619274590455
full,Advanced Manufacturing,lq_bus_binary,classification,size_large_share,0.0
full,Advanced Manufacturing,lq_bus_binary,classification,size_micro_share,0.19083912571912925
full,Advanced Manufacturing,lq_bus_binary,classification,public_transport_to_employer,0.041368502685379595
full,Advanced Manufacturing,lq_bus_binary,classification,drive_to_employer,0.038395489313264745
full,Advanced Manufacturing,lq_bus_binary,classification,cycle_to_employer,0.05168213189941934
full,Advanced Manufacturing,cagr_emp_binary,classification,new_enterprises,0.044837286632526036
full,Advanced Manufacturing,cagr_emp_binary,classification,deaths_of_enterprises,0.04333456169377872
full,Advanced Manufacturing,cagr_emp_binary,classification,active_enterprises,0.030261160398713235
full,Advanced Manufacturing,cagr_emp_binary,classification,high_growth_enterprises,0.03976764902208098
full,Advanced Manufacturing,cagr_emp_binary,classification,broadband_availability,0.05500808691965713
full,Advanced Manufacturing,cagr_emp_binary,classification,4g_area_coverage,0.020273244636135775
full,Advanced Manufacturing,cagr_emp_binary,classification,gcse_by_age_19,0.04373715987313032
full,Advanced Manufacturing,cagr_emp_binary,classification,early_years_comms,0.016014037858459052
full,Advanced Manufacturing,cagr_emp_binary,classification,early_years_literacy,0.0296356741024146
full,Advanced Manufacturing,cagr_emp_binary,classification,early_years_maths,0.02236522177548459
full,Advanced Manufacturing,cagr_emp_binary,classification,apprenticeship_starts,0.03898142426153895
full,Advanced Manufacturing,cagr_emp_binary,classification,apprenticeship_achievements,0.040268046299304874
full,Advanced Manufacturing,cagr_emp_binary,classification,level_3+_qualifications,0.033424513901692016
full,Advanced Manufacturing,cagr_emp_binary,classification,fe_and_skills_participation,0.02005631110119004
full,Advanced Manufacturing,cagr_emp_binary,classification,smokers,0.050892026492215754
full,Advanced Manufacturing,cagr_emp_binary,classification,reception_obesity,0.03216346918899779
full,Advanced Manufacturing,cagr_emp_binary,classification,year_6_obesity,0.054081381271309625
full,Advanced Manufacturing,cagr_emp_binary,classification,adult_obesity,0.01855051228248502
full,Advanced Manufacturing,cagr_emp_binary,classification,cancer_diagnosis,0.04568573720068497
full,Advanced Manufacturing,cagr_emp_binary,classification,under_75_mortality_rate,0.04005448303240204
full,Advanced Manufacturing,cagr_emp_binary,classification,life_satisfaction,0.024101902084080192
full,Advanced Manufacturing,cagr_emp_binary,classification,worthwhile,0.019088037204589025
full,Advanced Manufacturing,cagr_emp_binary,classification,happiness,0.01691394355523338
full,Advanced Manufacturing,cagr_emp_binary,classification,anxiety,0.021055061333259375
full,Advanced Manufacturing,cagr_emp_binary,classification,net_additions,0.014752509040893766
full,Advanced Manufacturing,cagr_emp_binary,classification,related_variety,0.02418937517096488
full,Advanced Manufacturing,cagr_emp_binary,classification,size_large_share,0.0013339665061896158
full,Advanced Manufacturing,cagr_emp_binary,classification,size_micro_share,0.040441528008723415
full,Advanced Manufacturing,cagr_emp_binary,classification,public_transport_to_employer,0.039201994416051364
full,Advanced Manufacturing,cagr_emp_binary,classification,drive_to_employer,0.04011931198001962
full,Advanced Manufacturing,cagr_emp_binary,classification,cycle_to_employer,0.039410382755793866
full,Advanced Manufacturing,cagr_bus_binary,classification,new_enterprises,0.010271222551497953
full,Advanced Manufacturing,cagr_bus_binary,classification,deaths_of_enterprises,0.028256343603012414
full,Advanced Manufacturing,cagr_bus_binary,classification,active_enterprises,0.020693495611560163
full,Advanced Manufacturing,cagr_bus_binary,classification,high_growth_enterprises,0.01847931820542953
full,Advanced Manufacturing,cagr_bus_binary,classification,broadband_availability,0.021378948706626225
full,Advanced Manufacturing,cagr_bus_binary,classification,4g_area_coverage,0.014683777772195927
full,Advanced Manufacturing,cagr_bus_binary,classification,gcse_by_age_19,0.03945075149161549
full,Advanced Manufacturing,cagr_bus_binary,classification,early_years_comms,0.02222024798848644
full,Advanced Manufacturing,cagr_bus_binary,classification,early_years_literacy,0.02365860598318478
full,Advanced Manufacturing,cagr_bus_binary,classification,early_years_maths,0.03605282417728393
full,Advanced Manufacturing,cagr_bus_binary,classification,apprenticeship_starts,0.015493817120044029
full,Advanced Manufacturing,cagr_bus_binary,classification,apprenticeship_achievements,0.02087633391417131
full,Advanced Manufacturing,cagr_bus_binary,classification,level_3+_qualifications,0.029399757241834825
full,Advanced Manufacturing,cagr_bus_binary,classification,fe_and_skills_participation,0.04476627478362345
full,Advanced Manufacturing,cagr_bus_binary,classification,smokers,0.031219017047755142
full,Advanced Manufacturing,cagr_bus_binary,classification,reception_obesity,0.04876378742314861
full,Advanced Manufacturing,cagr_bus_binary,classification,year_6_obesity,0.06765673995134094
full,Advanced Manufacturing,cagr_bus_binary,classification,adult_obesity,0.026372386208593404
full,Advanced Manufacturing,cagr_bus_binary,classification,cancer_diagnosis,0.04569586749658876
full,Advanced Manufacturing,cagr_bus_binary,classification,under_75_mortality_rate,0.046259313656333706
full,Advanced Manufacturing,cagr_bus_binary,classification,life_satisfaction,0.03385088046989297
full,Advanced Manufacturing,cagr_bus_binary,classification,worthwhile,0.036164918802948004
full,Advanced Manufacturing,cagr_bus_binary,classification,happiness,0.07194692023311783
full,Advanced Manufacturing,cagr_bus_binary,classification,anxiety,0.032363598385263787
full,Advanced Manufacturing,cagr_bus_binary,classification,net_additions,0.019711443048250513
full,Advanced Manufacturing,cagr_bus_binary,classification,related_variety,0.09649757684581468
full,Advanced Manufacturing,cagr_bus_binary,classification,size_large_share,0.001625418744087287
full,Advanced Manufacturing,cagr_bus_binary,classification,size_micro_share,0.013314484036026628
full,Advanced Manufacturing,cagr_bus_binary,classification,public_transport_to_employer,0.014267995167848
full,Advanced Manufacturing,cagr_bus_binary,classification,drive_to_employer,0.034892189565498666
full,Advanced Manufacturing,cagr_bus_binary,classification,cycle_to_employer,0.033715743766924655
full,Creative Industries,lq_emp,regression,new_enterprises,0.000345003168906914
full,Creative Industries,lq_emp,regression,deaths_of_enterprises,0.0009872145894826304
full,Creative Industries,lq_emp,regression,active_enterprises,0.0017576314049984262
full,Creative Industries,lq_emp,regression,high_growth_enterprises,0.0050642315444278515
full,Creative Industries,lq_emp,regression,broadband_availability,0.002684726068524433
full,Creative Industries,lq_emp,regression,4g_area_coverage,0.0004423067753228439
full,Creative Industries,lq_emp,regression,gcse_by_age_19,0.01600890431456429
full,Creative Industries,lq_emp,regression,early_years_comms,0.0037896902728776867
full,Creative Industries,lq_emp,regression,early_years_literacy,0.0046103413268070706
full,Creative Industries,lq_emp,regression,early_years_maths,0.010074572973103284
full,Creative Industries,lq_emp,regression,apprenticeship_starts,0.10772478660009165
full,Creative Industries,lq_emp,regression,apprenticeship_achievements,0.05015624633355295
full,Creative Industries,lq_emp,regression,level_3+_qualifications,0.049091506867326516
full,Creative Industries,lq_emp,regression,fe_and_skills_participation,0.001558707428949236
full,Creative Industries,lq_emp,regression,smokers,0.001181684205073896
full,Creative Industries,lq_emp,regression,reception_obesity,0.006984450973074028
full,Creative Industries,lq_emp,regression,year_6_obesity,0.00495828606329944
full,Creative Industries,lq_emp,regression,adult_obesity,0.06629455263258086
full,Creative Industries,lq_emp,regression,cancer_diagnosis,0.004513046791108691
full,Creative Industries,lq_emp,regression,under_75_mortality_rate,0.0020229209907398696
full,Creative Industries,lq_emp,regression,life_satisfaction,4.082689993544603e-05
full,Creative Industries,lq_emp,regression,worthwhile,0.0014837150643506939
full,Creative Industries,lq_emp,regression,happiness,0.0006678827370534911
full,Creative Industries,lq_emp,regression,anxiety,0.002009872869849425
full,Creative Industries,lq_emp,regression,net_additions,0.0007175367193791749
full,Creative Industries,lq_emp,regression,related_variety,0.0019118609329110137
full,Creative Industries,lq_emp,regression,size_large_share,0.5016573059717642
full,Creative Industries,lq_emp,regression,size_micro_share,0.01535756972025329
full,Creative Industries,lq_emp,regression,public_transport_to_employer,0.10741190015504783
full,Creative Industries,lq_emp,regression,drive_to_employer,0.0034234261279357868
full,Creative Industries,lq_emp,regression,cycle_to_employer,0.02506729147670715
full,Creative Industries,lq_bus,regression,new_enterprises,0.0024607788202788286
full,Creative Industries,lq_bus,regression,deaths_of_enterprises,0.004814625624430714
full,Creative Industries,lq_bus,regression,active_enterprises,0.006535745543966524
full,Creative Industries,lq_bus,regression,high_growth_enterprises,0.011439699147696939
full,Creative Industries,lq_bus,regression,broadband_availability,0.005394876157486873
full,Creative Industries,lq_bus,regression,4g_area_coverage,0.0006139124648751194
full,Creative Industries,lq_bus,regression,gcse_by_age_19,0.01649020474986414
full,Creative Industries,lq_bus,regression,early_years_comms,0.007134175159111059
full,Creative Industries,lq_bus,regression,early_years_literacy,0.00676214816645765
full,Creative Industries,lq_bus,regression,early_years_maths,0.028308922861651185
full,Creative Industries,lq_bus,regression,apprenticeship_starts,0.4133632487127697
full,Creative Industries,lq_bus,regression,apprenticeship_achievements,0.22840294085373936
full,Creative Industries,lq_bus,regression,level_3+_qualifications,0.03994141221863607
full,Creative Industries,lq_bus,regression,fe_and_skills_participation,0.003841021440675953
full,Creative Industries,lq_bus,regression,smokers,0.0010985990810163835
full,Creative Industries,lq_bus,regression,reception_obesity,0.004491880104975704
full,Creative Industries,lq_bus,regression,year_6_obesity,0.013067904359015578
full,Creative Industries,lq_bus,regression,adult_obesity,0.01794901537127674
full,Creative Industries,lq_bus,regression,cancer_diagnosis,0.004805304368899637
full,Creative Industries,lq_bus,regression,under_75_mortality_rate,0.008026176915012019
full,Creative Industries,lq_bus,regression,life_satisfaction,0.00039402414904209673
full,Creative Industries,lq_bus,regression,worthwhile,0.0035057104149491675
full,Creative Industries,lq_bus,regression,happiness,0.000828426329619267
full,Creative Industries,lq_bus,regression,anxiety,0.0011008719633823565
full,Creative Industries,lq_bus,regression,net_additions,0.001418428636123572
full,Creative Industries,lq_bus,regression,related_variety,0.012027391673676422
full,Creative Industries,lq_bus,regression,size_large_share,0.0
full,Creative Industries,lq_bus,regression,size_micro_share,0.0036088146724822445
full,Creative Industries,lq_bus,regression,public_transport_to_employer,0.09334804560842663
full,Creative Industries,lq_bus,regression,drive_to_employer,0.010402628434873924
full,Creative Industries,lq_bus,regression,cycle_to_employer,0.04842306599558819
full,Creative Industries,cagr_emp,regression,new_enterprises,0.023505979316865048
full,Creative Industries,cagr_emp,regression,deaths_of_enterprises,0.031402900852166606
full,Creative Industries,cagr_emp,regression,active_enterprises,0.042185929544525075
full,Creative Industries,cagr_emp,regression,high_growth_enterprises,0.036195143771029455
full,Creative Industries,cagr_emp,regression,broadband_availability,0.022129231249122146
full,Creative Industries,cagr_emp,regression,4g_area_coverage,0.013062500297215842
full,Creative Industries,cagr_emp,regression,gcse_by_age_19,0.024202251088258728
full,Creative Industries,cagr_emp,regression,early_years_comms,0.018519884937575358
full,Creative Industries,cagr_emp,regression,early_years_literacy,0.029782715773081996
full,Creative Industries,cagr_emp,regression,early_years_maths,0.02397152948920858
full,Creative Industries,cagr_emp,regression,apprenticeship_starts,0.03608004690476554
full,Creative Industries,cagr_emp,regression,apprenticeship_achievements,0.019044201649919296
full,Creative Industries,cagr_emp,regression,level_3+_qualifications,0.03760600957355742
full,Creative Industries,cagr_emp,regression,fe_and_skills_participation,0.0428289364821375
full,Creative Industries,cagr_emp,regression,smokers,0.03539033788311758
full,Creative Industries,cagr_emp,regression,reception_obesity,0.0051168478994335536
full,Creative Industries,cagr_emp,regression,year_6_obesity,0.015337256116935096
full,Creative Industries,cagr_emp,regression,adult_obesity,0.03595207442103665
full,Creative Industries,cagr_emp,regression,cancer_diagnosis,0.025165757417392586
full,Creative Industries,cagr_emp,regression,under_75_mortality_rate,0.017719631883873672
full,Creative Industries,cagr_emp,regression,life_satisfaction,0.023031490501253787
full,Creative Industries,cagr_emp,regression,worthwhile,0.012070967932354414
full,Creative Industries,cagr_emp,regression,happiness,0.038853946625489445
full,Creative Industries,cagr_emp,regression,anxiety,0.024629185523731563
full,Creative Industries,cagr_emp,regression,net_additions,0.047961125867862886
full,Creative Industries,cagr_emp,regression,related_variety,0.07679470074508053
full,Creative Industries,cagr_emp,regression,size_large_share,0.03831079007919611
full,Creative Industries,cagr_emp,regression,size_micro_share,0.11143426300923112
full,Creative Industries,cagr_emp,regression,public_transport_to_employer,0.05300509643887571
full,Creative Industries,cagr_emp,regression,drive_to_employer,0.014352904310801712
full,Creative Industries,cagr_emp,regression,cycle_to_employer,0.024356362414904787
full,Creative Industries,cagr_bus,regression,new_enterprises,0.008210950029265621
full,Creative Industries,cagr_bus,regression,deaths_of_enterprises,0.0075973355366829145
full,Creative Industries,cagr_bus,regression,active_enterprises,0.010969086435473502
full,Creative Industries,cagr_bus,regression,high_growth_enterprises,0.061168705161098784
full,Creative Industries,cagr_bus,regression,broadband_availability,0.022209214068570054
full,Creative Industries,cagr_bus,regression,4g_area_coverage,0.022289050042028954
full,Creative Industries,cagr_bus,regression,gcse_by_age_19,0.014851870667244743
full,Creative Industries,cagr_bus,regression,early_years_comms,0.008833033131214744
full,Creative Industries,cagr_bus,regression,early_years_literacy,0.009466262703660223
full,Creative Industries,cagr_bus,regression,early_years_maths,0.00944660263748703
full,Creative Industries,cagr_bus,regression,apprenticeship_starts,0.01653815151251412
full,Creative Industries,cagr_bus,regression,apprenticeship_achievements,0.007356301965288698
full,Creative Industries,cagr_bus,regression,level_3+_qualifications,0.024401228310099585
full,Creative Industries,cagr_bus,regression,fe_and_skills_participation,0.0779814430977051
full,Creative Industries,cagr_bus,regression,smokers,0.03044620302145916
full,Creative Industries,cagr_bus,regression,reception_obesity,0.008292216947942707
full,Creative Industries,cagr_bus,regression,year_6_obesity,0.013437596880726864
full,Creative Industries,cagr_bus,regression,adult_obesity,0.020242649207034127
full,Creative Industries,cagr_bus,regression,cancer_diagnosis,0.021482120877313556
full,Creative Industries,cagr_bus,regression,under_75_mortality_rate,0.00750864392506088
full,Creative Industries,cagr_bus,regression,life_satisfaction,0.012745887530159079
full,Creative Industries,cagr_bus,regression,worthwhile,0.03568892410229697
full,Creative Industries,cagr_bus,regression,happiness,0.02588988705344998
full,Creative Industries,cagr_bus,regression,anxiety,0.020447859174919557
full,Creative Industries,cagr_bus,regression,net_additions,0.02201941359002448
full,Creative Industries,cagr_bus,regression,related_variety,0.41377759062917324
full,Creative Industries,cagr_bus,regression,size_large_share,0.00110885346361031
full,Creative Industries,cagr_bus,regression,size_micro_share,0.013134993629459241
full,Creative Industries,cagr_bus,regression,public_transport_to_employer,0.018314461688459
full,Creative Industries,cagr_bus,regression,drive_to_employer,0.013890186623165214
full,Creative Industries,cagr_bus,regression,cycle_to_employer,0.020253276357411604
full,Creative Industries,lq_emp_binary,classification,new_enterprises,0.03358681689442501
full,Creative Industries,lq_emp_binary,classification,deaths_of_enterprises,0.02416483744898741
full,Creative Industries,lq_emp_binary,classification,active_enterprises,0.024458180918359263
full,Creative Industries,lq_emp_binary,classification,high_growth_enterprises,0.044233543630753096
full,Creative Industries,lq_emp_binary,classification,broadband_availability,0.01017204708046996
full,Creative Industries,lq_emp_binary,classification,4g_area_coverage,0.0031267262843439163
full,Creative Industries,lq_emp_binary,classification,gcse_by_age_19,0.08317475394588186
full,Creative Industries,lq_emp_binary,classification,early_years_comms,0.013666187913036797
full,Creative Industries,lq_emp_binary,classification,early_years_literacy,0.019942828654326405
full,Creative Industries,lq_emp_binary,classification,early_years_maths,0.019593903940061202
full,Creative Industries,lq_emp_binary,classification,apprenticeship_starts,0.10165622170704075
full,Creative Industries,lq_emp_binary,classification,apprenticeship_achievements,0.09437865465443182
full,Creative Industries,lq_emp_binary,classification,level_3+_qualifications,0.10640102115470935
full,Creative Industries,lq_emp_binary,classification,fe_and_skills_participation,0.011026691667011713
full,Creative Industries,lq_emp_binary,classification,smokers,0.006511225466604313
full,Creative Industries,lq_emp_binary,classification,reception_obesity,0.015861073220352368
full,Creative Industries,lq_emp_binary,classification,year_6_obesity,0.01903286892124197
full,Creative Industries,lq_emp_binary,classification,adult_obesity,0.07133789586546442
full,Creative Industries,lq_emp_binary,classification,cancer_diagnosis,0.007682766677716495
full,Creative Industries,lq_emp_binary,classification,under_75_mortality_rate,0.026031417695646705
full,Creative Industries,lq_emp_binary,classification,life_satisfaction,0.0039385140140606
full,Creative Industries,lq_emp_binary,classification,worthwhile,0.008091789138060154
full,Creative Industries,lq_emp_binary,classification,happiness,0.01028353445303721
full,Creative Industries,lq_emp_binary,classification,anxiety,0.006591535359177064
full,Creative Industries,lq_emp_binary,classification,net_additions,0.006288783048754064
full,Creative Industries,lq_emp_binary,classification,related_variety,0.009785984625161217
full,Creative Industries,lq_emp_binary,classification,size_large_share,0.07624631802085453
full,Creative Industries,lq_emp_binary,classification,size_micro_share,0.047186885639709436
full,Creative Industries,lq_emp_binary,classification,public_transport_to_employer,0.03087472681030661
full,Creative Industries,lq_emp_binary,classification,drive_to_employer,0.021362621736358854
full,Creative Industries,lq_emp_binary,classification,cycle_to_employer,0.04330964341365552
full,Creative Industries,lq_bus_binary,classification,new_enterprises,0.015463161487227536
full,Creative Industries,lq_bus_binary,classification,deaths_of_enterprises,0.025867628123751204
full,Creative Industries,lq_bus_binary,classification,active_enterprises,0.03018672400421988
full,Creative Industries,lq_bus_binary,classification,high_growth_enterprises,0.008438077568475142
full,Creative Industries,lq_bus_binary,classification,broadband_availability,0.005462332642202409
full,Creative Industries,lq_bus_binary,classification,4g_area_coverage,0.005395185350448636
full,Creative Industries,lq_bus_binary,classification,gcse_by_age_19,0.08096552352250883
full,Creative Industries,lq_bus_binary,classification,early_years_comms,0.004637913486990428
full,Creative Industries,lq_bus_binary,classification,early_years_literacy,0.019779198258820827
full,Creative Industries,lq_bus_binary,classification,early_years_maths,0.026175673234111862
full,Creative Industries,lq_bus_binary,classification,apprenticeship_starts,0.2109266771718342
full,Creative Industries,lq_bus_binary,classification,apprenticeship_achievements,0.13846005386329133
full,Creative Industries,lq_bus_binary,classification,level_3+_qualifications,0.09303253689496795
full,Creative Industries,lq_bus_binary,classification,fe_and_skills_participation,0.011491722534568868
full,Creative Industries,lq_bus_binary,classification,smokers,0.00138567912558554
full,Creative Industries,lq_bus_binary,classification,reception_obesity,0.03234019119406719
full,Creative Industries,lq_bus_binary,classification,year_6_obesity,0.02886744236150273
full,Creative Industries,lq_bus_binary,classification,adult_obesity,0.0772093741382986
full,Creative Industries,lq_bus_binary,classification,cancer_diagnosis,0.014421105123378502
full,Creative Industries,lq_bus_binary,classification,under_75_mortality_rate,0.023540047916510282
full,Creative Industries,lq_bus_binary,classification,life_satisfaction,0.0119539131669268
full,Creative Industries,lq_bus_binary,classification,worthwhile,0.007975047634957587
full,Creative Industries,lq_bus_binary,classification,happiness,0.004021052918117345
full,Creative Industries,lq_bus_binary,classification,anxiety,0.006056466938509127
full,Creative Industries,lq_bus_binary,classification,net_additions,0.0014719318096291201
full,Creative Industries,lq_bus_binary,classification,related_variety,0.003987092081224096
full,Creative Industries,lq_bus_binary,classification,size_large_share,0.0077266274307185795
full,Creative Industries,lq_bus_binary,classification,size_micro_share,0.0090384311695665
full,Creative Industries,lq_bus_binary,classification,public_transport_to_employer,0.025951009615638287
full,Creative Industries,lq_bus_binary,classification,drive_to_employer,0.019054134663439914
full,Creative Industries,lq_bus_binary,classification,cycle_to_employer,0.048718044568510796
full,Creative Industries,cagr_emp_binary,classification,new_enterprises,0.03387629049964903
full,Creative Industries,cagr_emp_binary,classification,deaths_of_enterprises,0.026059989691422824
full,Creative Industries,cagr_emp_binary,classification,active_enterprises,0.028968201162077278
full,Creative Industries,cagr_emp_binary,classification,high_growth_enterprises,0.018888869428249706
full,Creative Industries,cagr_emp_binary,classification,broadband_availability,0.031559162526061904
full,Creative Industries,cagr_emp_binary,classification,4g_area_coverage,0.01434793141166822
full,Creative Industries,cagr_emp_binary,classification,gcse_by_age_19,0.03602865167795974
full,Creative Industries,cagr_emp_binary,classification,early_years_comms,0.02322687602569476
full,Creative Industries,cagr_emp_binary,classification,early_years_literacy,0.038055817065856555
full,Creative Industries,cagr_emp_binary,classification,early_years_maths,0.035195859357249705
full,Creative Industries,cagr_emp_binary,classification,apprenticeship_starts,0.033430096546495404
full,Creative Industries,cagr_emp_binary,classification,apprenticeship_achievements,0.023191865369376955
full,Creative Industries,cagr_emp_binary,classification,level_3+_qualifications,0.01910619133917019
full,Creative Industries,cagr_emp_binary,classification,fe_and_skills_participation,0.022800396006985933
full,Creative Industries,cagr_emp_binary,classification,smokers,0.043013985586072494
full,Creative Industries,cagr_emp_binary,classification,reception_obesity,0.02698193070602827
full,Creative Industries,cagr_emp_binary,classification,year_6_obesity,0.03141292001160014
full,Creative Industries,cagr_emp_binary,classification,adult_obesity,0.025791768397471108
full,Creative Industries,cagr_emp_binary,classification,cancer_diagnosis,0.026775280786993136
full,Creative Industries,cagr_emp_binary,classification,under_75_mortality_rate,0.027379524033657364
full,Creative Industries,cagr_emp_binary,classification,life_satisfaction,0.040940532579907984
full,Creative Industries,cagr_emp_binary,classification,worthwhile,0.02558738232296618
full,Creative Industries,cagr_emp_binary,classification,happiness,0.040721376737863794
full,Creative Industries,cagr_emp_binary,classification,anxiety,0.04346099755833163
full,Creative Industries,cagr_emp_binary,classification,net_additions,0.044014787390726055
full,Creative Industries,cagr_emp_binary,classification,related_variety,0.03904196774763949
full,Creative Industries,cagr_emp_binary,classification,size_large_share,0.029425812790419212
full,Creative Industries,cagr_emp_binary,classification,size_micro_share,0.05334745136706954
full,Creative Industries,cagr_emp_binary,classification,public_transport_to_employer,0.03860397781177988
full,Creative Industries,cagr_emp_binary,classification,drive_to_employer,0.033358764055377986
full,Creative Industries,cagr_emp_binary,classification,cycle_to_employer,0.04540534200817757
full,Creative Industries,cagr_bus_binary,classification,new_enterprises,0.04446693600292653
full,Creative Industries,cagr_bus_binary,classification,deaths_of_enterprises,0.022679387530638754
full,Creative Industries,cagr_bus_binary,classification,active_enterprises,0.02172073744398178
full,Creative Industries,cagr_bus_binary,classification,high_growth_enterprises,0.03035599994778277
full,Creative Industries,cagr_bus_binary,classification,broadband_availability,0.03429986335147199
full,Creative Industries,cagr_bus_binary,classification,4g_area_coverage,0.01550295328576566
full,Creative Industries,cagr_bus_binary,classification,gcse_by_age_19,0.05797633812811271
full,Creative Industries,cagr_bus_binary,classification,early_years_comms,0.01932424486507004
full,Creative Industries,cagr_bus_binary,classification,early_years_literacy,0.014488706652702077
full,Creative Industries,cagr_bus_binary,classification,early_years_maths,0.01836095752742691
full,Creative Industries,cagr_bus_binary,classification,apprenticeship_starts,0.023021573407439884
full,Creative Industries,cagr_bus_binary,classification,apprenticeship_achievements,0.022054926423180455
full,Creative Industries,cagr_bus_binary,classification,level_3+_qualifications,0.04782264654002616
full,Creative Industries,cagr_bus_binary,classification,fe_and_skills_participation,0.053571427799780136
full,Creative Industries,cagr_bus_binary,classification,smokers,0.04199583415035993
full,Creative Industries,cagr_bus_binary,classification,reception_obesity,0.028170393097337182
full,Creative Industries,cagr_bus_binary,classification,year_6_obesity,0.03122860640205476
full,Creative Industries,cagr_bus_binary,classification,adult_obesity,0.022942637836779887
full,Creative Industries,cagr_bus_binary,classification,cancer_diagnosis,0.02871946852794438
full,Creative Industries,cagr_bus_binary,classification,under_75_mortality_rate,0.020405258443109413
full,Creative Industries,cagr_bus_binary,classification,life_satisfaction,0.02663428466012411
full,Creative Industries,cagr_bus_binary,classification,worthwhile,0.03812520205835053
full,Creative Industries,cagr_bus_binary,classification,happiness,0.03467833584528875
full,Creative Industries,cagr_bus_binary,classification,anxiety,0.01541603234280667
full,Creative Industries,cagr_bus_binary,classification,net_additions,0.011999475796972841
full,Creative Industries,cagr_bus_binary,classification,related_variety,0.15046751638827036
full,Creative Industries,cagr_bus_binary,classification,size_large_share,0.0
full,Creative Industries,cagr_bus_binary,classification,size_micro_share,0.03785603414756916
full,Creative Industries,cagr_bus_binary,classification,public_transport_to_employer,0.029473935529657908
full,Creative Industries,cagr_bus_binary,classification,drive_to_employer,0.023990746445346493
full,Creative Industries,cagr_bus_binary,classification,cycle_to_employer,0.0322495394217218
full,Defence,lq_emp,regression,new_enterprises,0.001086110929050428
full,Defence,lq_emp,regression,deaths_of_enterprises,0.01621076798019476
full,Defence,lq_emp,regression,active_enterprises,0.0064279648106046776
full,Defence,lq_emp,regression,high_growth_enterprises,0.004361835887434928
full,Defence,lq_emp,regression,broadband_availability,0.017774881777862198
full,Defence,lq_emp,regression,4g_area_coverage,0.07577154452095528
full,Defence,lq_emp,regression,gcse_by_age_19,0.0
full,Defence,lq_emp,regression,early_years_comms,0.34773577875566114
full,Defence,lq_emp,regression,early_years_literacy,0.001774492129253166
full,Defence,lq_emp,regression,early_years_maths,0.002630217505354196
full,Defence,lq_emp,regression,apprenticeship_starts,0.05481091708881657
full,Defence,lq_emp,regression,apprenticeship_achievements,0.012322410846382564
full,Defence,lq_emp,regression,level_3+_qualifications,0.015904548068701754
full,Defence,lq_emp,regression,fe_and_skills_participation,0.0003138841476380046
full,Defence,lq_emp,regression,smokers,0.009722039317024499
full,Defence,lq_emp,regression,reception_obesity,0.0064330922585473195
full,Defence,lq_emp,regression,year_6_obesity,0.0002241352993593764
full,Defence,lq_emp,regression,adult_obesity,0.0043471116192243505
full,Defence,lq_emp,regression,cancer_diagnosis,0.34392178117420935
full,Defence,lq_emp,regression,under_75_mortality_rate,0.010546715436609322
full,Defence,lq_emp,regression,life_satisfaction,0.007816884012074941
full,Defence,lq_emp,regression,worthwhile,0.011858318269208256
full,Defence,lq_emp,regression,happiness,0.008643737544141382
full,Defence,lq_emp,regression,anxiety,0.02375362072247154
full,Defence,lq_emp,regression,net_additions,0.012851556834740435
full,Defence,lq_emp,regression,related_variety,0.0
full,Defence,lq_emp,regression,size_large_share,0.0
full,Defence,lq_emp,regression,size_micro_share,0.0
full,Defence,lq_emp,regression,public_transport_to_employer,0.0020725292735639046
full,Defence,lq_emp,regression,drive_to_employer,0.0006831237909156872
full,Defence,lq_emp,regression,cycle_to_employer,0.0
full,Defence,lq_bus,regression,new_enterprises,0.022062914348775064
full,Defence,lq_bus,regression,deaths_of_enterprises,0.06872706866404785
full,Defence,lq_bus,regression,active_enterprises,0.022866611084394684
full,Defence,lq_bus,regression,high_growth_enterprises,0.03416566760268537
full,Defence,lq_bus,regression,broadband_availability,0.3123243352181153
full,Defence,lq_bus,regression,4g_area_coverage,0.0
full,Defence,lq_bus,regression,gcse_by_age_19,0.0
full,Defence,lq_bus,regression,early_years_comms,0.005181442942513199
full,Defence,lq_bus,regression,early_years_literacy,0.0
full,Defence,lq_bus,regression,early_years_maths,0.0
full,Defence,lq_bus,regression,apprenticeship_starts,0.3436266716372847
full,Defence,lq_bus,regression,apprenticeship_achievements,0.07614576299174936
full,Defence,lq_bus,regression,level_3+_qualifications,0.0
full,Defence,lq_bus,regression,fe_and_skills_participation,0.0
full,Defence,lq_bus,regression,smokers,0.0
full,Defence,lq_bus,regression,reception_obesity,0.0
full,Defence,lq_bus,regression,year_6_obesity,0.0
full,Defence,lq_bus,regression,adult_obesity,0.0
full,Defence,lq_bus,regression,cancer_diagnosis,0.0
full,Defence,lq_bus,regression,under_75_mortality_rate,0.0
full,Defence,lq_bus,regression,life_satisfaction,0.0
full,Defence,lq_bus,regression,worthwhile,0.0
full,Defence,lq_bus,regression,happiness,0.0
full,Defence,lq_bus,regression,anxiety,0.0
full,Defence,lq_bus,regression,net_additions,0.11489952551043447
full,Defence,lq_bus,regression,related_variety,0.0
full,Defence,lq_bus,regression,size_large_share,0.0
full,Defence,lq_bus,regression,size_micro_share,0.0
full,Defence,lq_bus,regression,public_transport_to_employer,0.0
full,Defence,lq_bus,regression,drive_to_employer,0.0
full,Defence,lq_bus,regression,cycle_to_employer,0.0
full,Defence,cagr_emp,regression,new_enterprises,0.035711211286508775
full,Defence,cagr_emp,regression,deaths_of_enterprises,0.016857209875211828
full,Defence,cagr_emp,regression,active_enterprises,0.017928710723608764
full,Defence,cagr_emp,regression,high_growth_enterprises,0.02505062807650987
full,Defence,cagr_emp,regression,broadband_availability,0.0742093958884655
full,Defence,cagr_emp,regression,4g_area_coverage,0.07213317000829253
full,Defence,cagr_emp,regression,gcse_by_age_19,0.10067523213090164
full,Defence,cagr_emp,regression,early_years_comms,0.004425121675416881
full,Defence,cagr_emp,regression,early_years_literacy,0.007442732232474691
full,Defence,cagr_emp,regression,early_years_maths,0.013041783688307003
full,Defence,cagr_emp,regression,apprenticeship_starts,0.06228906919924938
full,Defence,cagr_emp,regression,apprenticeship_achievements,0.013457949356791976
full,Defence,cagr_emp,regression,level_3+_qualifications,0.07893127867256293
full,Defence,cagr_emp,regression,fe_and_skills_participation,0.09837645777140935
full,Defence,cagr_emp,regression,smokers,0.07410245034504287
full,Defence,cagr_emp,regression,reception_obesity,0.013042374925685784
full,Defence,cagr_emp,regression,year_6_obesity,0.00687390550919581
full,Defence,cagr_emp,regression,adult_obesity,0.012565045842212384
full,Defence,cagr_emp,regression,cancer_diagnosis,0.03322288719245503
full,Defence,cagr_emp,regression,under_75_mortality_rate,0.007257831980561607
full,Defence,cagr_emp,regression,life_satisfaction,0.05626443746104361
full,Defence,cagr_emp,regression,worthwhile,0.05063446090187188
full,Defence,cagr_emp,regression,happiness,0.03139020484639369
full,Defence,cagr_emp,regression,anxiety,0.03863152714915883
full,Defence,cagr_emp,regression,net_additions,0.03259691330123819
full,Defence,cagr_emp,regression,related_variety,0.0
full,Defence,cagr_emp,regression,size_large_share,0.0
full,Defence,cagr_emp,regression,size_micro_share,0.0
full,Defence,cagr_emp,regression,public_transport_to_employer,0.014272909391881493
full,Defence,cagr_emp,regression,drive_to_employer,0.007229134741163331
full,Defence,cagr_emp,regression,cycle_to_employer,0.001385965826384433
full,Defence,lq_emp_binary,classification,new_enterprises,0.04198001739993448
full,Defence,lq_emp_binary,classification,deaths_of_enterprises,0.024637690784322472
full,Defence,lq_emp_binary,classification,active_enterprises,0.03284305841561958
full,Defence,lq_emp_binary,classification,high_growth_enterprises,0.060445188899650185
full,Defence,lq_emp_binary,classification,broadband_availability,0.06184614698724057
full,Defence,lq_emp_binary,classification,4g_area_coverage,0.03638386796455734
full,Defence,lq_emp_binary,classification,gcse_by_age_19,0.03943944243858402
full,Defence,lq_emp_binary,classification,early_years_comms,0.04193092766791224
full,Defence,lq_emp_binary,classification,early_years_literacy,0.02627566368335685
full,Defence,lq_emp_binary,classification,early_years_maths,0.04450658488791447
full,Defence,lq_emp_binary,classification,apprenticeship_starts,0.09518128912354076
full,Defence,lq_emp_binary,classification,apprenticeship_achievements,0.10921481296945657
full,Defence,lq_emp_binary,classification,level_3+_qualifications,0.02734102381340087
full,Defence,lq_emp_binary,classification,fe_and_skills_participation,0.031697093861301394
full,Defence,lq_emp_binary,classification,smokers,0.026125527394625044
full,Defence,lq_emp_binary,classification,reception_obesity,0.018342049114551093
full,Defence,lq_emp_binary,classification,year_6_obesity,0.028848054056574327
full,Defence,lq_emp_binary,classification,adult_obesity,0.01990210000437734
full,Defence,lq_emp_binary,classification,cancer_diagnosis,0.03411896581569176
full,Defence,lq_emp_binary,classification,under_75_mortality_rate,0.015259125732539663
full,Defence,lq_emp_binary,classification,life_satisfaction,0.021852243658637433
full,Defence,lq_emp_binary,classification,worthwhile,0.01774812108279014
full,Defence,lq_emp_binary,classification,happiness,0.023879771215238123
full,Defence,lq_emp_binary,classification,anxiety,0.030903978068154342
full,Defence,lq_emp_binary,classification,net_additions,0.03369956143059273
full,Defence,lq_emp_binary,classification,related_variety,0.0
full,Defence,lq_emp_binary,classification,size_large_share,0.0
full,Defence,lq_emp_binary,classification,size_micro_share,0.0
full,Defence,lq_emp_binary,classification,public_transport_to_employer,0.03162058035041497
full,Defence,lq_emp_binary,classification,drive_to_employer,0.012171191366213335
full,Defence,lq_emp_binary,classification,cycle_to_employer,0.01180592181280776
full,Defence,lq_bus_binary,classification,new_enterprises,0.07488704951077635
full,Defence,lq_bus_binary,classification,deaths_of_enterprises,0.045752164265089365
full,Defence,lq_bus_binary,classification,active_enterprises,0.041410492385578965
full,Defence,lq_bus_binary,classification,high_growth_enterprises,0.052583544713421304
full,Defence,lq_bus_binary,classification,broadband_availability,0.05385450772055976
full,Defence,lq_bus_binary,classification,4g_area_coverage,0.0005111670596711524
full,Defence,lq_bus_binary,classification,gcse_by_age_19,0.006577740718234191
full,Defence,lq_bus_binary,classification,early_years_comms,0.0010140237093726554
full,Defence,lq_bus_binary,classification,early_years_literacy,0.006325321979892717
full,Defence,lq_bus_binary,classification,early_years_maths,0.0021241655983460822
full,Defence,lq_bus_binary,classification,apprenticeship_starts,0.13370139158673008
full,Defence,lq_bus_binary,classification,apprenticeship_achievements,0.20209924222404385
full,Defence,lq_bus_binary,classification,level_3+_qualifications,0.029186460303938587
full,Defence,lq_bus_binary,classification,fe_and_skills_participation,0.06767657073979261
full,Defence,lq_bus_binary,classification,smokers,0.0024039980660392306
full,Defence,lq_bus_binary,classification,reception_obesity,0.01019328617983388
full,Defence,lq_bus_binary,classification,year_6_obesity,0.03139116137810243
full,Defence,lq_bus_binary,classification,adult_obesity,0.016364956407023554
full,Defence,lq_bus_binary,classification,cancer_diagnosis,0.013371746496891223
full,Defence,lq_bus_binary,classification,under_75_mortality_rate,0.034233876682190884
full,Defence,lq_bus_binary,classification,life_satisfaction,0.006604579233447518
full,Defence,lq_bus_binary,classification,worthwhile,0.004116995063511358
full,Defence,lq_bus_binary,classification,happiness,0.015020910991693151
full,Defence,lq_bus_binary,classification,anxiety,0.0003450594563985998
full,Defence,lq_bus_binary,classification,net_additions,0.037273366384552184
full,Defence,lq_bus_binary,classification,related_variety,0.0
full,Defence,lq_bus_binary,classification,size_large_share,0.0
full,Defence,lq_bus_binary,classification,size_micro_share,0.0
full,Defence,lq_bus_binary,classification,public_transport_to_employer,0.03426046966926514
full,Defence,lq_bus_binary,classification,drive_to_employer,0.0417655474906572
full,Defence,lq_bus_binary,classification,cycle_to_employer,0.03495020398494616
full,Defence,cagr_emp_binary,classification,new_enterprises,0.05890816737339462
full,Defence,cagr_emp_binary,classification,deaths_of_enterprises,0.05121557301695321
full,Defence,cagr_emp_binary,classification,active_enterprises,0.02966151539137516
full,Defence,cagr_emp_binary,classification,high_growth_enterprises,0.051814665537591786
full,Defence,cagr_emp_binary,classification,broadband_availability,0.036665454001805715
full,Defence,cagr_emp_binary,classification,4g_area_coverage,0.020587765592213994
full,Defence,cagr_emp_binary,classification,gcse_by_age_19,0.06708131266919272
full,Defence,cagr_emp_binary,classification,early_years_comms,0.01587542794101012
full,Defence,cagr_emp_binary,classification,early_years_literacy,0.049720943272283956
full,Defence,cagr_emp_binary,classification,early_years_maths,0.02021492833982943
full,Defence,cagr_emp_binary,classification,apprenticeship_starts,0.04233367747378408
full,Defence,cagr_emp_binary,classification,apprenticeship_achievements,0.02185440563818009
full,Defence,cagr_emp_binary,classification,level_3+_qualifications,0.020992026749506846
full,Defence,cagr_emp_binary,classification,fe_and_skills_participation,0.07279811327751134
full,Defence,cagr_emp_binary,classification,smokers,0.03583181643062844
full,Defence,cagr_emp_binary,classification,reception_obesity,0.022794398175036763
full,Defence,cagr_emp_binary,classification,year_6_obesity,0.03657855340244345
full,Defence,cagr_emp_binary,classification,adult_obesity,0.027790874833320184
full,Defence,cagr_emp_binary,classification,cancer_diagnosis,0.07324547992611627
full,Defence,cagr_emp_binary,classification,under_75_mortality_rate,0.0329344791565519
full,Defence,cagr_emp_binary,classification,life_satisfaction,0.022113077136066694
full,Defence,cagr_emp_binary,classification,worthwhile,0.04988946227769368
full,Defence,cagr_emp_binary,classification,happiness,0.02090528124971129
full,Defence,cagr_emp_binary,classification,anxiety,0.02695987840298451
full,Defence,cagr_emp_binary,classification,net_additions,0.043180281052107305
full,Defence,cagr_emp_binary,classification,related_variety,0.0
full,Defence,cagr_emp_binary,classification,size_large_share,0.0
full,Defence,cagr_emp_binary,classification,size_micro_share,0.0
full,Defence,cagr_emp_binary,classification,public_transport_to_employer,0.00941799002608349
full,Defence,cagr_emp_binary,classification,drive_to_employer,0.02521538456243519
full,Defence,cagr_emp_binary,classification,cycle_to_employer,0.013419067094187711
full,Digital and Technologies,lq_emp,regression,new_enterprises,0.009503496567630393
full,Digital and Technologies,lq_emp,regression,deaths_of_enterprises,0.002715402494585912
full,Digital and Technologies,lq_emp,regression,active_enterprises,0.003337014834426971
full,Digital and Technologies,lq_emp,regression,high_growth_enterprises,0.002687350056189404
full,Digital and Technologies,lq_emp,regression,broadband_availability,0.009141722600480932
full,Digital and Technologies,lq_emp,regression,4g_area_coverage,0.0007914432043697383
full,Digital and Technologies,lq_emp,regression,gcse_by_age_19,0.10264673566230414
full,Digital and Technologies,lq_emp,regression,early_years_comms,0.014598233748190534
full,Digital and Technologies,lq_emp,regression,early_years_literacy,0.010562784294110436
full,Digital and Technologies,lq_emp,regression,early_years_maths,0.0419673500266502
full,Digital and Technologies,lq_emp,regression,apprenticeship_starts,0.020277172660681613
full,Digital and Technologies,lq_emp,regression,apprenticeship_achievements,0.013590376623382248
full,Digital and Technologies,lq_emp,regression,level_3+_qualifications,0.03823225033239184
full,Digital and Technologies,lq_emp,regression,fe_and_skills_participation,0.01226392535351483
full,Digital and Technologies,lq_emp,regression,smokers,0.004535943264387486
full,Digital and Technologies,lq_emp,regression,reception_obesity,0.009615938187882332
full,Digital and Technologies,lq_emp,regression,year_6_obesity,0.028425175408850784
full,Digital and Technologies,lq_emp,regression,adult_obesity,0.015134950578314509
full,Digital and Technologies,lq_emp,regression,cancer_diagnosis,0.010245952550558235
full,Digital and Technologies,lq_emp,regression,under_75_mortality_rate,0.007617897695440351
full,Digital and Technologies,lq_emp,regression,life_satisfaction,0.0015756275235029383
full,Digital and Technologies,lq_emp,regression,worthwhile,0.007941658012855082
full,Digital and Technologies,lq_emp,regression,happiness,0.0030122958000846117
full,Digital and Technologies,lq_emp,regression,anxiety,0.002273740041989594
full,Digital and Technologies,lq_emp,regression,net_additions,0.002443574482554996
full,Digital and Technologies,lq_emp,regression,related_variety,0.00892221322447132
full,Digital and Technologies,lq_emp,regression,size_large_share,0.5515682982074858
full,Digital and Technologies,lq_emp,regression,size_micro_share,0.043336123653121054
full,Digital and Technologies,lq_emp,regression,public_transport_to_employer,0.008050824740547084
full,Digital and Technologies,lq_emp,regression,drive_to_employer,0.008730581726025692
full,Digital and Technologies,lq_emp,regression,cycle_to_employer,0.00425394644301909
full,Digital and Technologies,lq_bus,regression,new_enterprises,0.009173020340236166
full,Digital and Technologies,lq_bus,regression,deaths_of_enterprises,0.02039955353849077
full,Digital and Technologies,lq_bus,regression,active_enterprises,0.010024284952359028
full,Digital and Technologies,lq_bus,regression,high_growth_enterprises,0.005304276495724886
full,Digital and Technologies,lq_bus,regression,broadband_availability,0.03501367634141988
full,Digital and Technologies,lq_bus,regression,4g_area_coverage,0.00625513542328893
full,Digital and Technologies,lq_bus,regression,gcse_by_age_19,0.04581660855162226
full,Digital and Technologies,lq_bus,regression,early_years_comms,0.006472648029767202
full,Digital and Technologies,lq_bus,regression,early_years_literacy,0.019544077194816937
full,Digital and Technologies,lq_bus,regression,early_years_maths,0.02396367783899541
full,Digital and Technologies,lq_bus,regression,apprenticeship_starts,0.2240420947570407
full,Digital and Technologies,lq_bus,regression,apprenticeship_achievements,0.17364217404016777
full,Digital and Technologies,lq_bus,regression,level_3+_qualifications,0.1446989141709145
full,Digital and Technologies,lq_bus,regression,fe_and_skills_participation,0.011228727281234994
full,Digital and Technologies,lq_bus,regression,smokers,0.004750937536102052
full,Digital and Technologies,lq_bus,regression,reception_obesity,0.0021361616436153053
full,Digital and Technologies,lq_bus,regression,year_6_obesity,0.004916495994932841
full,Digital and Technologies,lq_bus,regression,adult_obesity,0.03673196412654065
full,Digital and Technologies,lq_bus,regression,cancer_diagnosis,0.009327099843784728
full,Digital and Technologies,lq_bus,regression,under_75_mortality_rate,0.004447253799757195
full,Digital and Technologies,lq_bus,regression,life_satisfaction,0.001257232498657597
full,Digital and Technologies,lq_bus,regression,worthwhile,0.00496949238511101
full,Digital and Technologies,lq_bus,regression,happiness,0.0016547990577139365
full,Digital and Technologies,lq_bus,regression,anxiety,0.002918325282759317
full,Digital and Technologies,lq_bus,regression,net_additions,0.0008317449094147933
full,Digital and Technologies,lq_bus,regression,related_variety,0.06041180212828732
full,Digital and Technologies,lq_bus,regression,size_large_share,0.08635648016744818
full,Digital and Technologies,lq_bus,regression,size_micro_share,0.023571801939188085
full,Digital and Technologies,lq_bus,regression,public_transport_to_employer,0.004137892122863994
full,Digital and Technologies,lq_bus,regression,drive_to_employer,0.005438118128211018
full,Digital and Technologies,lq_bus,regression,cycle_to_employer,0.01056352947953254
full,Digital and Technologies,cagr_emp,regression,new_enterprises,0.034695873656340005
full,Digital and Technologies,cagr_emp,regression,deaths_of_enterprises,0.03147175422282133
full,Digital and Technologies,cagr_emp,regression,active_enterprises,0.05171274447129152
full,Digital and Technologies,cagr_emp,regression,high_growth_enterprises,0.1111583105570951
full,Digital and Technologies,cagr_emp,regression,broadband_availability,0.03223667312888723
full,Digital and Technologies,cagr_emp,regression,4g_area_coverage,0.010879248888079888
full,Digital and Technologies,cagr_emp,regression,gcse_by_age_19,0.010029489655849289
full,Digital and Technologies,cagr_emp,regression,early_years_comms,0.011165826196546071
full,Digital and Technologies,cagr_emp,regression,early_years_literacy,0.012844385318265898
full,Digital and Technologies,cagr_emp,regression,early_years_maths,0.00576415260698674
full,Digital and Technologies,cagr_emp,regression,apprenticeship_starts,0.005365385499670709
full,Digital and Technologies,cagr_emp,regression,apprenticeship_achievements,0.0042334748436296445
full,Digital and Technologies,cagr_emp,regression,level_3+_qualifications,0.008526658145068021
full,Digital and Technologies,cagr_emp,regression,fe_and_skills_participation,0.27937846123502186
full,Digital and Technologies,cagr_emp,regression,smokers,0.014519927587632285
full,Digital and Technologies,cagr_emp,regression,reception_obesity,0.005729410853987879
full,Digital and Technologies,cagr_emp,regression,year_6_obesity,0.014705513167805169
full,Digital and Technologies,cagr_emp,regression,adult_obesity,0.006716816544903972
full,Digital and Technologies,cagr_emp,regression,cancer_diagnosis,0.006921389828538861
full,Digital and Technologies,cagr_emp,regression,under_75_mortality_rate,0.010770017193763465
full,Digital and Technologies,cagr_emp,regression,life_satisfaction,0.04162387031023057
full,Digital and Technologies,cagr_emp,regression,worthwhile,0.020497531290156887
full,Digital and Technologies,cagr_emp,regression,happiness,0.007942057659962707
full,Digital and Technologies,cagr_emp,regression,anxiety,0.012148316278556752
full,Digital and Technologies,cagr_emp,regression,net_additions,0.07997756126627194
full,Digital and Technologies,cagr_emp,regression,related_variety,0.02865643499185235
full,Digital and Technologies,cagr_emp,regression,size_large_share,0.05026680649550535
full,Digital and Technologies,cagr_emp,regression,size_micro_share,0.024121781553762392
full,Digital and Technologies,cagr_emp,regression,public_transport_to_employer,0.0034384028498936903
full,Digital and Technologies,cagr_emp,regression,drive_to_employer,0.022792027285082627
full,Digital and Technologies,cagr_emp,regression,cycle_to_employer,0.039709696416539736
full,Digital and Technologies,cagr_bus,regression,new_enterprises,0.01964741060914579
full,Digital and Technologies,cagr_bus,regression,deaths_of_enterprises,0.018783809444330567
full,Digital and Technologies,cagr_bus,regression,active_enterprises,0.07511767790257867
full,Digital and Technologies,cagr_bus,regression,high_growth_enterprises,0.24646398310314135
full,Digital and Technologies,cagr_bus,regression,broadband_availability,0.01831132692911991
full,Digital and Technologies,cagr_bus,regression,4g_area_coverage,0.010232797584140859
full,Digital and Technologies,cagr_bus,regression,gcse_by_age_19,0.022255727281433803
full,Digital and Technologies,cagr_bus,regression,early_years_comms,0.002777054177581392
full,Digital and Technologies,cagr_bus,regression,early_years_literacy,0.009982529976215052
full,Digital and Technologies,cagr_bus,regression,early_years_maths,0.007815635143265765
full,Digital and Technologies,cagr_bus,regression,apprenticeship_starts,0.020255290671512285
full,Digital and Technologies,cagr_bus,regression,apprenticeship_achievements,0.014099189579885055
full,Digital and Technologies,cagr_bus,regression,level_3+_qualifications,0.00841724191623134
full,Digital and Technologies,cagr_bus,regression,fe_and_skills_participation,0.03938802555302466
full,Digital and Technologies,cagr_bus,regression,smokers,0.03622526153083697
full,Digital and Technologies,cagr_bus,regression,reception_obesity,0.020918565413204977
full,Digital and Technologies,cagr_bus,regression,year_6_obesity,0.011272864476713497
full,Digital and Technologies,cagr_bus,regression,adult_obesity,0.029044167410522955
full,Digital and Technologies,cagr_bus,regression,cancer_diagnosis,0.012769750437150805
full,Digital and Technologies,cagr_bus,regression,under_75_mortality_rate,0.004610854293067195
full,Digital and Technologies,cagr_bus,regression,life_satisfaction,0.008622985819147652
full,Digital and Technologies,cagr_bus,regression,worthwhile,0.006001244103720706
full,Digital and Technologies,cagr_bus,regression,happiness,0.013240820462602155
full,Digital and Technologies,cagr_bus,regression,anxiety,0.016409433882298406
full,Digital and Technologies,cagr_bus,regression,net_additions,0.04843425995075429
full,Digital and Technologies,cagr_bus,regression,related_variety,0.1664812536835005
full,Digital and Technologies,cagr_bus,regression,size_large_share,0.0010709365409878038
full,Digital and Technologies,cagr_bus,regression,size_micro_share,0.06614336011248365
full,Digital and Technologies,cagr_bus,regression,public_transport_to_employer,0.017509697604718762
full,Digital and Technologies,cagr_bus,regression,drive_to_employer,0.007420064897241502
full,Digital and Technologies,cagr_bus,regression,cycle_to_employer,0.020276779509441876
full,Digital and Technologies,lq_emp_binary,classification,new_enterprises,0.009383467920696312
full,Digital and Technologies,lq_emp_binary,classification,deaths_of_enterprises,0.01239231230493274
full,Digital and Technologies,lq_emp_binary,classification,active_enterprises,0.013194115964281302
full,Digital and Technologies,lq_emp_binary,classification,high_growth_enterprises,0.04693059431021287
full,Digital and Technologies,lq_emp_binary,classification,broadband_availability,0.03209283331606518
full,Digital and Technologies,lq_emp_binary,classification,4g_area_coverage,0.0037126297325192795
full,Digital and Technologies,lq_emp_binary,classification,gcse_by_age_19,0.07647435518206352
full,Digital and Technologies,lq_emp_binary,classification,early_years_comms,0.015984075880796794
full,Digital and Technologies,lq_emp_binary,classification,early_years_literacy,0.008489293487303842
full,Digital and Technologies,lq_emp_binary,classification,early_years_maths,0.028241592099040223
full,Digital and Technologies,lq_emp_binary,classification,apprenticeship_starts,0.03729240921350078
full,Digital and Technologies,lq_emp_binary,classification,apprenticeship_achievements,0.02538171489465092
full,Digital and Technologies,lq_emp_binary,classification,level_3+_qualifications,0.06536645653705807
full,Digital and Technologies,lq_emp_binary,classification,fe_and_skills_participation,0.06253268887239928
full,Digital and Technologies,lq_emp_binary,classification,smokers,0.008252593824388157
full,Digital and Technologies,lq_emp_binary,classification,reception_obesity,0.023088222740567755
full,Digital and Technologies,lq_emp_binary,classification,year_6_obesity,0.04366866016796808
full,Digital and Technologies,lq_emp_binary,classification,adult_obesity,0.03950250226771879
full,Digital and Technologies,lq_emp_binary,classification,cancer_diagnosis,0.042557554525074495
full,Digital and Technologies,lq_emp_binary,classification,under_75_mortality_rate,0.038090091049518646
full,Digital and Technologies,lq_emp_binary,classification,life_satisfaction,0.00914486733032491
full,Digital and Technologies,lq_emp_binary,classification,worthwhile,0.00620001745487389
full,Digital and Technologies,lq_emp_binary,classification,happiness,0.004620374821292841
full,Digital and Technologies,lq_emp_binary,classification,anxiety,0.005765133598400986
full,Digital and Technologies,lq_emp_binary,classification,net_additions,0.006854840865779192
full,Digital and Technologies,lq_emp_binary,classification,related_variety,0.00701120265798732
full,Digital and Technologies,lq_emp_binary,classification,size_large_share,0.16662068986756665
full,Digital and Technologies,lq_emp_binary,classification,size_micro_share,0.09511301418422943
full,Digital and Technologies,lq_emp_binary,classification,public_transport_to_employer,0.023413617617182903
full,Digital and Technologies,lq_emp_binary,classification,drive_to_employer,0.018474191413829836
full,Digital and Technologies,lq_emp_binary,classification,cycle_to_employer,0.024153885897775246
full,Digital and Technologies,lq_bus_binary,classification,new_enterprises,0.02680573859033818
full,Digital and Technologies,lq_bus_binary,classification,deaths_of_enterprises,0.037126269007694855
full,Digital and Technologies,lq_bus_binary,classification,active_enterprises,0.03011536122058375
full,Digital and Technologies,lq_bus_binary,classification,high_growth_enterprises,0.01799942250892078
full,Digital and Technologies,lq_bus_binary,classification,broadband_availability,0.025961849584373663
full,Digital and Technologies,lq_bus_binary,classification,4g_area_coverage,0.009869288829392864
full,Digital and Technologies,lq_bus_binary,classification,gcse_by_age_19,0.1044374492729404
full,Digital and Technologies,lq_bus_binary,classification,early_years_comms,0.00803206240756467
full,Digital and Technologies,lq_bus_binary,classification,early_years_literacy,0.0410347908649579
full,Digital and Technologies,lq_bus_binary,classification,early_years_maths,0.039072147191700345
full,Digital and Technologies,lq_bus_binary,classification,apprenticeship_starts,0.09747578862739255
full,Digital and Technologies,lq_bus_binary,classification,apprenticeship_achievements,0.09655833853060604
full,Digital and Technologies,lq_bus_binary,classification,level_3+_qualifications,0.08645718879996417
full,Digital and Technologies,lq_bus_binary,classification,fe_and_skills_participation,0.03529447413195295
full,Digital and Technologies,lq_bus_binary,classification,smokers,0.0033226887216037697
full,Digital and Technologies,lq_bus_binary,classification,reception_obesity,0.03612842192305223
full,Digital and Technologies,lq_bus_binary,classification,year_6_obesity,0.02128685655288714
full,Digital and Technologies,lq_bus_binary,classification,adult_obesity,0.06986700022589283
full,Digital and Technologies,lq_bus_binary,classification,cancer_diagnosis,0.02973812862669131
full,Digital and Technologies,lq_bus_binary,classification,under_75_mortality_rate,0.01869566321658055
full,Digital and Technologies,lq_bus_binary,classification,life_satisfaction,0.0024320165044268735
full,Digital and Technologies,lq_bus_binary,classification,worthwhile,0.0036513179327452333
full,Digital and Technologies,lq_bus_binary,classification,happiness,0.0025176066948061158
full,Digital and Technologies,lq_bus_binary,classification,anxiety,0.004543807742725184
full,Digital and Technologies,lq_bus_binary,classification,net_additions,0.002204579967176192
full,Digital and Technologies,lq_bus_binary,classification,related_variety,0.020763405954544557
full,Digital and Technologies,lq_bus_binary,classification,size_large_share,0.010977442887566568
full,Digital and Technologies,lq_bus_binary,classification,size_micro_share,0.0060616678644639255
full,Digital and Technologies,lq_bus_binary,classification,public_transport_to_employer,0.023864644909578306
full,Digital and Technologies,lq_bus_binary,classification,drive_to_employer,0.02674508983463409
full,Digital and Technologies,lq_bus_binary,classification,cycle_to_employer,0.06095949087224215
full,Digital and Technologies,cagr_emp_binary,classification,new_enterprises,0.027825993234994604
full,Digital and Technologies,cagr_emp_binary,classification,deaths_of_enterprises,0.04559761334877295
full,Digital and Technologies,cagr_emp_binary,classification,active_enterprises,0.039081341136534685
full,Digital and Technologies,cagr_emp_binary,classification,high_growth_enterprises,0.06435990974870413
full,Digital and Technologies,cagr_emp_binary,classification,broadband_availability,0.01742976207371908
full,Digital and Technologies,cagr_emp_binary,classification,4g_area_coverage,0.015393383492473163
full,Digital and Technologies,cagr_emp_binary,classification,gcse_by_age_19,0.0256213412796402
full,Digital and Technologies,cagr_emp_binary,classification,early_years_comms,0.031266197934231965
full,Digital and Technologies,cagr_emp_binary,classification,early_years_literacy,0.017871091906147586
full,Digital and Technologies,cagr_emp_binary,classification,early_years_maths,0.01823683572235446
full,Digital and Technologies,cagr_emp_binary,classification,apprenticeship_starts,0.016528822579446233
full,Digital and Technologies,cagr_emp_binary,classification,apprenticeship_achievements,0.022437819270109852
full,Digital and Technologies,cagr_emp_binary,classification,level_3+_qualifications,0.04592801028760192
full,Digital and Technologies,cagr_emp_binary,classification,fe_and_skills_participation,0.048940802748255206
full,Digital and Technologies,cagr_emp_binary,classification,smokers,0.02996645374824676
full,Digital and Technologies,cagr_emp_binary,classification,reception_obesity,0.01792346510837665
full,Digital and Technologies,cagr_emp_binary,classification,year_6_obesity,0.023862985367921627
full,Digital and Technologies,cagr_emp_binary,classification,adult_obesity,0.02704335166104012
full,Digital and Technologies,cagr_emp_binary,classification,cancer_diagnosis,0.04580061794358049
full,Digital and Technologies,cagr_emp_binary,classification,under_75_mortality_rate,0.020579305092988314
full,Digital and Technologies,cagr_emp_binary,classification,life_satisfaction,0.02425034147368657
full,Digital and Technologies,cagr_emp_binary,classification,worthwhile,0.02809238709707703
full,Digital and Technologies,cagr_emp_binary,classification,happiness,0.012836224876093342
full,Digital and Technologies,cagr_emp_binary,classification,anxiety,0.014027096044291998
full,Digital and Technologies,cagr_emp_binary,classification,net_additions,0.07355479350114655
full,Digital and Technologies,cagr_emp_binary,classification,related_variety,0.030292694075201
full,Digital and Technologies,cagr_emp_binary,classification,size_large_share,0.06948034237735354
full,Digital and Technologies,cagr_emp_binary,classification,size_micro_share,0.05942961826805103
full,Digital and Technologies,cagr_emp_binary,classification,public_transport_to_employer,0.024776849961129298
full,Digital and Technologies,cagr_emp_binary,classification,drive_to_employer,0.02327850811743871
full,Digital and Technologies,cagr_emp_binary,classification,cycle_to_employer,0.0382860405233909
full,Digital and Technologies,cagr_bus_binary,classification,new_enterprises,0.04946084461614144
full,Digital and Technologies,cagr_bus_binary,classification,deaths_of_enterprises,0.05189532482760221
full,Digital and Technologies,cagr_bus_binary,classification,active_enterprises,0.018332428041042632
full,Digital and Technologies,cagr_bus_binary,classification,high_growth_enterprises,0.04119032902915173
full,Digital and Technologies,cagr_bus_binary,classification,broadband_availability,0.022018500952048173
full,Digital and Technologies,cagr_bus_binary,classification,4g_area_coverage,0.010070250436601532
full,Digital and Technologies,cagr_bus_binary,classification,gcse_by_age_19,0.055205331267464935
full,Digital and Technologies,cagr_bus_binary,classification,early_years_comms,0.02361221546009342
full,Digital and Technologies,cagr_bus_binary,classification,early_years_literacy,0.01767281496502008
full,Digital and Technologies,cagr_bus_binary,classification,early_years_maths,0.03129655629756645
full,Digital and Technologies,cagr_bus_binary,classification,apprenticeship_starts,0.012024899230073363
full,Digital and Technologies,cagr_bus_binary,classification,apprenticeship_achievements,0.021752224021239202
full,Digital and Technologies,cagr_bus_binary,classification,level_3+_qualifications,0.019303103209337577
full,Digital and Technologies,cagr_bus_binary,classification,fe_and_skills_participation,0.02526895625820234
full,Digital and Technologies,cagr_bus_binary,classification,smokers,0.025800933586089404
full,Digital and Technologies,cagr_bus_binary,classification,reception_obesity,0.03285440319631865
full,Digital and Technologies,cagr_bus_binary,classification,year_6_obesity,0.044425136227725974
full,Digital and Technologies,cagr_bus_binary,classification,adult_obesity,0.016347545416542972
full,Digital and Technologies,cagr_bus_binary,classification,cancer_diagnosis,0.022998247099874008
full,Digital and Technologies,cagr_bus_binary,classification,under_75_mortality_rate,0.024009186136608775
full,Digital and Technologies,cagr_bus_binary,classification,life_satisfaction,0.019446785083263883
full,Digital and Technologies,cagr_bus_binary,classification,worthwhile,0.01417383870217345
full,Digital and Technologies,cagr_bus_binary,classification,happiness,0.047056808643800664
full,Digital and Technologies,cagr_bus_binary,classification,anxiety,0.01578263388255053
full,Digital and Technologies,cagr_bus_binary,classification,net_additions,0.043066994945342864
full,Digital and Technologies,cagr_bus_binary,classification,related_variety,0.14574032447996357
full,Digital and Technologies,cagr_bus_binary,classification,size_large_share,0.0010193129524826224
full,Digital and Technologies,cagr_bus_binary,classification,size_micro_share,0.06378009718695683
full,Digital and Technologies,cagr_bus_binary,classification,public_transport_to_employer,0.02906158369229524
full,Digital and Technologies,cagr_bus_binary,classification,drive_to_employer,0.02575577015044901
full,Digital and Technologies,cagr_bus_binary,classification,cycle_to_employer,0.02957662000597654
full,Financial Services,lq_emp,regression,new_enterprises,0.004790942181275805
full,Financial Services,lq_emp,regression,deaths_of_enterprises,0.009774175799200502
full,Financial Services,lq_emp,regression,active_enterprises,0.005509240492494459
full,Financial Services,lq_emp,regression,high_growth_enterprises,0.009509803415419286
full,Financial Services,lq_emp,regression,broadband_availability,0.012720555251747357
full,Financial Services,lq_emp,regression,4g_area_coverage,0.0019411026361377643
full,Financial Services,lq_emp,regression,gcse_by_age_19,0.016691415582026192
full,Financial Services,lq_emp,regression,early_years_comms,0.011162761229523853
full,Financial Services,lq_emp,regression,early_years_literacy,0.003958004338977231
full,Financial Services,lq_emp,regression,early_years_maths,0.010721641080542132
full,Financial Services,lq_emp,regression,apprenticeship_starts,0.0029906365617113862
full,Financial Services,lq_emp,regression,apprenticeship_achievements,0.0028258483011023867
full,Financial Services,lq_emp,regression,level_3+_qualifications,0.011990610885469181
full,Financial Services,lq_emp,regression,fe_and_skills_participation,0.0059056888193929485
full,Financial Services,lq_emp,regression,smokers,0.009023113177574203
full,Financial Services,lq_emp,regression,reception_obesity,0.002242997169301063
full,Financial Services,lq_emp,regression,year_6_obesity,0.002859929937557822
full,Financial Services,lq_emp,regression,adult_obesity,0.0018588126846023837
full,Financial Services,lq_emp,regression,cancer_diagnosis,0.005185802694548813
full,Financial Services,lq_emp,regression,under_75_mortality_rate,0.009593447654024529
full,Financial Services,lq_emp,regression,life_satisfaction,0.010945368818420674
full,Financial Services,lq_emp,regression,worthwhile,0.008770187244771138
full,Financial Services,lq_emp,regression,happiness,0.003120149788519692
full,Financial Services,lq_emp,regression,anxiety,0.00960096664050323
full,Financial Services,lq_emp,regression,net_additions,0.003540324137540034
full,Financial Services,lq_emp,regression,related_variety,0.045507184844143254
full,Financial Services,lq_emp,regression,size_large_share,0.7525876560888024
full,Financial Services,lq_emp,regression,size_micro_share,0.016035315116051944
full,Financial Services,lq_emp,regression,public_transport_to_employer,0.001808123267485659
full,Financial Services,lq_emp,regression,drive_to_employer,0.003471063282389466
full,Financial Services,lq_emp,regression,cycle_to_employer,0.00335713087874302
full,Financial Services,lq_bus,regression,new_enterprises,0.013142432623692387
full,Financial Services,lq_bus,regression,deaths_of_enterprises,0.018040072079369213
full,Financial Services,lq_bus,regression,active_enterprises,0.013131855447828952
full,Financial Services,lq_bus,regression,high_growth_enterprises,0.3366236482196493
full,Financial Services,lq_bus,regression,broadband_availability,0.06914924325872521
full,Financial Services,lq_bus,regression,4g_area_coverage,0.05108404980938687
full,Financial Services,lq_bus,regression,gcse_by_age_19,0.016631635797867705
full,Financial Services,lq_bus,regression,early_years_comms,0.04434002612044664
full,Financial Services,lq_bus,regression,early_years_literacy,0.01188085610045285
full,Financial Services,lq_bus,regression,early_years_maths,0.019718911627093653
full,Financial Services,lq_bus,regression,apprenticeship_starts,0.006458687202152567
full,Financial Services,lq_bus,regression,apprenticeship_achievements,0.005020422615105553
full,Financial Services,lq_bus,regression,level_3+_qualifications,0.01148255374778806
full,Financial Services,lq_bus,regression,fe_and_skills_participation,0.0029246699651870275
full,Financial Services,lq_bus,regression,smokers,0.0157164950527744
full,Financial Services,lq_bus,regression,reception_obesity,0.04224916074480341
full,Financial Services,lq_bus,regression,year_6_obesity,0.017933240595518027
full,Financial Services,lq_bus,regression,adult_obesity,0.03066895486985338
full,Financial Services,lq_bus,regression,cancer_diagnosis,0.0019904042648611854
full,Financial Services,lq_bus,regression,under_75_mortality_rate,0.0023207494328847853
full,Financial Services,lq_bus,regression,life_satisfaction,0.0006881587198689711
full,Financial Services,lq_bus,regression,worthwhile,0.0039792990358131775
full,Financial Services,lq_bus,regression,happiness,0.004867674716929009
full,Financial Services,lq_bus,regression,anxiety,0.009163977790745372
full,Financial Services,lq_bus,regression,net_additions,0.0021455776615117725
full,Financial Services,lq_bus,regression,related_variety,0.15951461649040374
full,Financial Services,lq_bus,regression,size_large_share,0.04813656517837199
full,Financial Services,lq_bus,regression,size_micro_share,0.010432135071763956
full,Financial Services,lq_bus,regression,public_transport_to_employer,0.007481343082591184
full,Financial Services,lq_bus,regression,drive_to_employer,0.004530236676569118
full,Financial Services,lq_bus,regression,cycle_to_employer,0.018552345999990373
full,Financial Services,cagr_emp,regression,new_enterprises,0.009743370927120349
full,Financial Services,cagr_emp,regression,deaths_of_enterprises,0.02058875232646323
full,Financial Services,cagr_emp,regression,active_enterprises,0.018867063132857454
full,Financial Services,cagr_emp,regression,high_growth_enterprises,0.010495505403128864
full,Financial Services,cagr_emp,regression,broadband_availability,0.02358392332178307
full,Financial Services,cagr_emp,regression,4g_area_coverage,0.06561932227599361
full,Financial Services,cagr_emp,regression,gcse_by_age_19,0.04009215581445062
full,Financial Services,cagr_emp,regression,early_years_comms,0.044080131960424665
full,Financial Services,cagr_emp,regression,early_years_literacy,0.013119788453617852
full,Financial Services,cagr_emp,regression,early_years_maths,0.039787714775590836
full,Financial Services,cagr_emp,regression,apprenticeship_starts,0.04295726644521849
full,Financial Services,cagr_emp,regression,apprenticeship_achievements,0.023977103528708982
full,Financial Services,cagr_emp,regression,level_3+_qualifications,0.0329845399220205
full,Financial Services,cagr_emp,regression,fe_and_skills_participation,0.02020143801049381
full,Financial Services,cagr_emp,regression,smokers,0.012902087707301065
full,Financial Services,cagr_emp,regression,reception_obesity,0.061374074144541664
full,Financial Services,cagr_emp,regression,year_6_obesity,0.05134980019153671
full,Financial Services,cagr_emp,regression,adult_obesity,0.050513330604486574
full,Financial Services,cagr_emp,regression,cancer_diagnosis,0.03328030518951648
full,Financial Services,cagr_emp,regression,under_75_mortality_rate,0.02576381528013998
full,Financial Services,cagr_emp,regression,life_satisfaction,0.015863431870634964
full,Financial Services,cagr_emp,regression,worthwhile,0.023809382083452433
full,Financial Services,cagr_emp,regression,happiness,0.020306710010886735
full,Financial Services,cagr_emp,regression,anxiety,0.0785390197180748
full,Financial Services,cagr_emp,regression,net_additions,0.05474684602441353
full,Financial Services,cagr_emp,regression,related_variety,0.023590879298319666
full,Financial Services,cagr_emp,regression,size_large_share,0.0012612503153633615
full,Financial Services,cagr_emp,regression,size_micro_share,0.015487681850818056
full,Financial Services,cagr_emp,regression,public_transport_to_employer,0.022803537209869194
full,Financial Services,cagr_emp,regression,drive_to_employer,0.058344910281367825
full,Financial Services,cagr_emp,regression,cycle_to_employer,0.043964861921404676
full,Financial Services,cagr_bus,regression,new_enterprises,0.015648589832483475
full,Financial Services,cagr_bus,regression,deaths_of_enterprises,0.02740280305398777
full,Financial Services,cagr_bus,regression,active_enterprises,0.01442167534374008
full,Financial Services,cagr_bus,regression,high_growth_enterprises,0.021315618427986124
full,Financial Services,cagr_bus,regression,broadband_availability,0.013259857484380135
full,Financial Services,cagr_bus,regression,4g_area_coverage,0.08790913058337976
full,Financial Services,cagr_bus,regression,gcse_by_age_19,0.03750476207822867
full,Financial Services,cagr_bus,regression,early_years_comms,0.015699924242340787
full,Financial Services,cagr_bus,regression,early_years_literacy,0.013414667124222925
full,Financial Services,cagr_bus,regression,early_years_maths,0.021371386696748935
full,Financial Services,cagr_bus,regression,apprenticeship_starts,0.013294932800436669
full,Financial Services,cagr_bus,regression,apprenticeship_achievements,0.03157495653167571
full,Financial Services,cagr_bus,regression,level_3+_qualifications,0.0070510419539269375
full,Financial Services,cagr_bus,regression,fe_and_skills_participation,0.021272534980387642
full,Financial Services,cagr_bus,regression,smokers,0.021391075327854253
full,Financial Services,cagr_bus,regression,reception_obesity,0.03215571404566938
full,Financial Services,cagr_bus,regression,year_6_obesity,0.01649544557465901
full,Financial Services,cagr_bus,regression,adult_obesity,0.017206376614834564
full,Financial Services,cagr_bus,regression,cancer_diagnosis,0.014043354705748815
full,Financial Services,cagr_bus,regression,under_75_mortality_rate,0.04509073304025807
full,Financial Services,cagr_bus,regression,life_satisfaction,0.007250294409570742
full,Financial Services,cagr_bus,regression,worthwhile,0.020542396161773255
full,Financial Services,cagr_bus,regression,happiness,0.008086582413496838
full,Financial Services,cagr_bus,regression,anxiety,0.03858093154200677
full,Financial Services,cagr_bus,regression,net_additions,0.0915974000170981
full,Financial Services,cagr_bus,regression,related_variety,0.18626436813172983
full,Financial Services,cagr_bus,regression,size_large_share,0.0
full,Financial Services,cagr_bus,regression,size_micro_share,0.11877700494014479
full,Financial Services,cagr_bus,regression,public_transport_to_employer,0.01669739046071481
full,Financial Services,cagr_bus,regression,drive_to_employer,0.006421286937290199
full,Financial Services,cagr_bus,regression,cycle_to_employer,0.018257764543224905
full,Financial Services,lq_emp_binary,classification,new_enterprises,0.048200878463178706
full,Financial Services,lq_emp_binary,classification,deaths_of_enterprises,0.04051374838009027
full,Financial Services,lq_emp_binary,classification,active_enterprises,0.03796044499281848
full,Financial Services,lq_emp_binary,classification,high_growth_enterprises,0.06509658050108723
full,Financial Services,lq_emp_binary,classification,broadband_availability,0.013432422693533628
full,Financial Services,lq_emp_binary,classification,4g_area_coverage,0.006778157517633834
full,Financial Services,lq_emp_binary,classification,gcse_by_age_19,0.01383437718716316
full,Financial Services,lq_emp_binary,classification,early_years_comms,0.019124169239790677
full,Financial Services,lq_emp_binary,classification,early_years_literacy,0.01893368181161275
full,Financial Services,lq_emp_binary,classification,early_years_maths,0.02591365613128073
full,Financial Services,lq_emp_binary,classification,apprenticeship_starts,0.022033324072007955
full,Financial Services,lq_emp_binary,classification,apprenticeship_achievements,0.012988859818063282
full,Financial Services,lq_emp_binary,classification,level_3+_qualifications,0.0204850132208721
full,Financial Services,lq_emp_binary,classification,fe_and_skills_participation,0.014609619822232025
full,Financial Services,lq_emp_binary,classification,smokers,0.012684052204043304
full,Financial Services,lq_emp_binary,classification,reception_obesity,0.019500503371326947
full,Financial Services,lq_emp_binary,classification,year_6_obesity,0.024156161312059717
full,Financial Services,lq_emp_binary,classification,adult_obesity,0.020428072679865322
full,Financial Services,lq_emp_binary,classification,cancer_diagnosis,0.024317945469469908
full,Financial Services,lq_emp_binary,classification,under_75_mortality_rate,0.01087691233553203
full,Financial Services,lq_emp_binary,classification,life_satisfaction,0.010967811647344521
full,Financial Services,lq_emp_binary,classification,worthwhile,0.010152001295395972
full,Financial Services,lq_emp_binary,classification,happiness,0.0167439175157944
full,Financial Services,lq_emp_binary,classification,anxiety,0.01823498114357497
full,Financial Services,lq_emp_binary,classification,net_additions,0.004974250747862619
full,Financial Services,lq_emp_binary,classification,related_variety,0.04780444594492016
full,Financial Services,lq_emp_binary,classification,size_large_share,0.2467554605767396
full,Financial Services,lq_emp_binary,classification,size_micro_share,0.12985196242409514
full,Financial Services,lq_emp_binary,classification,public_transport_to_employer,0.012581125205025561
full,Financial Services,lq_emp_binary,classification,drive_to_employer,0.010386663404064965
full,Financial Services,lq_emp_binary,classification,cycle_to_employer,0.01967879887152011
full,Financial Services,lq_bus_binary,classification,new_enterprises,0.0258837854654885
full,Financial Services,lq_bus_binary,classification,deaths_of_enterprises,0.02216615793200406
full,Financial Services,lq_bus_binary,classification,active_enterprises,0.0246511052868483
full,Financial Services,lq_bus_binary,classification,high_growth_enterprises,0.11062607827018209
full,Financial Services,lq_bus_binary,classification,broadband_availability,0.03942529904792148
full,Financial Services,lq_bus_binary,classification,4g_area_coverage,0.013383798426414746
full,Financial Services,lq_bus_binary,classification,gcse_by_age_19,0.026902668441473373
full,Financial Services,lq_bus_binary,classification,early_years_comms,0.011513020505350444
full,Financial Services,lq_bus_binary,classification,early_years_literacy,0.01806181948249171
full,Financial Services,lq_bus_binary,classification,early_years_maths,0.019373508510654606
full,Financial Services,lq_bus_binary,classification,apprenticeship_starts,0.019480732823417862
full,Financial Services,lq_bus_binary,classification,apprenticeship_achievements,0.03943584285593959
full,Financial Services,lq_bus_binary,classification,level_3+_qualifications,0.022269849422298423
full,Financial Services,lq_bus_binary,classification,fe_and_skills_participation,0.02217468267270317
full,Financial Services,lq_bus_binary,classification,smokers,0.018023587588202848
full,Financial Services,lq_bus_binary,classification,reception_obesity,0.03267139428956014
full,Financial Services,lq_bus_binary,classification,year_6_obesity,0.0387934641749113
full,Financial Services,lq_bus_binary,classification,adult_obesity,0.018780729819702052
full,Financial Services,lq_bus_binary,classification,cancer_diagnosis,0.012135152945873463
full,Financial Services,lq_bus_binary,classification,under_75_mortality_rate,0.010827412358107198
full,Financial Services,lq_bus_binary,classification,life_satisfaction,0.012824692132747976
full,Financial Services,lq_bus_binary,classification,worthwhile,0.008976796477178507
full,Financial Services,lq_bus_binary,classification,happiness,0.013888063569545563
full,Financial Services,lq_bus_binary,classification,anxiety,0.02185694049861455
full,Financial Services,lq_bus_binary,classification,net_additions,0.01078331843425706
full,Financial Services,lq_bus_binary,classification,related_variety,0.098557801258546
full,Financial Services,lq_bus_binary,classification,size_large_share,0.10115495186171967
full,Financial Services,lq_bus_binary,classification,size_micro_share,0.04662954217840683
full,Financial Services,lq_bus_binary,classification,public_transport_to_employer,0.026144498100104753
full,Financial Services,lq_bus_binary,classification,drive_to_employer,0.045162920416605926
full,Financial Services,lq_bus_binary,classification,cycle_to_employer,0.06744038475272786
full,Financial Services,cagr_emp_binary,classification,new_enterprises,0.025420123836938414
full,Financial Services,cagr_emp_binary,classification,deaths_of_enterprises,0.026799286307338126
full,Financial Services,cagr_emp_binary,classification,active_enterprises,0.03279190215090013
full,Financial Services,cagr_emp_binary,classification,high_growth_enterprises,0.037791391294877366
full,Financial Services,cagr_emp_binary,classification,broadband_availability,0.026526163966516973
full,Financial Services,cagr_emp_binary,classification,4g_area_coverage,0.020212075489620528
full,Financial Services,cagr_emp_binary,classification,gcse_by_age_19,0.018195306774764816
full,Financial Services,cagr_emp_binary,classification,early_years_comms,0.029436548018408688
full,Financial Services,cagr_emp_binary,classification,early_years_literacy,0.029255193567157424
full,Financial Services,cagr_emp_binary,classification,early_years_maths,0.03261465071855365
full,Financial Services,cagr_emp_binary,classification,apprenticeship_starts,0.033878933817800355
full,Financial Services,cagr_emp_binary,classification,apprenticeship_achievements,0.039373248617040855
full,Financial Services,cagr_emp_binary,classification,level_3+_qualifications,0.04422426865606337
full,Financial Services,cagr_emp_binary,classification,fe_and_skills_participation,0.04320214472522009
full,Financial Services,cagr_emp_binary,classification,smokers,0.03461242666887711
full,Financial Services,cagr_emp_binary,classification,reception_obesity,0.025037135455108998
full,Financial Services,cagr_emp_binary,classification,year_6_obesity,0.03359970955548675
full,Financial Services,cagr_emp_binary,classification,adult_obesity,0.051020763515377106
full,Financial Services,cagr_emp_binary,classification,cancer_diagnosis,0.1039178976122346
full,Financial Services,cagr_emp_binary,classification,under_75_mortality_rate,0.03099332293933088
full,Financial Services,cagr_emp_binary,classification,life_satisfaction,0.01088629145381512
full,Financial Services,cagr_emp_binary,classification,worthwhile,0.023733047695494305
full,Financial Services,cagr_emp_binary,classification,happiness,0.015293284518476393
full,Financial Services,cagr_emp_binary,classification,anxiety,0.016903818241119466
full,Financial Services,cagr_emp_binary,classification,net_additions,0.03694390231829442
full,Financial Services,cagr_emp_binary,classification,related_variety,0.03459197718415688
full,Financial Services,cagr_emp_binary,classification,size_large_share,0.013652445525937466
full,Financial Services,cagr_emp_binary,classification,size_micro_share,0.03938902970290783
full,Financial Services,cagr_emp_binary,classification,public_transport_to_employer,0.02795067494346683
full,Financial Services,cagr_emp_binary,classification,drive_to_employer,0.035655537774633185
full,Financial Services,cagr_emp_binary,classification,cycle_to_employer,0.026097496954081895
full,Financial Services,cagr_bus_binary,classification,new_enterprises,0.03200992075266977
full,Financial Services,cagr_bus_binary,classification,deaths_of_enterprises,0.03626266491441319
full,Financial Services,cagr_bus_binary,classification,active_enterprises,0.023340707716044296
full,Financial Services,cagr_bus_binary,classification,high_growth_enterprises,0.021585906947982337
full,Financial Services,cagr_bus_binary,classification,broadband_availability,0.02122543364016859
full,Financial Services,cagr_bus_binary,classification,4g_area_coverage,0.07247045499492949
full,Financial Services,cagr_bus_binary,classification,gcse_by_age_19,0.03197851837247604
full,Financial Services,cagr_bus_binary,classification,early_years_comms,0.020927578315188003
full,Financial Services,cagr_bus_binary,classification,early_years_literacy,0.024900320567646704
full,Financial Services,cagr_bus_binary,classification,early_years_maths,0.021388088505507986
full,Financial Services,cagr_bus_binary,classification,apprenticeship_starts,0.04545676589836345
full,Financial Services,cagr_bus_binary,classification,apprenticeship_achievements,0.03589072586718919
full,Financial Services,cagr_bus_binary,classification,level_3+_qualifications,0.019528281271176142
full,Financial Services,cagr_bus_binary,classification,fe_and_skills_participation,0.040815637025055224
full,Financial Services,cagr_bus_binary,classification,smokers,0.027329833709687515
full,Financial Services,cagr_bus_binary,classification,reception_obesity,0.06571033286126536
full,Financial Services,cagr_bus_binary,classification,year_6_obesity,0.05580884065427539
full,Financial Services,cagr_bus_binary,classification,adult_obesity,0.02824770620723729
full,Financial Services,cagr_bus_binary,classification,cancer_diagnosis,0.02252802646413263
full,Financial Services,cagr_bus_binary,classification,under_75_mortality_rate,0.07948492108230545
full,Financial Services,cagr_bus_binary,classification,life_satisfaction,0.016531229815466102
full,Financial Services,cagr_bus_binary,classification,worthwhile,0.01355535476256145
full,Financial Services,cagr_bus_binary,classification,happiness,0.017868268676202385
full,Financial Services,cagr_bus_binary,classification,anxiety,0.02537372368692586
full,Financial Services,cagr_bus_binary,classification,net_additions,0.017088700326675192
full,Financial Services,cagr_bus_binary,classification,related_variety,0.02095091830364676
full,Financial Services,cagr_bus_binary,classification,size_large_share,0.007367824144897699
full,Financial Services,cagr_bus_binary,classification,size_micro_share,0.06051528115004452
full,Financial Services,cagr_bus_binary,classification,public_transport_to_employer,0.035561208982222536
full,Financial Services,cagr_bus_binary,classification,drive_to_employer,0.023309820995384502
full,Financial Services,cagr_bus_binary,classification,cycle_to_employer,0.03498700338825912
full,Life Sciences,lq_emp,regression,new_enterprises,0.0254942206608245
full,Life Sciences,lq_emp,regression,deaths_of_enterprises,0.018925967351570646
full,Life Sciences,lq_emp,regression,active_enterprises,0.025296887168624296
full,Life Sciences,lq_emp,regression,high_growth_enterprises,0.006550986548266191
full,Life Sciences,lq_emp,regression,broadband_availability,0.0882984364898468
full,Life Sciences,lq_emp,regression,4g_area_coverage,0.06730894039191922
full,Life Sciences,lq_emp,regression,gcse_by_age_19,0.02623684917928274
full,Life Sciences,lq_emp,regression,early_years_comms,0.0033619673010260465
full,Life Sciences,lq_emp,regression,early_years_literacy,0.007183417431173163
full,Life Sciences,lq_emp,regression,early_years_maths,0.0044254452657492395
full,Life Sciences,lq_emp,regression,apprenticeship_starts,0.01879475797415891
full,Life Sciences,lq_emp,regression,apprenticeship_achievements,0.003381895140949512
full,Life Sciences,lq_emp,regression,level_3+_qualifications,0.10897472683251065
full,Life Sciences,lq_emp,regression,fe_and_skills_participation,0.09922424833750332
full,Life Sciences,lq_emp,regression,smokers,0.01075746080809544
full,Life Sciences,lq_emp,regression,reception_obesity,0.031054375509463057
full,Life Sciences,lq_emp,regression,year_6_obesity,0.030782951125500117
full,Life Sciences,lq_emp,regression,adult_obesity,0.013729578688778476
full,Life Sciences,lq_emp,regression,cancer_diagnosis,0.035611056233720226
full,Life Sciences,lq_emp,regression,under_75_mortality_rate,0.0675165450203562
full,Life Sciences,lq_emp,regression,life_satisfaction,0.028903987834408194
full,Life Sciences,lq_emp,regression,worthwhile,0.042238934219962825
full,Life Sciences,lq_emp,regression,happiness,0.013497932569045811
full,Life Sciences,lq_emp,regression,anxiety,0.048723754724963306
full,Life Sciences,lq_emp,regression,net_additions,0.010520673376175366
full,Life Sciences,lq_emp,regression,related_variety,0.012334016376845272
full,Life Sciences,lq_emp,regression,size_large_share,0.0
full,Life Sciences,lq_emp,regression,size_micro_share,0.11903135397252092
full,Life Sciences,lq_emp,regression,public_transport_to_employer,0.012827109594720582
full,Life Sciences,lq_emp,regression,drive_to_employer,0.010849819618147297
full,Life Sciences,lq_emp,regression,cycle_to_employer,0.00816170425389178
full,Life Sciences,lq_bus,regression,new_enterprises,0.05876446429309781
full,Life Sciences,lq_bus,regression,deaths_of_enterprises,0.08479350612072588
full,Life Sciences,lq_bus,regression,active_enterprises,0.04313982112258544
full,Life Sciences,lq_bus,regression,high_growth_enterprises,0.002664067008089991
full,Life Sciences,lq_bus,regression,broadband_availability,0.005991307572654268
full,Life Sciences,lq_bus,regression,4g_area_coverage,0.00018003595555566922
full,Life Sciences,lq_bus,regression,gcse_by_age_19,0.0011168719780933287
full,Life Sciences,lq_bus,regression,early_years_comms,0.0064705732532005945
full,Life Sciences,lq_bus,regression,early_years_literacy,0.00022641536904467795
full,Life Sciences,lq_bus,regression,early_years_maths,0.00018177354568993937
full,Life Sciences,lq_bus,regression,apprenticeship_starts,0.003717902889097396
full,Life Sciences,lq_bus,regression,apprenticeship_achievements,0.003105201874492695
full,Life Sciences,lq_bus,regression,level_3+_qualifications,0.04231096123183548
full,Life Sciences,lq_bus,regression,fe_and_skills_participation,0.24777699099205935
full,Life Sciences,lq_bus,regression,smokers,0.0006028274021040517
full,Life Sciences,lq_bus,regression,reception_obesity,0.005605543469588476
full,Life Sciences,lq_bus,regression,year_6_obesity,0.001565100978211672
full,Life Sciences,lq_bus,regression,adult_obesity,0.0020018741063078127
full,Life Sciences,lq_bus,regression,cancer_diagnosis,0.00033618429137316627
full,Life Sciences,lq_bus,regression,under_75_mortality_rate,0.008757400778665084
full,Life Sciences,lq_bus,regression,life_satisfaction,0.001497686601018158
full,Life Sciences,lq_bus,regression,worthwhile,0.02284835320913208
full,Life Sciences,lq_bus,regression,happiness,0.002704377473232866
full,Life Sciences,lq_bus,regression,anxiety,0.011810552392833375
full,Life Sciences,lq_bus,regression,net_additions,0.0014494593822383206
full,Life Sciences,lq_bus,regression,related_variety,0.2987213430513302
full,Life Sciences,lq_bus,regression,size_large_share,0.0
full,Life Sciences,lq_bus,regression,size_micro_share,0.13171011372588806
full,Life Sciences,lq_bus,regression,public_transport_to_employer,0.00029302714905658854
full,Life Sciences,lq_bus,regression,drive_to_employer,0.004117463094403331
full,Life Sciences,lq_bus,regression,cycle_to_employer,0.005538799688394426
full,Life Sciences,cagr_emp,regression,new_enterprises,0.09935354852463321
full,Life Sciences,cagr_emp,regression,deaths_of_enterprises,0.06068193075497527
full,Life Sciences,cagr_emp,regression,active_enterprises,0.03674980420449177
full,Life Sciences,cagr_emp,regression,high_growth_enterprises,0.021839611725856075
full,Life Sciences,cagr_emp,regression,broadband_availability,0.03322116358989311
full,Life Sciences,cagr_emp,regression,4g_area_coverage,0.005664226470616736
full,Life Sciences,cagr_emp,regression,gcse_by_age_19,0.006161850685828523
full,Life Sciences,cagr_emp,regression,early_years_comms,0.028491982274297018
full,Life Sciences,cagr_emp,regression,early_years_literacy,0.004497877867747914
full,Life Sciences,cagr_emp,regression,early_years_maths,0.008747592863157131
full,Life Sciences,cagr_emp,regression,apprenticeship_starts,0.010120183503355085
full,Life Sciences,cagr_emp,regression,apprenticeship_achievements,0.0021584040946845337
full,Life Sciences,cagr_emp,regression,level_3+_qualifications,0.18093648212504873
full,Life Sciences,cagr_emp,regression,fe_and_skills_participation,0.01900152754045009
full,Life Sciences,cagr_emp,regression,smokers,0.02183367915683316
full,Life Sciences,cagr_emp,regression,reception_obesity,0.017864913227725876
full,Life Sciences,cagr_emp,regression,year_6_obesity,0.018170416146917754
full,Life Sciences,cagr_emp,regression,adult_obesity,0.0027160779239964686
full,Life Sciences,cagr_emp,regression,cancer_diagnosis,0.02755850353030601
full,Life Sciences,cagr_emp,regression,under_75_mortality_rate,0.0023274525191553964
full,Life Sciences,cagr_emp,regression,life_satisfaction,0.11020554261876334
full,Life Sciences,cagr_emp,regression,worthwhile,0.16065203334603304
full,Life Sciences,cagr_emp,regression,happiness,0.03107512075719751
full,Life Sciences,cagr_emp,regression,anxiety,0.07649875792239096
full,Life Sciences,cagr_emp,regression,net_additions,0.005607909357243235
full,Life Sciences,cagr_emp,regression,related_variety,0.0
full,Life Sciences,cagr_emp,regression,size_large_share,0.0
full,Life Sciences,cagr_emp,regression,size_micro_share,0.0
full,Life Sciences,cagr_emp,regression,public_transport_to_employer,0.0029276529276629788
full,Life Sciences,cagr_emp,regression,drive_to_employer,0.004091229716116182
full,Life Sciences,cagr_emp,regression,cycle_to_employer,0.0008445246246230638
full,Life Sciences,cagr_bus,regression,new_enterprises,0.07245216595160692
full,Life Sciences,cagr_bus,regression,deaths_of_enterprises,0.046635455449989385
full,Life Sciences,cagr_bus,regression,active_enterprises,0.051118350135628446
full,Life Sciences,cagr_bus,regression,high_growth_enterprises,0.05058926125350444
full,Life Sciences,cagr_bus,regression,broadband_availability,0.04067491126901647
full,Life Sciences,cagr_bus,regression,4g_area_coverage,0.014860398776249728
full,Life Sciences,cagr_bus,regression,gcse_by_age_19,0.009208137565083605
full,Life Sciences,cagr_bus,regression,early_years_comms,0.02116151312986422
full,Life Sciences,cagr_bus,regression,early_years_literacy,0.0167944421712364
full,Life Sciences,cagr_bus,regression,early_years_maths,0.008142825777485764
full,Life Sciences,cagr_bus,regression,apprenticeship_starts,0.011289299950681795
full,Life Sciences,cagr_bus,regression,apprenticeship_achievements,0.028642097372673203
full,Life Sciences,cagr_bus,regression,level_3+_qualifications,0.02746723612229224
full,Life Sciences,cagr_bus,regression,fe_and_skills_participation,0.010098521479966604
full,Life Sciences,cagr_bus,regression,smokers,0.011138728674893501
full,Life Sciences,cagr_bus,regression,reception_obesity,0.012907833165055728
full,Life Sciences,cagr_bus,regression,year_6_obesity,0.006563203147967631
full,Life Sciences,cagr_bus,regression,adult_obesity,0.022824687877746833
full,Life Sciences,cagr_bus,regression,cancer_diagnosis,0.01521084431833887
full,Life Sciences,cagr_bus,regression,under_75_mortality_rate,0.024804404864549955
full,Life Sciences,cagr_bus,regression,life_satisfaction,0.015133026169368862
full,Life Sciences,cagr_bus,regression,worthwhile,0.083185538549963
full,Life Sciences,cagr_bus,regression,happiness,0.0252395985119285
full,Life Sciences,cagr_bus,regression,anxiety,0.021770007614302957
full,Life Sciences,cagr_bus,regression,net_additions,0.006524199422781989
full,Life Sciences,cagr_bus,regression,related_variety,0.28660991764104216
full,Life Sciences,cagr_bus,regression,size_large_share,0.0
full,Life Sciences,cagr_bus,regression,size_micro_share,0.0001092804820285748
full,Life Sciences,cagr_bus,regression,public_transport_to_employer,0.011174720115986227
full,Life Sciences,cagr_bus,regression,drive_to_employer,0.014961144164370103
full,Life Sciences,cagr_bus,regression,cycle_to_employer,0.032708248874395836
full,Life Sciences,lq_emp_binary,classification,new_enterprises,0.0413898705541651
full,Life Sciences,lq_emp_binary,classification,deaths_of_enterprises,0.050019018912628554
full,Life Sciences,lq_emp_binary,classification,active_enterprises,0.04279188490716011
full,Life Sciences,lq_emp_binary,classification,high_growth_enterprises,0.01678257088048761
full,Life Sciences,lq_emp_binary,classification,broadband_availability,0.031845771531877495
full,Life Sciences,lq_emp_binary,classification,4g_area_coverage,0.03777376121874965
full,Life Sciences,lq_emp_binary,classification,gcse_by_age_19,0.025467650732831235
full,Life Sciences,lq_emp_binary,classification,early_years_comms,0.020142558489771388
full,Life Sciences,lq_emp_binary,classification,early_years_literacy,0.014518478629636756
full,Life Sciences,lq_emp_binary,classification,early_years_maths,0.024936357682188645
full,Life Sciences,lq_emp_binary,classification,apprenticeship_starts,0.04352379385487721
full,Life Sciences,lq_emp_binary,classification,apprenticeship_achievements,0.028209791558742703
full,Life Sciences,lq_emp_binary,classification,level_3+_qualifications,0.037412732271916445
full,Life Sciences,lq_emp_binary,classification,fe_and_skills_participation,0.05972153958200303
full,Life Sciences,lq_emp_binary,classification,smokers,0.03453340778695088
full,Life Sciences,lq_emp_binary,classification,reception_obesity,0.038745173230527896
full,Life Sciences,lq_emp_binary,classification,year_6_obesity,0.05209149116025756
full,Life Sciences,lq_emp_binary,classification,adult_obesity,0.024055722427626224
full,Life Sciences,lq_emp_binary,classification,cancer_diagnosis,0.02261807165743789
full,Life Sciences,lq_emp_binary,classification,under_75_mortality_rate,0.03176138500387396
full,Life Sciences,lq_emp_binary,classification,life_satisfaction,0.04296524248389006
full,Life Sciences,lq_emp_binary,classification,worthwhile,0.027845644219331573
full,Life Sciences,lq_emp_binary,classification,happiness,0.02884959697546694
full,Life Sciences,lq_emp_binary,classification,anxiety,0.045077738783622305
full,Life Sciences,lq_emp_binary,classification,net_additions,0.01557399958588767
full,Life Sciences,lq_emp_binary,classification,related_variety,0.01868604298430923
full,Life Sciences,lq_emp_binary,classification,size_large_share,0.0
full,Life Sciences,lq_emp_binary,classification,size_micro_share,0.08319090178832576
full,Life Sciences,lq_emp_binary,classification,public_transport_to_employer,0.022021311780774523
full,Life Sciences,lq_emp_binary,classification,drive_to_employer,0.019928293072345674
full,Life Sciences,lq_emp_binary,classification,cycle_to_employer,0.017520196252335914
full,Life Sciences,lq_bus_binary,classification,new_enterprises,0.021470046900763342
full,Life Sciences,lq_bus_binary,classification,deaths_of_enterprises,0.031175262863771272
full,Life Sciences,lq_bus_binary,classification,active_enterprises,0.028883785432336488
full,Life Sciences,lq_bus_binary,classification,high_growth_enterprises,0.04849959335378521
full,Life Sciences,lq_bus_binary,classification,broadband_availability,0.0122753648396166
full,Life Sciences,lq_bus_binary,classification,4g_area_coverage,0.00977538193705865
full,Life Sciences,lq_bus_binary,classification,gcse_by_age_19,0.014065266038864965
full,Life Sciences,lq_bus_binary,classification,early_years_comms,0.014006541774426003
full,Life Sciences,lq_bus_binary,classification,early_years_literacy,0.010659999279681844
full,Life Sciences,lq_bus_binary,classification,early_years_maths,0.007316511398315118
full,Life Sciences,lq_bus_binary,classification,apprenticeship_starts,0.042945125839477453
full,Life Sciences,lq_bus_binary,classification,apprenticeship_achievements,0.017715200412813516
full,Life Sciences,lq_bus_binary,classification,level_3+_qualifications,0.06092900216107546
full,Life Sciences,lq_bus_binary,classification,fe_and_skills_participation,0.04922681488452283
full,Life Sciences,lq_bus_binary,classification,smokers,0.012944784028853731
full,Life Sciences,lq_bus_binary,classification,reception_obesity,0.02230568346265254
full,Life Sciences,lq_bus_binary,classification,year_6_obesity,0.016253735554525084
full,Life Sciences,lq_bus_binary,classification,adult_obesity,0.01375525236089251
full,Life Sciences,lq_bus_binary,classification,cancer_diagnosis,0.014537975332028873
full,Life Sciences,lq_bus_binary,classification,under_75_mortality_rate,0.01689661434147684
full,Life Sciences,lq_bus_binary,classification,life_satisfaction,0.008427681216827224
full,Life Sciences,lq_bus_binary,classification,worthwhile,0.014097214425618034
full,Life Sciences,lq_bus_binary,classification,happiness,0.00924438194778732
full,Life Sciences,lq_bus_binary,classification,anxiety,0.015267517250024426
full,Life Sciences,lq_bus_binary,classification,net_additions,0.011931783705800036
full,Life Sciences,lq_bus_binary,classification,related_variety,0.2527312151127847
full,Life Sciences,lq_bus_binary,classification,size_large_share,0.0
full,Life Sciences,lq_bus_binary,classification,size_micro_share,0.1831684857296538
full,Life Sciences,lq_bus_binary,classification,public_transport_to_employer,0.010112901672061133
full,Life Sciences,lq_bus_binary,classification,drive_to_employer,0.01010518385953253
full,Life Sciences,lq_bus_binary,classification,cycle_to_employer,0.019275692882972546
full,Life Sciences,cagr_emp_binary,classification,new_enterprises,0.0316270395494131
full,Life Sciences,cagr_emp_binary,classification,deaths_of_enterprises,0.045219106930977915
full,Life Sciences,cagr_emp_binary,classification,active_enterprises,0.03851023321842697
full,Life Sciences,cagr_emp_binary,classification,high_growth_enterprises,0.04217630804053628
full,Life Sciences,cagr_emp_binary,classification,broadband_availability,0.025615076929454497
full,Life Sciences,cagr_emp_binary,classification,4g_area_coverage,0.018028037669896895
full,Life Sciences,cagr_emp_binary,classification,gcse_by_age_19,0.04183873315284055
full,Life Sciences,cagr_emp_binary,classification,early_years_comms,0.013294508456190223
full,Life Sciences,cagr_emp_binary,classification,early_years_literacy,0.016803819214437334
full,Life Sciences,cagr_emp_binary,classification,early_years_maths,0.02691944810666545
full,Life Sciences,cagr_emp_binary,classification,apprenticeship_starts,0.0358013990580636
full,Life Sciences,cagr_emp_binary,classification,apprenticeship_achievements,0.039518514915888425
full,Life Sciences,cagr_emp_binary,classification,level_3+_qualifications,0.09073336848873717
full,Life Sciences,cagr_emp_binary,classification,fe_and_skills_participation,0.06738798310978796
full,Life Sciences,cagr_emp_binary,classification,smokers,0.033311239027567434
full,Life Sciences,cagr_emp_binary,classification,reception_obesity,0.03453345218913268
full,Life Sciences,cagr_emp_binary,classification,year_6_obesity,0.028642196354937068
full,Life Sciences,cagr_emp_binary,classification,adult_obesity,0.038562235251386426
full,Life Sciences,cagr_emp_binary,classification,cancer_diagnosis,0.01867952108440842
full,Life Sciences,cagr_emp_binary,classification,under_75_mortality_rate,0.03465909114566831
full,Life Sciences,cagr_emp_binary,classification,life_satisfaction,0.038315534189623454
full,Life Sciences,cagr_emp_binary,classification,worthwhile,0.016617788321851585
full,Life Sciences,cagr_emp_binary,classification,happiness,0.02248291070528518
full,Life Sciences,cagr_emp_binary,classification,anxiety,0.06174791003309555
full,Life Sciences,cagr_emp_binary,classification,net_additions,0.014769668748718002
full,Life Sciences,cagr_emp_binary,classification,related_variety,0.04100042860540764
full,Life Sciences,cagr_emp_binary,classification,size_large_share,0.0
full,Life Sciences,cagr_emp_binary,classification,size_micro_share,0.011052622014972837
full,Life Sciences,cagr_emp_binary,classification,public_transport_to_employer,0.025980117986871068
full,Life Sciences,cagr_emp_binary,classification,drive_to_employer,0.021605540328609094
full,Life Sciences,cagr_emp_binary,classification,cycle_to_employer,0.02456616717114903
full,Life Sciences,cagr_bus_binary,classification,new_enterprises,0.035626417997478475
full,Life Sciences,cagr_bus_binary,classification,deaths_of_enterprises,0.03886447792980933
full,Life Sciences,cagr_bus_binary,classification,active_enterprises,0.032962816525027736
full,Life Sciences,cagr_bus_binary,classification,high_growth_enterprises,0.01894940082827181
full,Life Sciences,cagr_bus_binary,classification,broadband_availability,0.028765030219832795
full,Life Sciences,cagr_bus_binary,classification,4g_area_coverage,0.01769928830112852
full,Life Sciences,cagr_bus_binary,classification,gcse_by_age_19,0.011268801294621494
full,Life Sciences,cagr_bus_binary,classification,early_years_comms,0.03331305754642083
full,Life Sciences,cagr_bus_binary,classification,early_years_literacy,0.020238621355553953
full,Life Sciences,cagr_bus_binary,classification,early_years_maths,0.025030125101338584
full,Life Sciences,cagr_bus_binary,classification,apprenticeship_starts,0.039584363796546465
full,Life Sciences,cagr_bus_binary,classification,apprenticeship_achievements,0.03281997776333837
full,Life Sciences,cagr_bus_binary,classification,level_3+_qualifications,0.03864248271892158
full,Life Sciences,cagr_bus_binary,classification,fe_and_skills_participation,0.04962669092610362
full,Life Sciences,cagr_bus_binary,classification,smokers,0.03998863126021118
full,Life Sciences,cagr_bus_binary,classification,reception_obesity,0.02882896889939164
full,Life Sciences,cagr_bus_binary,classification,year_6_obesity,0.020717290317362004
full,Life Sciences,cagr_bus_binary,classification,adult_obesity,0.028944370781682063
full,Life Sciences,cagr_bus_binary,classification,cancer_diagnosis,0.03018383318692601
full,Life Sciences,cagr_bus_binary,classification,under_75_mortality_rate,0.04437562649783125
full,Life Sciences,cagr_bus_binary,classification,life_satisfaction,0.017118624303977332
full,Life Sciences,cagr_bus_binary,classification,worthwhile,0.05726766249328107
full,Life Sciences,cagr_bus_binary,classification,happiness,0.03779432670549044
full,Life Sciences,cagr_bus_binary,classification,anxiety,0.03643543695599002
full,Life Sciences,cagr_bus_binary,classification,net_additions,0.012462885588173617
full,Life Sciences,cagr_bus_binary,classification,related_variety,0.11034778223029305
full,Life Sciences,cagr_bus_binary,classification,size_large_share,0.0
full,Life Sciences,cagr_bus_binary,classification,size_micro_share,0.0325276520180607
full,Life Sciences,cagr_bus_binary,classification,public_transport_to_employer,0.01984455645055566
full,Life Sciences,cagr_bus_binary,classification,drive_to_employer,0.025497113155059627
full,Life Sciences,cagr_bus_binary,classification,cycle_to_employer,0.03427368685132052
full,Professional and Business Services,lq_emp,regression,new_enterprises,0.005155788200666897
full,Professional and Business Services,lq_emp,regression,deaths_of_enterprises,0.003768966548969723
full,Professional and Business Services,lq_emp,regression,active_enterprises,0.005752655814444126
full,Professional and Business Services,lq_emp,regression,high_growth_enterprises,0.17086252370588256
full,Professional and Business Services,lq_emp,regression,broadband_availability,0.022138378357840594
full,Professional and Business Services,lq_emp,regression,4g_area_coverage,0.005460638163811754
full,Professional and Business Services,lq_emp,regression,gcse_by_age_19,0.07680167822689211
full,Professional and Business Services,lq_emp,regression,early_years_comms,0.006533864776238345
full,Professional and Business Services,lq_emp,regression,early_years_literacy,0.0226549816303235
full,Professional and Business Services,lq_emp,regression,early_years_maths,0.0199482628464637
full,Professional and Business Services,lq_emp,regression,apprenticeship_starts,0.17285463448383523
full,Professional and Business Services,lq_emp,regression,apprenticeship_achievements,0.0097072812225531
full,Professional and Business Services,lq_emp,regression,level_3+_qualifications,0.01847760036551227
full,Professional and Business Services,lq_emp,regression,fe_and_skills_participation,0.023258411111064418
full,Professional and Business Services,lq_emp,regression,smokers,0.002183349508342486
full,Professional and Business Services,lq_emp,regression,reception_obesity,0.016771747505909505
full,Professional and Business Services,lq_emp,regression,year_6_obesity,0.03391349278662929
full,Professional and Business Services,lq_emp,regression,adult_obesity,0.044754534479160155
full,Professional and Business Services,lq_emp,regression,cancer_diagnosis,0.010958885425843534
full,Professional and Business Services,lq_emp,regression,under_75_mortality_rate,0.011186060371044622
full,Professional and Business Services,lq_emp,regression,life_satisfaction,0.0017117944758246026
full,Professional and Business Services,lq_emp,regression,worthwhile,0.0
full,Professional and Business Services,lq_emp,regression,happiness,0.003616579082389898
full,Professional and Business Services,lq_emp,regression,anxiety,0.0029066843064216026
full,Professional and Business Services,lq_emp,regression,net_additions,0.0038372651245059727
full,Professional and Business Services,lq_emp,regression,related_variety,0.02533590695012476
full,Professional and Business Services,lq_emp,regression,size_large_share,0.252253453128111
full,Professional and Business Services,lq_emp,regression,size_micro_share,0.010510029680390196
full,Professional and Business Services,lq_emp,regression,public_transport_to_employer,0.005598503201767815
full,Professional and Business Services,lq_emp,regression,drive_to_employer,0.004963114557665804
full,Professional and Business Services,lq_emp,regression,cycle_to_employer,0.006122933961370387
full,Professional and Business Services,lq_bus,regression,new_enterprises,0.003908628063139054
full,Professional and Business Services,lq_bus,regression,deaths_of_enterprises,0.030113684229115048
full,Professional and Business Services,lq_bus,regression,active_enterprises,0.014021674181207353
full,Professional and Business Services,lq_bus,regression,high_growth_enterprises,0.026247987966087013
full,Professional and Business Services,lq_bus,regression,broadband_availability,0.03494635554989945
full,Professional and Business Services,lq_bus,regression,4g_area_coverage,0.010385425273874073
full,Professional and Business Services,lq_bus,regression,gcse_by_age_19,0.043207180568826595
full,Professional and Business Services,lq_bus,regression,early_years_comms,0.006968497620421474
full,Professional and Business Services,lq_bus,regression,early_years_literacy,0.01704595794033594
full,Professional and Business Services,lq_bus,regression,early_years_maths,0.019956263184474184
full,Professional and Business Services,lq_bus,regression,apprenticeship_starts,0.1485974062602197
full,Professional and Business Services,lq_bus,regression,apprenticeship_achievements,0.015317908636231115
full,Professional and Business Services,lq_bus,regression,level_3+_qualifications,0.08964812338002316
full,Professional and Business Services,lq_bus,regression,fe_and_skills_participation,0.0032805999750565346
full,Professional and Business Services,lq_bus,regression,smokers,0.0014674365341656053
full,Professional and Business Services,lq_bus,regression,reception_obesity,0.0023034499377448062
full,Professional and Business Services,lq_bus,regression,year_6_obesity,0.005727561888570868
full,Professional and Business Services,lq_bus,regression,adult_obesity,0.3672825874165621
full,Professional and Business Services,lq_bus,regression,cancer_diagnosis,0.0044974551557699
full,Professional and Business Services,lq_bus,regression,under_75_mortality_rate,0.003464303465609336
full,Professional and Business Services,lq_bus,regression,life_satisfaction,0.0008296893459282861
full,Professional and Business Services,lq_bus,regression,worthwhile,0.0012999241570717706
full,Professional and Business Services,lq_bus,regression,happiness,0.0013493805538603223
full,Professional and Business Services,lq_bus,regression,anxiety,0.001407742159663333
full,Professional and Business Services,lq_bus,regression,net_additions,0.00027628730754278205
full,Professional and Business Services,lq_bus,regression,related_variety,0.1141052653455927
full,Professional and Business Services,lq_bus,regression,size_large_share,0.003289904525204208
full,Professional and Business Services,lq_bus,regression,size_micro_share,0.0046364132995325704
full,Professional and Business Services,lq_bus,regression,public_transport_to_employer,0.008440800865127275
full,Professional and Business Services,lq_bus,regression,drive_to_employer,0.003613539139079451
full,Professional and Business Services,lq_bus,regression,cycle_to_employer,0.012362566074063986
full,Professional and Business Services,cagr_emp,regression,new_enterprises,0.03750834912704595
full,Professional and Business Services,cagr_emp,regression,deaths_of_enterprises,0.030412267097186762
full,Professional and Business Services,cagr_emp,regression,active_enterprises,0.019682598927274145
full,Professional and Business Services,cagr_emp,regression,high_growth_enterprises,0.0353875798906863
full,Professional and Business Services,cagr_emp,regression,broadband_availability,0.03418746547514533
full,Professional and Business Services,cagr_emp,regression,4g_area_coverage,0.020079576647215658
full,Professional and Business Services,cagr_emp,regression,gcse_by_age_19,0.043561310244520306
full,Professional and Business Services,cagr_emp,regression,early_years_comms,0.015877171575720685
full,Professional and Business Services,cagr_emp,regression,early_years_literacy,0.023622572711069205
full,Professional and Business Services,cagr_emp,regression,early_years_maths,0.022653799154829936
full,Professional and Business Services,cagr_emp,regression,apprenticeship_starts,0.033587120997505125
full,Professional and Business Services,cagr_emp,regression,apprenticeship_achievements,0.028265086331572976
full,Professional and Business Services,cagr_emp,regression,level_3+_qualifications,0.05574675652156756
full,Professional and Business Services,cagr_emp,regression,fe_and_skills_participation,0.03008591296145878
full,Professional and Business Services,cagr_emp,regression,smokers,0.05101425097563798
full,Professional and Business Services,cagr_emp,regression,reception_obesity,0.0216841992650508
full,Professional and Business Services,cagr_emp,regression,year_6_obesity,0.045879641134811154
full,Professional and Business Services,cagr_emp,regression,adult_obesity,0.02469700324454367
full,Professional and Business Services,cagr_emp,regression,cancer_diagnosis,0.028499867638692566
full,Professional and Business Services,cagr_emp,regression,under_75_mortality_rate,0.030524900715870936
full,Professional and Business Services,cagr_emp,regression,life_satisfaction,0.014924283300059004
full,Professional and Business Services,cagr_emp,regression,worthwhile,0.03148066591126264
full,Professional and Business Services,cagr_emp,regression,happiness,0.027094295880005836
full,Professional and Business Services,cagr_emp,regression,anxiety,0.0241528453771463
full,Professional and Business Services,cagr_emp,regression,net_additions,0.014276424547853876
full,Professional and Business Services,cagr_emp,regression,related_variety,0.050470995752685856
full,Professional and Business Services,cagr_emp,regression,size_large_share,0.06579739533113423
full,Professional and Business Services,cagr_emp,regression,size_micro_share,0.047531963044137926
full,Professional and Business Services,cagr_emp,regression,public_transport_to_employer,0.06716382089471985
full,Professional and Business Services,cagr_emp,regression,drive_to_employer,0.014656619148213751
full,Professional and Business Services,cagr_emp,regression,cycle_to_employer,0.009493260175375058
full,Professional and Business Services,cagr_bus,regression,new_enterprises,0.016076773183059025
full,Professional and Business Services,cagr_bus,regression,deaths_of_enterprises,0.012932185046580164
full,Professional and Business Services,cagr_bus,regression,active_enterprises,0.06281158505617583
full,Professional and Business Services,cagr_bus,regression,high_growth_enterprises,0.034470972772814155
full,Professional and Business Services,cagr_bus,regression,broadband_availability,0.047688501767000284
full,Professional and Business Services,cagr_bus,regression,4g_area_coverage,0.008122627879910744
full,Professional and Business Services,cagr_bus,regression,gcse_by_age_19,0.0431192399174943
full,Professional and Business Services,cagr_bus,regression,early_years_comms,0.017838205958308543
full,Professional and Business Services,cagr_bus,regression,early_years_literacy,0.06641926494140724
full,Professional and Business Services,cagr_bus,regression,early_years_maths,0.02894290069419161
full,Professional and Business Services,cagr_bus,regression,apprenticeship_starts,0.012537741832674266
full,Professional and Business Services,cagr_bus,regression,apprenticeship_achievements,0.004692196911866509
full,Professional and Business Services,cagr_bus,regression,level_3+_qualifications,0.04312431936694239
full,Professional and Business Services,cagr_bus,regression,fe_and_skills_participation,0.023973693495619924
full,Professional and Business Services,cagr_bus,regression,smokers,0.01608046587396273
full,Professional and Business Services,cagr_bus,regression,reception_obesity,0.1710819300751846
full,Professional and Business Services,cagr_bus,regression,year_6_obesity,0.01949100775548246
full,Professional and Business Services,cagr_bus,regression,adult_obesity,0.07684674246117167
full,Professional and Business Services,cagr_bus,regression,cancer_diagnosis,0.009560508393787118
full,Professional and Business Services,cagr_bus,regression,under_75_mortality_rate,0.0094564683660962
full,Professional and Business Services,cagr_bus,regression,life_satisfaction,0.020642647127704843
full,Professional and Business Services,cagr_bus,regression,worthwhile,0.011882896407103582
full,Professional and Business Services,cagr_bus,regression,happiness,0.014913306820077674
full,Professional and Business Services,cagr_bus,regression,anxiety,0.020253033383270065
full,Professional and Business Services,cagr_bus,regression,net_additions,0.004320354258323679
full,Professional and Business Services,cagr_bus,regression,related_variety,0.16020780442563776
full,Professional and Business Services,cagr_bus,regression,size_large_share,0.0012836106787065785
full,Professional and Business Services,cagr_bus,regression,size_micro_share,0.010673616709741287
full,Professional and Business Services,cagr_bus,regression,public_transport_to_employer,0.013441309193019694
full,Professional and Business Services,cagr_bus,regression,drive_to_employer,0.009588021565673722
full,Professional and Business Services,cagr_bus,regression,cycle_to_employer,0.007526067681011528
full,Professional and Business Services,lq_emp_binary,classification,new_enterprises,0.028183606375747808
full,Professional and Business Services,lq_emp_binary,classification,deaths_of_enterprises,0.01963498742931146
full,Professional and Business Services,lq_emp_binary,classification,active_enterprises,0.03603921802202473
full,Professional and Business Services,lq_emp_binary,classification,high_growth_enterprises,0.055741019893845
full,Professional and Business Services,lq_emp_binary,classification,broadband_availability,0.019571672696469034
full,Professional and Business Services,lq_emp_binary,classification,4g_area_coverage,0.012791631418243807
full,Professional and Business Services,lq_emp_binary,classification,gcse_by_age_19,0.1371756836662826
full,Professional and Business Services,lq_emp_binary,classification,early_years_comms,0.00628829107780277
full,Professional and Business Services,lq_emp_binary,classification,early_years_literacy,0.020608846141274107
full,Professional and Business Services,lq_emp_binary,classification,early_years_maths,0.02288652700955705
full,Professional and Business Services,lq_emp_binary,classification,apprenticeship_starts,0.08897084477291006
full,Professional and Business Services,lq_emp_binary,classification,apprenticeship_achievements,0.05896654394982241
full,Professional and Business Services,lq_emp_binary,classification,level_3+_qualifications,0.04282067689601041
full,Professional and Business Services,lq_emp_binary,classification,fe_and_skills_participation,0.03072135734809207
full,Professional and Business Services,lq_emp_binary,classification,smokers,0.010195779933466894
full,Professional and Business Services,lq_emp_binary,classification,reception_obesity,0.03684365346069898
full,Professional and Business Services,lq_emp_binary,classification,year_6_obesity,0.03328822552094092
full,Professional and Business Services,lq_emp_binary,classification,adult_obesity,0.04201262174567045
full,Professional and Business Services,lq_emp_binary,classification,cancer_diagnosis,0.013441376754941399
full,Professional and Business Services,lq_emp_binary,classification,under_75_mortality_rate,0.014610220265385521
full,Professional and Business Services,lq_emp_binary,classification,life_satisfaction,0.0059456151982774895
full,Professional and Business Services,lq_emp_binary,classification,worthwhile,0.006352385909366988
full,Professional and Business Services,lq_emp_binary,classification,happiness,0.008224742282066653
full,Professional and Business Services,lq_emp_binary,classification,anxiety,0.01256204909466825
full,Professional and Business Services,lq_emp_binary,classification,net_additions,0.007918705426983278
full,Professional and Business Services,lq_emp_binary,classification,related_variety,0.033216502455833186
full,Professional and Business Services,lq_emp_binary,classification,size_large_share,0.09387102706790665
full,Professional and Business Services,lq_emp_binary,classification,size_micro_share,0.021819656926099544
full,Professional and Business Services,lq_emp_binary,classification,public_transport_to_employer,0.012888999314614428
full,Professional and Business Services,lq_emp_binary,classification,drive_to_employer,0.024150876810185577
full,Professional and Business Services,lq_emp_binary,classification,cycle_to_employer,0.04225665513550063
full,Professional and Business Services,lq_bus_binary,classification,new_enterprises,0.014289001394684399
full,Professional and Business Services,lq_bus_binary,classification,deaths_of_enterprises,0.047770311440608344
full,Professional and Business Services,lq_bus_binary,classification,active_enterprises,0.04295871661915513
full,Professional and Business Services,lq_bus_binary,classification,high_growth_enterprises,0.03305700150309839
full,Professional and Business Services,lq_bus_binary,classification,broadband_availability,0.012715294204228995
full,Professional and Business Services,lq_bus_binary,classification,4g_area_coverage,0.003728529070738561
full,Professional and Business Services,lq_bus_binary,classification,gcse_by_age_19,0.07725245102685045
full,Professional and Business Services,lq_bus_binary,classification,early_years_comms,0.005772469590126582
full,Professional and Business Services,lq_bus_binary,classification,early_years_literacy,0.036573700674043426
full,Professional and Business Services,lq_bus_binary,classification,early_years_maths,0.020978987467622057
full,Professional and Business Services,lq_bus_binary,classification,apprenticeship_starts,0.13586901497238785
full,Professional and Business Services,lq_bus_binary,classification,apprenticeship_achievements,0.08925691406948778
full,Professional and Business Services,lq_bus_binary,classification,level_3+_qualifications,0.1362495830397446
full,Professional and Business Services,lq_bus_binary,classification,fe_and_skills_participation,0.031093573241367536
full,Professional and Business Services,lq_bus_binary,classification,smokers,0.005636388063842189
full,Professional and Business Services,lq_bus_binary,classification,reception_obesity,0.020941051737058448
full,Professional and Business Services,lq_bus_binary,classification,year_6_obesity,0.04472418710966946
full,Professional and Business Services,lq_bus_binary,classification,adult_obesity,0.08691236081609537
full,Professional and Business Services,lq_bus_binary,classification,cancer_diagnosis,0.003993708564850161
full,Professional and Business Services,lq_bus_binary,classification,under_75_mortality_rate,0.019731051657854475
full,Professional and Business Services,lq_bus_binary,classification,life_satisfaction,0.0033843461179657885
full,Professional and Business Services,lq_bus_binary,classification,worthwhile,0.002337190808260307
full,Professional and Business Services,lq_bus_binary,classification,happiness,0.0011649553025025732
full,Professional and Business Services,lq_bus_binary,classification,anxiety,0.008767440901259749
full,Professional and Business Services,lq_bus_binary,classification,net_additions,0.000392782890165996
full,Professional and Business Services,lq_bus_binary,classification,related_variety,0.07013661001396782
full,Professional and Business Services,lq_bus_binary,classification,size_large_share,0.006647759903307955
full,Professional and Business Services,lq_bus_binary,classification,size_micro_share,0.005238537811441627
full,Professional and Business Services,lq_bus_binary,classification,public_transport_to_employer,0.008778496005765878
full,Professional and Business Services,lq_bus_binary,classification,drive_to_employer,0.009425300716131122
full,Professional and Business Services,lq_bus_binary,classification,cycle_to_employer,0.014222283265717148
full,Professional and Business Services,cagr_emp_binary,classification,new_enterprises,0.034403185370965365
full,Professional and Business Services,cagr_emp_binary,classification,deaths_of_enterprises,0.03336537890245558
full,Professional and Business Services,cagr_emp_binary,classification,active_enterprises,0.020599088596758432
full,Professional and Business Services,cagr_emp_binary,classification,high_growth_enterprises,0.03485118254741055
full,Professional and Business Services,cagr_emp_binary,classification,broadband_availability,0.05391589560865362
full,Professional and Business Services,cagr_emp_binary,classification,4g_area_coverage,0.047738559364794174
full,Professional and Business Services,cagr_emp_binary,classification,gcse_by_age_19,0.023172026767479096
full,Professional and Business Services,cagr_emp_binary,classification,early_years_comms,0.03145082360077303
full,Professional and Business Services,cagr_emp_binary,classification,early_years_literacy,0.017547590347001034
full,Professional and Business Services,cagr_emp_binary,classification,early_years_maths,0.014759726636919658
full,Professional and Business Services,cagr_emp_binary,classification,apprenticeship_starts,0.02059488004628276
full,Professional and Business Services,cagr_emp_binary,classification,apprenticeship_achievements,0.03514007233403974
full,Professional and Business Services,cagr_emp_binary,classification,level_3+_qualifications,0.04059423962715786
full,Professional and Business Services,cagr_emp_binary,classification,fe_and_skills_participation,0.021376574964749255
full,Professional and Business Services,cagr_emp_binary,classification,smokers,0.029112730079218812
full,Professional and Business Services,cagr_emp_binary,classification,reception_obesity,0.025898355587556026
full,Professional and Business Services,cagr_emp_binary,classification,year_6_obesity,0.042090326173352385
full,Professional and Business Services,cagr_emp_binary,classification,adult_obesity,0.015396584463563
full,Professional and Business Services,cagr_emp_binary,classification,cancer_diagnosis,0.030510639917818456
full,Professional and Business Services,cagr_emp_binary,classification,under_75_mortality_rate,0.0427046545941677
full,Professional and Business Services,cagr_emp_binary,classification,life_satisfaction,0.031202542928650538
full,Professional and Business Services,cagr_emp_binary,classification,worthwhile,0.02871059819842353
full,Professional and Business Services,cagr_emp_binary,classification,happiness,0.012484929406183384
full,Professional and Business Services,cagr_emp_binary,classification,anxiety,0.029776279459702664
full,Professional and Business Services,cagr_emp_binary,classification,net_additions,0.039243901091782135
full,Professional and Business Services,cagr_emp_binary,classification,related_variety,0.038123667399879525
full,Professional and Business Services,cagr_emp_binary,classification,size_large_share,0.03837632101177974
full,Professional and Business Services,cagr_emp_binary,classification,size_micro_share,0.05881937658838136
full,Professional and Business Services,cagr_emp_binary,classification,public_transport_to_employer,0.03694538370745393
full,Professional and Business Services,cagr_emp_binary,classification,drive_to_employer,0.027415715310956643
full,Professional and Business Services,cagr_emp_binary,classification,cycle_to_employer,0.04367876936569019
full,Professional and Business Services,cagr_bus_binary,classification,new_enterprises,0.016995094913487233
full,Professional and Business Services,cagr_bus_binary,classification,deaths_of_enterprises,0.03207093652981277
full,Professional and Business Services,cagr_bus_binary,classification,active_enterprises,0.014897283166259023
full,Professional and Business Services,cagr_bus_binary,classification,high_growth_enterprises,0.011741959054046697
full,Professional and Business Services,cagr_bus_binary,classification,broadband_availability,0.027739998762100097
full,Professional and Business Services,cagr_bus_binary,classification,4g_area_coverage,0.02353670659910059
full,Professional and Business Services,cagr_bus_binary,classification,gcse_by_age_19,0.03483813791950358
full,Professional and Business Services,cagr_bus_binary,classification,early_years_comms,0.043403223648917785
full,Professional and Business Services,cagr_bus_binary,classification,early_years_literacy,0.048188044736789094
full,Professional and Business Services,cagr_bus_binary,classification,early_years_maths,0.03993785137302762
full,Professional and Business Services,cagr_bus_binary,classification,apprenticeship_starts,0.030333763179693614
full,Professional and Business Services,cagr_bus_binary,classification,apprenticeship_achievements,0.019237434952806463
full,Professional and Business Services,cagr_bus_binary,classification,level_3+_qualifications,0.03084071326437903
full,Professional and Business Services,cagr_bus_binary,classification,fe_and_skills_participation,0.04409188328841502
full,Professional and Business Services,cagr_bus_binary,classification,smokers,0.019421105836834325
full,Professional and Business Services,cagr_bus_binary,classification,reception_obesity,0.025976080731787005
full,Professional and Business Services,cagr_bus_binary,classification,year_6_obesity,0.056546195714163174
full,Professional and Business Services,cagr_bus_binary,classification,adult_obesity,0.012559639087704022
full,Professional and Business Services,cagr_bus_binary,classification,cancer_diagnosis,0.03333885118263718
full,Professional and Business Services,cagr_bus_binary,classification,under_75_mortality_rate,0.03837372569282165
full,Professional and Business Services,cagr_bus_binary,classification,life_satisfaction,0.03211155667893443
full,Professional and Business Services,cagr_bus_binary,classification,worthwhile,0.011846425728900652
full,Professional and Business Services,cagr_bus_binary,classification,happiness,0.023922400369441963
full,Professional and Business Services,cagr_bus_binary,classification,anxiety,0.025603871238801496
full,Professional and Business Services,cagr_bus_binary,classification,net_additions,0.016575317919540946
full,Professional and Business Services,cagr_bus_binary,classification,related_variety,0.11813020931882967
full,Professional and Business Services,cagr_bus_binary,classification,size_large_share,0.02037460679641056
full,Professional and Business Services,cagr_bus_binary,classification,size_micro_share,0.08100552908925251
full,Professional and Business Services,cagr_bus_binary,classification,public_transport_to_employer,0.025570673877926303
full,Professional and Business Services,cagr_bus_binary,classification,drive_to_employer,0.018975504128832255
full,Professional and Business Services,cagr_bus_binary,classification,cycle_to_employer,0.02181527521884332
theory,Advanced Manufacturing,lq_emp,regression,level_3+_qualifications,0.03898969745009135
theory,Advanced Manufacturing,lq_emp,regression,gcse_by_age_19,0.0675963614651123
theory,Advanced Manufacturing,lq_emp,regression,apprenticeship_starts,0.1396667065766174
theory,Advanced Manufacturing,lq_emp,regression,apprenticeship_achievements,0.18697605949470483
theory,Advanced Manufacturing,lq_emp,regression,fe_and_skills_participation,0.05241356347205062
theory,Advanced Manufacturing,lq_emp,regression,new_enterprises,0.05691354572945907
theory,Advanced Manufacturing,lq_emp,regression,deaths_of_enterprises,0.00630716554786308
theory,Advanced Manufacturing,lq_emp,regression,active_enterprises,0.04936894699487606
theory,Advanced Manufacturing,lq_emp,regression,high_growth_enterprises,0.002117251733601598
theory,Advanced Manufacturing,lq_emp,regression,broadband_availability,0.02186972042400591
theory,Advanced Manufacturing,lq_emp,regression,4g_area_coverage,0.029498526129302132
theory,Advanced Manufacturing,lq_emp,regression,net_additions,0.26676684598036815
theory,Advanced Manufacturing,lq_emp,regression,related_variety,0.0815156090019474
theory,Advanced Manufacturing,lq_bus,regression,level_3+_qualifications,0.1213240694689672
theory,Advanced Manufacturing,lq_bus,regression,gcse_by_age_19,0.014155017248215258
theory,Advanced Manufacturing,lq_bus,regression,apprenticeship_starts,0.29953474015441023
theory,Advanced Manufacturing,lq_bus,regression,apprenticeship_achievements,0.18054283851448846
theory,Advanced Manufacturing,lq_bus,regression,fe_and_skills_participation,0.046483130528528545
theory,Advanced Manufacturing,lq_bus,regression,new_enterprises,0.012951426704918143
theory,Advanced Manufacturing,lq_bus,regression,deaths_of_enterprises,0.00724075813408977
theory,Advanced Manufacturing,lq_bus,regression,active_enterprises,0.015864493767018685
theory,Advanced Manufacturing,lq_bus,regression,high_growth_enterprises,0.003730330044368317
theory,Advanced Manufacturing,lq_bus,regression,broadband_availability,0.009257715704519758
theory,Advanced Manufacturing,lq_bus,regression,4g_area_coverage,0.03787813307475713
theory,Advanced Manufacturing,lq_bus,regression,net_additions,0.023774518229949623
theory,Advanced Manufacturing,lq_bus,regression,related_variety,0.227262828425769
theory,Advanced Manufacturing,cagr_emp,regression,level_3+_qualifications,0.05228705942534541
theory,Advanced Manufacturing,cagr_emp,regression,gcse_by_age_19,0.06357399160678806
theory,Advanced Manufacturing,cagr_emp,regression,apprenticeship_starts,0.2854191477653882
theory,Advanced Manufacturing,cagr_emp,regression,apprenticeship_achievements,0.11478909076197179
theory,Advanced Manufacturing,cagr_emp,regression,fe_and_skills_participation,0.09015287560655887
theory,Advanced Manufacturing,cagr_emp,regression,new_enterprises,0.0492705864765385
theory,Advanced Manufacturing,cagr_emp,regression,deaths_of_enterprises,0.025572022689223536
theory,Advanced Manufacturing,cagr_emp,regression,active_enterprises,0.02280147486189021
theory,Advanced Manufacturing,cagr_emp,regression,high_growth_enterprises,0.03029266315148281
theory,Advanced Manufacturing,cagr_emp,regression,broadband_availability,0.0685867393783872
theory,Advanced Manufacturing,cagr_emp,regression,4g_area_coverage,0.03150636872628425
theory,Advanced Manufacturing,cagr_emp,regression,net_additions,0.1173581888214478
theory,Advanced Manufacturing,cagr_emp,regression,related_variety,0.04838979072869327
theory,Advanced Manufacturing,cagr_bus,regression,level_3+_qualifications,0.05509777849282223
theory,Advanced Manufacturing,cagr_bus,regression,gcse_by_age_19,0.04556097861380366
theory,Advanced Manufacturing,cagr_bus,regression,apprenticeship_starts,0.05450520323303803
theory,Advanced Manufacturing,cagr_bus,regression,apprenticeship_achievements,0.08422552242115468
theory,Advanced Manufacturing,cagr_bus,regression,fe_and_skills_participation,0.050284904699558174
theory,Advanced Manufacturing,cagr_bus,regression,new_enterprises,0.06025246345179054
theory,Advanced Manufacturing,cagr_bus,regression,deaths_of_enterprises,0.0529177588742309
theory,Advanced Manufacturing,cagr_bus,regression,active_enterprises,0.06340462114326069
theory,Advanced Manufacturing,cagr_bus,regression,high_growth_enterprises,0.05750395584626635
theory,Advanced Manufacturing,cagr_bus,regression,broadband_availability,0.0389205396309708
theory,Advanced Manufacturing,cagr_bus,regression,4g_area_coverage,0.018710170384681424
theory,Advanced Manufacturing,cagr_bus,regression,net_additions,0.01444221800904227
theory,Advanced Manufacturing,cagr_bus,regression,related_variety,0.4041738851993804
theory,Advanced Manufacturing,lq_emp_binary,classification,level_3+_qualifications,0.09242769357727738
theory,Advanced Manufacturing,lq_emp_binary,classification,gcse_by_age_19,0.04298090396310231
theory,Advanced Manufacturing,lq_emp_binary,classification,apprenticeship_starts,0.1796725524009895
theory,Advanced Manufacturing,lq_emp_binary,classification,apprenticeship_achievements,0.15380658337827985
theory,Advanced Manufacturing,lq_emp_binary,classification,fe_and_skills_participation,0.09723628555175197
theory,Advanced Manufacturing,lq_emp_binary,classification,new_enterprises,0.0707948036653439
theory,Advanced Manufacturing,lq_emp_binary,classification,deaths_of_enterprises,0.06206447690570448
theory,Advanced Manufacturing,lq_emp_binary,classification,active_enterprises,0.07651447882449267
theory,Advanced Manufacturing,lq_emp_binary,classification,high_growth_enterprises,0.020676882243894388
theory,Advanced Manufacturing,lq_emp_binary,classification,broadband_availability,0.04005527438860273
theory,Advanced Manufacturing,lq_emp_binary,classification,4g_area_coverage,0.06961862915977061
theory,Advanced Manufacturing,lq_emp_binary,classification,net_additions,0.024948750629219814
theory,Advanced Manufacturing,lq_emp_binary,classification,related_variety,0.06920268531157053
theory,Advanced Manufacturing,lq_bus_binary,classification,level_3+_qualifications,0.12108322122252235
theory,Advanced Manufacturing,lq_bus_binary,classification,gcse_by_age_19,0.04638494327127298
theory,Advanced Manufacturing,lq_bus_binary,classification,apprenticeship_starts,0.17086296967989506
theory,Advanced Manufacturing,lq_bus_binary,classification,apprenticeship_achievements,0.1522759016914945
theory,Advanced Manufacturing,lq_bus_binary,classification,fe_and_skills_participation,0.05512789958966507
theory,Advanced Manufacturing,lq_bus_binary,classification,new_enterprises,0.034114261846291696
theory,Advanced Manufacturing,lq_bus_binary,classification,deaths_of_enterprises,0.05586723114235258
theory,Advanced Manufacturing,lq_bus_binary,classification,active_enterprises,0.030906539316443906
theory,Advanced Manufacturing,lq_bus_binary,classification,high_growth_enterprises,0.023802256471320542
theory,Advanced Manufacturing,lq_bus_binary,classification,broadband_availability,0.03386134117210444
theory,Advanced Manufacturing,lq_bus_binary,classification,4g_area_coverage,0.07072399313899543
theory,Advanced Manufacturing,lq_bus_binary,classification,net_additions,0.027677897371766534
theory,Advanced Manufacturing,lq_bus_binary,classification,related_variety,0.17731154408587507
theory,Advanced Manufacturing,cagr_emp_binary,classification,level_3+_qualifications,0.09212991812922257
theory,Advanced Manufacturing,cagr_emp_binary,classification,gcse_by_age_19,0.08747028146831345
theory,Advanced Manufacturing,cagr_emp_binary,classification,apprenticeship_starts,0.10575344712791711
theory,Advanced Manufacturing,cagr_emp_binary,classification,apprenticeship_achievements,0.08387849199129316
theory,Advanced Manufacturing,cagr_emp_binary,classification,fe_and_skills_participation,0.04200660875658852
theory,Advanced Manufacturing,cagr_emp_binary,classification,new_enterprises,0.10268091663778638
theory,Advanced Manufacturing,cagr_emp_binary,classification,deaths_of_enterprises,0.08883502519767497
theory,Advanced Manufacturing,cagr_emp_binary,classification,active_enterprises,0.1032729946401793
theory,Advanced Manufacturing,cagr_emp_binary,classification,high_growth_enterprises,0.05720043684851159
theory,Advanced Manufacturing,cagr_emp_binary,classification,broadband_availability,0.09792264979209034
theory,Advanced Manufacturing,cagr_emp_binary,classification,4g_area_coverage,0.04034723873969843
theory,Advanced Manufacturing,cagr_emp_binary,classification,net_additions,0.048098410306884214
theory,Advanced Manufacturing,cagr_emp_binary,classification,related_variety,0.05040358036383986
theory,Advanced Manufacturing,cagr_bus_binary,classification,level_3+_qualifications,0.07013781639068382
theory,Advanced Manufacturing,cagr_bus_binary,classification,gcse_by_age_19,0.09008665486653208
theory,Advanced Manufacturing,cagr_bus_binary,classification,apprenticeship_starts,0.0578653193112722
theory,Advanced Manufacturing,cagr_bus_binary,classification,apprenticeship_achievements,0.04708276038369613
theory,Advanced Manufacturing,cagr_bus_binary,classification,fe_and_skills_participation,0.13022299821637306
theory,Advanced Manufacturing,cagr_bus_binary,classification,new_enterprises,0.06574277638166454
theory,Advanced Manufacturing,cagr_bus_binary,classification,deaths_of_enterprises,0.06836497832168482
theory,Advanced Manufacturing,cagr_bus_binary,classification,active_enterprises,0.08520460359761581
theory,Advanced Manufacturing,cagr_bus_binary,classification,high_growth_enterprises,0.06980711348149012
theory,Advanced Manufacturing,cagr_bus_binary,classification,broadband_availability,0.050440548273382506
theory,Advanced Manufacturing,cagr_bus_binary,classification,4g_area_coverage,0.04133997300645784
theory,Advanced Manufacturing,cagr_bus_binary,classification,net_additions,0.05076948451259039
theory,Advanced Manufacturing,cagr_bus_binary,classification,related_variety,0.1729349732565566
theory,Creative Industries,lq_emp,regression,level_3+_qualifications,0.06991817830349638
theory,Creative Industries,lq_emp,regression,gcse_by_age_19,0.04305035906395499
theory,Creative Industries,lq_emp,regression,apprenticeship_starts,0.34404809152648125
theory,Creative Industries,lq_emp,regression,apprenticeship_achievements,0.3591379777176418
theory,Creative Industries,lq_emp,regression,fe_and_skills_participation,0.007590046710879794
theory,Creative Industries,lq_emp,regression,new_enterprises,0.005388961060119896
theory,Creative Industries,lq_emp,regression,deaths_of_enterprises,0.0025274811579965636
theory,Creative Industries,lq_emp,regression,active_enterprises,0.0061233653309900994
theory,Creative Industries,lq_emp,regression,high_growth_enterprises,0.10308371951494438
theory,Creative Industries,lq_emp,regression,broadband_availability,0.01816329765163824
theory,Creative Industries,lq_emp,regression,4g_area_coverage,0.0030927887589383227
theory,Creative Industries,lq_emp,regression,net_additions,0.0178295579417445
theory,Creative Industries,lq_emp,regression,related_variety,0.02004617526117387
theory,Creative Industries,lq_bus,regression,level_3+_qualifications,0.08484507753062298
theory,Creative Industries,lq_bus,regression,gcse_by_age_19,0.047385331372608704
theory,Creative Industries,lq_bus,regression,apprenticeship_starts,0.45630329847374607
theory,Creative Industries,lq_bus,regression,apprenticeship_achievements,0.2683303480776346
theory,Creative Industries,lq_bus,regression,fe_and_skills_participation,0.02322303793954844
theory,Creative Industries,lq_bus,regression,new_enterprises,0.004178715003489769
theory,Creative Industries,lq_bus,regression,deaths_of_enterprises,0.007084078183455167
theory,Creative Industries,lq_bus,regression,active_enterprises,0.01035465922229949
theory,Creative Industries,lq_bus,regression,high_growth_enterprises,0.04651133378267882
theory,Creative Industries,lq_bus,regression,broadband_availability,0.009475808191814416
theory,Creative Industries,lq_bus,regression,4g_area_coverage,0.0021716283680865514
theory,Creative Industries,lq_bus,regression,net_additions,0.001765405017174327
theory,Creative Industries,lq_bus,regression,related_variety,0.038371278836840605
theory,Creative Industries,cagr_emp,regression,level_3+_qualifications,0.10209400429567096
theory,Creative Industries,cagr_emp,regression,gcse_by_age_19,0.07948257531943236
theory,Creative Industries,cagr_emp,regression,apprenticeship_starts,0.07802842283520667
theory,Creative Industries,cagr_emp,regression,apprenticeship_achievements,0.04332693454776001
theory,Creative Industries,cagr_emp,regression,fe_and_skills_participation,0.08539378386644521
theory,Creative Industries,cagr_emp,regression,new_enterprises,0.05254706520538526
theory,Creative Industries,cagr_emp,regression,deaths_of_enterprises,0.05330930536333453
theory,Creative Industries,cagr_emp,regression,active_enterprises,0.053986119913653666
theory,Creative Industries,cagr_emp,regression,high_growth_enterprises,0.12119492555161376
theory,Creative Industries,cagr_emp,regression,broadband_availability,0.058031506757177394
theory,Creative Industries,cagr_emp,regression,4g_area_coverage,0.03406741490059879
theory,Creative Industries,cagr_emp,regression,net_additions,0.12543350858387306
theory,Creative Industries,cagr_emp,regression,related_variety,0.1131044328598482
theory,Creative Industries,cagr_bus,regression,level_3+_qualifications,0.05850370596796365
theory,Creative Industries,cagr_bus,regression,gcse_by_age_19,0.03107806232773709
theory,Creative Industries,cagr_bus,regression,apprenticeship_starts,0.026343616148959886
theory,Creative Industries,cagr_bus,regression,apprenticeship_achievements,0.023967005123316374
theory,Creative Industries,cagr_bus,regression,fe_and_skills_participation,0.11888271773602567
theory,Creative Industries,cagr_bus,regression,new_enterprises,0.0188999285069433
theory,Creative Industries,cagr_bus,regression,deaths_of_enterprises,0.01678600994081097
theory,Creative Industries,cagr_bus,regression,active_enterprises,0.0232348904871601
theory,Creative Industries,cagr_bus,regression,high_growth_enterprises,0.07358040432744888
theory,Creative Industries,cagr_bus,regression,broadband_availability,0.04283167465904228
theory,Creative Industries,cagr_bus,regression,4g_area_coverage,0.04627997420620592
theory,Creative Industries,cagr_bus,regression,net_additions,0.04552367314476493
theory,Creative Industries,cagr_bus,regression,related_variety,0.474088337423621
theory,Creative Industries,lq_emp_binary,classification,level_3+_qualifications,0.19204595000559815
theory,Creative Industries,lq_emp_binary,classification,gcse_by_age_19,0.10274715997053285
theory,Creative Industries,lq_emp_binary,classification,apprenticeship_starts,0.1826771168751175
theory,Creative Industries,lq_emp_binary,classification,apprenticeship_achievements,0.16422496733230904
theory,Creative Industries,lq_emp_binary,classification,fe_and_skills_participation,0.026991630921747316
theory,Creative Industries,lq_emp_binary,classification,new_enterprises,0.048860850446179785
theory,Creative Industries,lq_emp_binary,classification,deaths_of_enterprises,0.061405208235272145
theory,Creative Industries,lq_emp_binary,classification,active_enterprises,0.06488884210639477
theory,Creative Industries,lq_emp_binary,classification,high_growth_enterprises,0.08403665472266938
theory,Creative Industries,lq_emp_binary,classification,broadband_availability,0.02125679783101039
theory,Creative Industries,lq_emp_binary,classification,4g_area_coverage,0.007336432878593844
theory,Creative Industries,lq_emp_binary,classification,net_additions,0.017743656926867725
theory,Creative Industries,lq_emp_binary,classification,related_variety,0.02578473174770696
theory,Creative Industries,lq_bus_binary,classification,level_3+_qualifications,0.14157078297170028
theory,Creative Industries,lq_bus_binary,classification,gcse_by_age_19,0.1215498822149813
theory,Creative Industries,lq_bus_binary,classification,apprenticeship_starts,0.2853813330724344
theory,Creative Industries,lq_bus_binary,classification,apprenticeship_achievements,0.20501358110251303
theory,Creative Industries,lq_bus_binary,classification,fe_and_skills_participation,0.03831750320844034
theory,Creative Industries,lq_bus_binary,classification,new_enterprises,0.028771599688262272
theory,Creative Industries,lq_bus_binary,classification,deaths_of_enterprises,0.04502980906563001
theory,Creative Industries,lq_bus_binary,classification,active_enterprises,0.06381462545643807
theory,Creative Industries,lq_bus_binary,classification,high_growth_enterprises,0.023834376028418394
theory,Creative Industries,lq_bus_binary,classification,broadband_availability,0.017038155788725654
theory,Creative Industries,lq_bus_binary,classification,4g_area_coverage,0.008814256382720272
theory,Creative Industries,lq_bus_binary,classification,net_additions,0.007516160832088214
theory,Creative Industries,lq_bus_binary,classification,related_variety,0.013347934187647714
theory,Creative Industries,cagr_emp_binary,classification,level_3+_qualifications,0.07145006700506534
theory,Creative Industries,cagr_emp_binary,classification,gcse_by_age_19,0.06332602066109855
theory,Creative Industries,cagr_emp_binary,classification,apprenticeship_starts,0.0858355041774503
theory,Creative Industries,cagr_emp_binary,classification,apprenticeship_achievements,0.05927345435021851
theory,Creative Industries,cagr_emp_binary,classification,fe_and_skills_participation,0.057430123332276074
theory,Creative Industries,cagr_emp_binary,classification,new_enterprises,0.08346014333200376
theory,Creative Industries,cagr_emp_binary,classification,deaths_of_enterprises,0.07201518843818334
theory,Creative Industries,cagr_emp_binary,classification,active_enterprises,0.09845890256530171
theory,Creative Industries,cagr_emp_binary,classification,high_growth_enterprises,0.0621534433325472
theory,Creative Industries,cagr_emp_binary,classification,broadband_availability,0.07986554559520423
theory,Creative Industries,cagr_emp_binary,classification,4g_area_coverage,0.06476223872137464
theory,Creative Industries,cagr_emp_binary,classification,net_additions,0.0894070726848659
theory,Creative Industries,cagr_emp_binary,classification,related_variety,0.11256229580441046
theory,Creative Industries,cagr_bus_binary,classification,level_3+_qualifications,0.08737755391924144
theory,Creative Industries,cagr_bus_binary,classification,gcse_by_age_19,0.08364060841386552
theory,Creative Industries,cagr_bus_binary,classification,apprenticeship_starts,0.04787565884796965
theory,Creative Industries,cagr_bus_binary,classification,apprenticeship_achievements,0.05520222226787243
theory,Creative Industries,cagr_bus_binary,classification,fe_and_skills_participation,0.10626530922569793
theory,Creative Industries,cagr_bus_binary,classification,new_enterprises,0.07919538830106414
theory,Creative Industries,cagr_bus_binary,classification,deaths_of_enterprises,0.05396932112072716
theory,Creative Industries,cagr_bus_binary,classification,active_enterprises,0.07799783194132714
theory,Creative Industries,cagr_bus_binary,classification,high_growth_enterprises,0.04724718761550293
theory,Creative Industries,cagr_bus_binary,classification,broadband_availability,0.07017593983440525
theory,Creative Industries,cagr_bus_binary,classification,4g_area_coverage,0.04304411828718756
theory,Creative Industries,cagr_bus_binary,classification,net_additions,0.03401935062369551
theory,Creative Industries,cagr_bus_binary,classification,related_variety,0.21398950960144333
theory,Defence,lq_emp,regression,level_3+_qualifications,0.12404847666689062
theory,Defence,lq_emp,regression,gcse_by_age_19,0.017298403771515553
theory,Defence,lq_emp,regression,apprenticeship_starts,0.16498661383178528
theory,Defence,lq_emp,regression,apprenticeship_achievements,0.0422481790592555
theory,Defence,lq_emp,regression,fe_and_skills_participation,0.0333474415039992
theory,Defence,lq_emp,regression,new_enterprises,0.0703167673221129
theory,Defence,lq_emp,regression,deaths_of_enterprises,0.11745449017526859
theory,Defence,lq_emp,regression,active_enterprises,0.10297495603693954
theory,Defence,lq_emp,regression,high_growth_enterprises,0.04917630515869557
theory,Defence,lq_emp,regression,broadband_availability,0.14768348068034806
theory,Defence,lq_emp,regression,4g_area_coverage,0.08502373395674498
theory,Defence,lq_emp,regression,net_additions,0.045441151836444274
theory,Defence,lq_emp,regression,related_variety,0.0
theory,Defence,lq_bus,regression,level_3+_qualifications,0.0
theory,Defence,lq_bus,regression,gcse_by_age_19,0.005181442942513199
theory,Defence,lq_bus,regression,apprenticeship_starts,0.3239854577415174
theory,Defence,lq_bus,regression,apprenticeship_achievements,0.09580231094615754
theory,Defence,lq_bus,regression,fe_and_skills_participation,0.0
theory,Defence,lq_bus,regression,new_enterprises,0.01793892390056774
theory,Defence,lq_bus,regression,deaths_of_enterprises,0.05257663862098378
theory,Defence,lq_bus,regression,active_enterprises,0.04593183038115033
theory,Defence,lq_bus,regression,high_growth_enterprises,0.031373836101167445
theory,Defence,lq_bus,regression,broadband_availability,0.3383132000199067
theory,Defence,lq_bus,regression,4g_area_coverage,0.0
theory,Defence,lq_bus,regression,net_additions,0.0888963593460359
theory,Defence,lq_bus,regression,related_variety,0.0
theory,Defence,cagr_emp,regression,level_3+_qualifications,0.13802331340886723
theory,Defence,cagr_emp,regression,gcse_by_age_19,0.13051867665337832
theory,Defence,cagr_emp,regression,apprenticeship_starts,0.0996627995220771
theory,Defence,cagr_emp,regression,apprenticeship_achievements,0.0353867665391202
theory,Defence,cagr_emp,regression,fe_and_skills_participation,0.12951344411573357
theory,Defence,cagr_emp,regression,new_enterprises,0.052912482632416935
theory,Defence,cagr_emp,regression,deaths_of_enterprises,0.05244729741153144
theory,Defence,cagr_emp,regression,active_enterprises,0.03330002129836057
theory,Defence,cagr_emp,regression,high_growth_enterprises,0.04707904629736251
theory,Defence,cagr_emp,regression,broadband_availability,0.12105706639282456
theory,Defence,cagr_emp,regression,4g_area_coverage,0.09908048862406726
theory,Defence,cagr_emp,regression,net_additions,0.06101859710426023
theory,Defence,cagr_emp,regression,related_variety,0.0
theory,Defence,lq_emp_binary,classification,level_3+_qualifications,0.04197819929220947
theory,Defence,lq_emp_binary,classification,gcse_by_age_19,0.05019946408974748
theory,Defence,lq_emp_binary,classification,apprenticeship_starts,0.1598330586622142
theory,Defence,lq_emp_binary,classification,apprenticeship_achievements,0.16315709294939298
theory,Defence,lq_emp_binary,classification,fe_and_skills_participation,0.07034645209465284
theory,Defence,lq_emp_binary,classification,new_enterprises,0.06358548129503688
theory,Defence,lq_emp_binary,classification,deaths_of_enterprises,0.05464498584577313
theory,Defence,lq_emp_binary,classification,active_enterprises,0.08528096965589578
theory,Defence,lq_emp_binary,classification,high_growth_enterprises,0.08765207635327335
theory,Defence,lq_emp_binary,classification,broadband_availability,0.09712761103056916
theory,Defence,lq_emp_binary,classification,4g_area_coverage,0.07647840271349265
theory,Defence,lq_emp_binary,classification,net_additions,0.0497162060177422
theory,Defence,lq_emp_binary,classification,related_variety,0.0
theory,Defence,lq_bus_binary,classification,level_3+_qualifications,0.017920508923805985
theory,Defence,lq_bus_binary,classification,gcse_by_age_19,0.00620628396762797
theory,Defence,lq_bus_binary,classification,apprenticeship_starts,0.20462193612299384
theory,Defence,lq_bus_binary,classification,apprenticeship_achievements,0.21099755525429734
theory,Defence,lq_bus_binary,classification,fe_and_skills_participation,0.09850800185234297
theory,Defence,lq_bus_binary,classification,new_enterprises,0.03431000908830651
theory,Defence,lq_bus_binary,classification,deaths_of_enterprises,0.09193737119572287
theory,Defence,lq_bus_binary,classification,active_enterprises,0.10399950554476485
theory,Defence,lq_bus_binary,classification,high_growth_enterprises,0.0739695179331626
theory,Defence,lq_bus_binary,classification,broadband_availability,0.08170954442739402
theory,Defence,lq_bus_binary,classification,4g_area_coverage,0.010576235178832723
theory,Defence,lq_bus_binary,classification,net_additions,0.06524353051074837
theory,Defence,lq_bus_binary,classification,related_variety,0.0
theory,Defence,cagr_emp_binary,classification,level_3+_qualifications,0.05361986730504973
theory,Defence,cagr_emp_binary,classification,gcse_by_age_19,0.108015347767452
theory,Defence,cagr_emp_binary,classification,apprenticeship_starts,0.10272702748853274
theory,Defence,cagr_emp_binary,classification,apprenticeship_achievements,0.05498543714532766
theory,Defence,cagr_emp_binary,classification,fe_and_skills_participation,0.12764309803887905
theory,Defence,cagr_emp_binary,classification,new_enterprises,0.11246395906979058
theory,Defence,cagr_emp_binary,classification,deaths_of_enterprises,0.10139174096127605
theory,Defence,cagr_emp_binary,classification,active_enterprises,0.08523229366228215
theory,Defence,cagr_emp_binary,classification,high_growth_enterprises,0.08092612220009292
theory,Defence,cagr_emp_binary,classification,broadband_availability,0.08318879578921545
theory,Defence,cagr_emp_binary,classification,4g_area_coverage,0.034165717297355354
theory,Defence,cagr_emp_binary,classification,net_additions,0.05564059327474614
theory,Defence,cagr_emp_binary,classification,related_variety,0.0
theory,Digital and Technologies,lq_emp,regression,level_3+_qualifications,0.2648532211099823
theory,Digital and Technologies,lq_emp,regression,gcse_by_age_19,0.1571307451709541
theory,Digital and Technologies,lq_emp,regression,apprenticeship_starts,0.11564646208924434
theory,Digital and Technologies,lq_emp,regression,apprenticeship_achievements,0.08425349981535551
theory,Digital and Technologies,lq_emp,regression,fe_and_skills_participation,0.051539847801833585
theory,Digital and Technologies,lq_emp,regression,new_enterprises,0.018905917138048334
theory,Digital and Technologies,lq_emp,regression,deaths_of_enterprises,0.018045400984911707
theory,Digital and Technologies,lq_emp,regression,active_enterprises,0.027143581244889702
theory,Digital and Technologies,lq_emp,regression,high_growth_enterprises,0.13325238596211372
theory,Digital and Technologies,lq_emp,regression,broadband_availability,0.05373813347105304
theory,Digital and Technologies,lq_emp,regression,4g_area_coverage,0.00775089258239543
theory,Digital and Technologies,lq_emp,regression,net_additions,0.0385396444914543
theory,Digital and Technologies,lq_emp,regression,related_variety,0.029200268137763764
theory,Digital and Technologies,lq_bus,regression,level_3+_qualifications,0.2090018561554817
theory,Digital and Technologies,lq_bus,regression,gcse_by_age_19,0.07352527044655258
theory,Digital and Technologies,lq_bus,regression,apprenticeship_starts,0.2537829316557702
theory,Digital and Technologies,lq_bus,regression,apprenticeship_achievements,0.19532913717296502
theory,Digital and Technologies,lq_bus,regression,fe_and_skills_participation,0.025618352418049373
theory,Digital and Technologies,lq_bus,regression,new_enterprises,0.013968066774384323
theory,Digital and Technologies,lq_bus,regression,deaths_of_enterprises,0.030506915924227804
theory,Digital and Technologies,lq_bus,regression,active_enterprises,0.028487829209573556
theory,Digital and Technologies,lq_bus,regression,high_growth_enterprises,0.020220269445522066
theory,Digital and Technologies,lq_bus,regression,broadband_availability,0.05783500720992005
theory,Digital and Technologies,lq_bus,regression,4g_area_coverage,0.01635173586414
theory,Digital and Technologies,lq_bus,regression,net_additions,0.002739273454502256
theory,Digital and Technologies,lq_bus,regression,related_variety,0.0726333542689112
theory,Digital and Technologies,cagr_emp,regression,level_3+_qualifications,0.027884000203096893
theory,Digital and Technologies,cagr_emp,regression,gcse_by_age_19,0.025277540544990845
theory,Digital and Technologies,cagr_emp,regression,apprenticeship_starts,0.019366775955407173
theory,Digital and Technologies,cagr_emp,regression,apprenticeship_achievements,0.011557677009832774
theory,Digital and Technologies,cagr_emp,regression,fe_and_skills_participation,0.33782330607638883
theory,Digital and Technologies,cagr_emp,regression,new_enterprises,0.03817251779916266
theory,Digital and Technologies,cagr_emp,regression,deaths_of_enterprises,0.05170944014655726
theory,Digital and Technologies,cagr_emp,regression,active_enterprises,0.07104128170106598
theory,Digital and Technologies,cagr_emp,regression,high_growth_enterprises,0.1837688126134715
theory,Digital and Technologies,cagr_emp,regression,broadband_availability,0.042633657855888886
theory,Digital and Technologies,cagr_emp,regression,4g_area_coverage,0.030879201286863386
theory,Digital and Technologies,cagr_emp,regression,net_additions,0.11563078808907903
theory,Digital and Technologies,cagr_emp,regression,related_variety,0.04425500071819477
theory,Digital and Technologies,cagr_bus,regression,level_3+_qualifications,0.022863986313246102
theory,Digital and Technologies,cagr_bus,regression,gcse_by_age_19,0.0537993032499446
theory,Digital and Technologies,cagr_bus,regression,apprenticeship_starts,0.02692825734378763
theory,Digital and Technologies,cagr_bus,regression,apprenticeship_achievements,0.027522257135847873
theory,Digital and Technologies,cagr_bus,regression,fe_and_skills_participation,0.07103558058686431
theory,Digital and Technologies,cagr_bus,regression,new_enterprises,0.036547946537870114
theory,Digital and Technologies,cagr_bus,regression,deaths_of_enterprises,0.0357165330931881
theory,Digital and Technologies,cagr_bus,regression,active_enterprises,0.0911659545592093
theory,Digital and Technologies,cagr_bus,regression,high_growth_enterprises,0.2773862188810161
theory,Digital and Technologies,cagr_bus,regression,broadband_availability,0.0373510254423767
theory,Digital and Technologies,cagr_bus,regression,4g_area_coverage,0.029071320279063118
theory,Digital and Technologies,cagr_bus,regression,net_additions,0.08640808775120055
theory,Digital and Technologies,cagr_bus,regression,related_variety,0.20420352882638546
theory,Digital and Technologies,lq_emp_binary,classification,level_3+_qualifications,0.17043413562837847
theory,Digital and Technologies,lq_emp_binary,classification,gcse_by_age_19,0.16247711314508628
theory,Digital and Technologies,lq_emp_binary,classification,apprenticeship_starts,0.09035087157647097
theory,Digital and Technologies,lq_emp_binary,classification,apprenticeship_achievements,0.05880183512751176
theory,Digital and Technologies,lq_emp_binary,classification,fe_and_skills_participation,0.13407918347951278
theory,Digital and Technologies,lq_emp_binary,classification,new_enterprises,0.039047714894438014
theory,Digital and Technologies,lq_emp_binary,classification,deaths_of_enterprises,0.03625607272790731
theory,Digital and Technologies,lq_emp_binary,classification,active_enterprises,0.05017439168600294
theory,Digital and Technologies,lq_emp_binary,classification,high_growth_enterprises,0.12572232496258803
theory,Digital and Technologies,lq_emp_binary,classification,broadband_availability,0.07274335430620983
theory,Digital and Technologies,lq_emp_binary,classification,4g_area_coverage,0.01259462568772713
theory,Digital and Technologies,lq_emp_binary,classification,net_additions,0.01946916420256353
theory,Digital and Technologies,lq_emp_binary,classification,related_variety,0.027849212575602897
theory,Digital and Technologies,lq_bus_binary,classification,level_3+_qualifications,0.1545131988480515
theory,Digital and Technologies,lq_bus_binary,classification,gcse_by_age_19,0.14504869920542032
theory,Digital and Technologies,lq_bus_binary,classification,apprenticeship_starts,0.16891499835270118
theory,Digital and Technologies,lq_bus_binary,classification,apprenticeship_achievements,0.16102849115530243
theory,Digital and Technologies,lq_bus_binary,classification,fe_and_skills_participation,0.08021320444784717
theory,Digital and Technologies,lq_bus_binary,classification,new_enterprises,0.030801630268057097
theory,Digital and Technologies,lq_bus_binary,classification,deaths_of_enterprises,0.05120190922220803
theory,Digital and Technologies,lq_bus_binary,classification,active_enterprises,0.060627857042387406
theory,Digital and Technologies,lq_bus_binary,classification,high_growth_enterprises,0.0368507512781702
theory,Digital and Technologies,lq_bus_binary,classification,broadband_availability,0.05862469429062167
theory,Digital and Technologies,lq_bus_binary,classification,4g_area_coverage,0.005657958840013648
theory,Digital and Technologies,lq_bus_binary,classification,net_additions,0.01131275288066619
theory,Digital and Technologies,lq_bus_binary,classification,related_variety,0.03520385416855317
theory,Digital and Technologies,cagr_emp_binary,classification,level_3+_qualifications,0.08282693405041174
theory,Digital and Technologies,cagr_emp_binary,classification,gcse_by_age_19,0.051995175415823595
theory,Digital and Technologies,cagr_emp_binary,classification,apprenticeship_starts,0.05859890065303848
theory,Digital and Technologies,cagr_emp_binary,classification,apprenticeship_achievements,0.049949217602617654
theory,Digital and Technologies,cagr_emp_binary,classification,fe_and_skills_participation,0.0929225030377656
theory,Digital and Technologies,cagr_emp_binary,classification,new_enterprises,0.07133052188464181
theory,Digital and Technologies,cagr_emp_binary,classification,deaths_of_enterprises,0.08439164006839107
theory,Digital and Technologies,cagr_emp_binary,classification,active_enterprises,0.11571384322355216
theory,Digital and Technologies,cagr_emp_binary,classification,high_growth_enterprises,0.1189712886826453
theory,Digital and Technologies,cagr_emp_binary,classification,broadband_availability,0.040079345066656655
theory,Digital and Technologies,cagr_emp_binary,classification,4g_area_coverage,0.050215119180360625
theory,Digital and Technologies,cagr_emp_binary,classification,net_additions,0.11940141844660142
theory,Digital and Technologies,cagr_emp_binary,classification,related_variety,0.06360409268749395
theory,Digital and Technologies,cagr_bus_binary,classification,level_3+_qualifications,0.046117330868764
theory,Digital and Technologies,cagr_bus_binary,classification,gcse_by_age_19,0.1088885930572019
theory,Digital and Technologies,cagr_bus_binary,classification,apprenticeship_starts,0.03761938126609551
theory,Digital and Technologies,cagr_bus_binary,classification,apprenticeship_achievements,0.06412682247793282
theory,Digital and Technologies,cagr_bus_binary,classification,fe_and_skills_participation,0.059707711001264735
theory,Digital and Technologies,cagr_bus_binary,classification,new_enterprises,0.08515455741137769
theory,Digital and Technologies,cagr_bus_binary,classification,deaths_of_enterprises,0.08698016127798994
theory,Digital and Technologies,cagr_bus_binary,classification,active_enterprises,0.08459113503753359
theory,Digital and Technologies,cagr_bus_binary,classification,high_growth_enterprises,0.06022899598417023
theory,Digital and Technologies,cagr_bus_binary,classification,broadband_availability,0.061013516785628004
theory,Digital and Technologies,cagr_bus_binary,classification,4g_area_coverage,0.027850920737080998
theory,Digital and Technologies,cagr_bus_binary,classification,net_additions,0.07215206926102333
theory,Digital and Technologies,cagr_bus_binary,classification,related_variety,0.20556880483393739
theory,Financial Services,lq_emp,regression,level_3+_qualifications,0.01252377836955182
theory,Financial Services,lq_emp,regression,gcse_by_age_19,0.021156337332322507
theory,Financial Services,lq_emp,regression,apprenticeship_starts,0.023651885347358927
theory,Financial Services,lq_emp,regression,apprenticeship_achievements,0.02358754559317309
theory,Financial Services,lq_emp,regression,fe_and_skills_participation,0.03419165663509372
theory,Financial Services,lq_emp,regression,new_enterprises,0.01699000934503309
theory,Financial Services,lq_emp,regression,deaths_of_enterprises,0.017166123170051565
theory,Financial Services,lq_emp,regression,active_enterprises,0.04759142037127586
theory,Financial Services,lq_emp,regression,high_growth_enterprises,0.2887751334043181
theory,Financial Services,lq_emp,regression,broadband_availability,0.05318277373949995
theory,Financial Services,lq_emp,regression,4g_area_coverage,0.003314662317094751
theory,Financial Services,lq_emp,regression,net_additions,0.009317233472693197
theory,Financial Services,lq_emp,regression,related_variety,0.44855144090253346
theory,Financial Services,lq_bus,regression,level_3+_qualifications,0.03157846579578803
theory,Financial Services,lq_bus,regression,gcse_by_age_19,0.022375106534023182
theory,Financial Services,lq_bus,regression,apprenticeship_starts,0.01821235617710234
theory,Financial Services,lq_bus,regression,apprenticeship_achievements,0.009398549896169403
theory,Financial Services,lq_bus,regression,fe_and_skills_participation,0.03345296329213629
theory,Financial Services,lq_bus,regression,new_enterprises,0.012783154537454404
theory,Financial Services,lq_bus,regression,deaths_of_enterprises,0.03441187408766702
theory,Financial Services,lq_bus,regression,active_enterprises,0.02167110201660598
theory,Financial Services,lq_bus,regression,high_growth_enterprises,0.42292513225272843
theory,Financial Services,lq_bus,regression,broadband_availability,0.09133337959435375
theory,Financial Services,lq_bus,regression,4g_area_coverage,0.050688423730520196
theory,Financial Services,lq_bus,regression,net_additions,0.03030133079010149
theory,Financial Services,lq_bus,regression,related_variety,0.22086816129534953
theory,Financial Services,cagr_emp,regression,level_3+_qualifications,0.09263545318396894
theory,Financial Services,cagr_emp,regression,gcse_by_age_19,0.07106537835365812
theory,Financial Services,cagr_emp,regression,apprenticeship_starts,0.05756503499631789
theory,Financial Services,cagr_emp,regression,apprenticeship_achievements,0.06911929869355715
theory,Financial Services,cagr_emp,regression,fe_and_skills_participation,0.07940240471233152
theory,Financial Services,cagr_emp,regression,new_enterprises,0.037767647363336564
theory,Financial Services,cagr_emp,regression,deaths_of_enterprises,0.06278424229300444
theory,Financial Services,cagr_emp,regression,active_enterprises,0.060705713286838124
theory,Financial Services,cagr_emp,regression,high_growth_enterprises,0.022805706546218576
theory,Financial Services,cagr_emp,regression,broadband_availability,0.11296307357063928
theory,Financial Services,cagr_emp,regression,4g_area_coverage,0.10440264916826617
theory,Financial Services,cagr_emp,regression,net_additions,0.13499875974763428
theory,Financial Services,cagr_emp,regression,related_variety,0.09378463808422877
theory,Financial Services,cagr_bus,regression,level_3+_qualifications,0.027734920706803855
theory,Financial Services,cagr_bus,regression,gcse_by_age_19,0.07971932885866341
theory,Financial Services,cagr_bus,regression,apprenticeship_starts,0.02994132523781455
theory,Financial Services,cagr_bus,regression,apprenticeship_achievements,0.05473276722544517
theory,Financial Services,cagr_bus,regression,fe_and_skills_participation,0.051859305438619205
theory,Financial Services,cagr_bus,regression,new_enterprises,0.03246526964096624
theory,Financial Services,cagr_bus,regression,deaths_of_enterprises,0.04166905658199831
theory,Financial Services,cagr_bus,regression,active_enterprises,0.02470721989589829
theory,Financial Services,cagr_bus,regression,high_growth_enterprises,0.029578489706712105
theory,Financial Services,cagr_bus,regression,broadband_availability,0.0714403880305373
theory,Financial Services,cagr_bus,regression,4g_area_coverage,0.13481538780422425
theory,Financial Services,cagr_bus,regression,net_additions,0.15536218423449155
theory,Financial Services,cagr_bus,regression,related_variety,0.26597435663782576
theory,Financial Services,lq_emp_binary,classification,level_3+_qualifications,0.03658273555883354
theory,Financial Services,lq_emp_binary,classification,gcse_by_age_19,0.049656709021812045
theory,Financial Services,lq_emp_binary,classification,apprenticeship_starts,0.0501668416914057
theory,Financial Services,lq_emp_binary,classification,apprenticeship_achievements,0.06498753561735743
theory,Financial Services,lq_emp_binary,classification,fe_and_skills_participation,0.05413754460011454
theory,Financial Services,lq_emp_binary,classification,new_enterprises,0.11078787391336503
theory,Financial Services,lq_emp_binary,classification,deaths_of_enterprises,0.10062814593843687
theory,Financial Services,lq_emp_binary,classification,active_enterprises,0.1448507992044778
theory,Financial Services,lq_emp_binary,classification,high_growth_enterprises,0.14260406351991
theory,Financial Services,lq_emp_binary,classification,broadband_availability,0.03659766453412808
theory,Financial Services,lq_emp_binary,classification,4g_area_coverage,0.028396528177014182
theory,Financial Services,lq_emp_binary,classification,net_additions,0.03542727028784065
theory,Financial Services,lq_emp_binary,classification,related_variety,0.1451762879353042
theory,Financial Services,lq_bus_binary,classification,level_3+_qualifications,0.05991090472520063
theory,Financial Services,lq_bus_binary,classification,gcse_by_age_19,0.05822606724527701
theory,Financial Services,lq_bus_binary,classification,apprenticeship_starts,0.041512095172855264
theory,Financial Services,lq_bus_binary,classification,apprenticeship_achievements,0.08592248304244741
theory,Financial Services,lq_bus_binary,classification,fe_and_skills_participation,0.040617481486525414
theory,Financial Services,lq_bus_binary,classification,new_enterprises,0.0757794806048772
theory,Financial Services,lq_bus_binary,classification,deaths_of_enterprises,0.04148492498160373
theory,Financial Services,lq_bus_binary,classification,active_enterprises,0.06873407346545245
theory,Financial Services,lq_bus_binary,classification,high_growth_enterprises,0.16824136222544478
theory,Financial Services,lq_bus_binary,classification,broadband_availability,0.09859784329093117
theory,Financial Services,lq_bus_binary,classification,4g_area_coverage,0.04074349428358579
theory,Financial Services,lq_bus_binary,classification,net_additions,0.04158881254870351
theory,Financial Services,lq_bus_binary,classification,related_variety,0.17864097692709563
theory,Financial Services,cagr_emp_binary,classification,level_3+_qualifications,0.10109518456464617
theory,Financial Services,cagr_emp_binary,classification,gcse_by_age_19,0.05185273755942506
theory,Financial Services,cagr_emp_binary,classification,apprenticeship_starts,0.08447039344573479
theory,Financial Services,cagr_emp_binary,classification,apprenticeship_achievements,0.0879943201602767
theory,Financial Services,cagr_emp_binary,classification,fe_and_skills_participation,0.07743948568106726
theory,Financial Services,cagr_emp_binary,classification,new_enterprises,0.0810391293498027
theory,Financial Services,cagr_emp_binary,classification,deaths_of_enterprises,0.05966367104316027
theory,Financial Services,cagr_emp_binary,classification,active_enterprises,0.07803068165437782
theory,Financial Services,cagr_emp_binary,classification,high_growth_enterprises,0.052373363727083636
theory,Financial Services,cagr_emp_binary,classification,broadband_availability,0.0766789910130255
theory,Financial Services,cagr_emp_binary,classification,4g_area_coverage,0.06285448395856479
theory,Financial Services,cagr_emp_binary,classification,net_additions,0.08536731765655457
theory,Financial Services,cagr_emp_binary,classification,related_variety,0.10114024018628072
theory,Financial Services,cagr_bus_binary,classification,level_3+_qualifications,0.04628690825697626
theory,Financial Services,cagr_bus_binary,classification,gcse_by_age_19,0.09492492763214024
theory,Financial Services,cagr_bus_binary,classification,apprenticeship_starts,0.08278762205383124
theory,Financial Services,cagr_bus_binary,classification,apprenticeship_achievements,0.08167525556921498
theory,Financial Services,cagr_bus_binary,classification,fe_and_skills_participation,0.1121555485863722
theory,Financial Services,cagr_bus_binary,classification,new_enterprises,0.07753523875730965
theory,Financial Services,cagr_bus_binary,classification,deaths_of_enterprises,0.07153459996035043
theory,Financial Services,cagr_bus_binary,classification,active_enterprises,0.05838204586951828
theory,Financial Services,cagr_bus_binary,classification,high_growth_enterprises,0.038512244291765904
theory,Financial Services,cagr_bus_binary,classification,broadband_availability,0.0852600436491895
theory,Financial Services,cagr_bus_binary,classification,4g_area_coverage,0.130796494658483
theory,Financial Services,cagr_bus_binary,classification,net_additions,0.04662659816016459
theory,Financial Services,cagr_bus_binary,classification,related_variety,0.0735224725546838
theory,Life Sciences,lq_emp,regression,level_3+_qualifications,0.22096278661630842
theory,Life Sciences,lq_emp,regression,gcse_by_age_19,0.06578836996374805
theory,Life Sciences,lq_emp,regression,apprenticeship_starts,0.030225013268155916
theory,Life Sciences,lq_emp,regression,apprenticeship_achievements,0.024191402604904474
theory,Life Sciences,lq_emp,regression,fe_and_skills_participation,0.1951474776415602
theory,Life Sciences,lq_emp,regression,new_enterprises,0.05770099196006986
theory,Life Sciences,lq_emp,regression,deaths_of_enterprises,0.04915284165096621
theory,Life Sciences,lq_emp,regression,active_enterprises,0.03390919935528554
theory,Life Sciences,lq_emp,regression,high_growth_enterprises,0.01322152031209905
theory,Life Sciences,lq_emp,regression,broadband_availability,0.1462311676151985
theory,Life Sciences,lq_emp,regression,4g_area_coverage,0.10665088334819654
theory,Life Sciences,lq_emp,regression,net_additions,0.02314231194526181
theory,Life Sciences,lq_emp,regression,related_variety,0.03367603371824551
theory,Life Sciences,lq_bus,regression,level_3+_qualifications,0.05281529231652463
theory,Life Sciences,lq_bus,regression,gcse_by_age_19,0.004876839801718685
theory,Life Sciences,lq_bus,regression,apprenticeship_starts,0.006910525131373714
theory,Life Sciences,lq_bus,regression,apprenticeship_achievements,0.006219903943398093
theory,Life Sciences,lq_bus,regression,fe_and_skills_participation,0.2788817094512503
theory,Life Sciences,lq_bus,regression,new_enterprises,0.07200197507570384
theory,Life Sciences,lq_bus,regression,deaths_of_enterprises,0.09753686710065332
theory,Life Sciences,lq_bus,regression,active_enterprises,0.0480970587634646
theory,Life Sciences,lq_bus,regression,high_growth_enterprises,0.0027026395016898023
theory,Life Sciences,lq_bus,regression,broadband_availability,0.025457012813166528
theory,Life Sciences,lq_bus,regression,4g_area_coverage,0.0016724604900430157
theory,Life Sciences,lq_bus,regression,net_additions,0.0060879097928147365
theory,Life Sciences,lq_bus,regression,related_variety,0.39673980581819884
theory,Life Sciences,cagr_emp,regression,level_3+_qualifications,0.26790866665235286
theory,Life Sciences,cagr_emp,regression,gcse_by_age_19,0.0528385833055973
theory,Life Sciences,cagr_emp,regression,apprenticeship_starts,0.03189480804385527
theory,Life Sciences,cagr_emp,regression,apprenticeship_achievements,0.017073534305371254
theory,Life Sciences,cagr_emp,regression,fe_and_skills_participation,0.07489196371646374
theory,Life Sciences,cagr_emp,regression,new_enterprises,0.1743673385710717
theory,Life Sciences,cagr_emp,regression,deaths_of_enterprises,0.06323316143470532
theory,Life Sciences,cagr_emp,regression,active_enterprises,0.06057232271603413
theory,Life Sciences,cagr_emp,regression,high_growth_enterprises,0.06273753456648871
theory,Life Sciences,cagr_emp,regression,broadband_availability,0.11159393809751153
theory,Life Sciences,cagr_emp,regression,4g_area_coverage,0.031257066400789464
theory,Life Sciences,cagr_emp,regression,net_additions,0.04920896537477284
theory,Life Sciences,cagr_emp,regression,related_variety,0.0024221168149860008
theory,Life Sciences,cagr_bus,regression,level_3+_qualifications,0.060495681687495376
theory,Life Sciences,cagr_bus,regression,gcse_by_age_19,0.021766716722370832
theory,Life Sciences,cagr_bus,regression,apprenticeship_starts,0.029413343573120396
theory,Life Sciences,cagr_bus,regression,apprenticeship_achievements,0.044598355168974334
theory,Life Sciences,cagr_bus,regression,fe_and_skills_participation,0.029175924578662023
theory,Life Sciences,cagr_bus,regression,new_enterprises,0.10951034120426927
theory,Life Sciences,cagr_bus,regression,deaths_of_enterprises,0.07388852306023704
theory,Life Sciences,cagr_bus,regression,active_enterprises,0.11254187935838102
theory,Life Sciences,cagr_bus,regression,high_growth_enterprises,0.07323996027576316
theory,Life Sciences,cagr_bus,regression,broadband_availability,0.07147756675958597
theory,Life Sciences,cagr_bus,regression,4g_area_coverage,0.02083950708874316
theory,Life Sciences,cagr_bus,regression,net_additions,0.031395189648813125
theory,Life Sciences,cagr_bus,regression,related_variety,0.32165701087358434
theory,Life Sciences,lq_emp_binary,classification,level_3+_qualifications,0.08135185537813643
theory,Life Sciences,lq_emp_binary,classification,gcse_by_age_19,0.06585679084414414
theory,Life Sciences,lq_emp_binary,classification,apprenticeship_starts,0.05649829966522252
theory,Life Sciences,lq_emp_binary,classification,apprenticeship_achievements,0.05840332665233926
theory,Life Sciences,lq_emp_binary,classification,fe_and_skills_participation,0.1275977587339175
theory,Life Sciences,lq_emp_binary,classification,new_enterprises,0.08170758947800431
theory,Life Sciences,lq_emp_binary,classification,deaths_of_enterprises,0.10759700534661253
theory,Life Sciences,lq_emp_binary,classification,active_enterprises,0.10446898331736104
theory,Life Sciences,lq_emp_binary,classification,high_growth_enterprises,0.03868445020145461
theory,Life Sciences,lq_emp_binary,classification,broadband_availability,0.09747444594495044
theory,Life Sciences,lq_emp_binary,classification,4g_area_coverage,0.11293347290116884
theory,Life Sciences,lq_emp_binary,classification,net_additions,0.029439038918714647
theory,Life Sciences,lq_emp_binary,classification,related_variety,0.03798698261797372
theory,Life Sciences,lq_bus_binary,classification,level_3+_qualifications,0.11272827126603922
theory,Life Sciences,lq_bus_binary,classification,gcse_by_age_19,0.030669655679777783
theory,Life Sciences,lq_bus_binary,classification,apprenticeship_starts,0.0707976229607761
theory,Life Sciences,lq_bus_binary,classification,apprenticeship_achievements,0.045154330643278395
theory,Life Sciences,lq_bus_binary,classification,fe_and_skills_participation,0.08650908954129087
theory,Life Sciences,lq_bus_binary,classification,new_enterprises,0.04389106251030995
theory,Life Sciences,lq_bus_binary,classification,deaths_of_enterprises,0.055642731457013865
theory,Life Sciences,lq_bus_binary,classification,active_enterprises,0.06936387915477327
theory,Life Sciences,lq_bus_binary,classification,high_growth_enterprises,0.07416787645858904
theory,Life Sciences,lq_bus_binary,classification,broadband_availability,0.0375950758729444
theory,Life Sciences,lq_bus_binary,classification,4g_area_coverage,0.020050109543261634
theory,Life Sciences,lq_bus_binary,classification,net_additions,0.023194917918381477
theory,Life Sciences,lq_bus_binary,classification,related_variety,0.33023537699356414
theory,Life Sciences,cagr_emp_binary,classification,level_3+_qualifications,0.14055591227742492
theory,Life Sciences,cagr_emp_binary,classification,gcse_by_age_19,0.09450618528027846
theory,Life Sciences,cagr_emp_binary,classification,apprenticeship_starts,0.0825714737102195
theory,Life Sciences,cagr_emp_binary,classification,apprenticeship_achievements,0.07801192821504961
theory,Life Sciences,cagr_emp_binary,classification,fe_and_skills_participation,0.09783878209730204
theory,Life Sciences,cagr_emp_binary,classification,new_enterprises,0.07181878475053298
theory,Life Sciences,cagr_emp_binary,classification,deaths_of_enterprises,0.07521345186369621
theory,Life Sciences,cagr_emp_binary,classification,active_enterprises,0.07495496784316576
theory,Life Sciences,cagr_emp_binary,classification,high_growth_enterprises,0.07967303101644259
theory,Life Sciences,cagr_emp_binary,classification,broadband_availability,0.05942207149356324
theory,Life Sciences,cagr_emp_binary,classification,4g_area_coverage,0.045914029363165465
theory,Life Sciences,cagr_emp_binary,classification,net_additions,0.04596740591643929
theory,Life Sciences,cagr_emp_binary,classification,related_variety,0.053551976172719895
theory,Life Sciences,cagr_bus_binary,classification,level_3+_qualifications,0.07373570820890259
theory,Life Sciences,cagr_bus_binary,classification,gcse_by_age_19,0.04696605207088023
theory,Life Sciences,cagr_bus_binary,classification,apprenticeship_starts,0.10069622086905046
theory,Life Sciences,cagr_bus_binary,classification,apprenticeship_achievements,0.06941807650746247
theory,Life Sciences,cagr_bus_binary,classification,fe_and_skills_participation,0.1092528360434621
theory,Life Sciences,cagr_bus_binary,classification,new_enterprises,0.08370398254764375
theory,Life Sciences,cagr_bus_binary,classification,deaths_of_enterprises,0.06221984954997975
theory,Life Sciences,cagr_bus_binary,classification,active_enterprises,0.08718447568653506
theory,Life Sciences,cagr_bus_binary,classification,high_growth_enterprises,0.04949231354587706
theory,Life Sciences,cagr_bus_binary,classification,broadband_availability,0.0786335026347734
theory,Life Sciences,cagr_bus_binary,classification,4g_area_coverage,0.05483319891629335
theory,Life Sciences,cagr_bus_binary,classification,net_additions,0.036650703280695106
theory,Life Sciences,cagr_bus_binary,classification,related_variety,0.14721308013844475
theory,Professional and Business Services,lq_emp,regression,level_3+_qualifications,0.021111923910556902
theory,Professional and Business Services,lq_emp,regression,gcse_by_age_19,0.0911761666317578
theory,Professional and Business Services,lq_emp,regression,apprenticeship_starts,0.31876076298261957
theory,Professional and Business Services,lq_emp,regression,apprenticeship_achievements,0.017166904367579415
theory,Professional and Business Services,lq_emp,regression,fe_and_skills_participation,0.05859720973272843
theory,Professional and Business Services,lq_emp,regression,new_enterprises,0.013914104404444554
theory,Professional and Business Services,lq_emp,regression,deaths_of_enterprises,0.04364428349591673
theory,Professional and Business Services,lq_emp,regression,active_enterprises,0.020624483128605313
theory,Professional and Business Services,lq_emp,regression,high_growth_enterprises,0.2856896893839165
theory,Professional and Business Services,lq_emp,regression,broadband_availability,0.04365183785400925
theory,Professional and Business Services,lq_emp,regression,4g_area_coverage,0.022461968318529753
theory,Professional and Business Services,lq_emp,regression,net_additions,0.03136724238403722
theory,Professional and Business Services,lq_emp,regression,related_variety,0.031833423405298544
theory,Professional and Business Services,lq_bus,regression,level_3+_qualifications,0.20673370707615918
theory,Professional and Business Services,lq_bus,regression,gcse_by_age_19,0.0884784115546104
theory,Professional and Business Services,lq_bus,regression,apprenticeship_starts,0.32976653922157567
theory,Professional and Business Services,lq_bus,regression,apprenticeship_achievements,0.0377812570303397
theory,Professional and Business Services,lq_bus,regression,fe_and_skills_participation,0.016441687151929823
theory,Professional and Business Services,lq_bus,regression,new_enterprises,0.007531126657503513
theory,Professional and Business Services,lq_bus,regression,deaths_of_enterprises,0.02613562043337104
theory,Professional and Business Services,lq_bus,regression,active_enterprises,0.03568983707679558
theory,Professional and Business Services,lq_bus,regression,high_growth_enterprises,0.03684636200934212
theory,Professional and Business Services,lq_bus,regression,broadband_availability,0.038313268568108155
theory,Professional and Business Services,lq_bus,regression,4g_area_coverage,0.01254624119655558
theory,Professional and Business Services,lq_bus,regression,net_additions,0.004130982168437684
theory,Professional and Business Services,lq_bus,regression,related_variety,0.1596049598552717
theory,Professional and Business Services,cagr_emp,regression,level_3+_qualifications,0.10073482874366467
theory,Professional and Business Services,cagr_emp,regression,gcse_by_age_19,0.070236412602772
theory,Professional and Business Services,cagr_emp,regression,apprenticeship_starts,0.08103738627529287
theory,Professional and Business Services,cagr_emp,regression,apprenticeship_achievements,0.09504302154835012
theory,Professional and Business Services,cagr_emp,regression,fe_and_skills_participation,0.09498635586144243
theory,Professional and Business Services,cagr_emp,regression,new_enterprises,0.07728805373019182
theory,Professional and Business Services,cagr_emp,regression,deaths_of_enterprises,0.09071293679690905
theory,Professional and Business Services,cagr_emp,regression,active_enterprises,0.058370433213252554
theory,Professional and Business Services,cagr_emp,regression,high_growth_enterprises,0.07017387042552013
theory,Professional and Business Services,cagr_emp,regression,broadband_availability,0.07535112700523258
theory,Professional and Business Services,cagr_emp,regression,4g_area_coverage,0.043495903634271416
theory,Professional and Business Services,cagr_emp,regression,net_additions,0.048856442567922605
theory,Professional and Business Services,cagr_emp,regression,related_variety,0.0937132275951777
theory,Professional and Business Services,cagr_bus,regression,level_3+_qualifications,0.1056152214055445
theory,Professional and Business Services,cagr_bus,regression,gcse_by_age_19,0.11029093056749534
theory,Professional and Business Services,cagr_bus,regression,apprenticeship_starts,0.06652059354548388
theory,Professional and Business Services,cagr_bus,regression,apprenticeship_achievements,0.008407983836853731
theory,Professional and Business Services,cagr_bus,regression,fe_and_skills_participation,0.06538396234627125
theory,Professional and Business Services,cagr_bus,regression,new_enterprises,0.04667781042380132
theory,Professional and Business Services,cagr_bus,regression,deaths_of_enterprises,0.01772026821848966
theory,Professional and Business Services,cagr_bus,regression,active_enterprises,0.18099895334787033
theory,Professional and Business Services,cagr_bus,regression,high_growth_enterprises,0.04818916081824013
theory,Professional and Business Services,cagr_bus,regression,broadband_availability,0.08459920851093633
theory,Professional and Business Services,cagr_bus,regression,4g_area_coverage,0.016424019436864
theory,Professional and Business Services,cagr_bus,regression,net_additions,0.012920105349234413
theory,Professional and Business Services,cagr_bus,regression,related_variety,0.23625178219291523
theory,Professional and Business Services,lq_emp_binary,classification,level_3+_qualifications,0.06451055942685024
theory,Professional and Business Services,lq_emp_binary,classification,gcse_by_age_19,0.19849300826745955
theory,Professional and Business Services,lq_emp_binary,classification,apprenticeship_starts,0.13852625645416786
theory,Professional and Business Services,lq_emp_binary,classification,apprenticeship_achievements,0.09754899977488594
theory,Professional and Business Services,lq_emp_binary,classification,fe_and_skills_participation,0.05879162022328865
theory,Professional and Business Services,lq_emp_binary,classification,new_enterprises,0.06069874150045005
theory,Professional and Business Services,lq_emp_binary,classification,deaths_of_enterprises,0.058638212219364834
theory,Professional and Business Services,lq_emp_binary,classification,active_enterprises,0.07538819694173253
theory,Professional and Business Services,lq_emp_binary,classification,high_growth_enterprises,0.08895081023896552
theory,Professional and Business Services,lq_emp_binary,classification,broadband_availability,0.03761349074758044
theory,Professional and Business Services,lq_emp_binary,classification,4g_area_coverage,0.025549480009652275
theory,Professional and Business Services,lq_emp_binary,classification,net_additions,0.018448456848571826
theory,Professional and Business Services,lq_emp_binary,classification,related_variety,0.07684216734703007
theory,Professional and Business Services,lq_bus_binary,classification,level_3+_qualifications,0.1987398326160571
theory,Professional and Business Services,lq_bus_binary,classification,gcse_by_age_19,0.10247173951534634
theory,Professional and Business Services,lq_bus_binary,classification,apprenticeship_starts,0.17782656525293877
theory,Professional and Business Services,lq_bus_binary,classification,apprenticeship_achievements,0.12537968821594478
theory,Professional and Business Services,lq_bus_binary,classification,fe_and_skills_participation,0.03779162708283508
theory,Professional and Business Services,lq_bus_binary,classification,new_enterprises,0.03217349220377553
theory,Professional and Business Services,lq_bus_binary,classification,deaths_of_enterprises,0.04295031372870678
theory,Professional and Business Services,lq_bus_binary,classification,active_enterprises,0.06588265445288238
theory,Professional and Business Services,lq_bus_binary,classification,high_growth_enterprises,0.06505572111774122
theory,Professional and Business Services,lq_bus_binary,classification,broadband_availability,0.01810609874982343
theory,Professional and Business Services,lq_bus_binary,classification,4g_area_coverage,0.004255478326661661
theory,Professional and Business Services,lq_bus_binary,classification,net_additions,0.004384402581093239
theory,Professional and Business Services,lq_bus_binary,classification,related_variety,0.12498238615619384
theory,Professional and Business Services,cagr_emp_binary,classification,level_3+_qualifications,0.07574274095250538
theory,Professional and Business Services,cagr_emp_binary,classification,gcse_by_age_19,0.049830613002424064
theory,Professional and Business Services,cagr_emp_binary,classification,apprenticeship_starts,0.06191332045614761
theory,Professional and Business Services,cagr_emp_binary,classification,apprenticeship_achievements,0.06956511923874677
theory,Professional and Business Services,cagr_emp_binary,classification,fe_and_skills_participation,0.06532194145792174
theory,Professional and Business Services,cagr_emp_binary,classification,new_enterprises,0.08011525415097041
theory,Professional and Business Services,cagr_emp_binary,classification,deaths_of_enterprises,0.08884722349289714
theory,Professional and Business Services,cagr_emp_binary,classification,active_enterprises,0.08134213251207739
theory,Professional and Business Services,cagr_emp_binary,classification,high_growth_enterprises,0.07591862770156355
theory,Professional and Business Services,cagr_emp_binary,classification,broadband_availability,0.10836019164530342
theory,Professional and Business Services,cagr_emp_binary,classification,4g_area_coverage,0.059798889865918706
theory,Professional and Business Services,cagr_emp_binary,classification,net_additions,0.0961879554320932
theory,Professional and Business Services,cagr_emp_binary,classification,related_variety,0.08705599009143059
theory,Professional and Business Services,cagr_bus_binary,classification,level_3+_qualifications,0.08382598502147941
theory,Professional and Business Services,cagr_bus_binary,classification,gcse_by_age_19,0.1026570900194074
theory,Professional and Business Services,cagr_bus_binary,classification,apprenticeship_starts,0.06670257803866841
theory,Professional and Business Services,cagr_bus_binary,classification,apprenticeship_achievements,0.054067431314074064
theory,Professional and Business Services,cagr_bus_binary,classification,fe_and_skills_participation,0.13022060454613413
theory,Professional and Business Services,cagr_bus_binary,classification,new_enterprises,0.0563712326105815
theory,Professional and Business Services,cagr_bus_binary,classification,deaths_of_enterprises,0.0478038405667448
theory,Professional and Business Services,cagr_bus_binary,classification,active_enterprises,0.06817082641535048
theory,Professional and Business Services,cagr_bus_binary,classification,high_growth_enterprises,0.03474907140968519
theory,Professional and Business Services,cagr_bus_binary,classification,broadband_availability,0.053001374966263386
theory,Professional and Business Services,cagr_bus_binary,classification,4g_area_coverage,0.03462480383967401
theory,Professional and Business Services,cagr_bus_binary,classification,net_additions,0.057335021549513164
theory,Professional and Business Services,cagr_bus_binary,classification,related_variety,0.21047013970242412
