ProviderName,UKPRN,INSTID,CampusName,CampusCountry,CampusPostcode,CampusLatitude,CampusLongitude
AA School of Architecture,10008071,0323,Hooke Park,England,DT8 3PH,50.790481,-2.673988
AA School of Architecture,10008071,0323,Main campus,England,WC1B 3ES,51.518218,-0.130697
Abertay University,10007849,0095,Entire HEP,Scotland,DD1 1HG,56.463117,-2.974299
Aberystwyth University,10007856,0177,Canolfan Iaith Ceredigion,Wales,SA48 8AF,52.195879,-4.170098
Aberystwyth University,10007856,0177,Canolfan Iaith Clwyd,Wales,SA44 6AE,52.16253,-4.447756
Aberystwyth University,10007856,0177,Coleg Harlech,Wales,LL46 2PU,52.855901,-4.112967
Aberystwyth University,10007856,0177,Coleg Meirion Dwyfor,Wales,LL40 2SW,52.744734,-3.897765
Aberystwyth University,10007856,0177,Entire HEP,Wales,SY23 3BY,52.417956,-4.064916
ABI College Limited,10019746,0231,Main campus,England,RG1 4SJ,51.451368,-0.967864
Abingdon and Witney College,10000055,1183,Main campus,England,OX14 1GG,51.680624,-1.28696
Academy of Live and Recorded Arts,10000248,0269,ALRA North,England,WN3 4BF,53.542304,-2.637992
Academy of Live and Recorded Arts,10000248,0269,ALRA South,England,SW18 3SX,51.4533,-0.174557
Academy of Live and Recorded Arts,10000248,0269,Main campus,England,SW18 3SX,51.4533,-0.174557
Access to Music Limited,10000080,0268,Main campus,England,B9 4AR,52.476431,-1.88286
Accrington and Rossendale College,10000093,1182,Main campus,England,BB5 2AW,53.748697,-2.35286
ACM Guildford Limited,10067853,0357,Birmingham Campus,England,B3 1AG,52.484594,-1.902924
ACM Guildford Limited,10067853,0357,London Campus,England,SW4 0BG,51.462486,-0.138834
ACM Guildford Limited,10067853,0357,Main campus,England,GU1 4SB,51.236455,-0.578092
Activate Learning,10004927,1181,Main campus,England,OX1 1SA,51.749548,-1.264524
AECC University College,10000163,0213,Entire HEP,England,BH5 2DF,50.727261,-1.828772
AECC University College,10000163,0213,Norwegian Chiropractors' Office for Information an,Norway,,50.727261,-1.828772
All Nations Christian College,10000216,0285,Entire HEP,England,SG12 8LX,51.80252,0.000933
Amity Global Education,10032036,0353,Entire HEP,England,WC1E 7HX,51.521891,-0.130359
Anglia Ruskin University,10000291,0047,Cambridge,England,CB1 1PT,52.203402,0.13461
Anglia Ruskin University,10000291,0047,Cambridge campus,England,CB1 1PT,52.203402,0.13461
Anglia Ruskin University,10000291,0047,Harlow,England,CM20 3LH,51.770467,0.099149
Anglia Ruskin University,10000291,0047,London,England,EC1N 6SA,51.518542,-0.105909
Anglia Ruskin University,10000291,0047,Main campus,England,CM1 1SQ,51.741381,0.474495
Anglia Ruskin University,10000291,0047,Peterborough,England,PE1 4DZ,52.586783,-0.230191
Anglia Ruskin University,10000291,0047,Peterborough Guild House,England,PE2 9PW,52.565311,-0.252362
Anglia Ruskin University,10000291,0047,West Anglia,England,PE30 2QW,52.756352,0.410694
Apex College,10041898,0329,Entire HEP,England,SE17 1JE,51.48871,-0.096354
Applied Business Academy Limited,10062759,0432,Entire HEP,England,E14 9RH,51.49744,-0.014275
Arden University,10005451,0333,Berlin,Germany,,52.373008,-1.466384
Arden University,10005451,0333,Birmingham,England,B5 4UA,52.476224,-1.898516
Arden University,10005451,0333,Ealing,England,W5 5SA,51.512203,-0.309004
Arden University,10005451,0333,Holborn,England,EC1N 2LX,51.517609,-0.109519
Arden University,10005451,0333,Islamabad,Pakistan,,52.373008,-1.466384
Arden University,10005451,0333,Lahore,Pakistan,,52.373008,-1.466384
Arden University,10005451,0333,Leeds,England,LS1 5HD,53.797928,-1.54673
Arden University,10005451,0333,Main campus,England,CV3 4FJ,52.373008,-1.466384
Arden University,10005451,0333,Manchester,England,M1 4LF,53.476179,-2.240634
Arden University,10005451,0333,Tower Hill,England,EC3N 4DX,51.509939,-0.073608
Arts Educational Schools,10000381,0244,Entire HEP,England,W4 1LY,51.49596,-0.252435
Arts University Plymouth,10005127,0230,Entire HEP,England,PL4 8AT,50.37341,-4.137411
Ashton Sixth Form College,10000409,1180,Main campus,England,OL6 9RL,53.492067,-2.075504
Askham Bryan College,10000415,1179,Main campus,England,YO23 3FR,53.920657,-1.161491
Aston University,10007759,0108,Entire HEP,England,B4 7ET,52.486637,-1.890952
Aylesbury College,10000473,1178,Main campus,England,HP21 8PD,51.813857,-0.822655
Backstage Academy (Training) Ltd,10036456,0426,Entire HEP,England,WF9 3NR,53.591331,-1.307107
Ballet West,10042364,0324,Main campus,Scotland,PA35 1HP,56.426118,-5.226522
Bangor University,10007857,0178,CSUFT,China,,53.229193,-4.129437
Bangor University,10007857,0178,London Centre,England,EC2A 2EW,51.52106,-0.080057
Bangor University,10007857,0178,Main campus,Wales,LL57 2DG,53.229193,-4.129437
Bangor University,10007857,0178,Wrexham,Wales,LL13 7YP,53.048988,-3.01411
Barking and Dagenham College,10000528,1177,Main campus,England,RM7 0XU,51.56033,0.174564
Barnet & Southgate College,10000533,1174,Main campus,England,EN5 4AZ,51.652379,-0.2003
Barnfield College,10000534,1176,Main campus,England,LU2 7BF,51.90603,-0.421883
Barnsley College,10000536,1175,Main campus,England,S70 2AX,53.556624,-1.482572
Basingstoke College of Technology,10000560,1173,Main campus,England,RG21 8TN,51.26336,-1.095958
Bath College,10001465,1172,Main campus,England,BA1 1UP,51.379717,-2.362652
Bath Spa University,10000571,0048,BSULONDON,England,N1 6HQ,51.530733,-0.079304
Bath Spa University,10000571,0048,Main campus,England,BA2 9BN,51.373209,-2.440912
BCNO Limited,10000911,0400,European School of Osteopathy,England,ME14 3DZ,51.305512,0.544507
BCNO Limited,10000911,0400,Main campus,England,NW3 5RR,51.547841,-0.179372
Bedford College,10000610,1171,Main campus,England,MK42 9AH,52.133347,-0.468552
Belfast Metropolitan College,10020680,0345,Main campus,Northern Ireland,BT3 9FQ,54.604763,-5.911865
Bell College,10007809,0198,"Crichton Campus, Dumfries",Scotland,DG1 4ZN,55.049484,-3.589292
Bell College,10007809,0198,Main campus,Scotland,ML3 0JB,55.780129,-4.047587
Bexhill College,10000670,1188,Main campus,England,TN40 2JG,50.847112,0.490934
BIMM University,10037544,0232,BIMM Berlin,Germany,,50.820995,-0.139682
BIMM University,10037544,0232,BIMM Birmingham,England,B5 5SR,52.476504,-1.883993
BIMM University,10037544,0232,BIMM Brighton,England,BN3 1EL,50.824512,-0.160357
BIMM University,10037544,0232,BIMM Bristol,England,BS2 8JN,51.461371,-2.59175
BIMM University,10037544,0232,BIMM Dublin,Ireland,,50.820995,-0.139682
BIMM University,10037544,0232,BIMM Hamburg,Germany,,50.820995,-0.139682
BIMM University,10037544,0232,BIMM London,England,SW6 1EN,51.479423,-0.1966
BIMM University,10037544,0232,BIMM Manchester,England,M1 5NN,53.472988,-2.241944
BIMM University,10037544,0232,ICT Brighton,England,BN1 4GW,50.833404,-0.140339
BIMM University,10037544,0232,ICT Manchester,England,M1 5QA,53.472893,-2.23997
BIMM University,10037544,0232,Main campus,England,BN3 1EL ,50.824512,-0.160357
BIMM University,10037544,0232,Performers College Birmingham,England,B5 5SR,52.476504,-1.883993
BIMM University,10037544,0232,Performers College Essex,England,SS17 8JS,51.53502,0.453436
BIMM University,10037544,0232,Performers College Rayleigh,England,SS6 7UY,51.577803,0.605258
BIMM University,10037544,0232,SFS Birmingham,England,B5 5SS,52.47622,-1.883822
BIMM University,10037544,0232,SFS Brighton,England,BN1 1NH,50.820259,-0.138121
BIMM University,10037544,0232,SFS Manchester,England,M3 3AN,53.480628,-2.254871
Bird College,10002011,0453,Main campus,England,DA14 4ED,51.431935,0.105806
Birkbeck College,10007760,0127,Entire HEP,England,WC1E 7HX,51.521891,-0.130359
Birmingham City University,10007140,0052,Birmingham City University UAE Ras Al Khaimah Camp,United Arab Emirates,,52.481921,-1.888824
Birmingham City University,10007140,0052,City South Campus,England,B15 3TN,52.468243,-1.926046
Birmingham City University,10007140,0052,Main campus,England,B4 7AP,52.482793,-1.885955
Birmingham City University,10007140,0052,School of Art,England,B3 3BX,52.481092,-1.903261
Birmingham City University,10007140,0052,School of Jewellery,England,B1 3PA,52.486429,-1.91151
Birmingham Metropolitan College,10006442,1169,Main campus,England,B4 7PS,52.48321,-1.889341
Bishop Auckland College,10000720,1168,Main campus,England,DL14 6JZ,54.65052,-1.69652
Bishop Burton College,10000721,1167,Main campus,England,HU17 8QG,53.848058,-0.503445
Bishop Grosseteste University,10007811,0007,Entire HEP,England,LN1 3DY,53.243563,-0.537139
Blackburn College,10000747,1166,Main campus,England,BB2 1LH,53.748575,-2.489745
Blackpool and the Fylde College,10000754,1165,Main campus,England,FY2 0HB,53.859387,-3.026295
Bloomsbury Institute,10004061,0238,Entire HEP,England,WC1B 3RA,51.51948,-0.129063
BMC (Brooksby Melton College),10000952,1154,Main campus,England,LE13 0HJ,52.766397,-0.891705
Bolton College,10000794,1164,Main campus,England,BL3 5BG,53.574721,-2.437096
Boston College,10000812,1163,Main campus,England,PE21 6JF,52.973254,-0.014959
Bournemouth University,10000824,0050,Entire HEP,England,BH12 5BB,50.742979,-1.897168
BPP University,10031982,0214,Abingdon,England,OX14 1BZ,51.670421,-1.305384
BPP University,10031982,0214,Basingstoke and North Hampshire Hospital,England,RG24 9NA,51.280633,-1.109918
BPP University,10031982,0214,Birmingham,England,B4 6BN,52.483014,-1.895521
BPP University,10031982,0214,BPP University - London Waterloo,England,SE1 9NN,51.505838,-0.110641
BPP University,10031982,0214,Bristol,England,BS1 4QY,51.449584,-2.595051
BPP University,10031982,0214,Cambridge,England,CB2 3NA,52.204785,0.120979
BPP University,10031982,0214,Fitzwilliam House,England,EC3A 8BF,51.514484,-0.080463
BPP University,10031982,0214,Kettering General Hospital NHS Foundation Trust,England,NN16 8UZ,52.402783,-0.741293
BPP University,10031982,0214,Leeds,England,LS1 4HR,53.795568,-1.552064
BPP University,10031982,0214,London King's Cross,England,N1 9JY,51.531164,-0.120207
BPP University,10031982,0214,London Portsoken Street,England,E1 8BT,51.511646,-0.073521
BPP University,10031982,0214,Main campus,England,EC2M 5PD,51.516956,-0.085865
BPP University,10031982,0214,Manchester St James,England,M1 6FQ,53.475586,-2.241402
BPP University,10031982,0214,Red Lion Street,England,WC1R 4NY,51.518652,-0.117317
BPP University,10031982,0214,Rotherham Doncaster and South Humber NHS Foundatio,England,DN4 8QN,53.494823,-1.145978
BPP University,10031982,0214,Shepherd's Bush,England,W12 8AW,51.505317,-0.22284
BPP University,10031982,0214,Southampton,England,SO14 0TB,50.910466,-1.400648
BPP University,10031982,0214,University Hospital Southampton NHS Foundation Tru,England,SO16 6YD,50.933019,-1.435104
BPP University,10031982,0214,Waterloo,England,SE1 9NN,51.505838,-0.110641
Bracknell and Wokingham College,10000833,1192,Bracknell and Wokingham College,England,RG12 1DJ,51.416324,-0.744655
Bradford College,10000840,1161,Main campus,England,BD7 1AY,53.791677,-1.768111
Bridgwater and Taunton College,10000878,1158,Main campus,England,TA1 5AX,51.016061,-3.118879
Brighton and Sussex Medical School,99999999,7006,Main campus,England,BN1 9PX ,50.864249,-0.085693
Bristol Baptist College,10000894,0287,Entire HEP,England,BS8 3NJ,51.460494,-2.625879
Brit College,10028216,0280,Entire HEP,England,E14 7HS,51.512369,-0.035142
British Academy of Jewellery Limited,10038772,0427,Leicester,England,LE1 1WB,52.636431,-1.127621
British Academy of Jewellery Limited,10038772,0427,Main campus,England,EC1A 2AT,51.516738,-0.104006
Brockenhurst College,10000944,1157,Main campus,England,SO42 7ZE,50.821457,-1.569931
Bromley College of Further and Higher Education,10000948,1155,Main campus,England,BR2 8HE,51.38666,0.034796
Brooklands College,10000950,1156,Main campus,England,KT13 8TT,51.362672,-0.465522
Brunel University London,10000961,0113,Entire HEP,England,UB8 3PH,51.532838,-0.472856
Buckinghamshire New University,10000975,0009,Main campus,England,HP11 2JZ,51.627509,-0.752036
Buckinghamshire New University,10000975,0009,Uxbridge campus,England,UB8 1NA,51.549977,-0.483229
Burnley College,10001000,1152,Main campus,England,BB12 0AN,53.793909,-2.24807
Burton and South Derbyshire College,10001004,1153,Main campus,England,DE14 3RL,52.799693,-1.631174
Bury College,10001005,1151,Main campus,England,BL9 0BG,53.587602,-2.296091
Calderdale College,10001093,1150,Main campus,England,HX1 3UZ,53.719527,-1.874416
Cambridge Arts and Sciences Limited,10010308,0332,Entire HEP,England,CB5 8AD,52.208783,0.1189
Cambridge Regional College,10001116,1149,Main campus,England,CB4 2QT,52.235278,0.13434
Canterbury Christ Church University,10001143,0012,Broadstairs campus,England,CT10 2WA,51.359903,1.40698
Canterbury Christ Church University,10001143,0012,Folkestone campus,England,CT20 1JG,51.081539,1.1823
Canterbury Christ Church University,10001143,0012,Main campus,England,CT1 1QU,51.279643,1.089364
Canterbury Christ Church University,10001143,0012,Medway campus,England,ME4 4AW,51.397199,0.540105
Canterbury Christ Church University,10001143,0012,Salomons campus,England,TN3 0TG,51.152357,0.241168
Canterbury College,10001144,1148,Main campus,England,CT1 3AJ,51.276098,1.090619
Cardiff and Vale College,10034450,1199,Main campus,Wales,CF10 5FE,51.469695,-3.172884
Cardiff Metropolitan University,10007854,0089,Entire HEP,Wales,CF5 2YB,51.495831,-3.21211
Cardiff University,10007814,0179,Main campus,Wales,CF10 3AT,51.489014,-3.179717
Cardiff University,10007814,0179,National Software Academy,Wales,NP20 4AX,51.589588,-2.998604
Cardinal Newman Catholic Sixth Form College,10001165,1147,Main campus,England,PR1 4HD,53.757096,-2.688869
CEG UFP Limited,10057213,0431,Aston,England,B4 7ET,52.486637,-1.890952
CEG UFP Limited,10057213,0431,Birkbeck,England,WC1E 7HX,51.521891,-0.130359
CEG UFP Limited,10057213,0431,Coventry,England,CV1 5FB,52.194361,0.135318
CEG UFP Limited,10057213,0431,Hull,England,HU6 7RX,53.771778,-0.366384
CEG UFP Limited,10057213,0431,LSBU,England,SE1 6FE,51.49855,-0.104257
CEG UFP Limited,10057213,0431,Reading,England,RG1 5AQ,51.450965,-0.962051
CEG UFP Limited,10057213,0431,Southampton,England,SO15 2AT,50.911534,-1.402014
CEG UFP Limited,10057213,0431,Sunderland,England,SR6 0DD,54.912338,-1.373431
CEG UFP Limited,10057213,0431,UK North,England,PR1 2XQ,53.764063,-2.70993
Central Bedfordshire College,10002061,1146,Main campus,England,LU5 4HG,51.890763,-0.518838
Central Film School London,10024024,0409,Central Film School,England,E1 7SA,51.517082,-0.070974
Central School of Ballet,10001264,0446,Main campus,England,SE1 8DJ,51.506389,-0.106788
Centre for Alternative Technology,10021550,1196,Main campus,Wales,SY20 9AZ,,
Cheshire College South and West,10005972,1142,Main campus,England,CW2 8AB,53.089011,-2.454971
Chesterfield College,10001378,1144,Main campus,England,S41 7NG,53.240256,-1.425048
Chichester College Group,10007817,1143,Main campus,England,PO19 1SB,50.83492,-0.787766
Chicken Shed Theatre Company,10001386,0284,Entire HEP,England,N14 4PE,51.644436,-0.145242
Christ the Redeemer College,10026921,0342,Entire HEP,England,HA2 7LX,51.577239,-0.370208
Christie's Education Limited,10001419,0291,Entire HEP,England,W1B 1NB,51.520167,-0.144559
Cirencester College,10001446,1141,Main campus,England,GL7 1XA,51.71269,-1.986058
City and Guilds of London Art School,10039082,0292,Entire HEP,England,SE11 4DJ,51.486707,-0.10805
City College Norwich,10004772,1072,Main campus,England,NR2 2LJ,52.618144,1.286325
City College Plymouth,10005128,1063,Main campus,England,PL1 5QG,50.373877,-4.167558
City of Bristol College,10001467,1159,Main campus,England,BS1 5UA,51.450934,-2.60573
City of London College,10018361,0234,Main campus,England,E1 7PL,51.515863,-0.069697
City of Portsmouth College,10007945,1103,Main campus,England,PO6 2SA,50.837367,-1.062222
City of Sunderland College,10001475,1029,Main campus,England,SR3 4AH,54.892128,-1.409322
City of Wolverhampton College,10007578,1005,Main campus,England,WV6 0DU,52.589175,-2.156804
"City, University of London",10001478,0115,Entire HEP,England,EC1V 0HB,51.527903,-0.103099
Cliff College,10007912,0293,Entire HEP,England,S32 3XG,53.262636,-1.62853
Colchester Institute,10001535,1140,Main campus,England,CO3 3LL,51.893517,0.888574
Coleg Gwent,10008912,1200,Main campus,Wales,NP15 1XJ,,
College Cambria,10041295,1201,Main campus,Wales,LL12 7AB,,
College of Legal Practice Limited,10082828,0436,Entire HEP,England,LS1 5AB,53.797194,-1.54687
Commonwealth College of Excellence,10020038,0451,Main campus,England,EC1V 2NX,51.527304,-0.088894
Conservatoire for Dance and Drama,10001653,0199,Bristol Old Vic Theatre School,England,BS8 2XF,51.465925,-2.619173
Conservatoire for Dance and Drama,10001653,0199,Central School of Ballet,England,SE1 8DJ,51.506389,-0.106788
Conservatoire for Dance and Drama,10001653,0199,Conservatoire Central Office,England,W1F 8FL,51.51508,-0.134097
Conservatoire for Dance and Drama,10001653,0199,LCDS,England,WC1H 9PY,51.5273,-0.128984
Conservatoire for Dance and Drama,10001653,0199,London Academy of Music and Dramatic Art,England,W14 9DA,51.490551,-0.21395
Conservatoire for Dance and Drama,10001653,0199,London Contemporary Dance School,England,WC1H 9AT,51.52727,-0.128599
Conservatoire for Dance and Drama,10001653,0199,National Centre for Circus Arts,England,N1 6HD,51.527295,-0.082419
Conservatoire for Dance and Drama,10001653,0199,Northern School of Contemporary Dance,England,LS7 4BH,53.813069,-1.533471
Conservatoire for Dance and Drama,10001653,0199,Rambert School of Ballet and Contemporary Dance,England,TW1 1QN,51.461274,-0.321879
Conservatoire for Dance and Drama,10001653,0199,Royal Academy of Dramatic Art,England,WC1E 6ED,51.521704,-0.131577
Cornwall College,10001696,1136,Main campus,England,PL25 4DJ,50.346492,-4.785002
Court Theatre Training Company Ltd,10034324,0326,Main campus,England,N1 6EU  ,51.527878,-0.083404
Court Theatre Training Company Ltd,10034324,0326,Pitfield Street,England,N1 6EU,51.527878,-0.083404
Courtauld Institute of Art,10007761,0201,Entire HEP,England,WC2R 0RN,51.510732,-0.116938
Coventry College,10003010,1138,Main campus,England,CV2 1ED,52.432257,-1.468915
Coventry University,10001726,0056,Coventry University London Campus,England,E1 7JF,51.517946,-0.078805
Coventry University,10001726,0056,Coventry University Wroclaw,Poland,,52.405314,-1.500063
Coventry University,10001726,0056,CU London (Dagenham),England,RM10 7BN,51.560878,0.155589
Coventry University,10001726,0056,CU London (Greenwich),England,SE10 0ER,51.500721,0.00689
Coventry University,10001726,0056,CU Scarborough,England,YO11 2JW,54.270706,-0.413503
Coventry University,10001726,0056,Main campus,England,CV1 5FB,52.405314,-1.500063
Cranfield University,10007822,0002,India,India,,-3,-3
Cranfield University,10007822,0002,Main campus,England,MK43 0AL,52.069817,-0.630801
Cranfield University,10007822,0002,Milton Keynes,England,MK9 1LT,52.038197,-0.769572
Cranfield University,10007822,0002,Shrivenham,England,SN6 8LA,51.60539,-1.637896
Cranfield University,10007822,0002,Shrivenham,England,SN6 8LA,51.6051,-1.636715
Cranfield University,10007822,0002,Silsoe,England,MK45 4DT,52.005309,-0.426858
Craven College,10001743,1137,Main campus,England,BD23 1US,53.963392,-2.036742
Croydon College,10001778,1135,Main campus,England,CR9 1DX,51.373414,-0.095181
Cumbria Institute of the Arts,10001802,0192,Entire institution,England,CA3 9AY,54.906107,-2.932036
Dartington College of Arts,10001856,0015,Entire institution,England,TQ9 6EJ,50.453089,-3.692208
Dartington Hall Trust (The),10026767,0420,Dartington Arts School,England,TQ9 6EL,50.451829,-3.694149
Dartington Hall Trust (The),10026767,0420,Schumacher College,England,TQ9 6EA,50.451309,-3.70911
David Game College Ltd,10015688,0419,Entire HEP,England,EC3N 2ET,51.513081,-0.076475
DCG,10001919,1134,Main campus,England,DE24 8JE,52.916014,-1.459
De Montfort University,10001883,0068,Bedford campus,England,MK40 2BZ,52.141944,-0.478369
De Montfort University,10001883,0068,Entire HEP,England,LE1 9BH,52.629906,-1.137724
DN Colleges Group,10004695,1133,Main campus,England,DN1 2RF,53.529021,-1.135603
Dudley College of Technology,10007924,1132,Main campus,England,DY1 4AS,52.514257,-2.082623
Dyson Technical Training Limited,10067355,0415,Entire HEP,England,SN16 0RP,51.594842,-2.103762
"Ealing, Hammersmith & West London College",10002094,1115,Main campus,England,W14 9BL,51.491865,-0.214029
East End Computing and Business College Limited,10002113,0253,Main campus,England,E1 1PX,51.514954,-0.062529
East Riding College,10002126,1129,Main campus,England,HU17 0GH,53.840733,-0.421457
East Surrey College,10002130,1128,Main campus,England,RH1 2JX,51.253587,-0.162874
East Sussex College Group,10002923,1127,Main campus,England,BN21 2UF,50.788909,0.272124
Eastleigh College,10002143,1130,Main campus,England,SO50 5FS,50.961591,-1.358838
Easton and Otley College,10037344,1194,Main campus,England,NR9 5DX,52.57164,1.110615
Edge Hill University,10007823,0016,Entire HEP,England,L39 4QP,53.559608,-2.873836
Edinburgh College of Art,10007824,0096,Entire institution,Scotland,EH3 9DF,55.945839,-3.199604
Edinburgh Napier University,10007772,0107,Entire HEP,Scotland,EH14 1DJ,55.917998,-3.239866
EKC GROUP,10006570,1187,Main campus,England,CT10 1PN,51.354162,1.435027
Empire College London Limited,10022047,0252,Entire HEP,England,IG1 1BA,51.557886,0.07167
ESCP Europe Business School,10002313,0410,Entire HEP,England,NW3 7BG,51.555586,-0.193924
EThames Graduate School Limited,10008229,0235,Main campus,England,IG2 6NQ,51.576272,0.064279
European School of Osteopathy,10002344,7009,Entire HEP,England,ME14 3DZ,51.305512,0.544507
Exeter College,10002370,1126,Main campus,England,EX4 4JS,50.728223,-3.538392
Fairfield School of Business Ltd,10033187,0254,Main campus,England,CR0 1NX,51.372569,-0.099081
Falmouth University,10008640,0017,Dartington Campus,England,TQ9 6EJ,50.453089,-3.692208
Falmouth University,10008640,0017,Main campus,England,TR11 4RH,50.149625,-5.071079
Falmouth University,10008640,0017,Penryn,England,TR10 9FE,50.17055,-5.125645
Fareham College,10007928,1125,Main campus,England,PO14 1NH,50.851085,-1.199216
Farnborough College of Technology,10002412,1124,Main campus,England,GU14 6SB,51.285554,-0.751747
ForMission Ltd,10038763,0248,Main campus,England,B30 1HH,52.422398,-1.938939
Furness College,10002599,1123,Main campus,England,LA14 2PJ,54.116534,-3.242096
Futureworks,10022087,0281,Entire HEP,England,M3 5FS,53.48266,-2.253721
Gateshead College,10002638,1122,Main campus,England,NE8 3BE,54.966557,-1.598114
Glasgow Caledonian University,10007762,0106,London Campus,England,E1 6PX,51.518546,-0.072581
Glasgow Caledonian University,10007762,0106,Main campus,Scotland,G4 0BA,55.86729,-4.250057
Glasgow School of Art,10002681,0097,FORRES,Scotland,IV36 2SH,57.573965,-3.615153
Glasgow School of Art,10002681,0097,Main campus,Scotland,G3 6RQ,55.865948,-4.263662
Global Banking School Limited,10042500,0363,Birmingham - Fazeley St,England,B5 5SE,52.478249,-1.881918
Global Banking School Limited,10042500,0363,Global Education House,England,E15 2JA,51.537165,-0.003474
Global Banking School Limited,10042500,0363,Leeds,England,LS1 3DL,53.801741,-1.553821
Global Banking School Limited,10042500,0363,London - Greenford Road,England,UB6 0HE,51.548314,-0.341603
Global Banking School Limited,10042500,0363,London - Republic,England,E14 2BE,51.510185,-0.0049
Global Banking School Limited,10042500,0363,Main campus,England,E3 2SE,51.528558,-0.019897
Global Banking School Limited,10042500,0363,Manchester,England,M12 6JH,53.470746,-2.214271
Global Banking School Limited,10042500,0363,Stratford - Cam Road,England,E15 2SN,51.536986,-0.00142
Gloucestershire College,10002696,1121,Main campus,England,GL51 7SJ,51.901613,-2.11819
Glynd?r University,10007833,0087,Glyndwr University Flintshire,Wales,CH7 6AA,53.211996,-3.144851
Glynd?r University,10007833,0087,Glyndwr University London,England,KT1 1TY,51.412286,-0.305806
Glynd?r University,10007833,0087,Glyndwr University St Asaph,Wales,LL17 0JD,53.255931,-3.475585
Glynd?r University,10007833,0087,Main campus,Wales,LL11 2AW,53.052626,-3.006109
Goldsmiths College,10002718,0131,Entire HEP,England,SE14 6NW,51.474144,-0.035401
Gower College Swansea,10030408,0336,Entire HEP,Wales,SA2 9EB,51.622379,-3.983757
Grafton College,10002735,0245,Main campus,England,W1D 2HY,51.515727,-0.136304
Grantham College,10002743,1120,Main campus,England,NG31 9AP,52.912718,-0.63534
Greater Brighton Metropolitan College,10004736,1160,Main campus,England,BN1 4FA,50.828269,-0.136979
Gr?p Llandrillo Menai,10007820,0334,Abergele,Wales,LL22 7HT,53.286219,-3.57654
Gr?p Llandrillo Menai,10007820,0334,Bangor,Wales,LL57 2TP,53.223007,-4.141519
Gr?p Llandrillo Menai,10007820,0334,Denbigh,Wales,LL16 3SY,53.184343,-3.419654
Gr?p Llandrillo Menai,10007820,0334,Dolgellau,Wales,LL40 2SW,52.744734,-3.897765
Gr?p Llandrillo Menai,10007820,0334,Glynllifon,Wales,LL54 5DU,53.073078,-4.306898
Gr?p Llandrillo Menai,10007820,0334,Llangefni,Wales,LL77 7HY,53.256796,-4.296372
Gr?p Llandrillo Menai,10007820,0334,Main campus,Wales,LL28 4HZ,53.311403,-3.758251
Gr?p Llandrillo Menai,10007820,0334,Parc Menai,Wales,LL57 4BN,53.204945,-4.178628
Gr?p Llandrillo Menai,10007820,0334,Pwllheli,Wales,LL53 5EB,52.891833,-4.418496
Gr?p Llandrillo Menai,10007820,0334,Rhyl,Wales,LL18 2HG,53.312715,-3.48454
Gr?p NPTC Group,10009614,0335,Afan Campus,Wales,SA13 2AL,51.571547,-3.749645
Gr?p NPTC Group,10009614,0335,Brecon Beacons Campus,Wales,LD3 9SR,51.951876,-3.382322
Gr?p NPTC Group,10009614,0335,Llandarcy,Wales,SA10 6JD,51.639898,-3.858368
Gr?p NPTC Group,10009614,0335,Main campus,Wales,SA10 7RF,51.666461,-3.81415
Gr?p NPTC Group,10009614,0335,Newtown Campus,Wales,SY16 4HU,52.505257,-3.339249
GSM London,10007937,0215,Greenford Campus,England,UB6 0HE,51.550191,-0.340287
GSM London,10007937,0215,Main campus,England,SE1 4LG,51.499761,-0.091341
Guildford College of Further and Higher Education,10002815,1118,Main campus,England,GU1 1EZ,51.246075,-0.569872
Guildhall School of Music and Drama,10007825,0208,Entire HEP,England,EC2Y 8DT,51.519517,-0.092374
Hadlow College,10002843,1117,Main campus,England,TN11 0AL,51.225228,0.328911
Halesowen College,10002852,1116,Main campus,England,B63 3NA,52.457161,-2.051979
Harlow College,10002899,1114,Main campus,England,CM20 3EZ,51.76932,0.098238
Harper Adams University,10040812,0018,Entire HEP,England,TF10 8NB,52.77991,-2.425557
Harper and Keele Veterinary School,90000451,0411,Main campus,England,TF10 8NB,52.77991,-2.425557
Hartpury College,10002919,1113,Main campus,England,GL19 3BE,51.904913,-2.310281
Hartpury College of Further Education,10080810,1184,Main campus,England,GL19 3BE,51.904913,-2.310281
Hartpury University,10080811,0352,Entire HEP,England,GL19 3BE,51.904913,-2.310281
Havant and South Downs College,10005979,1112,Main campus,England,PO7 8AA,50.861598,-1.021127
Havering College of Further and Higher Education,10002935,1111,Main campus,England,RM11 2LL,51.581596,0.22125
HCUC,10007193,1110,Main campus,England,UB8 1NQ,51.549947,-0.469124
Heart of Worcestershire College,10007977,1004,Main campus,England,WR1 2JF,52.191537,-2.223534
Heart of Yorkshire Education Group,10007289,1019,Main campus,England,WF1 2DH,53.685588,-1.503855
Hereford College of Arts,10003022,1108,Main campus,England,HR1 1LT,52.060873,-2.697601
"Herefordshire, Ludlow and North Shropshire College",10003023,1109,Main campus,England,HR1 1LS,52.061747,-2.697295
Heriot-Watt University,10007764,0171,Dubai campus,United Arab Emirates,,55.909385,-3.320682
Heriot-Watt University,10007764,0171,Main campus,Scotland,EH14 4AS,55.909385,-3.320682
Heriot-Watt University,10007764,0171,Malaysia campus,Malaysia,,55.909385,-3.320682
Heriot-Watt University,10007764,0171,Orkney campus,Scotland,KW16 3AN,58.963829,-3.299353
Heriot-Watt University,10007764,0171,Scottish Borders campus,Scotland,TD1 3HE,55.607703,-2.783205
Hertford Regional College,10003035,1107,Main campus,England,SG12 9JF,51.80769,-0.031549
Heythrop College,10007765,0205,Entire HEP,England,W8 5HN,51.499883,-0.190908
Holborn College Limited,10042194,0273,Main campus,England,SE1 1HR,51.502853,-0.091788
Holy Cross College,10003128,1105,Main campus,England,BL9 9BB,53.584917,-2.298896
Homerton College,10003138,0019,Main campus,England,CB2 2PH ,0.13599,52.186062
Hopwood Hall College,10003146,1104,Main campus,England,M24 6XH,53.569124,-2.188708
Hugh Baird College,10003193,1102,Main campus,England,L20 7EW,53.445072,-2.989404
Hull College,10003200,1101,Main campus,England,HU1 3DG,53.746393,-0.331867
Hull York Medical School,99999998,7005,Main campus,England,YO10 5DD,53.948419,-1.053544
Hult International Business School Ltd,10003212,0406,London PG,England,WC1N 2AT,51.521688,-0.115405
Hult International Business School Ltd,10003212,0406,Main campus,England,E1 1LD,51.515125,-0.068433
ICOM,10023445,0297,Main campus,England,RH19 1DZ,51.130613,-0.016171
ICON College of Technology and Management,10003239,0236,Entire HEP,England,E1 1EG,51.515495,-0.06755
IFS University College,10008289,0217,Lovat Lane,England,EC3R 8EB,51.509875,-0.083986
IFS University College,10008289,0217,Peninsular House,England,EC3R 8LJ,51.509679,-0.085219
"Imperial College of Science, Technology and Medicine",10003270,0132,Entire HEP,England,SW7 2AZ,51.498317,-0.176923
"Imperial College of Science, Technology and Medicine",10003270,0132,Wye campus,England,TN25 5AH,51.185533,0.940715
Inchbald School of Design Limited,10003284,0439,Entire HEP,England,SW1W 9BA,51.494119,-0.155082
Inspire Education Group,10005077,1061,Main campus,England,PE1 4DZ,52.586783,-0.230191
Institute of Art - London Limited,10013220,0405,Entire HEP,England,WC1B 3EE,51.518668,-0.13124
Institute of Contemporary Music Performance,10035638,0220,Entire HEP,England,NW6 7XG,51.543792,-0.204155
Institute of Education,10007766,0133,Entire HEP,England,WC1H 0AL,51.522977,-0.127965
International Business College Manchester Ltd,10042679,0341,Entire HEP,England,M1 3UH,,
International College of Musical Theatre,10027603,0450,Main campus,England,E9 5LH,51.543773,-0.025583
INTO University Partnerships Limited,10082728,0423,INTO London,England,E1 7EZ,51.516755,-0.076753
INTO University Partnerships Limited,10082728,0423,Main campus,England,M1 6LT,53.475201,-2.240162
Istituto Marangoni Limited,10009527,0299,Entire HEP,England,E1 6PX,51.518546,-0.072581
Itchen College,10003427,1195,Main campus,England,SO19 7TB,50.908661,-1.357172
Joseph Chamberlain Sixth Form College,10003511,1186,Main campus,England,B12 9FF,52.462221,-1.885885
JSA Education Group Ltd.,10067601,0417,Main Campus,England,W1S 3AS,51.510249,-0.14075
JSA Education Group Ltd.,10067601,0417,Mayfair campus,England,W1S 1JY,51.513718,-0.14449
Kaplan International Colleges U.K. Limited,10082570,0422,Bournemouth University International College,England,BH8 8GN,50.723925,-1.864943
Kaplan International Colleges U.K. Limited,10082570,0422,Kaplan International College London,England,SE1 9DE,51.50626,-0.090481
Kaplan International Colleges U.K. Limited,10082570,0422,Nottingham Trent International College,England,NG1 5LT,52.958227,-1.155955
Kaplan International Colleges U.K. Limited,10082570,0422,University of Brighton International College,England,BN2 4GJ,50.844419,-0.11946
Kaplan International Colleges U.K. Limited,10082570,0422,University of Essex International College,England,CO4 3SQ,51.87681,0.946585
Kaplan International Colleges U.K. Limited,10082570,0422,University of Liverpool International College,England,L7 3FA,53.406937,-2.959951
Kaplan International Colleges U.K. Limited,10082570,0422,University of Nottingham International College,England,NG7 2RU,52.936614,-1.18682
Kaplan International Colleges U.K. Limited,10082570,0422,"University of West England, Bristol's Internationa",England,BS16 1QY,51.501079,-2.547458
Kaplan Open Learning (Essex) Limited,10021682,0300,Entire HEP,England,LS1 5AT,53.796527,-1.544559
Keele University,10007767,0121,Entire HEP,England,ST5 5BG,53.003262,-2.273581
Kendal College,10003558,1100,Main campus,England,LA9 5AY,54.318001,-2.747034
Kensington and Chelsea College,10003564,1145,Main campus,England,SW10 0QS,51.482012,-0.185989
Kensington College of Business,10003566,0237,Main campus,England,W1G 9DJ,51.517372,-0.144222
Kent Institute of Art and Design,10003574,0020,Main campus,England,ME16 8AG,0.49798,51.271232
King Edward VI College Nuneaton,10003624,1131,Main campus,England,CV11 4BE,52.52217,-1.461657
King's College London,10003645,0134,Main campus,England,WC2R 2LS,51.511612,-0.116253
King's College London,10003645,0134,Shrivenham,England,SN6 8LA,51.6051,-1.636715
Kingston Maurward College,10003676,1099,Main campus,England,DT2 8PY,50.71831,-2.404574
Kingston University,10003678,0063,Entire HEP,England,KT1 2EE,51.403273,-0.303163
Kirklees College,10003189,1098,Main campus,England,HD1 3LD,53.641502,-1.786329
KLC School of Design,10008325,0301,Entire HEP,England,SW10 0XF,51.476339,-0.182695
Kogan Academy of Dramatic Arts,10009285,0302,Main campus,England,N19 5SS,51.564153,-0.131338
Lakes College West Cumbria,10003753,1097,Main campus,England,CA14 4JN,54.606042,-3.531755
LAMDA Limited,10003758,0401,Entire HEP,England,W14 9DA,51.490551,-0.21395
Lancaster and Morecambe College,10003768,1086,Main campus,England,LA1 2TY,54.06264,-2.826276
LCCM AU UK Limited,10066551,0356,Main campus,England,RH10 1JA,51.112273,-0.185029
Le Cordon Bleu Limited,10003798,0362,Entire HEP,England,WC1A 2LS,51.518829,-0.123854
Leeds Arts University,10003854,0211,Entire HEP,England,LS2 9AQ,53.808429,-1.551775
Leeds Beckett University,10003861,0064,Entire HEP,England,LS1 3HE,53.80402,-1.548578
Leeds Beckett University,10003861,0064,Harrogate College,England,HG2 8QT,53.977472,-1.521854
Leeds City College,10024962,1096,Main campus,England,LS3 1AA,53.800447,-1.559012
Leeds College of Building,10003855,1095,Main campus,England,LS2 7QT,53.802946,-1.535223
Leeds College of Music,10003856,0207,Entire institution,England,LS2 7PD,53.79823,-1.531252
Leeds Conservatoire,10034449,0351,Entire HEP,England,LS2 7PD,53.79823,-1.531252
Leeds Trinity University,10003863,0040,Entire HEP,England,LS18 5HD,53.84878,-1.64735
Leicester College,10003867,1094,Main campus,England,LE2 7LW,52.622482,-1.133165
LIBF Limited,10089591,0452,Main campus,England,LS1 5AB,53.797194,-1.54687
Lincoln College,10003928,1092,Main campus,England,LN2 5HQ,53.231358,-0.532657
Liverpool Hope University,10003956,0023,Entire HEP,England,L16 9JD,53.391527,-2.891907
Liverpool Hope University,10003956,0023,Everton,England,L3 8QB,53.413428,-2.9689
Liverpool John Moores University,10003957,0065,Entire HEP,England,L3 5AH,53.406561,-2.975332
Liverpool School of Tropical Medicine,10003958,0228,DRC,Congo (Democratic Republic) [Congo (The Democratic Republic of the)],,53.408563,-2.969135
Liverpool School of Tropical Medicine,10003958,0228,LSTM Kenya,Kenya,,53.408563,-2.969135
Liverpool School of Tropical Medicine,10003958,0228,LSTM Malawi,Malawi,,53.408563,-2.969135
Liverpool School of Tropical Medicine,10003958,0228,LSTM MLW Lilongwe,Malawi,,53.408563,-2.969135
Liverpool School of Tropical Medicine,10003958,0228,LSTM Nigeria,Nigeria,,53.408563,-2.969135
Liverpool School of Tropical Medicine,10003958,0228,LSTM Sierra Leone,Sierra Leone,,53.408563,-2.969135
Liverpool School of Tropical Medicine,10003958,0228,Main campus,England,L3 5QA,53.408563,-2.969135
Liverpool School of Tropical Medicine,10003958,0228,Uganda,Uganda,,53.408563,-2.969135
London Bridge Business Academy,10013109,0282,Entire HEP,England,EC1M 3JB,51.520419,-0.106307
London Business School,10007769,0135,Dubai campus,United Arab Emirates,,51.526581,-0.161378
London Business School,10007769,0135,Main campus,England,NW1 4SA,51.526581,-0.161378
London Centre of Contemporary Music,10004006,0277,Main campus,England,SE1 1TD,51.504046,-0.09436
London Churchill College Ltd,10030391,0250,Barclay hall,England,E7 8JQ,51.542945,0.032242
London Churchill College Ltd,10030391,0250,Main campus,England,E7 8JQ,51.542945,0.032242
London College of Business Sciences,10041974,0338,Main campus,England,E16 1AH,51.505982,0.015769
London College of Business Studies,10019368,0255,Main campus,England,IG1 4TG,51.564185,0.066259
London College of Creative Media Limited,10057951,0340,Main campus,England,SE1 1TD,51.504046,-0.09436
London College of International Business Studies Ltd,10004023,0355,Main campus,England,SE16 2XU,51.49677,-0.051054
London Film School Limited,10004036,0304,Entire HEP,England,WC2H 9UB,51.513549,-0.125454
London Metropolitan University,10004048,0202,Entire HEP,England,N7 8DB,51.551471,-0.110381
London Metropolitan University,10004048,0202,London City campus,England,EC3N 2EY,51.51307,-0.076444
London Metropolitan University,10004048,0202,London North campus,England,N7 8DB,51.551471,-0.110381
London School of Academics Ltd,10032594,0276,Entire HEP,England,RM13 8EU,51.517691,0.171971
London School of Business and Finance (UK) Limited,10004060,0279,Main campus,England,EC1N 2LL,51.517955,-0.11086
London School of Commerce & IT Limited,10023434,0328,Entire HEP,England,E1 1EJ,51.516058,-0.065569
London School of Commerce & IT Limited,10023434,0328,London School of Commerce & IT Limited,England,E1 1EJ,51.516058,-0.065569
London School of Economics and Political Science,10004063,0137,Entire HEP,England,WC2A 2AE,51.514114,-0.116971
London School of Hygiene and Tropical Medicine,10007771,0138,Gambia,"Gambia, The",,51.520925,-0.130687
London School of Hygiene and Tropical Medicine,10007771,0138,Main campus,England,WC1E 7HT,51.520925,-0.130687
London School of Hygiene and Tropical Medicine,10007771,0138,Uganda,Uganda,,51.520925,-0.130687
London School of Management Education,10022285,0256,Entire HEP,England,IG2 6EY,51.574883,0.066035
London School of Science and Technology Limited,10008362,0227,Main campus,England,HA0 1EH,51.539828,-0.301673
London School of Theology,10004075,0257,Entire HEP,England,HA6 2UW,51.612946,-0.43175
London South Bank University,10004078,0076,Entire HEP,England,SE1 0AA,51.498708,-0.101772
London Studio Centre,10004079,0274,Entire HEP,England,N12 0GA,51.612964,-0.176294
Loughborough College,10004112,1091,Main campus,England,LE11 3BT,52.767512,-1.220321
Loughborough University,10004113,0152,London Campus,England,E15 2GZ,51.548246,-0.024755
Loughborough University,10004113,0152,Main campus,England,LE11 3TU,52.764828,-1.22952
Loughborough University,10004113,0152,Singapore campus,Singapore,,52.764828,-1.22952
LTE Group,10023139,1090,Main campus,England,M11 2WH,53.471845,-2.187628
Luther King House Educational Trust,10009612,0306,Entire HEP,England,M14 5JP,53.449904,-2.219182
Macclesfield College,10004144,1089,Main campus,England,SK11 8LF,53.251493,-2.138236
Matrix College of Counselling and Psychotherapy Ltd,10023453,0320,Entire HEP,England,NR18 0GU,52.570444,1.110958
Medway School of Pharmacy,99999997,7004,Main campus,England,ME4 4TB ,51.397233,0.539388
Met Film School Limited,10045476,0272,Berlin,Germany,,51.50881,-0.307005
Met Film School Limited,10045476,0272,Main campus,England,W5 5EP,51.50881,-0.307005
Middlesbrough College,10004344,1185,Main campus,England,TS2 1AD,54.579944,-1.226811
Middlesex University,10004351,0067,Dubai,United Arab Emirates,,51.589833,-0.228945
Middlesex University,10004351,0067,Main campus,England,NW4 4BT,51.589833,-0.228945
Middlesex University,10004351,0067,Malta,Malta,,51.589833,-0.228945
Middlesex University,10004351,0067,Mauritius,Mauritius,,51.589833,-0.228945
Mid-Kent College,10004340,1087,Main campus,England,ME7 1FN,51.393598,0.541529
Millennium Performing Arts Ltd,10004365,0339,Main campus,England,SE18 6HU,51.490547,0.066039
Milton Keynes College,10004375,1088,Main campus,England,MK6 5LP,52.027987,-0.752148
Missio Dei,10020416,0225,Entire HEP,England,M3 7BE,53.484297,-2.253974
MLA College,10049370,0440,MLA College Ltd,England,PL1 2AX,50.368792,-4.139102
Mont Rose College of Management and Sciences,10023777,0246,Entire HEP,England,IG2 6NQ,51.576272,0.064279
Moorlands College,10023454,0221,Main campus,England,BH23 7AT,50.770543,-1.777002
Moorlands College,10023454,0221,Midlands,England,B29 6QX,52.43599,-1.948591
Moorlands College,10023454,0221,Midlands,England,B61 0RA,52.394642,-2.048252
Moorlands College,10023454,0221,Northern Ireland,Northern Ireland,BT12 7DY,54.597514,-5.974878
Moorlands College,10023454,0221,South West,England,EX35 6JJ,51.227829,-3.866307
Moorlands College,10023454,0221,South West,England,TQ1 4SF,50.501507,-3.525357
Morley College Limited,10004432,1189,Main campus,England,SE1 7HT,51.497878,-0.109976
Moulton College,10004442,1085,Main campus,England,NN3 7RR,52.289955,-0.857756
Mountview Academy of Theatre Arts,10004450,0239,Entire HEP,England,SE15 5JT,51.475175,-0.069312
Multiverse,10055902,0447,Main campus,England,W1U 6RL,-0.103408,51.501306
Myerscough College,10004478,1084,Main campus,England,PR3 0RY,53.853081,-2.763081
National Centre for Circus Arts,10001444,0445,Main campus,England,N1 6HD,51.527295,-0.082419
Navitas UK Holdings Limited,10053304,0413,BCUIC,England,B5 5JU,52.481921,-1.888824
Navitas UK Holdings Limited,10053304,0413,CRIC,England,CM1 1SQ,51.741381,0.474495
Navitas UK Holdings Limited,10053304,0413,HIC,England,AL10 9AB,51.752882,-0.242179
Navitas UK Holdings Limited,10053304,0413,ICP,England,PO1 2PR,50.795721,-1.095364
Navitas UK Holdings Limited,10053304,0413,ICRGU,Scotland,AB10 7QE,57.118925,-2.13878
Navitas UK Holdings Limited,10053304,0413,LGSC,England,LE1 1SW,52.632453,-1.125861
Navitas UK Holdings Limited,10053304,0413,Main campus,England,UB8 3PH,51.532838,-0.472856
Navitas UK Holdings Limited,10053304,0413,TCSU,Wales,SA1 8EN,51.6188,-3.879405
Navitas UK Holdings Limited,10053304,0413,UNIC,England,NN2 6JD,52.252077,-0.890693
Navitas UK Holdings Limited,10053304,0413,UPIC,England,PL4 6DX,50.376003,-4.141199
Nazarene Theological College,10004538,0240,Entire HEP,England,M20 2GU,53.416415,-2.239922
NCG,10004599,1078,Main campus,England,NE4 7SA,54.966418,-1.627186
Nelson and Colne College,10004552,1083,Main campus,England,BB9 7YT,53.84442,-2.221148
Nelson College London Ltd,10030129,0260,Gants Hill Campus,England,IG2 6NQ,51.576272,0.064279
Nelson College London Ltd,10030129,0260,Main campus,England,IG1 1BA,51.557886,0.07167
New City College,10006963,1081,Main campus,England,E14 0AF,51.508545,-0.016975
New College Durham,10004576,1082,Main campus,England,DH1 5ES,54.795913,-1.594398
New College of the Humanities,10048199,0330,Entire HEP,England,E1W 1LP,51.506075,-0.070543
New College Pontefract,10004578,1070,Main campus,England,WF8 4QR,53.694241,-1.324789
New College Stamford,10006303,1037,Main campus,England,PE9 1XA,52.658967,-0.471523
New College Swindon,10004579,1069,Main campus,England,SN3 1AH,51.557469,-1.758301
New Model Institute for Technology and Engineering (NMITE),10067406,0421,,England,HR4 9HS,52.059531,-2.716004
New Model Institute for Technology and Engineering (NMITE),10067406,0421,Entire HEP,England,HR4 9HS,52.059565,-2.716296
Newbold College,10023456,0361,Entire HEP,England,RG42 4AN,51.424788,-0.785862
Newbury College,10004596,1079,Main campus,England,RG14 7TD,51.382452,-1.322942
Newcastle and Stafford Colleges Group,10004603,1038,Main campus,England,ST5 2GB,53.015303,-2.237988
Newcastle University,10007799,0154,Main campus,England,NE1 7RU,54.98032,-1.615713
Newcastle University,10007799,0154,Newcastle University London,England,E1 7EZ,51.516755,-0.076753
Newcastle University,10007799,0154,Newcastle University Medicine Malaysia (NUMED),Malaysia,,54.98032,-1.615713
Newham College of Further Education,10004607,1077,Main campus,England,E6 6ER,51.531751,0.054842
Newman University,10007832,0028,Entire HEP,England,B32 3NT,52.434122,-1.995028
Norland College,10008397,0247,Main campus,England,BA2 3LB,51.376612,-2.374063
Norland College,10008397,0247,Second Campus YP,England,BA1 6AE,51.39157,-2.352224
North East Surrey College of Technology (NESCOT),10004686,1080,Main campus,England,KT17 3DS,51.342566,-0.244678
North Hertfordshire College,10004690,1076,Main campus,England,SG1 1LA,51.896806,-0.199659
North Kent College,10004721,1075,Main campus,England,DA1 2JT,51.431954,0.204027
North Shropshire College,10007299,1191,Main campus,England,SY11 4QB,52.853995,-3.038071
North Warwickshire and South Leicestershire College,10004718,1018,Main campus,England,CV11 6BH,52.530296,-1.449838
North West Regional College,10020634,0349,Main campus,Northern Ireland,BT48 7AL,55.002893,-7.324363
Northampton College,10007011,1074,Main campus,England,NN3 3RF,52.263024,-0.849348
Northern College of Acupuncture,10004740,0261,Entire HEP,England,YO1 6LJ,53.957108,-1.088156
Northern Regional College,10020372,0346,Main campus,Northern Ireland,BT43 7DF,54.868177,-6.267912
Northern School of Contemporary Dance,10008816,0191,Main campus,England,LS7 4BH,-1.533471,53.813069
Northumberland College,10004760,1024,Main campus,England,NE63 9RG,55.173252,-1.557403
Norwich University of the Arts,10004775,0190,Entire HEP,England,NR2 4SN,52.630494,1.297272
Nottingham College,10004577,1071,Main campus,England,NG7 2RU,52.936614,-1.18682
Nova College of Accounting and Business Ltd,10023130,0319,Main campus,England,HA0 1EH,51.539828,-0.301673
Oak Hill College,10010227,0313,Entire HEP,England,N14 4PS,51.64054,-0.14641
Oaklands College,10004835,1068,Main campus,England,AL4 0JA,51.755525,-0.288188
Open College of the Arts,10004879,0307,Main campus,England,S75 1JN,53.567767,-1.505446
Oxford Brookes University,10004930,0072,Main campus,England,OX3 0BP,51.75438,-1.2232
Oxford Brookes University,10004930,0072,Swindon Campus,England,SN5 7XQ,51.560588,-1.817428
Oxford Business College,10020439,0308,Main campus,England,OX1 2BQ,51.753319,-1.26288
Paris Dauphine International,10066143,0441,Entire HEP,England,N1 9HF,51.532182,-0.108166
Pearson College,10042570,0262,Entire HEP,England,WC1V 7BH,51.516764,-0.122973
Peking University HSBC Business School UK Campus,10083464,0449,Main campus,England,OX1 5HR,51.715267,-1.291395
Peter Symonds College,10005072,1065,Main campus,England,SO22 6RX,51.070701,-1.321775
Petroc,10004676,1060,Main campus,England,EX31 2BQ,51.072452,-4.069473
Plumpton College,10005124,1064,Main campus,England,BN7 3AE,50.904998,-0.069286
Point Blank Music School,10019178,0309,Entire HEP,England,N1 5DL,51.535935,-0.085055
Preston College,10005200,1062,Main campus,England,PR2 8UR,53.783867,-2.700493
Prospects College of Advanced Technology,10046354,1193,Main campus,England,SS14 3AY,51.581497,0.449399
"Queen Margaret University, Edinburgh",10005337,0100,Craighall,Scotland,EH21 6UU,55.931281,-3.073057
"Queen Margaret University, Edinburgh",10005337,0100,Entire HEP,Scotland,EH21 6UU,55.931281,-3.073057
"Queen Margaret University, Edinburgh",10005337,0100,Gateway,Scotland,EH7 4AH,55.959798,-3.18232
"Queen Margaret University, Edinburgh",10005337,0100,Halmyre Street,Scotland,EH6 6QD,55.976175,-3.16766
"Queen Margaret University, Edinburgh",10005337,0100,Leith,Scotland,EH6 8HF,55.969429,-3.167376
Queen Mary University of London,10007775,0139,Charterhouse Square,England,EC1M 6BQ,51.521313,-0.098872
Queen Mary University of London,10007775,0139,Lincolns Inn Fields,England,WC2A 3JB,51.516663,-0.118898
Queen Mary University of London,10007775,0139,Main campus,England,E1 4NS,51.524636,-0.04071
Queen Mary University of London,10007775,0139,West Smithfield,England,EC1A 7BE,51.51775,-0.100404
Queen Mary University of London,10007775,0139,Whitechapel,England,E1 2AD,51.517774,-0.060694
Queen's University Belfast,10005343,0184,China Queen's College,China,,54.584772,-5.934438
Queen's University Belfast,10005343,0184,Main campus,Northern Ireland,BT7 1NN,54.584772,-5.934438
Raindance Educational Services Limited,10062833,0429,Entire HEP,England,WC2N 5PE,51.507631,-0.125395
Rambert School,10005378,0443,Main campus,England,TW1 1QN,51.461274,-0.321879
Ravensbourne University London,10005389,0030,Entire HEP,England,SE10 0EW,51.501677,0.005678
Ravensbourne University London,10005389,0030,Institute for Creativity and Technology,England,SE10 0SQ,51.501677,0.005678
Reaseheath College,10005404,1059,Main campus,England,CW5 6DF,53.083688,-2.526845
Redcliffe College,10005415,0223,Entire HEP,England,GL1 2LX,51.86746,-2.248446
Regent College London,10008455,0278,HARROW CAMPUS,England,HA2 7HG,51.576897,-0.369679
Regent College London,10008455,0278,KINGSBURY CAMPUS,England,NW9 9NG,51.58551,-0.273396
Regent College London,10008455,0278,Main campus,England,W1W 5BD,51.521821,-0.142369
Regent College London,10008455,0278,Regent House Campus,England,WC1R 4BH,51.519955,-0.11673
Regent College London,10008455,0278,SOUTHALL CAMPUS,England,UB1 3HF,51.51099,-0.372617
Regent College London,10008455,0278,WEMBLEY CAMPUS,England,HA9 7EX,51.551922,-0.294665
Regents Theological College,10008457,0264,Entire HEP,England,,,
Regents Theological College,10021100,0327,Entire HEP,England,WR14 4AY,52.117084,-2.346061
Regent's University London,10003331,0216,Entire HEP,England,NW1 4NS,51.525745,-0.15566
Regent's University London Limited,10086591,0425,Entire HEP,England,NW1 4NS,51.525745,-0.15566
Results Consortium Limited,10023871,0416,Main campus,England,RM10 7FN,51.545907,0.165728
Results Consortium Limited,10023871,0416,Northampton,England,NN1 2BN,52.238692,-0.889973
Richard Huish College,10005465,1057,Main campus,England,TA1 3DZ,51.007985,-3.092401
Richmond and Hillcroft Adult and Community College,10003088,1106,Main campus,England,TW9 2RE,51.464375,-0.303021
Richmond upon Thames College,10005469,1058,Main campus,England,TW2 7SJ,51.451431,-0.342367
"Richmond, The American International University in London",10005470,0219,Kensington,England,W8 5ED,51.502066,-0.189515
"Richmond, The American International University in London",10005470,0219,Leeds,England,LS6 3QB,53.82468,-1.587074
"Richmond, The American International University in London",10005470,0219,Main campus,England,TW10 6JP,51.452213,-0.296512
Riverside College Halton,10002863,1056,Main campus,England,WA8 7QQ,53.363962,-2.734745
RNN Group,10005534,1055,Main campus,England,S65 1EG,53.431593,-1.353222
Robert Gordon University,10005500,0104,City Centre campus - Schoolhill,Scotland,AB10 1FR,57.148372,-2.10116
Robert Gordon University,10005500,0104,Entire HEP,Scotland,AB10 7QB,57.118346,-2.145044
Robert Gordon University,10005500,0104,Garthdee campus,Scotland,AB10 7QB,57.118346,-2.145044
Roehampton University,10007776,0031,Birmingham QA,England,B5 4UA,52.476224,-1.898516
Roehampton University,10007776,0031,Croydon,England,CR9 1DX,51.373414,-0.095181
Roehampton University,10007776,0031,IRIE,England,SE14 6LU,51.478106,-0.036775
Roehampton University,10007776,0031,Main campus,England,SW15 5PU,51.456694,-0.24311
Roehampton University,10007776,0031,Manchester QA,England,M1 6FQ,53.475586,-2.241402
Roehampton University,10007776,0031,Rosebery Ave London QA,England,EC1R 5HP,51.524115,-0.110893
Rose Bruford College of Theatre and Performance,10005523,0032,London ALRA,England,SW18 3SX,51.4533,-0.174557
Rose Bruford College of Theatre and Performance,10005523,0032,Main campus,England,DA15 9DF,51.439376,0.107096
Rose Bruford College of Theatre and Performance,10005523,0032,Notting Hill Academy of Music,England,W11 3JQ,51.509176,-0.194536
Rose Bruford College of Theatre and Performance,10005523,0032,Wigan ALRA,England,WN3 4EF,53.541119,-2.637748
Royal Academy of Dance,10005544,0263,Entire HEP,England,SW11 3JZ,51.466481,-0.17955
Royal Academy of Dramatic Art,10009292,0402,Entire HEP,England,WC1E 6ED,51.521704,-0.131577
Royal Academy of Music,10007835,0033,Entire HEP,England,NW1 5HT,51.523497,-0.1517
Royal Agricultural University,10005545,0195,Entire HEP,England,GL7 6JS,51.709508,-1.994916
Royal College of Art,10007777,0003,Battersea,England,SW11 4AN,51.479629,-0.169863
Royal College of Art,10007777,0003,Main campus,England,SW7 2EU,51.501354,-0.178473
Royal College of Art,10007777,0003,White City,England,W12 7FN,51.513166,-0.228593
Royal College of Music,10007778,0034,Entire HEP,England,SW7 2BS,51.499279,-0.176913
Royal Conservatoire of Scotland,10005561,0101,Entire HEP,Scotland,G2 3DB,55.865813,-4.257595
Royal Holloway and Bedford New College,10005553,0141,Bedford Square,England,WC1B 3RF,51.51989,-0.129475
Royal Holloway and Bedford New College,10005553,0141,Main campus,England,TW20 0EX,51.424814,-0.566745
Royal Northern College of Music,10007837,0035,Entire HEP,England,M13 9RD,53.468557,-2.236963
Royal School of Needlework (The),10020436,0404,Entire HEP,England,KT8 9AU,51.403813,-0.33767
Royal Welsh College of Music and Drama,10007838,0182,Entire institution,Wales,CF10 3ER,51.485644,-3.183856
Runshaw College,10005575,1054,Main campus,England,PR25 3DQ,53.680997,-2.689595
Ruskin College,10005583,1053,Main campus,England,OX3 9BZ,51.766077,-1.214914
S P Jain London School of Management Limited,10088214,0448,Main campus,England,WC2B 5AH,51.515942,-0.120892
SAE Education Limited,10007839,0265,GLASGOW,Scotland,G41 1EJ,55.851552,-4.282013
SAE Education Limited,10007839,0265,LIVERPOOL,England,L3 6AL,53.41025,-2.990264
SAE Education Limited,10007839,0265,Main campus,England,E8 4DD,51.537074,-0.077064
SAE Education Limited,10007839,0265,OXFORD,England,OX4 4FY,51.717148,-1.224606
Salford City College,10005032,1052,Main campus,England,M50 3SR,53.468842,-2.283558
Sandwell College,10005669,1051,Main campus,England,B70 6AW,52.515086,-1.992087
Selby College,10005741,1047,Main campus,England,YO8 8AT,53.775065,-1.051545
Sheffield Hallam University,10005790,0075,Entire HEP,England,S1 1WB,53.379194,-1.465255
Shrewsbury Colleges Group,10005822,1042,Main campus,England,SY2 6PR,52.697225,-2.721409
Slough Borough Council,10005916,0266,Main campus,England,SL2 5AY,51.518757,-0.589032
SOAS University of London,10007780,0146,Entire HEP,England,WC1H 0XG,51.52235,-0.129259
Solent University,10006022,0037,Main campus,England,SO14 0YN,50.90759,-1.401021
Solent University,10006022,0037,Warsash Maritime Academy,England,SO31 9ZL,50.845194,-1.30282
Solihull College and University Centre,10005946,1041,Main campus,England,B91 1SB,52.409568,-1.792148
South & City College Birmingham,10005967,1050,Main campus,England,B5 5SU,52.475457,-1.885753
South Devon College,10005977,1049,Main campus,England,TQ4 7EJ,50.414646,-3.587847
South Eastern Regional College,10020699,0348,Main campus,Northern Ireland,BT27 4SU,54.512585,-6.040698
South Essex College of Further and Higher Education,10005981,1046,Main campus,England,SS1 1ND,51.537958,0.71191
South Gloucestershire and Stroud College,10036143,1045,Main campus,England,GL5 4AH,51.74908,-2.228689
South Thames Colleges Group,10003674,1035,Main campus,England,KT1 2AQ,51.406938,-0.305378
South West College,10020685,0350,Main campus,Northern Ireland,BT71 6BQ,54.508561,-6.763163
Southampton City College,10006020,1044,Main campus,England,SO14 1AR,50.903441,-1.39513
Southern Regional College,10020633,0347,Main campus,Northern Ireland,BT32 4AY,54.350092,-6.262465
Southport College,10006038,1039,Main campus,England,PR9 8QN,53.667467,-2.955467
Sparsholt College,10006050,1040,Main campus,England,SO21 2NF,51.08468,-1.394883
Spurgeon's College,10006093,0310,Entire HEP,England,SE25 6DJ,51.406433,-0.086228
SRUC,10005700,0175,Aberdeen,Scotland,AB21 9TR,57.188564,-2.210537
SRUC,10005700,0175,Auchincruive,Scotland,KA6 5HW,55.479684,-4.566706
SRUC,10005700,0175,Barony,Scotland,DG1 3NE,55.16751,-3.530496
SRUC,10005700,0175,Bush and Edinburgh Farms,Scotland,EH26 0PE,55.864496,-3.213473
SRUC,10005700,0175,China,China,,55.921623,-3.176228
SRUC,10005700,0175,Crichton Royal Farm,Scotland,DG1 4ZZ,55.049454,-3.593311
SRUC,10005700,0175,Edinburgh,Scotland,EH9 3JG,55.921623,-3.176228
SRUC,10005700,0175,Elmwood,Scotland,KY15 4JB,56.319294,-3.031792
SRUC,10005700,0175,Glasgow Queenspark,Scotland,G42 8QR,55.833627,-4.269399
SRUC,10005700,0175,Kirkton and Auchtertyre,Scotland,FK20 8RU,56.410215,-4.655473
SRUC,10005700,0175,Oatridge,Scotland,EH52 6NH,55.946462,-3.516069
SRUC,10005700,0175,RIB Easter Bush,Scotland,EH25 9RE,55.867927,-3.19565
SRUC,10005700,0175,Riverside Campus,Scotland,KA8 0SX,55.458036,-4.615296
"St George's, University of London",10007782,0145,Entire HEP,England,SW17 0RE,51.427798,-0.175228
St Helens College,10006174,1034,Main campus,England,WA10 1PP,53.452648,-2.74147
St Mary's College,10006226,1033,Main campus,England,BB1 8DX,53.760106,-2.486935
St Mary's University College,10008026,0194,Entire HEP,Northern Ireland,BT12 6FE,54.593162,-5.961323
"St Mary's University, Twickenham",10007843,0039,Entire HEP,England,TW1 4SX,51.436152,-0.335907
St Mellitus College,10030776,0258,Chelmsford,England,CM1 1TY,51.735578,0.473787
St Mellitus College,10030776,0258,East Midlands (Leicester),England,LE1 5PZ,52.634421,-1.138019
St Mellitus College,10030776,0258,LIverpool,England,L1 7AZ,53.397447,-2.973214
St Mellitus College,10030776,0258,Main campus,England,SW5 0LX,51.493625,-0.188044
St Mellitus College,10030776,0258,Nottingham,England,NG1 3HX,52.964264,-1.151924
St Mellitus College,10030776,0258,Plymouth,England,PL4 8HF,50.377815,-4.135346
St Nicholas Montessori Training Limited,10045289,0311,Entire HEP,England,WC1A 2RP,51.534439,-0.181478
St Padarn's Institute,10090767,1197,Main campus,Wales,CF10 5BT,,
St Patrick's International College,10006243,0283,Main campus,England,E15 2JB,51.537851,-0.003141
Staffordshire University,10006299,0077,Lichfield,England,WS13 6QG,52.679684,-1.829977
Staffordshire University,10006299,0077,Main campus,England,ST4 2DF,53.009074,-2.175522
Staffordshire University,10006299,0077,Shrewsbury Centre of Excellence,England,SY3 8XQ,52.709274,-2.793689
Staffordshire University,10006299,0077,Stafford campus,England,ST18 0YG,52.814157,-2.075937
Staffordshire University,10006299,0077,Staffordshire University London,England,E20 3BS,51.547521,-0.022262
Stephenson College,10006322,1032,Main campus,England,LE67 3TN,52.737048,-1.372555
Stockport College,10006331,1036,Main campus,England,SK1 3UQ,53.404275,-2.158962
Stranmillis University College,10008010,0193,Entire HEP,Northern Ireland,BT9 5DY,54.572355,-5.939164
Stratford College London Limited,10022944,0241,Main campus,England,HA1 3EX,51.57813,-0.342033
Stratford-upon-Avon College,10006002,1030,Main campus,England,CV37 9QR,52.192858,-1.718214
Strode College,10006378,1031,Main campus,England,BA16 0AB,51.130495,-2.734039
Study Group,10008098,0403,Bellerbys College - Brighton,England,BN1 4LF,50.832036,-0.140833
Study Group,10008098,0403,Bellerbys College - London,England,SE8 3DE,51.481545,-0.02198
Study Group,10008098,0403,Cardiff University International Study Centre,England,CF10 3QN,51.488406,-3.177461
Study Group,10008098,0403,Durham University International Study Centre,England,TS17 6BH,54.563169,-1.296768
Study Group,10008098,0403,Holland International Study Centre,Netherlands,,50.832036,-0.140833
Study Group,10008098,0403,Kingston University International Study Centre,England,KT2 7LB,51.429011,-0.265195
Study Group,10008098,0403,Lancaster University International Study Centre,England,LA1 4YX,54.007637,-2.786948
Study Group,10008098,0403,Leeds International Study Centre,England,LS6 3BR,53.816081,-1.580617
Study Group,10008098,0403,Liverpool John Moores University International Stu,England,L3 5UX,53.403685,-2.973176
Study Group,10008098,0403,Main campus,England,TS1 3BX,54.570387,-1.236999
Study Group,10008098,0403,Royal Holloway International Study Centre,England,TW20 0EX,51.424814,-0.566745
Study Group,10008098,0403,University College Dublin International Study Cent,Ireland,,50.832036,-0.140833
Study Group,10008098,0403,University of Aberdeen International Study Centre,England,AB24 3FX,57.164841,-2.100236
Study Group,10008098,0403,University of Huddersfield International Study Cen,England,HD1 3DH,53.643678,-1.778726
Study Group,10008098,0403,University of Sheffield International College,England,S1 4DE,53.384374,-1.473985
Study Group,10008098,0403,University of Strathclyde International Study Cent,England,G1 1QE,55.860777,-4.241546
Study Group,10008098,0403,University of Surrey International Study Centre,England,GU2 7XH,51.242685,-0.587936
Study Group,10008098,0403,University of Sussex International Study Centre,England,BN1 9SP,50.866498,-0.08516
Sussex Downs College,10006432,1028,Main campus,England,BN21 2UF,50.788909,0.272124
Swansea Metropolitan University,10007846,0091,Entire institution,Wales,SA1 6ED,51.624654,-3.949428
Swansea University,10007855,0180,Entire HEP,Wales,SA2 8PP,51.609627,-3.980616
Swindon College,10006463,1027,Main campus,England,SN2 1DY,51.568405,-1.787517
Tameside College,10006494,1026,Main campus,England,OL6 6NX,53.487938,-2.080771
Tavistock and Portman NHS Foundation Trust,10020381,0433,Belfast campus,Northern Ireland,BT15 2GB,54.612422,-5.929368
Tavistock and Portman NHS Foundation Trust,10020381,0433,Birmingham campus,England,B9 4AA,52.475429,-1.884163
Tavistock and Portman NHS Foundation Trust,10020381,0433,Bristol campus,England,BS5 0AX,51.45626,-2.563674
Tavistock and Portman NHS Foundation Trust,10020381,0433,Leeds campus,England,LS12 1AW,53.791187,-1.561314
Tavistock and Portman NHS Foundation Trust,10020381,0433,Main campus,England,NW3 5BA,51.546898,-0.175443
TEC Partnership,10007938,1119,Main campus,England,DN34 5BQ,53.553451,-0.093352
Tech Music Schools,10032299,0242,Main campus,England,W3 7SZ,51.504817,-0.25654
Teesside University,10007161,0079,Main campus,England,TS1 3BX,54.570387,-1.236999
Teesside University,10007161,0079,Teesside University Darlington,England,DL1 1JW,54.527866,-1.543342
Telford College,10006549,1025,Main campus,England,TF1 2NP,52.697329,-2.498607
The Academy of Contemporary Music,10013357,0251,Main campus,England,GU1 4SB ,51.236455,-0.578092
The Arts University Bournemouth,10000385,0197,Drama Cente at Bournemouth Pavilion,England,BH1 2BU,50.717535,-1.875155
The Arts University Bournemouth,10000385,0197,Entire HEP,England,BH12 5HH,50.741808,-1.897728
The Arts University Bournemouth,10000385,0197,Film Studio - Elliott Road,England,BH11 8JZ,50.757037,-1.923762
The Ashridge (Bonar Law Memorial) Trust,10008899,0438,Entire HEP,England,HP4 1NS,51.799461,-0.560016
The Berkshire College of Agriculture (BCA),10000654,1170,Main campus,England,SL6 6QR,51.529697,-0.799839
The Bournemouth and Poole College,10000820,1162,Main campus,England,BH14 0LS,50.724709,-1.961881
The Cambridge Theological Federation,10032072,0288,Main campus,England,CB3 0BJ,52.211302,0.111335
The Cambridge Theological Federation,10032072,0288,Ridley Hall,England,CB3 9HG,52.19994,0.111339
The Cambridge Theological Federation,10032072,0288,St Andrew's Church Enfield,England,EN1 3EG,51.652893,-0.081344
The Cambridge Theological Federation,10032072,0288,Westcott House,England,CB5 8BP,52.208396,0.122688
The Cambridge Theological Federation,10032072,0288,Westminster College,England,CB3 0AA,52.210537,0.112119
The City College,10010213,0271,Entire HEP,England,N1 6AH,51.528636,-0.087843
The City of Liverpool College,10003955,1139,Main campus,England,L3 5TP,53.404377,-2.973191
The College of Health Ltd,10066502,0430,Main campus,England,OX14 1BZ,51.670421,-1.305384
The College of Health Ltd,10066502,0430,Manchester,England,M1 6FQ,53.475586,-2.241402
The College of Integrated Chinese Medicine,10001546,0270,Entire HEP,England,RG1 7SB,51.453395,-0.974575
The College of Osteopaths,10023442,0424,Main campus,England,WD6 2DG,51.654768,-0.275839
The College of Osteopaths,10023442,0424,Stoke-on-Trent,England,ST4 7NY,53.008345,-2.204149
The Council of the Inns of Court,10081618,0412,Entire HEP,England,WC1R 5JD,51.520051,-0.112604
The Engineering and Design Institute London,10083403,0435,Entire HEP,England,SE16 7LG,51.496915,-0.041859
The Film Education Training Trust Limited,10004035,0359,Entire HEP,England,SW6 1QR,51.482111,-0.197732
The Institute of Cancer Research,10003324,0188,Entire HEP,England,SW7 3RP,51.490783,-0.181646
The Institute of Ismaili Studies,10067388,0360,Entire HEP,England,N1C 4DN,51.537412,-0.123972
The Islamic College,10029682,0298,Entire HEP,England,NW10 2SW,51.546408,-0.230917
The Liverpool Institute for Performing Arts,10003945,0209,Entire HEP,England,L1 9HF,53.399657,-2.972271
The London College,10015506,0243,Entire HEP,England,TW5 9QX,51.478444,-0.409208
The London Institute of Banking & Finance,10008289,0217,Entire HEP,England,EC3R 8EB,51.509976,-0.083999
The London Interdisciplinary School Ltd,10067623,0428,Entire HEP,England,E1 1EW,51.516738,-0.067671
The London School of Architecture,10062810,0354,Entire HEP,England,N1 5RA,51.536147,-0.078788
The Manchester Metropolitan University,10004180,0066,Crewe campus,England,CW1 5DU,53.092752,-2.422279
The Manchester Metropolitan University,10004180,0066,Entire HEP,England,M15 6BH,53.470917,-2.239115
The Markfield Institute of Higher Education,10023452,0331,Main campus,England,LE67 9SY,52.676482,-1.271644
The Markfield Institute of Higher Education,10023452,0331,MIHE-Birmingham,England,B6 4UX,52.498461,-1.894075
The Markfield Institute of Higher Education,10023452,0331,MIHE-LONDON,England,E1 1JQ,51.517468,-0.065579
The Metanoia Institute,10004320,0314,Engineer's House,England,BS8 3NB,51.458721,-2.625829
The Metanoia Institute,10004320,0314,Gunnersbury Avenue,England,W5 3XD,51.506276,-0.291032
The Metanoia Institute,10004320,0314,Main campus,England,W5 2QB,51.512626,-0.293576
The Metanoia Institute,10004320,0314,The Barn,England,SK9 4LD,53.355998,-2.243744
The Minster Centre,10032277,0321,Entire HEP,England,NW6 6RD,51.537394,-0.203311
The National Film and Television School,10004511,0229,Entire HEP,England,HP9 1LG,51.60481,-0.638465
The Northern School of Art,10001503,1073,Main campus,England,TS24 7DJ,54.686544,-1.205256
The Nottingham Trent University,10004797,0071,Confetti Institute of Creative Technologies,England,NG1 3LL,52.955621,-1.143472
The Nottingham Trent University,10004797,0071,Main campus,England,NG1 4BU,52.956436,-1.152077
The Oldham College,10006770,1067,Main campus,England,OL1 1BB,53.538441,-2.114091
The Open University in England,10007773,0001,Main campus,England,MK7 6AA,52.024914,-0.709747
The Open University in England,10007773,0364,Main campus,England,MK7 6AA,52.024914,-0.709747
The Open University in Northern Ireland,10007773,0001,Northern Ireland (excl. PGRs),Northern Ireland,BT1 3GN,54.596824,-5.923568
The Open University in Northern Ireland,10007773,0365,Northern Ireland (excl. PGRs),Northern Ireland,BT1 3GN,54.596824,-5.923568
The Open University in Scotland,10007773,0001,Scotland (excl. PGRs),Scotland,EH3 7QJ,55.950635,-3.214038
The Open University in Scotland,10007773,0366,Scotland (excl. PGRs),Scotland,EH3 7QJ,55.950635,-3.214038
The Open University in Wales,10007773,0001,Wales (excl. PGRs),Wales,CF10 1AP,51.476507,-3.175104
The Open University in Wales,10007773,0367,Wales (excl. PGRs),Wales,CF10 1AP,51.476507,-3.175104
"The Place, London Contemporary Dance School (LCDS)",10004028,0444,Main campus,England,WC1H 9PY,51.5273,-0.128984
The Prince's Foundation,10083476,0414,Entire HEP,England,EC2A 3SG,51.525785,-0.081401
The Queen's Foundation for Ecumenical Theological Education,10032282,0315,Entire HEP,England,B15 2QH,52.457494,-1.930979
The Royal Central School of Speech and Drama,10007816,0010,Entire HEP,England,NW3 3HY,51.544325,-0.174205
The Royal College of Nursing,10007836,0006,Entire institution,England,W1G 0RN,51.516014,-0.145921
The Royal Veterinary College,10007779,0143,Hawkshead campus,England,AL9 7TA,51.713575,-0.210795
The Royal Veterinary College,10007779,0143,Main campus,England,NW1 0TU,51.536851,-0.133524
The Salvation Army,10021256,0316,Entire HEP,England,SE5 8BQ,51.467544,-0.089302
The School of Pharmacy,10007781,0147,Entire institution,England,WC1N 1AX,51.525083,-0.122458
The Sheffield College,10005788,1043,Main campus,England,S2 2RL,53.3726,-1.460137
The Sherwood Institute,10053279,0322,Main campus,England,NG1 6FW ,52.951727,-1.154563
The Sherwood Psychotherapy Training Institute Limited,10023458,0407,Entire HEP,England,NG1 6FW,52.951727,-1.154563
The Trafford College Group,10005998,1023,Main campus,England,WA14 5PQ,53.405469,-2.349545
The University College of Osteopathy,10000936,0337,Entire HEP,England,SE1 1JE,51.50008,-0.094339
The University of Aberdeen,10007783,0170,Doha Campus,Qatar,,57.164841,-2.100236
The University of Aberdeen,10007783,0170,Main campus,Scotland,AB24 3FX,57.164841,-2.100236
The University of Bath,10007850,0109,Entire HEP,England,BA2 7AY,51.379324,-2.327157
The University of Bath,10007850,0109,Univ. of Bath in Swindon,England,SN3 3JR,51.563796,-1.752151
The University of Birmingham,10006840,0110,Dubai,United Arab Emirates,,52.453282,-1.92789
The University of Birmingham,10006840,0110,Main campus,England,B15 2TT,52.453282,-1.92789
The University of Bolton,10006841,0049,Main campus,England,BL3 5AB,53.573511,-2.436238
The University of Bolton,10006841,0049,University of Bolton at Bradford College,England,BD18 3LD,53.839675,-1.788605
The University of Bolton,10006841,0049,University of Bolton at Petroc College,England,EX31 2BQ,51.072452,-4.069473
The University of Bradford,10007785,0111,Entire HEP,England,BD7 1DP,53.791584,-1.763774
The University of Brighton,10000886,0051,Eastbourne,England,BN20 7UR,50.755482,0.265471
The University of Brighton,10000886,0051,Main campus,England,BN2 4GJ,50.844419,-0.11946
The University of Bristol,10007786,0112,Entire HEP,England,BS8 1TH,51.459066,-2.603291
The University of Buckingham,10007787,0203,Crewe,England,CW1 5DU,53.092752,-2.422279
The University of Buckingham,10007787,0203,Ealing Hospital,England,UB1 3HW,51.507606,-0.345495
The University of Buckingham,10007787,0203,London,England,WC1E 6HJ,51.521778,-0.132183
The University of Buckingham,10007787,0203,Main campus,England,MK18 1EG,51.995998,-0.991839
The University of Cambridge,10007788,0114,Entire HEP,England,CB2 1TN,52.205105,0.116179
The University of Central Lancashire,10007141,0053,Burnley campus,England,BB12 0EQ,53.794887,-2.247014
The University of Central Lancashire,10007141,0053,Main campus,England,PR1 2HE,53.761338,-2.707384
The University of Central Lancashire,10007141,0053,UCLan Cyprus,Cyprus (European Union),,53.761338,-2.707384
The University of Central Lancashire,10007141,0053,Westlakes campus,England,CA24 3JZ,54.519355,-3.55278
The University of Chichester,10007137,0082,Entire HEP,England,PO19 6PE,50.84431,-0.77501
The University of Chichester,10007137,0082,Isle of Wight campus,England,PO30 5TA,50.706435,-1.296665
The University of Dundee,10007852,0172,Kirkcaldy,Scotland,KY2 5YS,56.111331,-3.168743
The University of Dundee,10007852,0172,Main campus,Scotland,DD1 4HN,56.457345,-2.978269
The University of Dundee,10007852,0172,Ninewells,Scotland,DD1 9SY,56.461679,-2.991415
The University of East Anglia,10007789,0117,Entire HEP,England,NR4 7TJ,52.622369,1.241391
The University of East Anglia,10007789,0117,UEA LONDON,England,E1 7EZ,51.516877,-0.076644
The University of East London,10007144,0058,Entire HEP,England,E16 2RD,51.507567,0.063234
The University of Edinburgh,10007790,0167,Entire HEP,Scotland,EH8 9YL,55.947691,-3.187347
The University of Essex,10007791,0118,Chimera,England,IP5 3RE,52.058954,1.279001
The University of Essex,10007791,0118,Colchester Institute,England,CO3 3LL,51.893517,0.888574
The University of Essex,10007791,0118,East 15 (Loughton) campus,England,IG10 3RY,51.649954,0.076776
The University of Essex,10007791,0118,Kaplan Open Learning,England,LS1 2RP,53.798946,-1.553987
The University of Essex,10007791,0118,Main campus,England,CO4 3SQ,51.87681,0.946585
The University of Essex,10007791,0118,"South East Essex College, Southend",England,SS1 1ND,51.537958,0.71191
The University of Essex,10007791,0118,Southend campus,England,SS1 1JE,51.534837,0.713873
The University of Essex,10007791,0118,Tavistock and Portman NHS Trust,England,NW3 5BA,51.546898,-0.175443
The University of Essex,10007791,0118,University campus Suffolk,England,IP4 1LZ,52.05555,1.16342
The University of Essex,10007791,0118,Writtle campus,England,CM1 3RR,51.737196,0.428133
The University of Exeter,10007792,0119,Cornwall campus,England,TR10 9EZ,50.168627,-5.125898
The University of Exeter,10007792,0119,Main campus,England,EX4 4QJ,50.735156,-3.535048
The University of Glasgow,10007794,0168,Dumfries,Scotland,DG1 4ZL,55.048093,-3.589128
The University of Glasgow,10007794,0168,Garscube,Scotland,G20 0TH,55.901983,-4.313033
The University of Glasgow,10007794,0168,Main campus,Scotland,G12 8QQ,55.871751,-4.28836
The University of Glasgow,10007794,0168,Singapore Institute of Technology,Singapore,,55.871751,-4.28836
The University of Greenwich,10007146,0059,Main campus,England,SE10 9LS,51.484468,-0.004005
The University of Greenwich,10007146,0059,Medway campus,England,ME4 4AW,51.397199,0.540105
The University of Huddersfield,10007148,0061,Entire HEP,England,HD1 3DH,53.643678,-1.778726
The University of Huddersfield,10007148,0061,University Campus Barnsley,England,S70 2AN,53.55485,-1.481928
The University of Huddersfield,10007148,0061,University Campus Oldham,England,OL1 1BB,53.53847,-2.114138
The University of Hull,10007149,0120,Entire HEP,England,HU6 7RX,53.771778,-0.366384
The University of Hull,10007149,0120,Scarborough campus,England,YO11 3AZ,54.262655,-0.394603
The University of Kent,10007150,0122,Brussels,Belgium,,51.298503,1.070975
The University of Kent,10007150,0122,Main campus,England,CT2 7NZ,51.298503,1.070975
The University of Kent,10007150,0122,Medway,England,ME4 4AW,51.397199,0.540105
The University of Kent,10007150,0122,Paris,France,,51.298503,1.070975
The University of Lancaster,10007768,0123,Entire HEP,England,LA1 4YW,54.010418,-2.786451
The University of Law,10039956,0218,Berlin (GISMA),Germany,,51.521704,-0.089633
The University of Law,10039956,0218,Birmingham,England,B18 6AQ,52.489093,-1.907406
The University of Law,10039956,0218,Bristol,England,BS1 6HG,51.450822,-2.585193
The University of Law,10039956,0218,Chester,England,CH3 7AB,53.185898,-2.842289
The University of Law,10039956,0218,Exeter,England,EX4 4RJ,50.736517,-3.531407
The University of Law,10039956,0218,Guildford,England,GU3 1HA,51.224159,-0.583024
The University of Law,10039956,0218,Hong Kong,Hong Kong (Special Administrative Region of China) [Hong Kong],,51.521704,-0.089633
The University of Law,10039956,0218,IE University,Spain,,51.521704,-0.089633
The University of Law,10039956,0218,Leeds,England,LS1 5HD,53.797928,-1.54673
The University of Law,10039956,0218,Liverpool,England,L69 7ZR,53.401661,-2.964526
The University of Law,10039956,0218,London Bloomsbury,England,WC1E 7DE,51.520022,-0.131589
The University of Law,10039956,0218,London Moorgate,England,EC1Y 8HQ,51.521704,-0.089633
The University of Law,10039956,0218,Manchester,England,M1 4HJ,53.480282,-2.239319
The University of Law,10039956,0218,Newcastle,England,NE2 4HE,54.982164,-1.610696
The University of Law,10039956,0218,Norwich,England,NR4 7TJ,52.622369,1.241391
The University of Law,10039956,0218,Nottingham,England,NG1 6FS,52.95183,-1.155397
The University of Law,10039956,0218,Reading,England,RG1 5EX,51.448594,-0.959221
The University of Law,10039956,0218,Sheffield,England,S10 2TN,53.381363,-1.48853
The University of Law,10039956,0218,University of Chester,England,CH4 7AD,53.185703,-2.882751
The University of Law,10039956,0218,York,England,YO23 2GA,53.933334,-1.090457
The University of Leeds,10007795,0124,Bretton Hall,England,WF4 4LG,53.607297,-1.563159
The University of Leeds,10007795,0124,Entire HEP,England,LS2 9JT,53.807958,-1.553329
The University of Leeds,10007795,0124,Wakefield,England,WF1 2DH,53.685588,-1.503855
The University of Leicester,10007796,0125,Entire HEP,England,LE1 7RH,52.620665,-1.125526
The University of Lincoln,10007151,0062,Holbeach,England,PE12 7PT,52.809968,0.01694
The University of Lincoln,10007151,0062,Hull campus,England,HU1 3BW,53.746811,-0.3354
The University of Lincoln,10007151,0062,Main campus,England,LN6 7TS,53.228487,-0.547796
The University of Lincoln,10007151,0062,Riseholme,England,LN2 2LG,53.268445,-0.529737
The University of Lincoln,10007151,0062,Selborne,England,TQ6 0HJ,50.357601,-3.583032
The University of Liverpool,10006842,0126,Entire HEP,England,L69 7ZX,53.405779,-2.96662
The University of Liverpool,10006842,0126,London Campus,England,EC2A 1AG,51.520916,-0.085428
The University of Manchester,10007798,0204,Jodrell Bank Observatory,England,SK11 9DL,53.236104,-2.306586
The University of Manchester,10007798,0204,Main campus,England,M13 9PL,53.466926,-2.233578
The University of Northampton,10007138,0027,Entire HEP,England,NN1 5PH,52.231606,-0.890179
The University of Oxford,10007774,0156,Kenya,Kenya,,51.758038,-1.26201
The University of Oxford,10007774,0156,Main campus,England,OX1 2JD,51.758038,-1.26201
The University of Oxford,10007774,0156,Thailand,Thailand,,51.758038,-1.26201
The University of Oxford,10007774,0156,Vietnam,Vietnam [Viet Nam],,51.758038,-1.26201
The University of Portsmouth,10007155,0074,Entire HEP,England,PO1 2UP,50.795187,-1.093628
The University of Reading,10007802,0157,Greenlands Campus,England,RG9 3AU,51.562956,-0.882567
The University of Reading,10007802,0157,Main campus,England,RG6 6UR,51.440608,-0.947064
The University of Reading,10007802,0157,University of Reading Malaysia,Malaysia,,51.457625,-0.945636
The University of Salford,10007156,0158,Entire HEP,England,M5 4WT,53.483487,-2.270651
The University of Sheffield,10007157,0159,AMRC Cymru,Wales,CH4 0DH,53.17338,-2.963467
The University of Sheffield,10007157,0159,AMRC North West,England,PR1 2UX,53.760469,-2.706608
The University of Sheffield,10007157,0159,Main campus,England,S10 2TN,53.381363,-1.48853
The University of Sheffield,10007157,0159,NAMRC Birkenhead,England,CH41 9BP,53.383516,-3.0117
The University of Sheffield,10007157,0159,NAMRC Midlands,England,DE24 9FU,52.876851,-1.467867
The University of Southampton,10007158,0160,Main campus,England,SO17 1BJ,50.934099,-1.395714
The University of Southampton,10007158,0160,USMC,Malaysia,,50.934099,-1.395714
The University of Southampton,10007158,0160,Winchester,England,SO23 8DL,51.065897,-1.309144
The University of St. Andrews,10007803,0173,Entire HEP,Scotland,KY16 9AJ,56.341239,-2.793287
The University of Stirling,10007804,0174,Entire HEP,Scotland,FK9 4LA,56.145463,-3.920023
The University of Stirling,10007804,0174,Inverness,Scotland,IV2 3JH,57.476244,-4.191332
The University of Stirling,10007804,0174,London,England,E1 4PB,51.523329,-0.037264
The University of Stirling,10007804,0174,Stornoway,Scotland,HS1 2AF,58.221088,-6.384411
The University of Strathclyde,10007805,0169,Entire HEP,Scotland,G1 1XQ,55.86125,-4.244706
The University of Sunderland,10007159,0078,Main campus,England,SR1 3SD,54.904456,-1.390973
The University of Sunderland,10007159,0078,University of Sunderland in Hong Kong,Hong Kong (Special Administrative Region of China) [Hong Kong],,54.904456,-1.390973
The University of Sunderland,10007159,0078,University of Sunderland in London,England,E14 9SG,51.500703,-0.014822
The University of Surrey,10007160,0161,Entire HEP,England,GU2 7XH,51.242685,-0.587936
The University of Sussex,10007806,0162,Entire HEP,England,BN1 9RH,50.86447,-0.087076
The University of the West of Scotland,10007800,0105,Ayr Campus,Scotland,KA8 0SX,55.458036,-4.615296
The University of the West of Scotland,10007800,0105,Dumfries Campus,Scotland,DG1 4ZN,55.049484,-3.589292
The University of the West of Scotland,10007800,0105,Hamilton Campus,Scotland,ML3 0JB,55.780129,-4.047587
The University of the West of Scotland,10007800,0105,Lanarkshire Campus,Scotland,G72 0LH,55.779379,-4.106649
The University of the West of Scotland,10007800,0105,London Campus,England,SE1 6NP,51.498513,-0.099778
The University of the West of Scotland,10007800,0105,London Republic Campus,England,E14 2BE,51.510185,-0.0049
The University of the West of Scotland,10007800,0105,Main campus,Scotland,PA1 2BE,55.843478,-4.429969
The University of Wales (central functions),10008574,0186,Centre for Advanced Welsh and Celtic Studies,Wales,SY23 3HH,52.414476,-4.068488
The University of Wales (central functions),10008574,0186,Entire HEP,Wales,CF10 3NS,51.485538,-3.181031
The University of Wales (central functions),10008574,0186,Gregynog,Wales,SY16 3PW,52.567459,-3.352254
The University of Wales (central functions),10008574,0186,Welsh Centre for Advanced Batch Manufacture,Wales,SA1 8AS,51.620446,-3.933053
The University of Wales (central functions),10008574,0186,Welsh Centre for Advanced Batch Manufacture,Wales,SA1 8AS,51.620446,-3.933053
The University of Wales (central functions),10008574,0186,"Y Galeri, Caernarfon",Wales,LL55 1SQ,53.143461,-4.275081
"The University of Wales, Newport",10007853,0086,Entire institution,Wales,NP18 3QT,51.616517,-2.961925
The University of Warwick,10007163,0163,Main campus,England,CV4 7AL,52.38581,-1.564814
The University of Warwick,10007163,0163,Warwick Business School - London Base,England,SE1 9SG,51.504962,-0.087651
The University of West London,10006566,0080,Brentford campis,England,TW8 9GA,51.489441,-0.313902
The University of West London,10006566,0080,Main campus,England,W5 5RF,51.507259,-0.303013
The University of West London,10006566,0080,Reading Campus,England,RG1 7QF,51.454545,-0.97732
The University of West London,10006566,0080,Ruskin Campus,England,OX3 9BZ,51.766077,-1.214914
The University of West London,10006566,0080,Slough campus,England,SL1 4UT,51.519717,-0.614647
The University of Westminster,10007165,0083,Cavendish Campus,England,W1W 6UW,51.520832,-0.140132
The University of Westminster,10007165,0083,Harrow Campus,England,HA1 3TP,51.57732,-0.324377
The University of Westminster,10007165,0083,Main campus,England,W1B 2HW,51.516978,-0.14306
The University of Westminster,10007165,0083,Marylebone Campus,England,NW1 5LS,51.522023,-0.154599
The University of Westminster,10007165,0083,Regent Campus,England,W1B 2HW,51.516978,-0.14306
The University of Winchester,10003614,0021,Chute House,England,RG21 7QT,51.265868,-1.088904
The University of Winchester,10003614,0021,Entire HEP,England,SO22 4NR,51.060002,-1.32674
The University of Wolverhampton,10007166,0085,Burton campus,England,DE13 0RB,52.817775,-1.656384
The University of Wolverhampton,10007166,0085,Main campus,England,WV1 1LY,52.588182,-2.12807
The University of Wolverhampton,10007166,0085,Southwater Campus,England,TF3 4HZ,52.675653,-2.451787
The University of Wolverhampton,10007166,0085,Telford campus,England,TF2 9NT,52.683309,-2.425994
The University of Wolverhampton,10007166,0085,Walsall campus,England,WS1 3BD,52.571979,-1.970329
The University of York,10007167,0164,Entire HEP,England,YO10 5DD,53.948419,-1.053544
The Windsor Forest Colleges Group,10002107,1010,Main campus,England,SL3 8BY,51.505512,-0.545036
The WKCIC Group,10007455,1008,Main campus,England,NW1 3HB,51.526244,-0.141122
ThinkSpace Education Limited,10082743,0437,Entire HEP,England,PO20 7LB,50.77421,-0.832107
Tottenham Hotspur Foundation,10037822,0267,Main campus,England,N17 0AP,51.603307,-0.065778
Trinity College Bristol,10023464,0317,Entire HEP,England,BS9 1JP,51.476822,-2.629429
Trinity Laban Conservatoire of Music and Dance,10008017,0041,Entire HEP,England,SE10 9LS,51.484468,-0.004005
Trinity University College,10007048,0092,Entire institution,Wales,SA31 3EP,51.858361,-4.328713
Truro and Penwith College,10007063,1066,Main campus,England,TR1 3XX,50.262794,-5.100783
Tyne Coast College,10005999,1022,Main campus,England,NE34 6ET,54.986229,-1.419756
UK Business College Ltd,10042737,0358,Main campus,England,W3 0XA,51.524724,-0.279617
UK College of Business and Computing,10022021,0249,Main campus,England,IG2 6NW,51.576329,0.061441
Ulster University,10007807,0185,Belfast,Northern Ireland,BT15 1ED,54.603927,-5.929119
Ulster University,10007807,0185,Birmingham,England,B5 4UA,52.476224,-1.898516
Ulster University,10007807,0185,Coleraine,Northern Ireland,BT52 1SA,55.149335,-6.676089
Ulster University,10007807,0185,Jordanstown,Northern Ireland,BT37 0QB,54.685388,-5.883037
Ulster University,10007807,0185,London,England,EC1R 4TF,51.522532,-0.111449
Ulster University,10007807,0185,Magee,Northern Ireland,BT48 7JL,55.005997,-7.323686
Unified Seevic Palmer's College,10005736,1048,Main campus,England,SS7 1TW,51.56276,0.583347
Union Foundation / Union / Union School of Theology,10024766,1198,Main campus,Wales,CF31 4DX,,
United Colleges Group,10001476,1021,Main campus,England,W2 1NB,51.521032,-0.174603
University Academy 92 Limited,10067648,0434,Entire HEP,England,M16 0PU,53.458178,-2.285023
University Centre Peterborough,10068157,0408,Addict Dance Academy,England,LE1 4LF,52.633886,-1.139833
University Centre Peterborough,10068157,0408,Main campus,England,PE1 4DZ,52.586783,-0.230191
University Centre Peterborough,10068157,0408,Stamford,England,PE9 1XA,52.658967,-0.471523
University Centre Quayside Limited,10025197,0418,Entire HEP,England,NE6 1LL,54.972121,-1.587142
University College Birmingham,10000712,0200,Aston Institute,Hong Kong (Special Administrative Region of China) [Hong Kong],,52.48184,-1.905939
University College Birmingham,10000712,0200,Birmingham City Football Club Community Trust,England,B9 4NH,52.476284,-1.867907
University College Birmingham,10000712,0200,Brown Town Community College,Jamaica,,-3,-3
University College Birmingham,10000712,0200,Caritas,Hong Kong (Special Administrative Region of China) [Hong Kong],,-3,-3
University College Birmingham,10000712,0200,Caritas (Macau),Macao (Special Administrative Region of China) [Macao],,-3,-3
University College Birmingham,10000712,0200,Institute of Technology,Ireland,,52.48184,-1.905939
University College Birmingham,10000712,0200,Main campus,England,B3 1JB,52.48184,-1.905939
University College Birmingham,10000712,0200,Maldives College of HE,Maldives,,-3,-3
University College Birmingham,10000712,0200,Rushmore Business School,Mauritius,,-3,-3
University College Birmingham,10000712,0200,TUV,Germany,,-3,-3
University College London,10007784,0149,"BCA Academy of the Built Environment, Singapore",Singapore,,51.523569,-0.132424
University College London,10007784,0149,Main campus,England,WC1E 6BT,51.523569,-0.132424
University College London,10007784,0149,UCL at Here East,England,E20 3BS,51.547521,-0.022262
University College London,10007784,0149,UCL East,England,E20 2AE,51.536238,-0.013941
University College London,10007784,0149,UCL Qatar,Qatar,,51.523569,-0.132424
University College of Estate Management,10008173,0294,Entire HEP,England,RG1 4BS,51.453236,-0.963583
University for the Creative Arts,10006427,0206,Canterbury,England,CT1 3AN,51.274926,1.09084
University for the Creative Arts,10006427,0206,Epsom,England,KT18 5BE,51.329839,-0.265045
University for the Creative Arts,10006427,0206,ICI,China,,51.215682,-0.805956
University for the Creative Arts,10006427,0206,LCCA,England,EC3N 4DX,51.509939,-0.073608
University for the Creative Arts,10006427,0206,LCCM,England,SE1 0LR,51.503421,-0.102271
University for the Creative Arts,10006427,0206,Main campus,England,GU9 7DS,51.215682,-0.805956
University for the Creative Arts,10006427,0206,OCA,England,S75 1JN,53.567767,-1.505446
University for the Creative Arts,10006427,0206,Rochester,England,ME1 1DZ,51.381523,0.514272
University of Bedfordshire,10007152,0026,Aylesbury Campus,England,HP21 8AL,51.797983,-0.801989
University of Bedfordshire,10007152,0026,Bedford campus,England,MK41 9EA,52.141357,-0.442323
University of Bedfordshire,10007152,0026,Birmingham Study Centre,England,B4 7LR,52.48199,-1.892318
University of Bedfordshire,10007152,0026,London Study Centre,England,SE1 1NX,51.504573,-0.08963
University of Bedfordshire,10007152,0026,Main campus,England,LU1 3JU,51.87825,-0.411539
University of Bedfordshire,10007152,0026,Milton Keynes,England,MK9 3HS,52.03895,-0.755881
University of Chester,10007848,0011,Main campus,England,CH1 4BJ,53.198604,-2.898165
University of Chester,10007848,0011,Shrewsbury,England,SY3 8HQ,52.71139,-2.756354
University of Chester,10007848,0011,Warrington,England,WA2 0DB,53.415991,-2.546743
University of Cumbria,10007842,0038,Ambleside campus,England,LA22 9BB,54.435442,-2.964565
University of Cumbria,10007842,0038,Carlisle Business School Paternoster Row,England,CA3 8TB,54.895264,-2.939769
University of Cumbria,10007842,0038,Cumbria Brampton Road,England,CA3 9AY,54.906107,-2.932036
University of Cumbria,10007842,0038,East India Dock Road,England,E14 6JE,51.511078,-0.024663
University of Cumbria,10007842,0038,Lancaster,England,LA1 3JD,54.040797,-2.787727
University of Cumbria,10007842,0038,Main campus,England,CA1 2HH,54.891163,-2.921417
University of Cumbria,10007842,0038,Penrith Newton Rigg,England,CA11 0AH,54.671033,-2.788514
University of Derby,10007851,0057,Buxton campus,England,SK17 6RY,53.260938,-1.91712
University of Derby,10007851,0057,Chesterfield campus,England,S41 7LL,53.239674,-1.427438
University of Derby,10007851,0057,Leek Campus,England,ST13 6DP,53.107542,-2.023486
University of Derby,10007851,0057,Main campus,England,DE22 1GB,52.938473,-1.496678
University of Derby,10007851,0057,Overseas,,,-3,-3
University of Durham,10007143,0116,Entire HEP,England,DH1 3LE,54.768112,-1.571874
University of Durham,10007143,0116,"Queen's Campus, Stockton",England,TS17 6BH,54.563169,-1.296768
University of Gloucestershire,10007145,0054,"Francis Close Hall Campus, Cheltenham",England,GL50 4AZ,51.905503,-2.079317
University of Gloucestershire,10007145,0054,London Campus,England,E14 6JE,51.51117,-0.024931
University of Gloucestershire,10007145,0054,Main campus,England,GL50 2RH,51.887603,-2.087706
University of Gloucestershire,10007145,0054,"Oxstalls Campus, Gloucester",England,GL2 9HW,51.872481,-2.224464
University of Hertfordshire,10007147,0060,Entire HEP,England,AL10 9AB,51.752882,-0.242179
University of Hertfordshire,10007147,0060,Hatfield campus,England,AL10 9AB,,
University of Hertfordshire,10007147,0060,St Albans campus,England,AL1 3RR,51.75431,-0.3338
University of London (Institutes and activities),10007797,0151,Institute of Advanced Legal Studies,England,WC1B 5DR,51.522483,-0.127452
University of London (Institutes and activities),10007797,0151,Institute of Classical Studies,England,WC1E 7HU,51.520642,-0.128724
University of London (Institutes and activities),10007797,0151,Institute of Commonwealth Studies,England,WC1E 7HU,51.520642,-0.128724
University of London (Institutes and activities),10007797,0151,Institute of English Studies,England,WC1E 7HU,51.520642,-0.128724
University of London (Institutes and activities),10007797,0151,Institute of Historical Research,England,WC1E 7HU,51.520642,-0.128724
University of London (Institutes and activities),10007797,0151,Institute of Latin American Studies,England,WC1E 7HU,51.520642,-0.128724
University of London (Institutes and activities),10007797,0151,Institute of Modern Languages Research,England,WC1E 7HU,51.520642,-0.128724
University of London (Institutes and activities),10007797,0151,Main campus,England,WC1E 7HU,51.520642,-0.128724
University of London (Institutes and activities),10007797,0151,School of Advanced Study Central,England,WC1E 7HU,51.520642,-0.128724
University of London (Institutes and activities),10007797,0151,University Marine Biological Station,Scotland,KA28 0EG,55.749424,-4.908452
University of London (Institutes and activities),10007797,0151,University of London Institute in Paris,France,,51.520642,-0.128724
University of London (Institutes and activities),10007797,0151,University of London Worldwide,England,WC1E 7HU,51.520642,-0.128724
University of London (Institutes and activities),10007797,0151,Warburg Institute,England,WC1H 0AB,51.523271,-0.130648
University of London Institute in Paris,10007812,7007,Main campus,France {includes Corsica},,-3,-3
University of Northumbria at Newcastle,10001282,0069,Amsterdam,Netherlands,,54.976634,-1.60745
University of Northumbria at Newcastle,10001282,0069,Coach Lane,England,NE7 7XA,55.003283,-1.574001
University of Northumbria at Newcastle,10001282,0069,London,England,E1 7HT,51.517807,-0.077974
University of Northumbria at Newcastle,10001282,0069,Main campus,England,NE1 8ST,54.976634,-1.60745
University of Nottingham,10007154,0155,Boston Education Centre,England,PE21 9QS,52.991125,-0.009968
University of Nottingham,10007154,0155,Derby Education Centre,England,DE22 3DT,52.909021,-1.51333
University of Nottingham,10007154,0155,Lincoln Education Centre,England,LN2 5QY,53.233575,-0.519635
University of Nottingham,10007154,0155,Lincoln Medical School,England,LN6 7TS,53.228487,-0.547796
University of Nottingham,10007154,0155,Main campus,England,NG7 2RD,52.940521,-1.191193
University of Nottingham,10007154,0155,Mansfield Education Centre,England,NG17 4JL,53.134573,-1.233579
University of Nottingham,10007154,0155,University of Nottingham Malaysia,Malaysia,,52.940521,-1.191193
University of Nottingham,10007154,0155,University of Nottingham Ningbo,China,,52.940521,-1.191193
University of Plymouth,10007801,0073,Entire HEP,England,PL4 8AA,50.375438,-4.13794
University of South Wales,10007793,0090,Caerleon Campus,Wales,NP18 3QT,51.616517,-2.961925
University of South Wales,10007793,0090,Cardiff Campus,Wales,CF24 2FN,51.478786,-3.170142
University of South Wales,10007793,0090,Glyntaff Campus,Wales,CF37 4BE,51.594268,-3.319309
University of South Wales,10007793,0090,Main campus,Wales,CF37 1DL,51.589204,-3.326002
University of South Wales,10007793,0090,Merthyr College,Wales,CF48 1AR,51.745022,-3.383241
University of South Wales,10007793,0090,Newport Campus,Wales,NP20 2BP,51.583826,-2.986671
University of South Wales,10007793,0090,Renewable Hydrogen Research and Demonstration Cent,Wales,SA12 7AX,51.61977,-3.82217
University of South Wales,10007793,0090,Royal Welsh College of Music and Drama,Wales,CF10 3ER,51.486163,-3.184152
University of South Wales,10007793,0090,The Centre for Automotive and Power Systems Engine,Wales,CF44 0ND,51.757834,-3.450428
University of St Mark and St John,10037449,0014,Entire HEP,England,PL6 8BH,50.420866,-4.110758
University of Suffolk,10014001,0210,Entire HEP,England,IP4 1QJ,52.052548,1.162595
"University of the Arts, London",10007162,0024,Entire HEP,England,WC1V 7EY,51.517765,-0.116388
"University of the Arts, London",10007162,0024,Wimbledon College of Art,England,SW19 3QA,51.413335,-0.212374
University of the Highlands and Islands,10007114,0196,Argyll College UHI,Scotland,PA23 7HP,55.946439,-4.927075
University of the Highlands and Islands,10007114,0196,Argyll College UHI,Scotland,PA23 7HP,55.946439,-4.927075
University of the Highlands and Islands,10007114,0196,Executive Office UHI,Scotland,IV3 5SQ,57.469389,-4.230244
University of the Highlands and Islands,10007114,0196,Highland Theological College UHI,Scotland,G3 7PR,55.866448,-4.275055
University of the Highlands and Islands,10007114,0196,Highland Theological College UHI,Scotland,IV15 9HA,57.594897,-4.424619
University of the Highlands and Islands,10007114,0196,Inverness College UHI,Scotland,IV2 5NA,57.477365,-4.181591
University of the Highlands and Islands,10007114,0196,Lews Castle College UHI,Scotland,HS2 0XR,58.213516,-6.396666
University of the Highlands and Islands,10007114,0196,Moray College UHI,Scotland,IV30 1JJ,57.645135,-3.316553
University of the Highlands and Islands,10007114,0196,NAFC Marine Centre UHI,Scotland,ZE1 0UN,60.133297,-1.286969
University of the Highlands and Islands,10007114,0196,Ness Foundation,Scotland,IV3 8GY,57.421683,-4.325257
University of the Highlands and Islands,10007114,0196,North Highland College UHI,Scotland,KW14 7EE,58.585698,-3.534681
University of the Highlands and Islands,10007114,0196,North Highland College UHI (Burgfield),Scotland,IV25 3HN,57.881552,-4.034115
University of the Highlands and Islands,10007114,0196,Orkney College UHI,Scotland,KW15 1LX,58.984759,-2.948483
University of the Highlands and Islands,10007114,0196,Perth College UHI,Scotland,PH1 2NX,56.405604,-3.460611
University of the Highlands and Islands,10007114,0196,Sabhal Mor Ostaig UHI,Scotland,IV44 8RQ,57.086198,-5.879852
University of the Highlands and Islands,10007114,0196,Scottish Association for Marine Science UHI,Scotland,PA37 1QA,56.451314,-5.440431
University of the Highlands and Islands,10007114,0196,Shetland College UHI,Scotland,ZE1 0PX,60.169353,-1.166141
University of the Highlands and Islands,10007114,0196,Sustainable Development Research Centre,Scotland,IV36 2AB,57.614464,-3.57289
University of the Highlands and Islands,10007114,0196,UHI Centre for Health Science,Scotland,IV2 3JH,57.476244,-4.191332
University of the Highlands and Islands,10007114,0196,West Highland College UHI,Scotland,PH33 6FF,56.823417,-5.106918
University of the Highlands and Islands,10007114,0196,West Highland College UHI (Portree),Scotland,IV51 9EG,57.414317,-6.210008
"University of the West of England, Bristol",10007164,0081,Entire HEP,England,BS16 1QY,51.501079,-2.547458
University of Wales Trinity Saint David,10007858,0176,Birmingham,England,B11 4AR,52.449196,-1.861994
University of Wales Trinity Saint David,10007858,0176,Cardiff,Wales,CF10 3NS,51.485538,-3.181031
University of Wales Trinity Saint David,10007858,0176,Coleg Sir Gar,Wales,SA15 4DN,51.686417,-4.188594
University of Wales Trinity Saint David,10007858,0176,Lampeter,Wales,SA48 7ED,52.113836,-4.076418
University of Wales Trinity Saint David,10007858,0176,London,England,SW9 6EJ,51.479817,-0.109714
University of Wales Trinity Saint David,10007858,0176,Main campus,Wales,SA31 3EP,51.858361,-4.328713
University of Wales Trinity Saint David,10007858,0176,Swansea,Wales,SA1 8EW,51.617356,-3.9255
University of Wales Trinity Saint David,10007858,0176,University of Wales (Central Functions),Wales,CF10 3NS,51.485538,-3.181031
University of Worcester,10007139,0046,Entire HEP,England,WR2 6AJ,52.197366,-2.243085
Walsall College,10007315,1017,Main campus,England,WS2 8ES,52.589449,-1.982554
Waltham Forest College,10007321,1016,Main campus,England,E17 4JB,51.591435,-0.010378
Waltham International College Limited,10029843,0343,Entire HEP,England,IG11 7NR,51.53735,0.081555
Warrington & Vale Royal College,10007339,1020,Main campus,England,WA2 8QA,53.407537,-2.59283
Warwickshire College,10007859,1015,Main campus,England,CV32 5JE,52.287561,-1.549577
Waverley Abbey College,10007361,0295,Bradford,England,BD10 8SA,53.824991,-1.735387
Waverley Abbey College,10007361,0295,Main campus,England,GU9 8EP,51.203363,-0.757692
West Dean College,10032288,0312,Chelsea Harbour,England,SW10 0XF,51.476339,-0.182695
West Dean College,10032288,0312,Main campus,England,PO18 0QZ,50.906435,-0.775243
West Herts College,10007417,1012,Main campus,England,WD17 3EZ,51.660054,-0.406211
West Kent and Ashford College,10007419,1007,Main campus,England,TN9 2PW,51.186726,0.263001
West London College,10000939,0233,Main campus,England,W1U 1LN ,51.514996,-0.151525
West London College of Business and Management Sciences Limited,10023290,0275,Main campus,England,TW5 9WA,51.481278,-0.413948
West Nottinghamshire College,10007427,1006,Main campus,England,NG18 5BH,53.121674,-1.191505
West Suffolk College,10007431,1190,Main campus,England,IP33 3RL,52.249242,0.700211
West Thames College,10007434,1003,Main campus,England,TW7 4HS,51.475195,-0.342176
Weston College of Further and Higher Education,10007459,1014,Main campus,England,BS23 2AL,51.350953,-2.981524
Weymouth College,10007469,1013,Main campus,England,DT4 7LQ,50.622896,-2.451425
Wigan and Leigh College,10007500,1093,Main campus,England,WN1 9LB,53.546967,-2.635089
Wiltshire College and University Centre,10007527,1011,Main campus,England,SN15 3QD,51.463002,-2.110726
Wimbledon School of Art,10007532,0084,Entire institution,England,SW19 3QA,51.413335,-0.212374
Wirral Metropolitan College,10007553,1009,Main campus,England,CH41 4NT,53.393088,-3.021491
Writtle University College,10007657,0189,Entire HEP,England,CM1 3RR,51.737196,0.428133
Writtle University College,10007657,0189,Shuttleworth College,England,SG18 9EA,52.085577,-0.325139
Yeovil College,10007696,1002,Main campus,England,BA21 4DR,50.948522,-2.63778
York College,10007709,1001,Main campus,England,YO23 2BB,53.929705,-1.113609
York St John University,10007713,0013,London Campus,England,EC1A 4JT,51.521589,-0.098028
York St John University,10007713,0013,Main campus,England,YO31 7EX,53.964844,-1.079543
