Area Code,ITL Level 1 [GVA per hour],County or Unitary Authority [GVA per hour],Local Authority District [GVA per hour],Gross Value Added (GVA) per hour worked (£) [GVA per hour],Notes [GVA per hour],Country [Weekly pay],Nation [Weekly pay],Region [Weekly pay],County or Unitary Authority [Weekly pay],Local Authority District [Weekly pay],Gross median weekly pay (£) [Weekly pay],Notes [Weekly pay],Country [Employment rate],Nation [Employment rate],Region [Employment rate],County or Unitary Authority [Employment rate],Local Authority District [Employment rate],Combined Authority or City Region [Employment rate],"Employment rate, aged 16 to 64 years (%) [Employment rate]",Notes [Employment rate],Nation [Employment rate (NI)],Local Authority District [Employment rate (NI)],"Employment rate, aged 16 to 64 years (%) [Employment rate (NI)]",Country [Unemployment rate],Nation [Unemployment rate],Region [Unemployment rate],County or Unitary Authority [Unemployment rate],Local Authority District [Unemployment rate],Combined Authority or City Region [Unemployment rate],"Modelled unemployment rate, aged 16 years and over (%) [Unemployment rate]",Notes [Unemployment rate],Country [GDHI per head],Nation [GDHI per head],Region [GDHI per head],County or Unitary Authority [GDHI per head],Local Authority District [GDHI per head],"Gross disposable household income, per head (£) [GDHI per head]",Notes [GDHI per head],Country [New enterprises],Nation [New enterprises],Region [New enterprises],County or Unitary Authority [New enterprises],Local Authority District [New enterprises],Count of births of new enterprises (control rounded to base 5) [New enterprises],Notes [New enterprises],Country [Deaths of enterprises],Nation [Deaths of enterprises],Region [Deaths of enterprises],County or Unitary Authority [Deaths of enterprises],Local Authority District [Deaths of enterprises],Count of deaths of enterprises (control rounded to base 5) [Deaths of enterprises],Notes [Deaths of enterprises],Country [Active enterprises],Nation [Active enterprises],Region [Active enterprises],County or Unitary Authority [Active enterprises],Local Authority District [Active enterprises],Count of active enterprises (control rounded to base 5) [Active enterprises],Notes [Active enterprises],Country [High growth enterprises],Nation [High growth enterprises],Region [High growth enterprises],County or Unitary Authority [High growth enterprises],Local Authority District [High growth enterprises],Count of high growth enterprises (control rounded to base 5) [High growth enterprises],Notes [High growth enterprises],Country [UK exports],Nation [UK exports],ITL Level 1 [UK exports],ITL Level 2 [UK exports],Combined Authority or City Region [UK exports],ITL Level 3 [UK exports],Total value of UK exports (£ million) [UK exports],Country [Inward FDI],ITL Level 1 [Inward FDI],ITL Level 2 [Inward FDI],Combined Authority or City Region [Inward FDI],Total FDI international investment position in the UK at end period (£ million) [Inward FDI],Notes [Inward FDI],Country [Outward FDI],ITL Level 1 [Outward FDI],ITL Level 2 [Outward FDI],Combined Authority or City Region [Outward FDI],Total FDI international investment position abroad at end period (£ million) [Outward FDI],Notes [Outward FDI],Country [Goverment R&D],Nation [Goverment R&D],Region [Goverment R&D],Total UK public-funded gross regional capital and non-capital expenditure on research and development (£ million) [Goverment R&D],Nation [Public transport to employer],Region [Public transport to employer],County or Unitary Authority [Public transport to employer],Local Authority District [Public transport to employer],"Average travel time in minutes to reach nearest large employment centre (500 to 4999 jobs available), by public transport or walking (minutes) [Public transport to employer]",Notes [Public transport to employer],Nation [Drive to employer],Region [Drive to employer],County or Unitary Authority [Drive to employer],Local Authority District [Drive to employer],"Average travel time in minutes to reach nearest large employment centre (500 to 4999 jobs available), by car (minutes) [Drive to employer]",Notes [Drive to employer],Nation [Cycle to employer],Region [Cycle to employer],County or Unitary Authority [Cycle to employer],Local Authority District [Cycle to employer],"Average travel time in minutes to reach nearest large employment centre (500 to 4999 jobs available), by cycle (minutes) [Cycle to employer]",Notes [Cycle to employer],County or Unitary Authority [Broadband availability],Local Authority District [Broadband availability],Percentage of premises with gigabit-capable broadband (%) [Broadband availability],Notes [Broadband availability],County or Unitary Authority [4G area coverage],Local Authority District [4G area coverage],Percentage of 4G coverage by at least one mobile network operator (%) [4G area coverage],Notes [4G area coverage],Nation [KS2 attainment],Region [KS2 attainment],County or Unitary Authority [KS2 attainment],Local Authority District [KS2 attainment],"Percentage of pupils in state-funded schools meeting the expected standard in reading, writing and maths at the end of key stage 2 (%) [KS2 attainment]",Nation [GCSE by age 19],Region [GCSE by age 19],County or Unitary Authority [GCSE by age 19],Local Authority District [GCSE by age 19],Percentage of young people achieving GCSEs (and equivalent qualifications) in English and maths by age 19 (%) [GCSE by age 19],Notes [GCSE by age 19],Nation [Ofsted],Region [Ofsted],County or Unitary Authority [Ofsted],Local Authority District [Ofsted],Percentage of schools rated good or outstanding by Ofsted (%) [Ofsted],Nation [Persistent absences],Region [Persistent absences],County or Unitary Authority [Persistent absences],Local Authority District [Persistent absences],Percentage of persistent absences (10% or more missed) for all pupils (%) [Persistent absences],Notes [Persistent absences],Nation [Persistent absences FSM],Region [Persistent absences FSM],County or Unitary Authority [Persistent absences FSM],Local Authority District [Persistent absences FSM],Percentage of persistent absences (10% or more missed) eligible for free school meals in the past 6 years (%) [Persistent absences FSM],Notes [Persistent absences FSM],Nation [Persistent absences CLA],Region [Persistent absences CLA],County or Unitary Authority [Persistent absences CLA],Local Authority District [Persistent absences CLA],Percentage of persistent absences (10% or more missed) for pupils who are looked after continuously for at least 12 months by local authorities (%) [Persistent absences CLA],Notes [Persistent absences CLA],Nation [Early years comms],Region [Early years comms],County or Unitary Authority [Early years comms],Local Authority District [Early years comms],Percentage of 5-year olds at 'expected level' in communication and language early learning goals (%) [Early years comms],Notes [Early years comms],Nation [Early years literacy],Region [Early years literacy],County or Unitary Authority [Early years literacy],Local Authority District [Early years literacy],Percentage of 5-year olds at 'expected level' in literacy early learning goals (%) [Early years literacy],Notes [Early years literacy],Nation [Early years maths],Region [Early years maths],County or Unitary Authority [Early years maths],Local Authority District [Early years maths],Percentage of 5-year olds at 'expected level' in maths early learning goals (%) [Early years maths],Notes [Early years maths],Nation [FE and skills achievements],Region [FE and skills achievements],County or Unitary Authority [FE and skills achievements],Local Authority District [FE and skills achievements],Count of 19+ Further Education and Skills Learner Achievements (qualifications) [FE and skills achievements],Notes [FE and skills achievements],Nation [Apprenticeship starts],Region [Apprenticeship starts],County or Unitary Authority [Apprenticeship starts],Local Authority District [Apprenticeship starts],Combined Authority or City Region [Apprenticeship starts],"Apprenticeships started by adults aged 16+ based on home address (per 100,000 population) [Apprenticeship starts]",Observation Status [Apprenticeship starts],Notes [Apprenticeship starts],Nation [Apprenticeship achievements],Region [Apprenticeship achievements],County or Unitary Authority [Apprenticeship achievements],Local Authority District [Apprenticeship achievements],Combined Authority or City Region [Apprenticeship achievements],"Apprenticeships achieved by adults aged 16+ based on home address (per 100,000 population) [Apprenticeship achievements]",Observation Status [Apprenticeship achievements],Notes [Apprenticeship achievements],Country [Level 3+ qualifications],Nation [Level 3+ qualifications],Region [Level 3+ qualifications],County or Unitary Authority [Level 3+ qualifications],Local Authority District [Level 3+ qualifications],Combined Authority or City Region [Level 3+ qualifications],Proportion of the population aged 16 to 64 with NVQ3+ qualification (%) [Level 3+ qualifications],Notes [Level 3+ qualifications],Nation [Level 3+ qualifications (NI)],Local Authority District [Level 3+ qualifications (NI)],Proportion of the population aged 16-64 with NVQ3+ qualification (%) [Level 3+ qualifications (NI)],Nation [FE and skills participation],Region [FE and skills participation],County or Unitary Authority [FE and skills participation],Local Authority District [FE and skills participation],Combined Authority or City Region [FE and skills participation],"19+ further education and skills participation (per 100,000 population) [FE and skills participation]",Notes [FE and skills participation],Country [Female HLE],Nation [Female HLE],Region [Female HLE],County or Unitary Authority [Female HLE],Local Authority District [Female HLE],Welsh Health Board [Female HLE],Combined Authority or City Region [Female HLE],Female Healthy Life Expectancy (years) [Female HLE],Notes [Female HLE],Country [Male HLE],Nation [Male HLE],Region [Male HLE],County or Unitary Authority [Male HLE],Local Authority District [Male HLE],Welsh Health Board [Male HLE],Combined Authority or City Region [Male HLE],Male Healthy Life Expectancy (years) [Male HLE],Notes [Male HLE],Country [Smokers],Nation [Smokers],Region [Smokers],County or Unitary Authority [Smokers],Local Authority District [Smokers],Percentage of adults that currently smoke cigarettes (%) [Smokers],Notes [Smokers],Nation [Reception obesity],Region [Reception obesity],County or Unitary Authority [Reception obesity],Local Authority District [Reception obesity],Combined Authority or City Region [Reception obesity],Proportion of children living with obesity at reception age (%) [Reception obesity],Observation Status [Reception obesity],Nation [Year 6 obesity],Region [Year 6 obesity],County or Unitary Authority [Year 6 obesity],Local Authority District [Year 6 obesity],Combined Authority or City Region [Year 6 obesity],Proportion of children living with obesity at Year 6 age (%) [Year 6 obesity],Observation Status [Year 6 obesity],Nation [Adult obesity],Region [Adult obesity],County or Unitary Authority [Adult obesity],Local Authority District [Adult obesity],Combined Authority or City Region [Adult obesity],"Proportion of adults living with obesity, aged 18 years and over (%) [Adult obesity]",Notes [Adult obesity],Nation [Cancer diagnosis],Region [Cancer diagnosis],County or Unitary Authority [Cancer diagnosis],Local Authority District [Cancer diagnosis],Combined Authority or City Region [Cancer diagnosis],Proportion of cancers diagnosed at stages 1 and 2 (%) [Cancer diagnosis],Observation Status [Cancer diagnosis],Nation [Under 75 mortality rate],Region [Under 75 mortality rate],County or Unitary Authority [Under 75 mortality rate],Local Authority District [Under 75 mortality rate],"Age-standardised mortality rate for those aged under 75 (per 100,000 population) [Under 75 mortality rate]",Observation Status [Under 75 mortality rate],Nation [Under 75 mortality rate (NI)],Local Authority District [Under 75 mortality rate (NI)],"Age-standardised mortality rate for those aged under 75 (per 100,000 population) [Under 75 mortality rate (NI)]",Country [Life satisfaction],Nation [Life satisfaction],Region [Life satisfaction],County or Unitary Authority [Life satisfaction],Local Authority District [Life satisfaction],Mean satisfaction with your life nowadays scored 0 (not at all) - 10 (completely) [Life satisfaction],Observation Status [Life satisfaction],Data accuracy [Life satisfaction],Notes [Life satisfaction],Country [Worthwhile],Nation [Worthwhile],Region [Worthwhile],County or Unitary Authority [Worthwhile],Local Authority District [Worthwhile],Mean feeling things done in life are worthwhile scored 0 (not at all) - 10 (completely) [Worthwhile],Observation Status [Worthwhile],Data accuracy [Worthwhile],Notes [Worthwhile],Country [Happiness],Nation [Happiness],Region [Happiness],County or Unitary Authority [Happiness],Local Authority District [Happiness],Mean happiness yesterday scored 0 (not at all) - 10 (completely) [Happiness],Observation Status [Happiness],Data accuracy [Happiness],Notes [Happiness],Country [Anxiety],Nation [Anxiety],Region [Anxiety],County or Unitary Authority [Anxiety],Local Authority District [Anxiety],Mean anxiety yesterday scored 0 (not at all) - 10 (completely) [Anxiety],Observation Status [Anxiety],Data accuracy [Anxiety],Notes [Anxiety],Nation [Net additions],Region [Net additions],County or Unitary Authority [Net additions],Local Authority District [Net additions],"Net additions per 1,000 stock [Net additions]",Notes [Net additions],Country [Homicide],Nation [Homicide],Region [Homicide],Police Force Area [Homicide],Homicide Offences (per million population) [Homicide],Observation Status [Homicide],Nation [Devolution],Region [Devolution],% living in an area that has a devolution deal with a directly elected mayor  [Devolution]
E06000001,,Hartlepool,,29.84,,,,,Hartlepool,,521.2,,,,,Hartlepool,,,69.7,,,,,,,,Hartlepool,,,4.6,,,,,Hartlepool,,16934.0,,,,,Hartlepool,,280.0,,,,,Hartlepool,,315.0,,,,,Hartlepool,,2430.0,,,,,Hartlepool,,10.0,,,,,,,,,,,,,,,,,,,,,,,,,,,Hartlepool,,12.9002084422928,,,,Hartlepool,,7.79080248898321,,,,Hartlepool,,10.0705816410535,,Hartlepool,,91.4,,Hartlepool,,99.98,,,,Hartlepool,,66.0,,,Hartlepool,,69.56087824,,,,Hartlepool,,92.10526315789473,,,Hartlepool,,23.8653,,,,Hartlepool,,35.41629,,,,Hartlepool,,11.8,,,,Hartlepool,,76.0,,,,Hartlepool,,66.5,,,,Hartlepool,,73.1,,,,Hartlepool,,3320.0,,,,Hartlepool,,,1173.0,,,,,Hartlepool,,,601,,,,,,Hartlepool,,,56.4,,,,,,,Hartlepool,,,9800.0,,,,,Hartlepool,,,,58.75,,,,,Hartlepool,,,,57.58,,,,,Hartlepool,,14.3,,,,Hartlepool,,,12.68293,,,,Hartlepool,,,27.46781,,,,Hartlepool,,,35.35587,,,,Hartlepool,,,49.21053,,,,Hartlepool,,37.85297,,,,,,,,Hartlepool,,7.29,,"coefficient of variation is less than or equal to 5%, estimate is considered precise.",,,,,Hartlepool,,7.75,,"coefficient of variation is less than or equal to 5%, estimate is considered precise.",,,,,Hartlepool,,7.57,,"coefficient of variation is less than or equal to 5%, estimate is considered precise.",,,,,Hartlepool,,3.48,,"coefficient of variation is greater than 5% but less than or equal to 10%, estimate is considered reasonably precise.",,,,Hartlepool,,11.0,,,,,,,,,,
E06000002,,Middlesbrough,,29.5,,,,,Middlesbrough,,481.9,,,,,Middlesbrough,,,68.8,,,,,,,,Middlesbrough,,,5.1,,,,,Middlesbrough,,16222.0,,,,,Middlesbrough,,645.0,,,,,Middlesbrough,,610.0,,,,,Middlesbrough,,4040.0,,,,,Middlesbrough,,15.0,,,,,,,,,,,,,,,,,,,,,,,,,,,Middlesbrough,,15.372878904981,,,,Middlesbrough,,8.45781736174403,,,,Middlesbrough,,11.3350772823518,,Middlesbrough,,94.2,,Middlesbrough,,100.0,,,,Middlesbrough,,59.0,,,Middlesbrough,,65.83760059,,,,Middlesbrough,,91.2280701754386,,,Middlesbrough,,28.84749,,,,Middlesbrough,,37.98258,,,,Middlesbrough,,22.3,,,,Middlesbrough,,71.1,,,,Middlesbrough,,62.3,,,,Middlesbrough,,67.8,,,,Middlesbrough,,5480.0,,,,Middlesbrough,,,1159.0,,,,,Middlesbrough,,,497,,,,,,Middlesbrough,,,48.7,,,,,,,Middlesbrough,,,9761.0,,,,,Middlesbrough,,,,60.6,,,,,Middlesbrough,,,,58.83,,,,,Middlesbrough,,16.5,,,,Middlesbrough,,,12.84153,,,,Middlesbrough,,,28.5347,,,,Middlesbrough,,,35.29352,,,,Middlesbrough,,,46.78899000000001,,,,Middlesbrough,,40.03257,,,,,,,,Middlesbrough,,7.35,,"coefficient of variation is less than or equal to 5%, estimate is considered precise.",,,,,Middlesbrough,,7.64,,"coefficient of variation is less than or equal to 5%, estimate is considered precise.",,,,,Middlesbrough,,7.05,,"coefficient of variation is less than or equal to 5%, estimate is considered precise.",,,,,Middlesbrough,,3.07,,"coefficient of variation is greater than 5% but less than or equal to 10%, estimate is considered reasonably precise.",,,,Middlesbrough,,9.0,,,,,,,,,,
E06000003,,Redcar and Cleveland,,28.42,,,,,Redcar and Cleveland,,478.1,,,,,Redcar and Cleveland,,,74.9,,,,,,,,Redcar and Cleveland,,,3.6,,,,,Redcar and Cleveland,,17128.0,,,,,Redcar and Cleveland,,415.0,,,,,Redcar and Cleveland,,435.0,,,,,Redcar and Cleveland,,3420.0,,,,,Redcar and Cleveland,,10.0,,,,,,,,,,,,,,,,,,,,,,,,,,,Redcar and Cleveland,,13.259368531347,,,,Redcar and Cleveland,,8.06607451869099,,,,Redcar and Cleveland,,11.1032869866335,,Redcar and Cleveland,,87.8,,Redcar and Cleveland,,99.17,,,,Redcar and Cleveland,,62.0,,,Redcar and Cleveland,,74.07886231,,,,Redcar and Cleveland,,89.6551724137931,,,Redcar and Cleveland,,23.50319,,,,Redcar and Cleveland,,35.78626,,,,Redcar and Cleveland,,17.6,,,,Redcar and Cleveland,,79.4,,,,Redcar and Cleveland,,69.3,,,,Redcar and Cleveland,,76.1,,,,Redcar and Cleveland,,3650.0,,,,Redcar and Cleveland,,,1224.0,,,,,Redcar and Cleveland,,,598,,,,,,Redcar and Cleveland,,,53.3,,,,,,,Redcar and Cleveland,,,7832.0,,,,,Redcar and Cleveland,,,,58.53,,,,,Redcar and Cleveland,,,,56.87,,,,,Redcar and Cleveland,,13.7,,,,Redcar and Cleveland,,,9.44882,,,,Redcar and Cleveland,,,24.67949,,,,Redcar and Cleveland,,,34.80189,,,,Redcar and Cleveland,,,53.69231,,,,Redcar and Cleveland,,34.35631,,,,,,,,Redcar and Cleveland,,7.25,,"coefficient of variation is less than or equal to 5%, estimate is considered precise.",,,,,Redcar and Cleveland,,7.67,,"coefficient of variation is less than or equal to 5%, estimate is considered precise.",,,,,Redcar and Cleveland,,7.49,,"coefficient of variation is less than or equal to 5%, estimate is considered precise.",,,,,Redcar and Cleveland,,3.25,,"coefficient of variation is greater than 5% but less than or equal to 10%, estimate is considered reasonably precise.",,,,Redcar and Cleveland,,7.0,,,,,,,,,,
E06000004,,Stockton-on-Tees,,39.76,,,,,Stockton-on-Tees,,525.5,,,,,Stockton-on-Tees,,,73.1,,,,,,,,Stockton-on-Tees,,,4.1,,,,,Stockton-on-Tees,,17935.0,,,,,Stockton-on-Tees,,715.0,,,,,Stockton-on-Tees,,845.0,,,,,Stockton-on-Tees,,6170.0,,,,,Stockton-on-Tees,,25.0,,,,,,,,,,,,,,,,,,,,,,,,,,,Stockton-on-Tees,,13.1819883310099,,,,Stockton-on-Tees,,7.81804856856493,,,,Stockton-on-Tees,,10.050299020191,,Stockton-on-Tees,,92.3,,Stockton-on-Tees,,99.97,,,,Stockton-on-Tees,,63.0,,,Stockton-on-Tees,,75.17309594,,,,Stockton-on-Tees,,93.58974358974359,,,Stockton-on-Tees,,23.36707,,,,Stockton-on-Tees,,36.59891,,,,Stockton-on-Tees,,17.9,,,,Stockton-on-Tees,,80.5,,,,Stockton-on-Tees,,71.5,,,,Stockton-on-Tees,,78.8,,,,Stockton-on-Tees,,5900.0,,,,Stockton-on-Tees,,,1183.0,,,,,Stockton-on-Tees,,,551,,,,,,Stockton-on-Tees,,,58.8,,,,,,,Stockton-on-Tees,,,8070.0,,,,,Stockton-on-Tees,,,,61.5,,,,,Stockton-on-Tees,,,,60.12,,,,,Stockton-on-Tees,,13.2,,,,Stockton-on-Tees,,,9.715639999999999,,,,Stockton-on-Tees,,,26.26263,,,,Stockton-on-Tees,,,32.84926,,,,Stockton-on-Tees,,,53.81166,,,,Stockton-on-Tees,,28.35783,,,,,,,,Stockton-on-Tees,,7.33,,"coefficient of variation is less than or equal to 5%, estimate is considered precise.",,,,,Stockton-on-Tees,,7.62,,"coefficient of variation is less than or equal to 5%, estimate is considered precise.",,,,,Stockton-on-Tees,,7.29,,"coefficient of variation is less than or equal to 5%, estimate is considered precise.",,,,,Stockton-on-Tees,,3.23,,"coefficient of variation is greater than 5% but less than or equal to 10%, estimate is considered reasonably precise.",,,,Stockton-on-Tees,,7.0,,,,,,,,,,
E06000005,,Darlington,,28.56,,,,,Darlington,,530.5,,,,,Darlington,,,82.5,,,,,,,,Darlington,,,3.4,,,,,Darlington,,18376.0,,,,,Darlington,,415.0,,,,,Darlington,,485.0,,,,,Darlington,,3700.0,,,,,Darlington,,10.0,,,,,,,,,,,,,,,,,,,,,,,,,,,Darlington,,11.0236186085639,,,,Darlington,,7.457621381965,,,,Darlington,,9.48832084144916,,Darlington,,87.4,,Darlington,,99.99,,,,Darlington,,56.0,,,Darlington,,75.90673575,,,,Darlington,,88.09523809523809,,,Darlington,,24.48312,,,,Darlington,,38.15412,,,,Darlington,,11.6,,,,Darlington,,76.4,,,,Darlington,,66.7,,,,Darlington,,73.5,,,,Darlington,,3210.0,,,,Darlington,,,1374.0,,,,,Darlington,,,563,,,,,,Darlington,,,60.7,,,,,,,Darlington,,,7943.0,,,,,Darlington,,,,60.61,,,,,Darlington,,,,59.49,,,,,Darlington,,11.5,,,,Darlington,,,11.93416,,,,Darlington,,,24.20635,,,,Darlington,,,29.99722,,,,Darlington,,,51.77453,,,,Darlington,,30.46435,,,,,,,,Darlington,,7.32,,"coefficient of variation is less than or equal to 5%, estimate is considered precise.",,,,,Darlington,,7.63,,"coefficient of variation is less than or equal to 5%, estimate is considered precise.",,,,,Darlington,,7.17,,"coefficient of variation is less than or equal to 5%, estimate is considered precise.",,,,,Darlington,,3.38,,"coefficient of variation is greater than 5% but less than or equal to 10%, estimate is considered reasonably precise.",,,,Darlington,,10.0,,,,,,,,,,
E06000006,,Halton,,40.15,,,,,Halton,,559.5,,,,,Halton,,,76.6,,,,,,,,Halton,,,2.9,,,,,Halton,,18216.0,,,,,Halton,,485.0,,,,,Halton,,535.0,,,,,Halton,,4035.0,,,,,Halton,,25.0,,,,,,,,,,,,,,,,,,,,,,,,,,,Halton,,10.8941614253659,,,,Halton,,7.74859029932323,,,,Halton,,9.67772470239267,,Halton,,75.8,,Halton,,100.0,,,,Halton,,58.0,,,Halton,,72.38095238,,,,Halton,,80,,,Halton,,25.84393,,,,Halton,,39.14586,,,,Halton,,16.8,,,,Halton,,76.5,,,,Halton,,64.2,,,,Halton,,71.8,,,,Halton,,2520.0,,,,Halton,,,1053.0,,,,,Halton,,,518,,,,,,Halton,,,48.9,,,,,,,Halton,,,6358.0,,,,,Halton,,,,58.01,,,,,Halton,,,,61.44,,,,,Halton,,13.3,,,,Halton,,,11.61049,,,,Halton,,,28.0,,,,Halton,,,35.98169,,,,Halton,,,51.68539000000001,,,,Halton,,42.19316,,,,,,,,Halton,,7.49,,"coefficient of variation is less than or equal to 5%, estimate is considered precise.",,,,,Halton,,7.79,,"coefficient of variation is less than or equal to 5%, estimate is considered precise.",,,,,Halton,,7.45,,"coefficient of variation is less than or equal to 5%, estimate is considered precise.",,,,,Halton,,3.35,,"coefficient of variation is greater than 5% but less than or equal to 10%, estimate is considered reasonably precise.",,,,Halton,,6.0,,,,,,,,,,
E06000007,,Warrington,,35.19,,,,,Warrington,,586.7,,,,,Warrington,,,80.9,,,,,,,,Warrington,,,2.4,,,,,Warrington,,20952.0,,,,,Warrington,,1130.0,,,,,Warrington,,1300.0,,,,,Warrington,,9670.0,,,,,Warrington,,45.0,,,,,,,,,,,,,,,,,,,,,,,,,,,Warrington,,11.1163206845544,,,,Warrington,,7.38079625788478,,,,Warrington,,9.09734581103229,,Warrington,,87.7,,Warrington,,100.0,,,,Warrington,,68.0,,,Warrington,,79.91379309999999,,,,Warrington,,98.86363636363637,,,Warrington,,20.02515,,,,Warrington,,34.1416,,,,Warrington,,22.8,,,,Warrington,,79.9,,,,Warrington,,71.7,,,,Warrington,,78.9,,,,Warrington,,2710.0,,,,Warrington,,,1083.0,,,,,Warrington,,,505,,,,,,Warrington,,,61,,,,,,,Warrington,,,4909.0,,,,,Warrington,,,,64.78,,,,,Warrington,,,,64.61,,,,,Warrington,,9.9,,,,Warrington,,,9.06921,,,,Warrington,,,22.15686,,,,Warrington,,,29.54306,,,,Warrington,,,54.30672,,,,Warrington,,35.18737,,,,,,,,Warrington,,7.45,,"coefficient of variation is less than or equal to 5%, estimate is considered precise.",,,,,Warrington,,7.69,,"coefficient of variation is less than or equal to 5%, estimate is considered precise.",,,,,Warrington,,7.32,,"coefficient of variation is less than or equal to 5%, estimate is considered precise.",,,,,Warrington,,3.18,,"coefficient of variation is greater than 5% but less than or equal to 10%, estimate is considered reasonably precise.",,,,Warrington,,16.0,,,,,,,,,,
E06000008,,Blackburn with Darwen,,28.48,,,,,Blackburn with Darwen,,496,,,,,Blackburn with Darwen,,,67.9,,,,,,,,Blackburn with Darwen,,,4.7,,,,,Blackburn with Darwen,,15025.0,,,,,Blackburn with Darwen,,815.0,,,,,Blackburn with Darwen,,855.0,,,,,Blackburn with Darwen,,6270.0,,,,,Blackburn with Darwen,,35.0,,,,,,,,,,,,,,,,,,,,,,,,,,,Blackburn with Darwen,,9.40435682199548,,,,Blackburn with Darwen,,7.01932167544434,,,,Blackburn with Darwen,,8.61950582162059,,Blackburn with Darwen,,73.6,,Blackburn with Darwen,,99.74,,,,Blackburn with Darwen,,60.0,,,Blackburn with Darwen,,76.94355698,,,,Blackburn with Darwen,,90.78947368421052,,,Blackburn with Darwen,,23.57626,,,,Blackburn with Darwen,,36.71605,,,,Blackburn with Darwen,,24.4,,,,Blackburn with Darwen,,74.7,,,,Blackburn with Darwen,,65.9,,,,Blackburn with Darwen,,72.2,,,,Blackburn with Darwen,,3550.0,,,,Blackburn with Darwen,,,1067.0,,,,,Blackburn with Darwen,,,523,,,,,,Blackburn with Darwen,,,53.2,,,,,,,Blackburn with Darwen,,,8923.0,,,,,Blackburn with Darwen,,,,59.69,,,,,Blackburn with Darwen,,,,58.78,,,,,Blackburn with Darwen,,19.4,,,,Blackburn with Darwen,,,10.35354,,,,Blackburn with Darwen,,,24.72406,,,,Blackburn with Darwen,,,22.97324,,,,Blackburn with Darwen,,,51.30597,,,,Blackburn with Darwen,,48.34618,,,,,,,,Blackburn with Darwen,,7.24,,"coefficient of variation is less than or equal to 5%, estimate is considered precise.",,,,,Blackburn with Darwen,,7.8,,"coefficient of variation is less than or equal to 5%, estimate is considered precise.",,,,,Blackburn with Darwen,,7.43,,"coefficient of variation is less than or equal to 5%, estimate is considered precise.",,,,,Blackburn with Darwen,,3.07,,"coefficient of variation is greater than 5% but less than or equal to 10%, estimate is considered reasonably precise.",,,,Blackburn with Darwen,,9.0,,,,,,,,,,
E06000009,,Blackpool,,28.32,,,,,Blackpool,,463.7,,,,,Blackpool,,,71.1,,,,,,,,Blackpool,,,4.2,,,,,Blackpool,,16717.0,,,,,Blackpool,,795.0,,,,,Blackpool,,565.0,,,,,Blackpool,,4670.0,,,,,Blackpool,,20.0,,,,,,,,,,,,,,,,,,,,,,,,,,,Blackpool,,8.37551449330308,,,,Blackpool,,6.63676229201725,,,,Blackpool,,7.81961220755819,,Blackpool,,73.7,,Blackpool,,100.0,,,,Blackpool,,54.0,,,Blackpool,,64.13137424,,,,Blackpool,,83.72093023255815,,,Blackpool,,25.63028,,,,Blackpool,,35.33889,,,,Blackpool,,19.4,,,,Blackpool,,75.6,,,,Blackpool,,66.2,,,,Blackpool,,72.5,,,,Blackpool,,3240.0,,,,Blackpool,,,1222.0,,,,,Blackpool,,,498,,,,,,Blackpool,,,48.3,,,,,,,Blackpool,,,7782.0,,,,,Blackpool,,,,54.29,,,,,Blackpool,,,,53.49,,,,,Blackpool,,18.8,,,,Blackpool,,,11.9863,,,,Blackpool,,,26.92308,,,,Blackpool,,,35.62741,,,,Blackpool,,,49.08616,,,,Blackpool,,52.62189,,,,,,,,Blackpool,,7.49,,"coefficient of variation is less than or equal to 5%, estimate is considered precise.",,,,,Blackpool,,7.64,,"coefficient of variation is less than or equal to 5%, estimate is considered precise.",,,,,Blackpool,,7.31,,"coefficient of variation is less than or equal to 5%, estimate is considered precise.",,,,,Blackpool,,3.5,,"coefficient of variation is less than or equal to 5%, estimate is considered precise.",,,,Blackpool,,3.0,,,,,,,,,,
E06000010,,"Kingston upon Hull, City of",,29.4,,,,,"Kingston upon Hull, City of",,506,,,,,"Kingston upon Hull, City of",,,73.6,,,,,,,,"Kingston upon Hull, City of",,,3.5,,,,,"Kingston upon Hull, City of",,15038.0,,,,,"Kingston upon Hull, City of",,1350.0,,,,,"Kingston upon Hull, City of",,1025.0,,,,,"Kingston upon Hull, City of",,7765.0,,,,,"Kingston upon Hull, City of",,40.0,,,,,,,,,,,,,,,,,,,,,,,,,,,"Kingston upon Hull, City of",,10.832333306417,,,,"Kingston upon Hull, City of",,7.56847175975478,,,,"Kingston upon Hull, City of",,9.1820309968421,,"Kingston upon Hull, City of",,98.6,,"Kingston upon Hull, City of",,100.0,,,,"Kingston upon Hull, City of",,61.0,,,"Kingston upon Hull, City of",,66.00517688,,,,"Kingston upon Hull, City of",,93.81443298969073,,,"Kingston upon Hull, City of",,25.58423,,,,"Kingston upon Hull, City of",,35.88975,,,,"Kingston upon Hull, City of",,19.1,,,,"Kingston upon Hull, City of",,77.3,,,,"Kingston upon Hull, City of",,66.8,,,,"Kingston upon Hull, City of",,74.9,,,,"Kingston upon Hull, City of",,5590.0,,,,"Kingston upon Hull, City of",,,1098.0,,,,,"Kingston upon Hull, City of",,,477,,,,,,"Kingston upon Hull, City of",,,48,,,,,,,"Kingston upon Hull, City of",,,5869.0,,,,,"Kingston upon Hull, City of",,,,57.92,,,,,"Kingston upon Hull, City of",,,,53.84,,,,,"Kingston upon Hull, City of",,18.9,,,,"Kingston upon Hull, City of",,,11.54472,,,,"Kingston upon Hull, City of",,,26.75439,,,,"Kingston upon Hull, City of",,,39.37604,,,,"Kingston upon Hull, City of",,,48.10009,,,,"Kingston upon Hull, City of",,48.33016,,,,,,,,"Kingston upon Hull, City of",,7.38,,"coefficient of variation is less than or equal to 5%, estimate is considered precise.",,,,,"Kingston upon Hull, City of",,7.73,,"coefficient of variation is less than or equal to 5%, estimate is considered precise.",,,,,"Kingston upon Hull, City of",,7.32,,"coefficient of variation is less than or equal to 5%, estimate is considered precise.",,,,,"Kingston upon Hull, City of",,3.51,,"coefficient of variation is greater than 5% but less than or equal to 10%, estimate is considered reasonably precise.",,,,"Kingston upon Hull, City of",,5.0,,,,,,,,,,
E06000011,,East Riding of Yorkshire,,35.35,,,,,East Riding of Yorkshire,,565.4,,,,,East Riding of Yorkshire,,,79.9,,,,,,,,East Riding of Yorkshire,,,2.3,,,,,East Riding of Yorkshire,,20430.0,,,,,East Riding of Yorkshire,,1350.0,,,,,East Riding of Yorkshire,,1400.0,,,,,East Riding of Yorkshire,,13385.0,,,,,East Riding of Yorkshire,,45.0,,,,,,,,,,,,,,,,,,,,,,,,,,,East Riding of Yorkshire,,16.1716643829097,,,,East Riding of Yorkshire,,8.59147338194784,,,,East Riding of Yorkshire,,12.7978382188849,,East Riding of Yorkshire,,80.4,,East Riding of Yorkshire,,99.82,,,,East Riding of Yorkshire,,57.0,,,East Riding of Yorkshire,,78.16425121,,,,East Riding of Yorkshire,,89.93288590604027,,,East Riding of Yorkshire,,22.14588,,,,East Riding of Yorkshire,,38.83351,,,,East Riding of Yorkshire,,15.2,,,,East Riding of Yorkshire,,83.1,,,,East Riding of Yorkshire,,71.8,,,,East Riding of Yorkshire,,79.6,,,,East Riding of Yorkshire,,5320.0,,,,East Riding of Yorkshire,,,1504.0,,,,,East Riding of Yorkshire,,,752,,,,,,East Riding of Yorkshire,,,61.3,,,,,,,East Riding of Yorkshire,,,5600.0,,,,,East Riding of Yorkshire,,,,67.89,,,,,East Riding of Yorkshire,,,,65.34,,,,,East Riding of Yorkshire,,10.2,,,,East Riding of Yorkshire,,,9.090910000000001,,,,East Riding of Yorkshire,,,21.36752,,,,East Riding of Yorkshire,,,27.77749,,,,East Riding of Yorkshire,,,54.97904,,,,East Riding of Yorkshire,,26.93487,,,,,,,,East Riding of Yorkshire,,7.4,,"coefficient of variation is less than or equal to 5%, estimate is considered precise.",,,,,East Riding of Yorkshire,,7.69,,"coefficient of variation is less than or equal to 5%, estimate is considered precise.",,,,,East Riding of Yorkshire,,7.3,,"coefficient of variation is less than or equal to 5%, estimate is considered precise.",,,,,East Riding of Yorkshire,,3.26,,"coefficient of variation is less than or equal to 5%, estimate is considered precise.",,,,East Riding of Yorkshire,,11.0,,,,,,,,,,
E06000012,,North East Lincolnshire,,29.5,,,,,North East Lincolnshire,,549.4,,,,,North East Lincolnshire,,,73.2,,,,,,,,North East Lincolnshire,,,3.5,,,,,North East Lincolnshire,,17667.0,,,,,North East Lincolnshire,,645.0,,,,,North East Lincolnshire,,620.0,,,,,North East Lincolnshire,,5240.0,,,,,North East Lincolnshire,,25.0,,,,,,,,,,,,,,,,,,,,,,,,,,,North East Lincolnshire,,10.5129069070475,,,,North East Lincolnshire,,7.152893321264,,,,North East Lincolnshire,,8.93974710512565,,North East Lincolnshire,,91.6,,North East Lincolnshire,,99.85,,,,North East Lincolnshire,,62.0,,,North East Lincolnshire,,74.85549133,,,,North East Lincolnshire,,93.65079365079366,,,North East Lincolnshire,,24.85215,,,,North East Lincolnshire,,35.28499,,,,North East Lincolnshire,,16.3,,,,North East Lincolnshire,,80.0,,,,North East Lincolnshire,,69.9,,,,North East Lincolnshire,,75.5,,,,North East Lincolnshire,,2920.0,,,,North East Lincolnshire,,,1112.0,,,,,North East Lincolnshire,,,491,,,,,,North East Lincolnshire,,,46.3,,,,,,,North East Lincolnshire,,,6316.0,,,,,North East Lincolnshire,,,,57.51,,,,,North East Lincolnshire,,,,55.18,,,,,North East Lincolnshire,,21.8,,,,North East Lincolnshire,,,11.64179,,,,North East Lincolnshire,,,24.35897,,,,North East Lincolnshire,,,34.66712,,,,North East Lincolnshire,,,54.76493000000001,,,,North East Lincolnshire,,40.59289,,,,,,,,North East Lincolnshire,,7.71,,"coefficient of variation is less than or equal to 5%, estimate is considered precise.",,,,,North East Lincolnshire,,8.02,,"coefficient of variation is less than or equal to 5%, estimate is considered precise.",,,,,North East Lincolnshire,,7.82,,"coefficient of variation is less than or equal to 5%, estimate is considered precise.",,,,,North East Lincolnshire,,2.94,,"coefficient of variation is greater than 5% but less than or equal to 10%, estimate is considered reasonably precise.",,,,North East Lincolnshire,,6.0,,,,,,,,,,
E06000013,,North Lincolnshire,,37.76,,,,,North Lincolnshire,,560.4,,,,,North Lincolnshire,,,74.3,,,,,,,,North Lincolnshire,,,3.1,,,,,North Lincolnshire,,17374.0,,,,,North Lincolnshire,,785.0,,,,,North Lincolnshire,,650.0,,,,,North Lincolnshire,,5930.0,,,,,North Lincolnshire,,25.0,,,,,,,,,,,,,,,,,,,,,,,,,,,North Lincolnshire,,14.5521636678075,,,,North Lincolnshire,,9.24526556947851,,,,North Lincolnshire,,14.3091794972215,,North Lincolnshire,,80.0,,North Lincolnshire,,100.0,,,,North Lincolnshire,,62.0,,,North Lincolnshire,,75.01512402,,,,North Lincolnshire,,86.07594936708861,,,North Lincolnshire,,24.97815,,,,North Lincolnshire,,39.15143,,,,North Lincolnshire,,13.3,,,,North Lincolnshire,,79.5,,,,North Lincolnshire,,68.7,,,,North Lincolnshire,,75.5,,,,North Lincolnshire,,3210.0,,,,North Lincolnshire,,,1028.0,,,,,North Lincolnshire,,,566,,,,,,North Lincolnshire,,,51.5,,,,,,,North Lincolnshire,,,6139.0,,,,,North Lincolnshire,,,,56.37,,,,,North Lincolnshire,,,,58.65,,,,,North Lincolnshire,,15.4,,,,North Lincolnshire,,,10.0,,,,North Lincolnshire,,,22.25064,,,,North Lincolnshire,,,37.0517,,,,North Lincolnshire,,,52.57215,,,,North Lincolnshire,,37.51008,,,,,,,,North Lincolnshire,,7.66,,"coefficient of variation is less than or equal to 5%, estimate is considered precise.",,,,,North Lincolnshire,,7.94,,"coefficient of variation is less than or equal to 5%, estimate is considered precise.",,,,,North Lincolnshire,,7.55,,"coefficient of variation is less than or equal to 5%, estimate is considered precise.",,,,,North Lincolnshire,,2.98,,"coefficient of variation is greater than 5% but less than or equal to 10%, estimate is considered reasonably precise.",,,,North Lincolnshire,,7.0,,,,,,,,,,
E06000014,,York,,33.97,,,,,York,,550.1,,,,,York,,,80.6,,,,,,,,York,,,2.3,,,,,York,,20884.0,,,,,York,,815.0,,,,,York,,745.0,,,,,York,,7535.0,,,,,York,,30.0,,,,,,,,,,,,,,,,,,,,,,,,,,,York,,10.3906258347754,,,,York,,7.52249983976986,,,,York,,9.40221641830474,,York,,77.8,,York,,100.0,,,,York,,63.0,,,York,,79.90626831,,,,York,,92.06349206349206,,,York,,20.36945,,,,York,,42.70777,,,,York,,23.5,,,,York,,80.5,,,,York,,71.9,,,,York,,80.0,,,,York,,2610.0,,,,York,,,836.0,,,,,York,,,474,,,,,,York,,,74.8,,,,,,,York,,,4421.0,,,,,York,,,,64.59,,,,,York,,,,65.29,,,,,York,,8.7,,,,York,,,7.843139999999999,,,,York,,,18.73278,,,,York,,,18.5574,,,,York,,,52.5974,,,,York,,27.46663,,,,,,,,York,,7.57,,"coefficient of variation is less than or equal to 5%, estimate is considered precise.",,,,,York,,7.68,,"coefficient of variation is less than or equal to 5%, estimate is considered precise.",,,,,York,,7.45,,"coefficient of variation is less than or equal to 5%, estimate is considered precise.",,,,,York,,3.45,,"coefficient of variation is greater than 5% but less than or equal to 10%, estimate is considered reasonably precise.",,,,York,,5.0,,,,,,,,,,
E06000015,,Derby ,,33.5,,,,,Derby ,,546.6,,,,,Derby ,,,78.8,,,,,,,,Derby ,,,4.1,,,,,Derby ,,16736.0,,,,,Derby ,,1140.0,,,,,Derby ,,1110.0,,,,,Derby ,,8515.0,,,,,Derby ,,30.0,,,,,,,,,,,,,,,,,,,,,,,,,,,Derby ,,10.5636026153042,,,,Derby ,,7.54372155851315,,,,Derby ,,9.27234469289127,,Derby ,,95.2,,Derby ,,100.0,,,,Derby ,,54.0,,,Derby ,,70.78846822,,,,Derby ,,85.57692307692308,,,Derby ,,23.71379,,,,Derby ,,36.17835,,,,Derby ,,16.1,,,,Derby ,,76.8,,,,Derby ,,65.6,,,,Derby ,,72.2,,,,Derby ,,6310.0,,,,Derby ,,,1083.0,,,,,Derby ,,,524,,,,,,Derby ,,,59.5,,,,,,,Derby ,,,6744.0,,,,,Derby ,,,,61.59,,,,,Derby ,,,,57.71,,,,,Derby ,,19.3,,,,Derby ,,,9.271519999999999,,,,Derby ,,,26.57856,,,,Derby ,,,25.41779,,,,Derby ,,,52.94118,,,,Derby ,,36.11244,,,,,,,,Derby ,,7.36,,"coefficient of variation is less than or equal to 5%, estimate is considered precise.",,,,,Derby ,,7.65,,"coefficient of variation is less than or equal to 5%, estimate is considered precise.",,,,,Derby ,,7.28,,"coefficient of variation is less than or equal to 5%, estimate is considered precise.",,,,,Derby ,,3.57,,"coefficient of variation is greater than 5% but less than or equal to 10%, estimate is considered reasonably precise.",,,,Derby ,,6.0,,,,,,,,,,
E06000016,,Leicester,,34.09,,,,,Leicester,,459,,,,,Leicester,,,65.5,,,,,,,,Leicester,,,6.1,,,,,Leicester,,14605.0,,,,,Leicester,,1995.0,,,,,Leicester,,3495.0,,,,,Leicester,,16150.0,,,,,Leicester,,55.0,,,,,,,,,,,,,,,,,,,,,,,,,,,Leicester,,8.91952383333633,,,,Leicester,,7.08590154858352,,,,Leicester,,8.15278432478681,,Leicester,,95.8,,Leicester,,100.0,,,,Leicester,,58.0,,,Leicester,,69.26027397,,,,Leicester,,87.5,,,Leicester,,20.50832,,,,Leicester,,31.12706,,,,Leicester,,13.1,,,,Leicester,,73.9,,,,Leicester,,65.0,,,,Leicester,,70.7,,,,Leicester,,9180.0,,,,Leicester,,,752.0,,,,,Leicester,,,361,,,,,,Leicester,,,54.9,,,,,,,Leicester,,,6409.0,,,,,Leicester,,,,57.48,,,,,Leicester,,,,59.62,,,,,Leicester,,13.1,,,,Leicester,,,9.40722,,,,Leicester,,,24.97262,,,,Leicester,,,24.48076,,,,Leicester,,,51.23217,,,,Leicester,,45.09029,,,,,,,,Leicester,,7.36,,"coefficient of variation is less than or equal to 5%, estimate is considered precise.",,,,,Leicester,,7.59,,"coefficient of variation is less than or equal to 5%, estimate is considered precise.",,,,,Leicester,,7.24,,"coefficient of variation is less than or equal to 5%, estimate is considered precise.",,,,,Leicester,,3.21,,"coefficient of variation is greater than 5% but less than or equal to 10%, estimate is considered reasonably precise.",,,,Leicester,,12.0,,,,,,,,,,
E06000017,,Rutland ,,33.11,,,,,Rutland ,,717.4,,,,,Rutland ,,,79.9,,,,,,,,Rutland ,,,2.6,,,,,Rutland ,,24489.0,,,,,Rutland ,,145.0,,,,,Rutland ,,195.0,,,,,Rutland ,,1860.0,,,,,Rutland ,,10.0,,,,,,,,,,,,,,,,,,,,,,,,,,,Rutland ,,15.2379979640766,,,,Rutland ,,8.49708333623573,,,,Rutland ,,12.9109767472339,,Rutland ,,57.6,,Rutland ,,99.88,,,,Rutland ,,67.0,,,Rutland ,,82.21343874,,,,Rutland ,,100,,,Rutland ,,17.15976,,,,Rutland ,,31.94842,,,,Rutland ,,0,,,,Rutland ,,84.7,,,,Rutland ,,76.9,,,,Rutland ,,82.8,,,,Rutland ,,390.0,,,,Rutland ,,,589.0,,,,,Rutland ,,,301,,,,,,Rutland ,,,64.5,,,,,,,Rutland ,,,4424.0,,,,,Rutland ,,,,66.83,,,,,Rutland ,,,,74.65,,,,,Rutland ,,9.5,,,,Rutland ,,,6.45161,,,,Rutland ,,,17.1875,,,,Rutland ,,,20.24934,,,,Rutland ,,,47.77778,,,,Rutland ,,20.99112,,,,,,,,Rutland ,,7.74,,"coefficient of variation is less than or equal to 5%, estimate is considered precise.",,,,,Rutland ,,8.22,,"coefficient of variation is less than or equal to 5%, estimate is considered precise.",,,,,Rutland ,,7.7,,"coefficient of variation is less than or equal to 5%, estimate is considered precise.",,,,,Rutland ,,3.03,,"coefficient of variation is greater than 5% but less than or equal to 10%, estimate is considered reasonably precise.",,,,Rutland ,,5.0,,,,,,,,,,
E06000018,,Nottingham,,32.03,,,,,Nottingham,,471.4,,,,,Nottingham,,,64,,,,,,,,Nottingham,,,5.9,,,,,Nottingham,,15015.0,,,,,Nottingham,,1450.0,,,,,Nottingham,,1235.0,,,,,Nottingham,,10510.0,,,,,Nottingham,,60.0,,,,,,,,,,,,,,,,,,,,,,,,,,,Nottingham,,8.55953509430933,,,,Nottingham,,6.97632502944282,,,,Nottingham,,8.0019732222119,,Nottingham,,93.0,,Nottingham,,100.0,,,,Nottingham,,58.0,,,Nottingham,,63.21428571,,,,Nottingham,,93.33333333333334,,,Nottingham,,23.72286,,,,Nottingham,,33.39389,,,,Nottingham,,23.2,,,,Nottingham,,76.5,,,,Nottingham,,64.4,,,,Nottingham,,71.4,,,,Nottingham,,7570.0,,,,Nottingham,,,799.0,,,,,Nottingham,,,307,,,,,,Nottingham,,,58.2,,,,,,,Nottingham,,,5906.0,,,,,Nottingham,,,,57.05,,,,,Nottingham,,,,57.42,,,,,Nottingham,,21.2,,,,Nottingham,,,11.1276,,,,Nottingham,,,29.00662,,,,Nottingham,,,30.32567,,,,Nottingham,,,53.56711,,,,Nottingham,,49.00583,,,,,,,,Nottingham,,7.24,,"coefficient of variation is less than or equal to 5%, estimate is considered precise.",,,,,Nottingham,,7.49,,"coefficient of variation is less than or equal to 5%, estimate is considered precise.",,,,,Nottingham,,7.24,,"coefficient of variation is less than or equal to 5%, estimate is considered precise.",,,,,Nottingham,,3.45,,"coefficient of variation is less than or equal to 5%, estimate is considered precise.",,,,Nottingham,,14.0,,,,,,,,,,
E06000019,,"Herefordshire, County of",,27.45,,,,,"Herefordshire, County of",,523.4,,,,,"Herefordshire, County of",,,77.7,,,,,,,,"Herefordshire, County of",,,2.7,,,,,"Herefordshire, County of",,21602.0,,,,,"Herefordshire, County of",,820.0,,,,,"Herefordshire, County of",,810.0,,,,,"Herefordshire, County of",,9070.0,,,,,"Herefordshire, County of",,25.0,,,,,,,,,,,,,,,,,,,,,,,,,,,"Herefordshire, County of",,21.4537711903469,,,,"Herefordshire, County of",,9.78099147532497,,,,"Herefordshire, County of",,15.6287165866167,,"Herefordshire, County of",,68.5,,"Herefordshire, County of",,98.48,,,,"Herefordshire, County of",,64.0,,,"Herefordshire, County of",,74.72335469,,,,"Herefordshire, County of",,91.83673469387755,,,"Herefordshire, County of",,22.6129,,,,"Herefordshire, County of",,40.56079,,,,"Herefordshire, County of",,21.9,,,,"Herefordshire, County of",,82.2,,,,"Herefordshire, County of",,74.1,,,,"Herefordshire, County of",,80.6,,,,"Herefordshire, County of",,1960.0,,,,"Herefordshire, County of",,,1008.0,,,,,"Herefordshire, County of",,,458,,,,,,"Herefordshire, County of",,,60.9,,,,,,,"Herefordshire, County of",,,3997.0,,,,,"Herefordshire, County of",,,,66.26,,,,,"Herefordshire, County of",,,,64.2,,,,,"Herefordshire, County of",,12.2,,,,"Herefordshire, County of",,,8.0597,,,,"Herefordshire, County of",,,21.61383,,,,"Herefordshire, County of",,,29.32307,,,,"Herefordshire, County of",,,60.38339000000001,,,,"Herefordshire, County of",,27.96138,,,,,,,,"Herefordshire, County of",,7.64,,"coefficient of variation is less than or equal to 5%, estimate is considered precise.",,,,,"Herefordshire, County of",,7.83,,"coefficient of variation is less than or equal to 5%, estimate is considered precise.",,,,,"Herefordshire, County of",,7.64,,"coefficient of variation is less than or equal to 5%, estimate is considered precise.",,,,,"Herefordshire, County of",,2.93,,"coefficient of variation is greater than 5% but less than or equal to 10%, estimate is considered reasonably precise.",,,,"Herefordshire, County of",,7.0,,,,,,,,,,
E06000020,,Telford and Wrekin,,32.34,,,,,Telford and Wrekin,,574.9,,,,,Telford and Wrekin,,,77.3,,,,,,,,Telford and Wrekin,,,3.3,,,,,Telford and Wrekin,,17711.0,,,,,Telford and Wrekin,,695.0,,,,,Telford and Wrekin,,625.0,,,,,Telford and Wrekin,,6210.0,,,,,Telford and Wrekin,,25.0,,,,,,,,,,,,,,,,,,,,,,,,,,,Telford and Wrekin,,12.0462511824964,,,,Telford and Wrekin,,7.70110926915474,,,,Telford and Wrekin,,9.99155825385858,,Telford and Wrekin,,79.9,,Telford and Wrekin,,99.82,,,,Telford and Wrekin,,61.0,,,Telford and Wrekin,,70.63329928,,,,Telford and Wrekin,,88,,,Telford and Wrekin,,23.71635,,,,Telford and Wrekin,,38.02904,,,,Telford and Wrekin,,17.3,,,,Telford and Wrekin,,79.3,,,,Telford and Wrekin,,70.3,,,,Telford and Wrekin,,77.2,,,,Telford and Wrekin,,3320.0,,,,Telford and Wrekin,,,1167.0,,,,,Telford and Wrekin,,,511,,,,,,Telford and Wrekin,,,50.9,,,,,,,Telford and Wrekin,,,5747.0,,,,,Telford and Wrekin,,,,60.34,,,,,Telford and Wrekin,,,,57.61,,,,,Telford and Wrekin,,16.7,,,,Telford and Wrekin,,,11.24402,,,,Telford and Wrekin,,,25.27473,,,,Telford and Wrekin,,,32.43691,,,,Telford and Wrekin,,,51.74419,,,,Telford and Wrekin,,36.7885,,,,,,,,Telford and Wrekin,,7.49,,"coefficient of variation is less than or equal to 5%, estimate is considered precise.",,,,,Telford and Wrekin,,7.83,,"coefficient of variation is less than or equal to 5%, estimate is considered precise.",,,,,Telford and Wrekin,,7.52,,"coefficient of variation is less than or equal to 5%, estimate is considered precise.",,,,,Telford and Wrekin,,2.81,,"coefficient of variation is greater than 5% but less than or equal to 10%, estimate is considered reasonably precise.",,,,Telford and Wrekin,,22.0,,,,,,,,,,
E06000021,,Stoke-on-Trent,,29.91,,,,,Stoke-on-Trent,,504.9,,,,,Stoke-on-Trent,,,73.8,,,,,,,,Stoke-on-Trent,,,4.3,,,,,Stoke-on-Trent,,15470.0,,,,,Stoke-on-Trent,,1080.0,,,,,Stoke-on-Trent,,1070.0,,,,,Stoke-on-Trent,,7630.0,,,,,Stoke-on-Trent,,35.0,,,,,,,,,,,,,,,,,,,,,,,,,,,Stoke-on-Trent,,11.43732586445,,,,Stoke-on-Trent,,7.50713925163575,,,,Stoke-on-Trent,,9.42076442374712,,Stoke-on-Trent,,92.7,,Stoke-on-Trent,,100.0,,,,Stoke-on-Trent,,56.0,,,Stoke-on-Trent,,66.34615385,,,,Stoke-on-Trent,,90.10989010989012,,,Stoke-on-Trent,,26.22188,,,,Stoke-on-Trent,,37.01724,,,,Stoke-on-Trent,,15,,,,Stoke-on-Trent,,74.2,,,,Stoke-on-Trent,,63.5,,,,Stoke-on-Trent,,69.4,,,,Stoke-on-Trent,,5240.0,,,,Stoke-on-Trent,,,1169.0,,,,,Stoke-on-Trent,,,502,,,,,,Stoke-on-Trent,,,49.9,,,,,,,Stoke-on-Trent,,,6866.0,,,,,Stoke-on-Trent,,,,55.14,,,,,Stoke-on-Trent,,,,55.93,,,,,Stoke-on-Trent,,16.3,,,,Stoke-on-Trent,,,12.00717,,,,Stoke-on-Trent,,,29.87421,,,,Stoke-on-Trent,,,33.98047,,,,Stoke-on-Trent,,,54.46508000000001,,,,Stoke-on-Trent,,44.12523,,,,,,,,Stoke-on-Trent,,7.16,,"coefficient of variation is less than or equal to 5%, estimate is considered precise.",,,,,Stoke-on-Trent,,7.59,,"coefficient of variation is less than or equal to 5%, estimate is considered precise.",,,,,Stoke-on-Trent,,7.32,,"coefficient of variation is less than or equal to 5%, estimate is considered precise.",,,,,Stoke-on-Trent,,3.39,,"coefficient of variation is greater than 5% but less than or equal to 10%, estimate is considered reasonably precise.",,,,Stoke-on-Trent,,4.0,,,,,,,,,,
E06000022,,Bath and North East Somerset,,28.45,,,,,Bath and North East Somerset,,564.1,,,,,Bath and North East Somerset,,,80.2,,,,,,,,Bath and North East Somerset,,,2.4,,,,,Bath and North East Somerset,,23101.0,,,,,Bath and North East Somerset,,835.0,,,,,Bath and North East Somerset,,945.0,,,,,Bath and North East Somerset,,8980.0,,,,,Bath and North East Somerset,,50.0,,,,,,,,,,,,,,,,,,,,,,,,,,,Bath and North East Somerset,,12.4952956821406,,,,Bath and North East Somerset,,7.94379859493216,,,,Bath and North East Somerset,,10.514685215873,,Bath and North East Somerset,,67.0,,Bath and North East Somerset,,99.46,,,,Bath and North East Somerset,,58.0,,,Bath and North East Somerset,,79.6641791,,,,Bath and North East Somerset,,93.82716049382715,,,Bath and North East Somerset,,21.46447,,,,Bath and North East Somerset,,42.28712,,,,Bath and North East Somerset,,23.9,,,,Bath and North East Somerset,,83.5,,,,Bath and North East Somerset,,74.3,,,,Bath and North East Somerset,,81.5,,,,Bath and North East Somerset,,1730.0,,,,Bath and North East Somerset,,,766.0,,,,,Bath and North East Somerset,,,390,,,,,,Bath and North East Somerset,,,71.4,,,,,,,Bath and North East Somerset,,,3013.0,,,,,Bath and North East Somerset,,,,65.7,,,,,Bath and North East Somerset,,,,65.66,,,,,Bath and North East Somerset,,11.5,,,,Bath and North East Somerset,,,7.44048,,,,Bath and North East Somerset,,,17.30205,,,,Bath and North East Somerset,,,21.6834,,,,Bath and North East Somerset,,,58.62069,,,,Bath and North East Somerset,,20.12109,,,,,,,,Bath and North East Somerset,,7.38,,"coefficient of variation is less than or equal to 5%, estimate is considered precise.",,,,,Bath and North East Somerset,,7.66,,"coefficient of variation is less than or equal to 5%, estimate is considered precise.",,,,,Bath and North East Somerset,,7.2,,"coefficient of variation is less than or equal to 5%, estimate is considered precise.",,,,,Bath and North East Somerset,,3.59,,"coefficient of variation is greater than 5% but less than or equal to 10%, estimate is considered reasonably precise.",,,,Bath and North East Somerset,,6.0,,,,,,,,,,
E06000023,,"Bristol, City of",,33.63,,,,,"Bristol, City of",,591.2,,,,,"Bristol, City of",,,76.7,,,,,,,,"Bristol, City of",,,3.5,,,,,"Bristol, City of",,21084.0,,,,,"Bristol, City of",,2540.0,,,,,"Bristol, City of",,2380.0,,,,,"Bristol, City of",,20545.0,,,,,"Bristol, City of",,115.0,,,,,,,,,,,,,,,,,,,,,,,,,,,"Bristol, City of",,8.68497520130508,,,,"Bristol, City of",,6.88696172793839,,,,"Bristol, City of",,8.10513410928957,,"Bristol, City of",,92.6,,"Bristol, City of",,100.0,,,,"Bristol, City of",,56.0,,,"Bristol, City of",,70.15366429999999,,,,"Bristol, City of",,86.66666666666667,,,"Bristol, City of",,25.71822,,,,"Bristol, City of",,41.61689000000001,,,,"Bristol, City of",,27,,,,"Bristol, City of",,79.4,,,,"Bristol, City of",,69.2,,,,"Bristol, City of",,76.4,,,,"Bristol, City of",,6760.0,,,,"Bristol, City of",,,831.0,,,,,"Bristol, City of",,,408,,,,,,"Bristol, City of",,,72.4,,,,,,,"Bristol, City of",,,4269.0,,,,,"Bristol, City of",,,,61.5,,,,,"Bristol, City of",,,,59.83,,,,,"Bristol, City of",,14.8,,,,"Bristol, City of",,,8.91089,,,,"Bristol, City of",,,21.59827,,,,"Bristol, City of",,,24.82034,,,,"Bristol, City of",,,53.37705,,,,"Bristol, City of",,29.88635,,,,,,,,"Bristol, City of",,7.31,,"coefficient of variation is less than or equal to 5%, estimate is considered precise.",,,,,"Bristol, City of",,7.33,,"coefficient of variation is less than or equal to 5%, estimate is considered precise.",,,,,"Bristol, City of",,7.2,,"coefficient of variation is less than or equal to 5%, estimate is considered precise.",,,,,"Bristol, City of",,3.44,,"coefficient of variation is greater than 5% but less than or equal to 10%, estimate is considered reasonably precise.",,,,"Bristol, City of",,8.0,,,,,,,,,,
E06000024,,North Somerset,,30.96,,,,,North Somerset,,595.4,,,,,North Somerset,,,83.9,,,,,,,,North Somerset,,,2.7,,,,,North Somerset,,23137.0,,,,,North Somerset,,1095.0,,,,,North Somerset,,1065.0,,,,,North Somerset,,9560.0,,,,,North Somerset,,35.0,,,,,,,,,,,,,,,,,,,,,,,,,,,North Somerset,,9.61264993692795,,,,North Somerset,,7.00581211110145,,,,North Somerset,,8.66714376078759,,North Somerset,,72.7,,North Somerset,,99.91,,,,North Somerset,,60.0,,,North Somerset,,76.83615819,,,,North Somerset,,88.46153846153847,,,North Somerset,,23.75233,,,,North Somerset,,43.61242,,,,North Somerset,,22.2,,,,North Somerset,,84.4,,,,North Somerset,,75.0,,,,North Somerset,,81.8,,,,North Somerset,,3390.0,,,,North Somerset,,,1030.0,,,,,North Somerset,,,477,,,,,,North Somerset,,,64.2,,,,,,,North Somerset,,,5279.0,,,,,North Somerset,,,,68.08,,,,,North Somerset,,,,61.88,,,,,North Somerset,,10.4,,,,North Somerset,,,7.38095,,,,North Somerset,,,17.67241,,,,North Somerset,,,22.98933,,,,North Somerset,,,55.78946999999999,,,,North Somerset,,24.43116,,,,,,,,North Somerset,,7.62,,"coefficient of variation is less than or equal to 5%, estimate is considered precise.",,,,,North Somerset,,7.89,,"coefficient of variation is less than or equal to 5%, estimate is considered precise.",,,,,North Somerset,,7.6,,"coefficient of variation is less than or equal to 5%, estimate is considered precise.",,,,,North Somerset,,2.89,,"coefficient of variation is greater than 5% but less than or equal to 10%, estimate is considered reasonably precise.",,,,North Somerset,,10.0,,,,,,,,,,
E06000025,,South Gloucestershire,,49.57,,,,,South Gloucestershire,,592.3,,,,,South Gloucestershire,,,83.4,,,,,,,,South Gloucestershire,,,2.1,,,,,South Gloucestershire,,21542.0,,,,,South Gloucestershire,,1195.0,,,,,South Gloucestershire,,1255.0,,,,,South Gloucestershire,,10935.0,,,,,South Gloucestershire,,45.0,,,,,,,,,,,,,,,,,,,,,,,,,,,South Gloucestershire,,10.864623659861,,,,South Gloucestershire,,7.4831198485311,,,,South Gloucestershire,,9.50505515077786,,South Gloucestershire,,80.8,,South Gloucestershire,,99.93,,,,South Gloucestershire,,60.0,,,South Gloucestershire,,74.58284827,,,,South Gloucestershire,,93.85964912280701,,,South Gloucestershire,,21.22363,,,,South Gloucestershire,,43.1887,,,,South Gloucestershire,,26.3,,,,South Gloucestershire,,83.8,,,,South Gloucestershire,,75.0,,,,South Gloucestershire,,81.6,,,,South Gloucestershire,,3310.0,,,,South Gloucestershire,,,1187.0,,,,,South Gloucestershire,,,597,,,,,,South Gloucestershire,,,65.5,,,,,,,South Gloucestershire,,,4248.0,,,,,South Gloucestershire,,,,67.08,,,,,South Gloucestershire,,,,65.25,,,,,South Gloucestershire,,12.2,,,,South Gloucestershire,,,6.47709,,,,South Gloucestershire,,,18.71166,,,,South Gloucestershire,,,21.91625,,,,South Gloucestershire,,,55,,,,South Gloucestershire,,20.82167,,,,,,,,South Gloucestershire,,7.65,,"coefficient of variation is less than or equal to 5%, estimate is considered precise.",,,,,South Gloucestershire,,7.83,,"coefficient of variation is less than or equal to 5%, estimate is considered precise.",,,,,South Gloucestershire,,7.36,,"coefficient of variation is less than or equal to 5%, estimate is considered precise.",,,,,South Gloucestershire,,3.14,,"coefficient of variation is less than or equal to 5%, estimate is considered precise.",,,,South Gloucestershire,,14.0,,,,,,,,,,
E06000026,,Plymouth,,31.25,,,,,Plymouth,,524.2,,,,,Plymouth,,,74.2,,,,,,,,Plymouth,,,3.1,,,,,Plymouth,,17472.0,,,,,Plymouth,,955.0,,,,,Plymouth,,875.0,,,,,Plymouth,,7150.0,,,,,Plymouth,,35.0,,,,,,,,,,,,,,,,,,,,,,,,,,,Plymouth,,10.195640751076,,,,Plymouth,,7.36715593254218,,,,Plymouth,,9.0693671729829,,Plymouth,,90.2,,Plymouth,,100.0,,,,Plymouth,,60.0,,,Plymouth,,69.51267057,,,,Plymouth,,88.77551020408163,,,Plymouth,,28.0842,,,,Plymouth,,44.27496,,,,Plymouth,,24.7,,,,Plymouth,,77.4,,,,Plymouth,,67.4,,,,Plymouth,,76.4,,,,Plymouth,,5790.0,,,,Plymouth,,,1355.0,,,,,Plymouth,,,702,,,,,,Plymouth,,,55.3,,,,,,,Plymouth,,,6889.0,,,,,Plymouth,,,,59.26,,,,,Plymouth,,,,64.25,,,,,Plymouth,,14.7,,,,Plymouth,,,9.72516,,,,Plymouth,,,20.0,,,,Plymouth,,,33.55532,,,,Plymouth,,,57.7269,,,,Plymouth,,32.08919,,,,,,,,Plymouth,,7.45,,"coefficient of variation is less than or equal to 5%, estimate is considered precise.",,,,,Plymouth,,7.72,,"coefficient of variation is less than or equal to 5%, estimate is considered precise.",,,,,Plymouth,,7.71,,"coefficient of variation is less than or equal to 5%, estimate is considered precise.",,,,,Plymouth,,3.23,,"coefficient of variation is greater than 5% but less than or equal to 10%, estimate is considered reasonably precise.",,,,Plymouth,,3.0,,,,,,,,,,
E06000027,,Torbay,,25.49,,,,,Torbay,,499.1,,,,,Torbay,,,74.9,,,,,,,,Torbay,,,3.1,,,,,Torbay,,19254.0,,,,,Torbay,,530.0,,,,,Torbay,,525.0,,,,,Torbay,,4545.0,,,,,Torbay,,20.0,,,,,,,,,,,,,,,,,,,,,,,,,,,Torbay,,10.6809879826575,,,,Torbay,,7.5000503738861,,,,Torbay,,9.06330182693127,,Torbay,,83.9,,Torbay,,100.0,,,,Torbay,,59.0,,,Torbay,,71.76895307,,,,Torbay,,85.71428571428571,,,Torbay,,28.77722,,,,Torbay,,43.99267,,,,Torbay,,22.1,,,,Torbay,,74.8,,,,Torbay,,66.0,,,,Torbay,,75.0,,,,Torbay,,2600.0,,,,Torbay,,,1095.0,,,,,Torbay,,,532,,,,,,Torbay,,,55.6,,,,,,,Torbay,,,6177.0,,,,,Torbay,,,,61.86,,,,,Torbay,,,,63.78,,,,,Torbay,,18.4,,,,Torbay,,,9.2437,,,,Torbay,,,21.11111,,,,Torbay,,,30.47454,,,,Torbay,,,51.35802,,,,Torbay,,29.01015,,,,,,,,Torbay,,7.42,,"coefficient of variation is less than or equal to 5%, estimate is considered precise.",,,,,Torbay,,7.9,,"coefficient of variation is less than or equal to 5%, estimate is considered precise.",,,,,Torbay,,7.39,,"coefficient of variation is less than or equal to 5%, estimate is considered precise.",,,,,Torbay,,3.31,,"coefficient of variation is greater than 5% but less than or equal to 10%, estimate is considered reasonably precise.",,,,Torbay,,4.0,,,,,,,,,,
E06000028,,,,,,,,,,,,,,,,,,,,,,,,,,,,,,,,,,,,,,,,,,,,,,,,,,,,,,,,,,,,,,,,,,,,,,,,,,,,,,,,,,,,,,,,,,,,Bournemouth,,8.51842888112025,"Obsolete code since 2019 (replaced by E06000058 Bournemouth, Christchurch and Poole)",,,Bournemouth,,6.86625438601462,"Obsolete code since 2019 (replaced by E06000058 Bournemouth, Christchurch and Poole)",,,Bournemouth,,8.04481709919647,"Obsolete code since 2019 (replaced by E06000058 Bournemouth, Christchurch and Poole)",,,,,,,,,,,,,,,,,,,,,,,,,,,,,,,,,,,,,,,,,,,,,,,,,,,,,,,,,,,,,,,,,,,,,,,,,,,,,,,,,,,,,,,,,,,,,,,,,,,,,,,,,,,,,,,,,,,,,,,,,,,,,,,,,,,,,,,,,,,,,,,,,,,,,,,,,,,,,,,,,,,,,,,,,,,,,,,,,,,,,,,,,,,,,,,,,,,,,,,,,,,,,,,,,,,,,
E06000029,,,,,,,,,,,,,,,,,,,,,,,,,,,,,,,,,,,,,,,,,,,,,,,,,,,,,,,,,,,,,,,,,,,,,,,,,,,,,,,,,,,,,,,,,,,,Poole,,9.44644733190821,"Obsolete code since 2019 (replaced by E06000058 Bournemouth, Christchurch and Poole)",,,Poole,,7.18877044026565,"Obsolete code since 2019 (replaced by E06000058 Bournemouth, Christchurch and Poole)",,,Poole,,8.64322356188235,"Obsolete code since 2019 (replaced by E06000058 Bournemouth, Christchurch and Poole)",,,,,,,,,,,,,,,,,,,,,,,,,,,,,,,,,,,,,,,,,,,,,,,,,,,,,,,,,,,,,,,,,,,,,,,,,,,,,,,,,,,,,,,,,,,,,,,,,,,,,,,,,,,,,,,,,,,,,,,,,,,,,,,,,,,,,,,,,,,,,,,,,,,,,,,,,,,,,,,,,,,,,,,,,,,,,,,,,,,,,,,,,,,,,,,,,,,,,,,,,,,,,,,,,,,,,
E06000030,,Swindon,,50.85,,,,,Swindon,,617.2,,,,,Swindon,,,78.1,,,,,,,,Swindon,,,2.6,,,,,Swindon,,19815.0,,,,,Swindon,,1020.0,,,,,Swindon,,1230.0,,,,,Swindon,,8265.0,,,,,Swindon,,15.0,,,,,,,,,,,,,,,,,,,,,,,,,,,Swindon,,10.3037002754133,,,,Swindon,,7.62592776153643,,,,Swindon,,9.29864485048239,,Swindon,,92.0,,Swindon,,100.0,,,,Swindon,,58.0,,,Swindon,,76.52338214,,,,Swindon,,90.58823529411765,,,Swindon,,22.15818,,,,Swindon,,36.72613,,,,Swindon,,13.9,,,,Swindon,,79.8,,,,Swindon,,69.1,,,,Swindon,,75.4,,,,Swindon,,3070.0,,,,Swindon,,,901.0,,,,,Swindon,,,410,,,,,,Swindon,,,53.4,,,,,,,Swindon,,,4297.0,,,,,Swindon,,,,62.21,,,,,Swindon,,,,61.42,,,,,Swindon,,9.5,,,,Swindon,,,8.82957,,,,Swindon,,,22.32143,,,,Swindon,,,29.6691,,,,Swindon,,,52.38095,,,,Swindon,,30.30657,,,,,,,,Swindon,,7.43,,"coefficient of variation is less than or equal to 5%, estimate is considered precise.",,,,,Swindon,,7.71,,"coefficient of variation is less than or equal to 5%, estimate is considered precise.",,,,,Swindon,,7.43,,"coefficient of variation is less than or equal to 5%, estimate is considered precise.",,,,,Swindon,,3.22,,"coefficient of variation is greater than 5% but less than or equal to 10%, estimate is considered reasonably precise.",,,,Swindon,,10.0,,,,,,,,,,
E06000031,,Peterborough,,35.05,,,,,Peterborough,,544.6,,,,,Peterborough,,,77.5,,,,,,,,Peterborough,,,5,,,,,Peterborough,,17841.0,,,,,Peterborough,,1530.0,,,,,Peterborough,,1295.0,,,,,Peterborough,,9345.0,,,,,Peterborough,,25.0,,,,,,,,,,,,,,,,,,,,,,,,,,,Peterborough,,11.1061458749604,,,,Peterborough,,7.69652450116336,,,,Peterborough,,9.93749888093179,,Peterborough,,89.6,,Peterborough,,100.0,,,,Peterborough,,54.0,,,Peterborough,,66.99235344,,,,Peterborough,,82.05128205128206,,,Peterborough,,24.76072,,,,Peterborough,,36.22934,,,,Peterborough,,14.8,,,,Peterborough,,76.5,,,,Peterborough,,65.5,,,,Peterborough,,72.5,,,,Peterborough,,4170.0,,,,Peterborough,,,839.0,,,,,Peterborough,,,345,,,,,,Peterborough,,,58.8,,,,,,,Peterborough,,,5592.0,,,,,Peterborough,,,,59.1,,,,,Peterborough,,,,61.83,,,,,Peterborough,,12.2,,,,Peterborough,,,9.71223,,,,Peterborough,,,25.16667,,,,Peterborough,,,32.15235999999999,,,,Peterborough,,,53.97727,,,,Peterborough,,34.56339000000001,,,,,,,,Peterborough,,7.25,,"coefficient of variation is less than or equal to 5%, estimate is considered precise.",,,,,Peterborough,,7.5,,"coefficient of variation is less than or equal to 5%, estimate is considered precise.",,,,,Peterborough,,7.14,,"coefficient of variation is less than or equal to 5%, estimate is considered precise.",,,,,Peterborough,,3.61,,"coefficient of variation is greater than 5% but less than or equal to 10%, estimate is considered reasonably precise.",,,,Peterborough,,9.0,,,,,,,,,,
E06000032,,Luton,,32.71,,,,,Luton,,536.6,,,,,Luton,,,72.3,,,,,,,,Luton,,,5.2,,,,,Luton,,17211.0,,,,,Luton,,1680.0,,,,,Luton,,1605.0,,,,,Luton,,9665.0,,,,,Luton,,15.0,,,,,,,,,,,,,,,,,,,,,,,,,,,Luton,,8.67651517385318,,,,Luton,,7.08107504800226,,,,Luton,,8.21497740301761,,Luton,,93.2,,Luton,,100.0,,,,Luton,,60.0,,,Luton,,72.12121212,,,,Luton,,92.7536231884058,,,Luton,,24.66993,,,,Luton,,32.8839,,,,Luton,,17.5,,,,Luton,,74.7,,,,Luton,,63.0,,,,Luton,,71.1,,,,Luton,,4850.0,,,,Luton,,,721.0,,,,,Luton,,,302,,,,,,Luton,,,54.4,,,,,,,Luton,,,6011.0,,,,,Luton,,,,60.03,,,,,Luton,,,,59.18,,,,,Luton,,21.1,,,,Luton,,,9.34256,,,,Luton,,,28.19315,,,,Luton,,,27.30573,,,,Luton,,,53.19515999999999,,,,Luton,,37.44936,,,,,,,,Luton,,7.3,,"coefficient of variation is less than or equal to 5%, estimate is considered precise.",,,,,Luton,,7.95,,"coefficient of variation is less than or equal to 5%, estimate is considered precise.",,,,,Luton,,7.64,,"coefficient of variation is less than or equal to 5%, estimate is considered precise.",,,,,Luton,,2.64,,"coefficient of variation is greater than 5% but less than or equal to 10%, estimate is considered reasonably precise.",,,,Luton,,14.0,,,,,,,,,,
E06000033,,Southend-on-Sea,,26.06,,,,,Southend-on-Sea,,602.5,,,,,Southend-on-Sea,,,74.9,,,,,,,,Southend-on-Sea,,,4.9,,,,,Southend-on-Sea,,21874.0,,,,,Southend-on-Sea,,1110.0,,,,,Southend-on-Sea,,945.0,,,,,Southend-on-Sea,,8020.0,,,,,Southend-on-Sea,,25.0,,,,,,,,,,,,,,,,,,,,,,,,,,,Southend-on-Sea,,8.90732861310106,,,,Southend-on-Sea,,6.99867283032328,,,,Southend-on-Sea,,8.1169363203792,,Southend-on-Sea,,94.9,,Southend-on-Sea,,100.0,,,,Southend-on-Sea,,62.0,,,Southend-on-Sea,,79.74621767,,,,Southend-on-Sea,,90.38461538461539,,,Southend-on-Sea,,21.6007,,,,Southend-on-Sea,,37.32415,,,,Southend-on-Sea,,19.2,,,,Southend-on-Sea,,81.7,,,,Southend-on-Sea,,68.8,,,,Southend-on-Sea,,78.1,,,,Southend-on-Sea,,2870.0,,,,Southend-on-Sea,,,784.0,,,,,Southend-on-Sea,,,359,,,,,,Southend-on-Sea,,,56,,,,,,,Southend-on-Sea,,,5161.0,,,,,Southend-on-Sea,,,,62.13,,,,,Southend-on-Sea,,,,63.72,,,,,Southend-on-Sea,,14,,,,Southend-on-Sea,,,8.13648,,,,Southend-on-Sea,,,21.77033,,,,Southend-on-Sea,,,33.47711,,,,Southend-on-Sea,,,50.4298,,,,Southend-on-Sea,,32.29461,,,,,,,,Southend-on-Sea,,7.36,,"coefficient of variation is less than or equal to 5%, estimate is considered precise.",,,,,Southend-on-Sea,,7.77,,"coefficient of variation is less than or equal to 5%, estimate is considered precise.",,,,,Southend-on-Sea,,7.31,,"coefficient of variation is less than or equal to 5%, estimate is considered precise.",,,,,Southend-on-Sea,,3.24,,"coefficient of variation is greater than 5% but less than or equal to 10%, estimate is considered reasonably precise.",,,,Southend-on-Sea,,4.0,,,,,,,,,,
E06000034,,Thurrock,,36.65,,,,,Thurrock,,627,,,,,Thurrock,,,77.4,,,,,,,,Thurrock,,,4.5,,,,,Thurrock,,20455.0,,,,,Thurrock,,1105.0,,,,,Thurrock,,1155.0,,,,,Thurrock,,8065.0,,,,,Thurrock,,30.0,,,,,,,,,,,,,,,,,,,,,,,,,,,Thurrock,,11.6750964760719,,,,Thurrock,,7.62916457947492,,,,Thurrock,,9.58246821558292,,Thurrock,,86.7,,Thurrock,,100.0,,,,Thurrock,,63.0,,,Thurrock,,68.41505131,,,,Thurrock,,90.9090909090909,,,Thurrock,,20.76049,,,,Thurrock,,33.9023,,,,Thurrock,,18,,,,Thurrock,,82.1,,,,Thurrock,,72.5,,,,Thurrock,,80.2,,,,Thurrock,,2570.0,,,,Thurrock,,,918.0,,,,,Thurrock,,,432,,,,,,Thurrock,,,45.2,,,,,,,Thurrock,,,4891.0,,,,,Thurrock,,,,61.69,,,,,Thurrock,,,,62.76,,,,,Thurrock,,16.7,,,,Thurrock,,,10.92784,,,,Thurrock,,,25.96349,,,,Thurrock,,,28.18842,,,,Thurrock,,,51.64645,,,,Thurrock,,32.57315,,,,,,,,Thurrock,,7.64,,"coefficient of variation is less than or equal to 5%, estimate is considered precise.",,,,,Thurrock,,7.81,,"coefficient of variation is less than or equal to 5%, estimate is considered precise.",,,,,Thurrock,,7.51,,"coefficient of variation is less than or equal to 5%, estimate is considered precise.",,,,,Thurrock,,3.35,,"coefficient of variation is less than or equal to 5%, estimate is considered precise.",,,,Thurrock,,3.0,,,,,,,,,,
E06000035,,Medway,,38.76,,,,,Medway,,593.8,,,,,Medway,,,79.2,,,,,,,,Medway,,,4,,,,,Medway,,20384.0,,,,,Medway,,1285.0,,,,,Medway,,1305.0,,,,,Medway,,10130.0,,,,,Medway,,35.0,,,,,,,,,,,,,,,,,,,,,,,,,,,Medway,,11.7945022612622,,,,Medway,,7.95446040983983,,,,Medway,,10.1662264151932,,Medway,,85.0,,Medway,,99.82,,,,Medway,,55.0,,,Medway,,69.9025974,,,,Medway,,92,,,Medway,,24.21015,,,,Medway,,39.50476,,,,Medway,,15.3,,,,Medway,,79.8,,,,Medway,,69.8,,,,Medway,,77.3,,,,Medway,,4740.0,,,,Medway,,,1411.0,,,,,Medway,,,621,,,,,,Medway,,,56.4,,,,,,,Medway,,,5859.0,,,,,Medway,,,,63.59,,,,,Medway,,,,60.9,,,,,Medway,,8.9,,,,Medway,,,10.0,,,,Medway,,,23.12139,,,,Medway,,,37.19724,,,,Medway,,,na,Value not published for data quality reasons,,,Medway,,33.2161,,,,,,,,Medway,,7.29,,"coefficient of variation is less than or equal to 5%, estimate is considered precise.",,,,,Medway,,7.8,,"coefficient of variation is less than or equal to 5%, estimate is considered precise.",,,,,Medway,,7.29,,"coefficient of variation is less than or equal to 5%, estimate is considered precise.",,,,,Medway,,3.29,,"coefficient of variation is greater than 5% but less than or equal to 10%, estimate is considered reasonably precise.",,,,Medway,,8.0,,,,,,,,,,
E06000036,,Bracknell Forest,,49.02,,,,,Bracknell Forest,,669.8,,,,,Bracknell Forest,,,80,,,,,,,,Bracknell Forest,,,3,,,,,Bracknell Forest,,23748.0,,,,,Bracknell Forest,,520.0,,,,,Bracknell Forest,,565.0,,,,,Bracknell Forest,,5040.0,,,,,Bracknell Forest,,30.0,,,,,,,,,,,,,,,,,,,,,,,,,,,Bracknell Forest,,11.3031985575796,,,,Bracknell Forest,,7.57720229721197,,,,Bracknell Forest,,9.24825818927583,,Bracknell Forest,,91.0,,Bracknell Forest,,100.0,,,,Bracknell Forest,,62.0,,,Bracknell Forest,,78.30783078,,,,Bracknell Forest,,97.36842105263159,,,Bracknell Forest,,18.80648,,,,Bracknell Forest,,37.77871,,,,Bracknell Forest,,15,,,,Bracknell Forest,,80.6,,,,Bracknell Forest,,72.9,,,,Bracknell Forest,,80.9,,,,Bracknell Forest,,1490.0,,,,Bracknell Forest,,,865.0,,,,,Bracknell Forest,,,399,,,,,,Bracknell Forest,,,58.2,,,,,,,Bracknell Forest,,,5770.0,,,,,Bracknell Forest,,,,66.52,,,,,Bracknell Forest,,,,66.4,,,,,Bracknell Forest,,14.6,,,,Bracknell Forest,,,7.24638,,,,Bracknell Forest,,,19.41392,,,,Bracknell Forest,,,24.98433,,,,Bracknell Forest,,,52.01699,,,,Bracknell Forest,,26.02915,,,,,,,,Bracknell Forest,,7.55,,"coefficient of variation is less than or equal to 5%, estimate is considered precise.",,,,,Bracknell Forest,,7.74,,"coefficient of variation is less than or equal to 5%, estimate is considered precise.",,,,,Bracknell Forest,,7.67,,"coefficient of variation is less than or equal to 5%, estimate is considered precise.",,,,,Bracknell Forest,,3.41,,"coefficient of variation is greater than 5% but less than or equal to 10%, estimate is considered reasonably precise.",,,,Bracknell Forest,,8.0,,,,,,,,,,
E06000037,,West Berkshire,,52.18,,,,,West Berkshire,,661.4,,,,,West Berkshire,,,82.5,,,,,,,,West Berkshire,,,2.6,,,,,West Berkshire,,26778.0,,,,,West Berkshire,,755.0,,,,,West Berkshire,,900.0,,,,,West Berkshire,,8710.0,,,,,West Berkshire,,45.0,,,,,,,,,,,,,,,,,,,,,,,,,,,West Berkshire,,13.4690301287102,,,,West Berkshire,,8.03093202117219,,,,West Berkshire,,10.7722744737174,,West Berkshire,,78.8,,West Berkshire,,99.82,,,,West Berkshire,,56.0,,,West Berkshire,,78.01608579,,,,West Berkshire,,93.97590361445783,,,West Berkshire,,19.72483,,,,West Berkshire,,40.11252,,,,West Berkshire,,25.9,,,,West Berkshire,,81.8,,,,West Berkshire,,71.7,,,,West Berkshire,,81.2,,,,West Berkshire,,1820.0,,,,West Berkshire,,,932.0,,,,,West Berkshire,,,491,,,,,,West Berkshire,,,71.5,,,,,,,West Berkshire,,,4769.0,,,,,West Berkshire,,,,70.09,,,,,West Berkshire,,,,69.4,,,,,West Berkshire,,11.3,,,,West Berkshire,,,6.796119999999999,,,,West Berkshire,,,17.66467,,,,West Berkshire,,,24.51517,,,,West Berkshire,,,61.16373000000001,,,,West Berkshire,,21.3868,,,,,,,,West Berkshire,,7.5,,"coefficient of variation is less than or equal to 5%, estimate is considered precise.",,,,,West Berkshire,,7.65,,"coefficient of variation is less than or equal to 5%, estimate is considered precise.",,,,,West Berkshire,,7.44,,"coefficient of variation is less than or equal to 5%, estimate is considered precise.",,,,,West Berkshire,,3.11,,"coefficient of variation is greater than 5% but less than or equal to 10%, estimate is considered reasonably precise.",,,,West Berkshire,,9.0,,,,,,,,,,
E06000038,,Reading,,43.69,,,,,Reading,,579.1,,,,,Reading,,,85.5,,,,,,,,Reading,,,3.7,,,,,Reading,,22434.0,,,,,Reading,,905.0,,,,,Reading,,1035.0,,,,,Reading,,7610.0,,,,,Reading,,50.0,,,,,,,,,,,,,,,,,,,,,,,,,,,Reading,,8.53576138580664,,,,Reading,,7.0738635359948,,,,Reading,,8.13036776838957,,Reading,,93.2,,Reading,,100.0,,,,Reading,,57.0,,,Reading,,75.32133676,,,,Reading,,90,,,Reading,,24.54925,,,,Reading,,39.72855999999999,,,,Reading,,14.4,,,,Reading,,76.5,,,,Reading,,67.6,,,,Reading,,74.7,,,,Reading,,2630.0,,,,Reading,,,808.0,,,,,Reading,,,376,,,,,,Reading,,,68.3,,,,,,,Reading,,,4549.0,,,,,Reading,,,,62.58,,,,,Reading,,,,66.42,,,,,Reading,,14.4,,,,Reading,,,9.39948,,,,Reading,,,23.78378,,,,Reading,,,33.48682,,,,Reading,,,55.66406,,,,Reading,,33.2187,,,,,,,,Reading,,7.43,,"coefficient of variation is less than or equal to 5%, estimate is considered precise.",,,,,Reading,,7.75,,"coefficient of variation is less than or equal to 5%, estimate is considered precise.",,,,,Reading,,7.42,,"coefficient of variation is less than or equal to 5%, estimate is considered precise.",,,,,Reading,,3.22,,"coefficient of variation is greater than 5% but less than or equal to 10%, estimate is considered reasonably precise.",,,,Reading,,12.0,,,,,,,,,,
E06000039,,Slough,,63.99,,,,,Slough,,664.9,,,,,Slough,,,73.7,,,,,,,,Slough,,,4.5,,,,,Slough,,19103.0,,,,,Slough,,950.0,,,,,Slough,,1070.0,,,,,Slough,,7405.0,,,,,Slough,,25.0,,,,,,,,,,,,,,,,,,,,,,,,,,,Slough,,8.4967898588342,,,,Slough,,7.03998354510069,,,,Slough,,7.96327483286536,,Slough,,92.4,,Slough,,100.0,,,,Slough,,64.0,,,Slough,,82.87895311,,,,Slough,,94.11764705882354,,,Slough,,22.76414,,,,Slough,,33.75927,,,,Slough,,13.4,,,,Slough,,79.3,,,,Slough,,70.1,,,,Slough,,76.9,,,,Slough,,2870.0,,,,Slough,,,733.0,,,,,Slough,,,304,,,,,,Slough,,,53.6,,,,,,,Slough,,,5270.0,,,,,Slough,,,,60.28,,,,,Slough,,,,58.07,,,,,Slough,,15.2,,,,Slough,,,10.35294,,,,Slough,,,27.37069,,,,Slough,,,23.84362,,,,Slough,,,56.68449,,,,Slough,,44.61835,,,,,,,,Slough,,7.25,,"coefficient of variation is less than or equal to 5%, estimate is considered precise.",,,,,Slough,,7.64,,"coefficient of variation is less than or equal to 5%, estimate is considered precise.",,,,,Slough,,7.4,,"coefficient of variation is less than or equal to 5%, estimate is considered precise.",,,,,Slough,,3.28,,"coefficient of variation is greater than 5% but less than or equal to 10%, estimate is considered reasonably precise.",,,,Slough,,6.0,,,,,,,,,,
E06000040,,Windsor and Maidenhead,,56.0,,,,,Windsor and Maidenhead,,633.6,,,,,Windsor and Maidenhead,,,82.5,,,,,,,,Windsor and Maidenhead,,,3,,,,,Windsor and Maidenhead,,32742.0,,,,,Windsor and Maidenhead,,970.0,,,,,Windsor and Maidenhead,,1155.0,,,,,Windsor and Maidenhead,,10210.0,,,,,Windsor and Maidenhead,,45.0,,,,,,,,,,,,,,,,,,,,,,,,,,,Windsor and Maidenhead,,9.72539120413938,,,,Windsor and Maidenhead,,7.06110136249286,,,,Windsor and Maidenhead,,8.55008370127202,,Windsor and Maidenhead,,77.2,,Windsor and Maidenhead,,100.0,,,,Windsor and Maidenhead,,61.0,,,Windsor and Maidenhead,,83.09859155,,,,Windsor and Maidenhead,,92.42424242424244,,,Windsor and Maidenhead,,20.80145,,,,Windsor and Maidenhead,,39.38006,,,,Windsor and Maidenhead,,23.3,,,,Windsor and Maidenhead,,85.0,,,,Windsor and Maidenhead,,70.1,,,,Windsor and Maidenhead,,78.8,,,,Windsor and Maidenhead,,1530.0,,,,Windsor and Maidenhead,,,653.0,,,,,Windsor and Maidenhead,,,309,,,,,,Windsor and Maidenhead,,,73.8,,,,,,,Windsor and Maidenhead,,,3628.0,,,,,Windsor and Maidenhead,,,,70.26,,,,,Windsor and Maidenhead,,,,69.7,,,,,Windsor and Maidenhead,,8.6,,,,Windsor and Maidenhead,,,6.59341,,,,Windsor and Maidenhead,,,18.83117,,,,Windsor and Maidenhead,,,18.92948,,,,Windsor and Maidenhead,,,59.35829,,,,Windsor and Maidenhead,,21.20473,,,,,,,,Windsor and Maidenhead,,7.59,,"coefficient of variation is less than or equal to 5%, estimate is considered precise.",,,,,Windsor and Maidenhead,,7.7,,"coefficient of variation is less than or equal to 5%, estimate is considered precise.",,,,,Windsor and Maidenhead,,7.49,,"coefficient of variation is less than or equal to 5%, estimate is considered precise.",,,,,Windsor and Maidenhead,,3.35,,"coefficient of variation is less than or equal to 5%, estimate is considered precise.",,,,Windsor and Maidenhead,,5.0,,,,,,,,,,
E06000041,,Wokingham,,58.92,,,,,Wokingham,,722.7,,,,,Wokingham,,,82.1,,,,,,,,Wokingham,,,2.3,,,,,Wokingham,,27805.0,,,,,Wokingham,,865.0,,,,,Wokingham,,1145.0,,,,,Wokingham,,9385.0,,,,,Wokingham,,40.0,,,,,,,,,,,,,,,,,,,,,,,,,,,Wokingham,,11.8746662699067,,,,Wokingham,,7.72254524174925,,,,Wokingham,,9.61447242199749,,Wokingham,,78.8,,Wokingham,,100.0,,,,Wokingham,,67.0,,,Wokingham,,82.67270668,,,,Wokingham,,94.28571428571429,,,Wokingham,,18.79414,,,,Wokingham,,40.26354,,,,Wokingham,,31,,,,Wokingham,,86.5,,,,Wokingham,,78.6,,,,Wokingham,,84.9,,,,Wokingham,,1720.0,,,,Wokingham,,,818.0,,,,,Wokingham,,,378,,,,,,Wokingham,,,71.1,,,,,,,Wokingham,,,3809.0,,,,,Wokingham,,,,71.17,,,,,Wokingham,,,,70.94,,,,,Wokingham,,4.6,,,,Wokingham,,,4.89691,,,,Wokingham,,,14.44444,,,,Wokingham,,,22.3878,,,,Wokingham,,,57.31706999999999,,,,Wokingham,,20.02442,,,,,,,,Wokingham,,7.57,,"coefficient of variation is less than or equal to 5%, estimate is considered precise.",,,,,Wokingham,,7.73,,"coefficient of variation is less than or equal to 5%, estimate is considered precise.",,,,,Wokingham,,7.42,,"coefficient of variation is less than or equal to 5%, estimate is considered precise.",,,,,Wokingham,,3.11,,"coefficient of variation is less than or equal to 5%, estimate is considered precise.",,,,Wokingham,,12.0,,,,,,,,,,
E06000042,,Milton Keynes,,45.87,,,,,Milton Keynes,,613.1,,,,,Milton Keynes,,,78.3,,,,,,,,Milton Keynes,,,3.7,,,,,Milton Keynes,,21409.0,,,,,Milton Keynes,,1570.0,,,,,Milton Keynes,,1890.0,,,,,Milton Keynes,,13980.0,,,,,Milton Keynes,,65.0,,,,,,,,,,,,,,,,,,,,,,,,,,,Milton Keynes,,10.4817301342419,,,,Milton Keynes,,7.34975076101917,,,,Milton Keynes,,9.15778355544866,,Milton Keynes,,90.8,,Milton Keynes,,100.0,,,,Milton Keynes,,59.0,,,Milton Keynes,,72.26376615,,,,Milton Keynes,,92.0353982300885,,,Milton Keynes,,21.87464,,,,Milton Keynes,,35.08541,,,,Milton Keynes,,21.2,,,,Milton Keynes,,81.7,,,,Milton Keynes,,71.8,,,,Milton Keynes,,78.8,,,,Milton Keynes,,4890.0,,,,Milton Keynes,,,874.0,,,,,Milton Keynes,,,382,,,,,,Milton Keynes,,,61.5,,,,,,,Milton Keynes,,,5070.0,,,,,Milton Keynes,,,,65.21,,,,,Milton Keynes,,,,62.1,,,,,Milton Keynes,,13.8,,,,Milton Keynes,,,9.53678,,,,Milton Keynes,,,23.51454,,,,Milton Keynes,,,25.80772,,,,Milton Keynes,,,59.77273,,,,Milton Keynes,,25.66095,,,,,,,,Milton Keynes,,7.51,,"coefficient of variation is less than or equal to 5%, estimate is considered precise.",,,,,Milton Keynes,,7.7,,"coefficient of variation is less than or equal to 5%, estimate is considered precise.",,,,,Milton Keynes,,7.4,,"coefficient of variation is less than or equal to 5%, estimate is considered precise.",,,,,Milton Keynes,,3.8,,"coefficient of variation is greater than 10% but less than or equal to 20%, estimate is considered acceptable.",,,,Milton Keynes,,24.0,,,,,,,,,,
E06000043,,Brighton and Hove,,39.36,,,,,Brighton and Hove,,572.3,,,,,Brighton and Hove,,,72.4,,,,,,,,Brighton and Hove,,,4.7,,,,,Brighton and Hove,,24834.0,,,,,Brighton and Hove,,2165.0,,,,,Brighton and Hove,,2200.0,,,,,Brighton and Hove,,16810.0,,,,,Brighton and Hove,,55.0,,,,,,,,,,,,,,,,,,,,,,,,,,,Brighton and Hove,,7.80049434906353,,,,Brighton and Hove,,6.92618504290347,,,,Brighton and Hove,,8.08384706627101,,Brighton and Hove,,80.0,,Brighton and Hove,,100.0,,,,Brighton and Hove,,60.0,,,Brighton and Hove,,78.99421451,,,,Brighton and Hove,,88.40579710144928,,,Brighton and Hove,,24.12621,,,,Brighton and Hove,,40.7556,,,,Brighton and Hove,,30.4,,,,Brighton and Hove,,81.8,,,,Brighton and Hove,,72.7,,,,Brighton and Hove,,79.7,,,,Brighton and Hove,,4600.0,,,,Brighton and Hove,,,552.0,,,,,Brighton and Hove,,,263,,,,,,Brighton and Hove,,,73.1,,,,,,,Brighton and Hove,,,4730.0,,,,,Brighton and Hove,,,,65.34,,,,,Brighton and Hove,,,,65.6,,,,,Brighton and Hove,,12.8,,,,Brighton and Hove,,,6.807510000000001,,,,Brighton and Hove,,,17.02586,,,,Brighton and Hove,,,19.12,,,,Brighton and Hove,,,53.83663000000001,,,,Brighton and Hove,,27.78213,,,,,,,,Brighton and Hove,,7.39,,"coefficient of variation is less than or equal to 5%, estimate is considered precise.",,,,,Brighton and Hove,,7.67,,"coefficient of variation is less than or equal to 5%, estimate is considered precise.",,,,,Brighton and Hove,,7.03,,"coefficient of variation is less than or equal to 5%, estimate is considered precise.",,,,,Brighton and Hove,,3.31,,"coefficient of variation is greater than 5% but less than or equal to 10%, estimate is considered reasonably precise.",,,,Brighton and Hove,,7.0,,,,,,,,,,
E06000044,,Portsmouth,,38.74,,,,,Portsmouth,,532.5,,,,,Portsmouth,,,81.2,,,,,,,,Portsmouth,,,3.8,,,,,Portsmouth,,18576.0,,,,,Portsmouth,,825.0,,,,,Portsmouth,,930.0,,,,,Portsmouth,,6945.0,,,,,Portsmouth,,25.0,,,,,,,,,,,,,,,,,,,,,,,,,,,Portsmouth,,7.6120019106577,,,,Portsmouth,,6.6936885190822,,,,Portsmouth,,7.61868842101148,,Portsmouth,,94.7,,Portsmouth,,100.0,,,,Portsmouth,,49.0,,,Portsmouth,,69.74789916,,,,Portsmouth,,83.60655737704919,,,Portsmouth,,24.06426,,,,Portsmouth,,36.51312,,,,Portsmouth,,29.1,,,,Portsmouth,,78.4,,,,Portsmouth,,67.6,,,,Portsmouth,,75.2,,,,Portsmouth,,4160.0,,,,Portsmouth,,,976.0,,,,,Portsmouth,,,439,,,,,,Portsmouth,,,66.1,,,,,,,Portsmouth,,,6589.0,,,,,Portsmouth,,,,61.39,,,,,Portsmouth,,,,61.51,,,,,Portsmouth,,14.7,,,,Portsmouth,,,10.66351,,,,Portsmouth,,,25.73363,,,,Portsmouth,,,26.47421,,,,Portsmouth,,,52.36167,,,,Portsmouth,,33.00659,,,,,,,,Portsmouth,,7.38,,"coefficient of variation is less than or equal to 5%, estimate is considered precise.",,,,,Portsmouth,,7.74,,"coefficient of variation is less than or equal to 5%, estimate is considered precise.",,,,,Portsmouth,,7.37,,"coefficient of variation is less than or equal to 5%, estimate is considered precise.",,,,,Portsmouth,,3.38,,"coefficient of variation is greater than 5% but less than or equal to 10%, estimate is considered reasonably precise.",,,,Portsmouth,,0.0,,,,,,,,,,
E06000045,,Southampton,,35.83,,,,,Southampton,,569.3,,,,,Southampton,,,75,,,,,,,,Southampton,,,4.6,,,,,Southampton,,18100.0,,,,,Southampton,,1425.0,,,,,Southampton,,1415.0,,,,,Southampton,,9160.0,,,,,Southampton,,35.0,,,,,,,,,,,,,,,,,,,,,,,,,,,Southampton,,9.29088519614195,,,,Southampton,,7.0739113313755,,,,Southampton,,8.2499816804918,,Southampton,,92.6,,Southampton,,100.0,,,,Southampton,,56.0,,,Southampton,,71.80904523,,,,Southampton,,82.89473684210526,,,Southampton,,24.14835,,,,Southampton,,37.9093,,,,Southampton,,19.3,,,,Southampton,,79.2,,,,Southampton,,69.2,,,,Southampton,,77.6,,,,Southampton,,3820.0,,,,Southampton,,,866.0,,,,,Southampton,,,384,,,,,,Southampton,,,64.3,,,,,,,Southampton,,,5055.0,,,,,Southampton,,,,63.05,,,,,Southampton,,,,61.35,,,,,Southampton,,13.2,,,,Southampton,,,9.47776,,,,Southampton,,,26.18182,,,,Southampton,,,24.90351,,,,Southampton,,,58.75912,,,,Southampton,,35.28392,,,,,,,,Southampton,,7.23,,"coefficient of variation is less than or equal to 5%, estimate is considered precise.",,,,,Southampton,,7.54,,"coefficient of variation is less than or equal to 5%, estimate is considered precise.",,,,,Southampton,,7.07,,"coefficient of variation is less than or equal to 5%, estimate is considered precise.",,,,,Southampton,,3.81,,"coefficient of variation is greater than 5% but less than or equal to 10%, estimate is considered reasonably precise.",,,,Southampton,,3.0,,,,,,,,,,
E06000046,,Isle of Wight,,31.81,,,,,Isle of Wight,,519.8,,,,,Isle of Wight,,,69.6,,,,,,,,Isle of Wight,,,4.2,,,,,Isle of Wight,,19522.0,,,,,Isle of Wight,,445.0,,,,,Isle of Wight,,420.0,,,,,Isle of Wight,,4805.0,,,,,Isle of Wight,,15.0,,,,,,,,,,,,,,,,,,,,,,,,,,,Isle of Wight,,11.8173405346338,,,,Isle of Wight,,7.94422773849535,,,,Isle of Wight,,10.7155538073924,,Isle of Wight,,70.9,,Isle of Wight,,99.92,,,,Isle of Wight,,53.0,,,Isle of Wight,,70.08474576,,,,Isle of Wight,,75,,,Isle of Wight,,23.38875,,,,Isle of Wight,,36.40976,,,,Isle of Wight,,28.2,,,,Isle of Wight,,83.2,,,,Isle of Wight,,71.6,,,,Isle of Wight,,80.4,,,,Isle of Wight,,2150.0,,,,Isle of Wight,,,1029.0,,,,,Isle of Wight,,,516,,,,,,Isle of Wight,,,52.8,,,,,,,Isle of Wight,,,5668.0,,,,,Isle of Wight,,,,62.58,,,,,Isle of Wight,,,,61.81,,,,,Isle of Wight,,9.5,,,,Isle of Wight,,,9.41704,,,,Isle of Wight,,,21.673,,,,Isle of Wight,,,21.49244,,,,Isle of Wight,,,52.84091,,,,Isle of Wight,,23.75621,,,,,,,,Isle of Wight,,7.42,,"coefficient of variation is less than or equal to 5%, estimate is considered precise.",,,,,Isle of Wight,,7.68,,"coefficient of variation is less than or equal to 5%, estimate is considered precise.",,,,,Isle of Wight,,7.53,,"coefficient of variation is less than or equal to 5%, estimate is considered precise.",,,,,Isle of Wight,,3.19,,"coefficient of variation is less than or equal to 5%, estimate is considered precise.",,,,Isle of Wight,,5.0,,,,,,,,,,
E06000047,,County Durham,,30.64,,,,,County Durham,,531.9,,,,,County Durham,,,70.8,,,,,,,,County Durham,,,na,,,,,County Durham,,17228.0,,,,,County Durham,,1805.0,,,,,County Durham,,1650.0,,,,,County Durham,,14930.0,,,,,County Durham,,50.0,,,,,,,,,,,,,,,,,,,,,,,,,,,County Durham,,14.0525479374537,,,,County Durham,,8.81956011180234,,,,County Durham,,13.0959744122387,,County Durham,,55.8,,County Durham,,94.7,,,,County Durham,,59.0,,,County Durham,,69.73767051,,,,County Durham,,87.83269961977187,,,County Durham,,25.68879,,,,County Durham,,39.96234,,,,County Durham,,14.6,,,,County Durham,,77.9,,,,County Durham,,68.7,,,,County Durham,,75.1,,,,County Durham,,12690.0,,,,County Durham,,,1203.0,,,,,County Durham,,,633,,,,,,County Durham,,,52.5,,,,,,,County Durham,,,7266.0,,,,,County Durham,,,,59.86,,,,,County Durham,,,,58.76,,,,,County Durham,,15.4,,,,County Durham,,,11.81818,,,,County Durham,,,25.62724,,,,County Durham,,,34.20071,,,,County Durham,,,53.48745,,,,County Durham,,36.64737,,,,,,,,County Durham,,7.56,,"coefficient of variation is less than or equal to 5%, estimate is considered precise.",,,,,County Durham,,7.63,,"coefficient of variation is less than or equal to 5%, estimate is considered precise.",,,,,County Durham,,7.37,,"coefficient of variation is less than or equal to 5%, estimate is considered precise.",,,,,County Durham,,3.13,,"coefficient of variation is greater than 5% but less than or equal to 10%, estimate is considered reasonably precise.",,,,County Durham,,6.0,,,,,,,,,,
E06000048,,,,,,,,,,,,,,,,,,,,,,,,,,,,,,,,,,,,,,,,,,,,,,,,,,,,,,,,,,,,,,,,,,,,,,,,,,,,,,,,,,,,,,,,,,,,Northumberland,,18.2104766122419,Obsolete code since 2013 (replaced by E06000057 Northumberland),,,Northumberland,,9.84221190186236,Obsolete code since 2013 (replaced by E06000057 Northumberland),,,Northumberland,,16.5457819622352,Obsolete code since 2013 (replaced by E06000057 Northumberland),,,,,,,,,,,,,,,,,,,,,,,,,,,,,,,,,,,,,,,,,,,,,,,,,,,,,,,,,,,,,,,,,,,,,,,,,,,,,,,,,,,,,,,,,,,,,,,,,,,,,,,,,,,,,,,,,,,,,,,,,,,,,,,,,,,,,,,,,,,,,,,,,,,,,,,,,,,,,,,,,,,,,,,,,,,,,,,,,,,,,,,,,,,,,,,,,,,,,,,,,,,,,,,,,,,,,
E06000049,,Cheshire East,,44.54,,,,,Cheshire East,,569.9,,,,,Cheshire East,,,81.9,,,,,,,,Cheshire East,,,na,,,,,Cheshire East,,24684.0,,,,,Cheshire East,,1985.0,,,,,Cheshire East,,2135.0,,,,,Cheshire East,,19970.0,,,,,Cheshire East,,75.0,,,,,,,,,,,,,,,,,,,,,,,,,,,Cheshire East,,13.1848034099729,,,,Cheshire East,,7.77254560281613,,,,Cheshire East,,10.3752525811349,,Cheshire East,,75.4,,Cheshire East,,99.43,,,,Cheshire East,,62.0,,,Cheshire East,,80.25613661,,,,Cheshire East,,91.71974522292993,,,Cheshire East,,21.06927,,,,Cheshire East,,40.42026,,,,Cheshire East,,15.6,,,,Cheshire East,,81.3,,,,Cheshire East,,72.2,,,,Cheshire East,,79.6,,,,Cheshire East,,4410.0,,,,Cheshire East,,,1015.0,,,,,Cheshire East,,,494,,,,,,Cheshire East,,,64.5,,,,,,,Cheshire East,,,4416.0,,,,,Cheshire East,,,,67.38,,,,,Cheshire East,,,,67.38,,,,,Cheshire East,,9.4,,,,Cheshire East,,,9.19395,,,,Cheshire East,,,18.86121,,,,Cheshire East,,,21.09539,,,,Cheshire East,,,56.34544,,,,Cheshire East,,28.16624,,,,,,,,Cheshire East,,7.65,,"coefficient of variation is less than or equal to 5%, estimate is considered precise.",,,,,Cheshire East,,7.82,,"coefficient of variation is less than or equal to 5%, estimate is considered precise.",,,,,Cheshire East,,7.56,,"coefficient of variation is less than or equal to 5%, estimate is considered precise.",,,,,Cheshire East,,3.27,,"coefficient of variation is greater than 5% but less than or equal to 10%, estimate is considered reasonably precise.",,,,Cheshire East,,12.0,,,,,,,,,,
E06000050,,Cheshire West and Chester,,41.45,,,,,Cheshire West and Chester,,576.4,,,,,Cheshire West and Chester,,,68.9,,,,,,,,Cheshire West and Chester,,,na,,,,,Cheshire West and Chester,,21340.0,,,,,Cheshire West and Chester,,1475.0,,,,,Cheshire West and Chester,,1650.0,,,,,Cheshire West and Chester,,14185.0,,,,,Cheshire West and Chester,,65.0,,,,,,,,,,,,,,,,,,,,,,,,,,,Cheshire West and Chester,,13.4696876291782,,,,Cheshire West and Chester,,7.99042045839207,,,,Cheshire West and Chester,,10.6665733335679,,Cheshire West and Chester,,71.5,,Cheshire West and Chester,,99.88,,,,Cheshire West and Chester,,58.0,,,Cheshire West and Chester,,75.84916523,,,,Cheshire West and Chester,,88.19875776397515,,,Cheshire West and Chester,,23.01417,,,,Cheshire West and Chester,,42.4786,,,,Cheshire West and Chester,,17.6,,,,Cheshire West and Chester,,79.5,,,,Cheshire West and Chester,,70.3,,,,Cheshire West and Chester,,77.5,,,,Cheshire West and Chester,,4740.0,,,,Cheshire West and Chester,,,847.0,,,,,Cheshire West and Chester,,,442,,,,,,Cheshire West and Chester,,,60.7,,,,,,,Cheshire West and Chester,,,4333.0,,,,,Cheshire West and Chester,,,,67.92,,,,,Cheshire West and Chester,,,,63.09,,,,,Cheshire West and Chester,,8.9,,,,Cheshire West and Chester,,,8.57143,,,,Cheshire West and Chester,,,19.83356,,,,Cheshire West and Chester,,,27.47997,,,,Cheshire West and Chester,,,54.5568,,,,Cheshire West and Chester,,29.11583,,,,,,,,Cheshire West and Chester,,7.44,,"coefficient of variation is less than or equal to 5%, estimate is considered precise.",,,,,Cheshire West and Chester,,7.66,,"coefficient of variation is less than or equal to 5%, estimate is considered precise.",,,,,Cheshire West and Chester,,7.29,,"coefficient of variation is less than or equal to 5%, estimate is considered precise.",,,,,Cheshire West and Chester,,3.09,,"coefficient of variation is greater than 5% but less than or equal to 10%, estimate is considered reasonably precise.",,,,Cheshire West and Chester,,8.0,,,,,,,,,,
E06000051,,Shropshire,,30.63,,,,,Shropshire,,546.8,,,,,Shropshire,,,78.8,,,,,,,,Shropshire,,,na,,,,,Shropshire,,20704.0,,,,,Shropshire,,1160.0,,,,,Shropshire,,1290.0,,,,,Shropshire,,13780.0,,,,,Shropshire,,50.0,,,,,,,,,,,,,,,,,,,,,,,,,,,Shropshire,,19.231144977505,,,,Shropshire,,9.444508310758,,,,Shropshire,,15.0011174778264,,Shropshire,,50.6,,Shropshire,,97.59,,,,Shropshire,,58.0,,,Shropshire,,75.87495753,,,,Shropshire,,87.24832214765101,,,Shropshire,,23.87863,,,,Shropshire,,42.04695,,,,Shropshire,,21.1,,,,Shropshire,,83.3,,,,Shropshire,,70.7,,,,Shropshire,,80.3,,,,Shropshire,,5490.0,,,,Shropshire,,,1336.0,,,,,Shropshire,,,787,,,,,,Shropshire,,,60.8,,,,,,,Shropshire,,,5864.0,,,,,Shropshire,,,,67.14,,,,,Shropshire,,,,62.81,,,,,Shropshire,,10,,,,Shropshire,,,8.59375,,,,Shropshire,,,17.60436,,,,Shropshire,,,31.9629,,,,Shropshire,,,56.74966999999999,,,,Shropshire,,27.32109,,,,,,,,Shropshire,,7.75,,"coefficient of variation is less than or equal to 5%, estimate is considered precise.",,,,,Shropshire,,8.07,,"coefficient of variation is less than or equal to 5%, estimate is considered precise.",,,,,Shropshire,,7.66,,"coefficient of variation is less than or equal to 5%, estimate is considered precise.",,,,,Shropshire,,2.7,,"coefficient of variation is greater than 5% but less than or equal to 10%, estimate is considered reasonably precise.",,,,Shropshire,,10.0,,,,,,,,,,
E06000052,,Cornwall,,29.16,,,,,Cornwall,,507.7,,,,,Cornwall,,,74.7,,,,,,,,Cornwall,,,na,,,,,Cornwall,,19760.0,,,,,Cornwall,,2345.0,,,,,Cornwall,,2255.0,,,,,Cornwall,,23570.0,,,,,Cornwall,,100.0,,,,,,,,,,,,,,,,,,,,,,,,,,,Cornwall,,16.4066701917452,,,,Cornwall,,8.92068553458905,,,,Cornwall,,13.503919634403,,Cornwall,,45.9,,Cornwall,,98.64,,,,Cornwall,,58.0,,,Cornwall,,75.50146056,,,,Cornwall,,84.36363636363636,,,Cornwall,,26.00092,,,,Cornwall,,41.34106,,,,Cornwall,,19.7,,,,Cornwall,,82.3,,,,Cornwall,,71.2,,,,Cornwall,,79.4,,,,Cornwall,,8080.0,,,,Cornwall,,,1062.0,,,,,Cornwall,,,566,,,,,,Cornwall,,,57.3,,,,,,,Cornwall,,,5558.0,,,,,Cornwall,,,,65.98,,,,,Cornwall,,,,63.83,,,,,Cornwall,,10.3,,,,,,,,,,,,,,,,,,Cornwall,,,26.65514,,,,,,,,,,,,,,,,,,,,,Cornwall,,7.53,,"coefficient of variation is less than or equal to 5%, estimate is considered precise.",,,,,Cornwall,,7.7,,"coefficient of variation is less than or equal to 5%, estimate is considered precise.",,,,,Cornwall,,7.51,,"coefficient of variation is less than or equal to 5%, estimate is considered precise.",,,,,Cornwall,,2.89,,"coefficient of variation is less than or equal to 5%, estimate is considered precise.",,,,Cornwall,,9.0,,,,,,,,,,
E06000053,,Isles of Scilly,,40.9,,,,,Isles of Scilly,,na,,,,,Isles of Scilly,,,na,,,,,,,,Isles of Scilly,,,na,,,,,Isles of Scilly,,22827.0,,,,,Isles of Scilly,,10.0,,,,,Isles of Scilly,,10.0,,,,,Isles of Scilly,,165.0,,,,,Isles of Scilly,,0.0,,,,,,,,,,,,,,,,,,,,,,,,,,,Isles of Scilly,,44.2956783699799,,,,Isles of Scilly,,40.9417434552464,,,,Isles of Scilly,,42.2719214447003,,Isles of Scilly,,1.7,,Isles of Scilly,,97.18,,,,Isles of Scilly,,37.0,,,Isles of Scilly,,71.42857143,,,,Isles of Scilly,,na,,,Isles of Scilly,,12.17391,,,,Isles of Scilly,,55.55556,,,,Isles of Scilly,,na,,,,Isles of Scilly,,69.2,,,,Isles of Scilly,,76.9,,,,Isles of Scilly,,84.6,,,,Isles of Scilly,,20.0,,,,Isles of Scilly,,,371.0,Value suppressed due to a base value of fewer than 5,,,,Isles of Scilly,,,na,Value suppressed due to a base value of fewer than 5,,,,,Isles of Scilly,,,na,,,,,,,Isles of Scilly,,,11994.0,,,,,Isles of Scilly,,,,na,,,,,Isles of Scilly,,,,na,,,,,Isles of Scilly,,na,,,,,,,,,,,,,,,,,,Isles of Scilly,,,22.79511,,,,,,,,,,,,,,,,,,,,,Isles of Scilly,,na,,Not available in the source data,,,,,Isles of Scilly,,na,,Not available in the source data,,,,,Isles of Scilly,,na,,Not available in the source data,,,,,Isles of Scilly,,na,,Not available in the source data,,,,Isles of Scilly,,2.0,,,,,,,,,,
E06000054,,Wiltshire,,35.27,,,,,Wiltshire,,560.2,,,,,Wiltshire,,,79,,,,,,,,Wiltshire,,,na,,,,,Wiltshire,,22645.0,,,,,Wiltshire,,1980.0,,,,,Wiltshire,,2125.0,,,,,Wiltshire,,21490.0,,,,,Wiltshire,,85.0,,,,,,,,,,,,,,,,,,,,,,,,,,,Wiltshire,,14.5658878871836,,,,Wiltshire,,8.45028877360265,,,,Wiltshire,,12.3234564400503,,Wiltshire,,62.5,,Wiltshire,,98.98,,,,Wiltshire,,56.0,,,Wiltshire,,76.17866005,,,,Wiltshire,,83.69098712446353,,,Wiltshire,,22.05474,,,,Wiltshire,,39.94902,,,,Wiltshire,,14.2,,,,Wiltshire,,82.8,,,,Wiltshire,,71.8,,,,Wiltshire,,80.5,,,,Wiltshire,,6500.0,,,,Wiltshire,,,1387.0,,,,,Wiltshire,,,766,,,,,,Wiltshire,,,64.9,,,,,,,Wiltshire,,,4962.0,,,,,Wiltshire,,,,65.21,,,,,Wiltshire,,,,66.51,,,,,Wiltshire,,10.2,,,,Wiltshire,,,8.28961,,,,Wiltshire,,,19.25996,,,,Wiltshire,,,28.78396,,,,Wiltshire,,,53.86917,,,,Wiltshire,,22.23615,,,,,,,,Wiltshire,,7.44,,"coefficient of variation is less than or equal to 5%, estimate is considered precise.",,,,,Wiltshire,,7.7,,"coefficient of variation is less than or equal to 5%, estimate is considered precise.",,,,,Wiltshire,,7.35,,"coefficient of variation is less than or equal to 5%, estimate is considered precise.",,,,,Wiltshire,,3.51,,"coefficient of variation is greater than 5% but less than or equal to 10%, estimate is considered reasonably precise.",,,,Wiltshire,,14.0,,,,,,,,,,
E06000055,,Bedford,,32.74,,,,,Bedford,,625.3,,,,,Bedford,,,77.6,,,,,,,,Bedford,,,4.5,,,,,Bedford,,21328.0,,,,,Bedford,,965.0,,,,,Bedford,,1025.0,,,,,Bedford,,8075.0,,,,,Bedford,,30.0,,,,,,,,,,,,,,,,,,,,,,,,,,,Bedford,,11.5879142280331,,,,Bedford,,7.95252979303244,,,,Bedford,,10.5051849962268,,Bedford,,77.1,,Bedford,,100.0,,,,Bedford,,52.0,,,Bedford,,72.41935484,,,,Bedford,,82.43243243243244,,,Bedford,,22.38869,,,,Bedford,,36.73469,,,,Bedford,,29.7,,,,Bedford,,79.1,,,,Bedford,,69.4,,,,Bedford,,76.5,,,,Bedford,,3000.0,,,,Bedford,,,876.0,,,,,Bedford,,,407,,,,,,Bedford,,,64.2,,,,,,,Bedford,,,4930.0,,,,,Bedford,,,,59.27,,,,,Bedford,,,,62.3,,,,,Bedford,,11.8,,,,Bedford,,,8.33333,,,,Bedford,,,21.47806,,,,Bedford,,,24.02529,,,,Bedford,,,57.16253,,,,Bedford,,29.30756,,,,,,,,Bedford,,7.46,,"coefficient of variation is less than or equal to 5%, estimate is considered precise.",,,,,Bedford,,7.71,,"coefficient of variation is less than or equal to 5%, estimate is considered precise.",,,,,Bedford,,7.59,,"coefficient of variation is less than or equal to 5%, estimate is considered precise.",,,,,Bedford,,3.35,,"coefficient of variation is greater than 5% but less than or equal to 10%, estimate is considered reasonably precise.",,,,Bedford,,18.0,,,,,,,,,,
E06000056,,Central Bedfordshire,,34.0,,,,,Central Bedfordshire,,659.8,,,,,Central Bedfordshire,,,82.8,,,,,,,,Central Bedfordshire,,,na,,,,,Central Bedfordshire,,22509.0,,,,,Central Bedfordshire,,1315.0,,,,,Central Bedfordshire,,1490.0,,,,,Central Bedfordshire,,13060.0,,,,,Central Bedfordshire,,35.0,,,,,,,,,,,,,,,,,,,,,,,,,,,Central Bedfordshire,,12.5382538723736,,,,Central Bedfordshire,,8.19783365333551,,,,Central Bedfordshire,,11.1787181033365,,Central Bedfordshire,,77.6,,Central Bedfordshire,,100.0,,,,Central Bedfordshire,,51.0,,,Central Bedfordshire,,72.73061374,,,,Central Bedfordshire,,85.27131782945736,,,Central Bedfordshire,,22.01093,,,,Central Bedfordshire,,45.19059,,,,Central Bedfordshire,,18.6,,,,Central Bedfordshire,,82.7,,,,Central Bedfordshire,,70.8,,,,Central Bedfordshire,,79.4,,,,Central Bedfordshire,,3840.0,,,,Central Bedfordshire,,,1063.0,,,,,Central Bedfordshire,,,508,,,,,,Central Bedfordshire,,,62.6,,,,,,,Central Bedfordshire,,,4533.0,,,,,Central Bedfordshire,,,,66.34,,,,,Central Bedfordshire,,,,67.85,,,,,Central Bedfordshire,,15,,,,Central Bedfordshire,,,6.240930000000001,,,,Central Bedfordshire,,,17.98246,,,,Central Bedfordshire,,,30.36404,,,,Central Bedfordshire,,,57.83235,,,,Central Bedfordshire,,23.27008,,,,,,,,Central Bedfordshire,,7.32,,"coefficient of variation is less than or equal to 5%, estimate is considered precise.",,,,,Central Bedfordshire,,7.75,,"coefficient of variation is less than or equal to 5%, estimate is considered precise.",,,,,Central Bedfordshire,,7.28,,"coefficient of variation is less than or equal to 5%, estimate is considered precise.",,,,,Central Bedfordshire,,3.21,,"coefficient of variation is greater than 5% but less than or equal to 10%, estimate is considered reasonably precise.",,,,Central Bedfordshire,,18.0,,,,,,,,,,
E06000057,,Northumberland,,30.43,,,,,Northumberland,,543.6,,,,,Northumberland,,,70.1,,,,,,,,Northumberland,,,na,,,,,Northumberland,,20380.0,,,,,Northumberland,,1000.0,,,,,Northumberland,,1085.0,,,,,Northumberland,,10570.0,,,,,Northumberland,,40.0,,,,,,,,,,,,,,,,,,,,,,,,,,,,,,,,,,,,,,,,,,,Northumberland,,51.7,,Northumberland,,89.12,,,,Northumberland,,58.0,,,Northumberland,,74.41244621,,,,Northumberland,,93.86503067484662,,,Northumberland,,23.5764,,,,Northumberland,,39.36235,,,,Northumberland,,14.8,,,,Northumberland,,81.5,,,,Northumberland,,71.3,,,,Northumberland,,79.7,,,,Northumberland,,5130.0,,,,Northumberland,,,1152.0,,,,,Northumberland,,,637,,,,,,Northumberland,,,55,,,,,,,Northumberland,,,4862.0,,,,,Northumberland,,,,62.25,,,,,Northumberland,,,,61.5,,,,,Northumberland,,9.6,,,,Northumberland,,,11.47826,,,,Northumberland,,,23.56589,,,,Northumberland,,,26.09745,,,,Northumberland,,,54.17675999999999,,,,Northumberland,,30.157,,,,,,,,Northumberland,,7.68,,"coefficient of variation is less than or equal to 5%, estimate is considered precise.",,,,,Northumberland,,7.95,,"coefficient of variation is less than or equal to 5%, estimate is considered precise.",,,,,Northumberland,,7.56,,"coefficient of variation is less than or equal to 5%, estimate is considered precise.",,,,,Northumberland,,2.69,,"coefficient of variation is greater than 5% but less than or equal to 10%, estimate is considered reasonably precise.",,,,Northumberland,,10.0,,,,,,,,,,
E06000058,,"Bournemouth, Christchurch and Poole",,34.79,,,,,"Bournemouth, Christchurch and Poole",,545.9,,,,,"Bournemouth, Christchurch and Poole",,,77.9,,,,,,,,"Bournemouth, Christchurch and Poole",,,na,,,,,"Bournemouth, Christchurch and Poole",,21751.0,,,,,"Bournemouth, Christchurch and Poole",,1935.0,,,,,"Bournemouth, Christchurch and Poole",,1935.0,,,,,"Bournemouth, Christchurch and Poole",,17220.0,,,,,"Bournemouth, Christchurch and Poole",,75.0,,,,,,,,,,,,,,,,,,,,,,,,,,,,,,,,,,,,,,,,,,,"Bournemouth, Christchurch and Poole",,86.4,,"Bournemouth, Christchurch and Poole",,100.0,,,,"Bournemouth, Christchurch and Poole",,63.0,,,"Bournemouth, Christchurch and Poole",,78.01518133,,,,"Bournemouth, Christchurch and Poole",,94.94949494949495,,,"Bournemouth, Christchurch and Poole",,22.25668,,,,"Bournemouth, Christchurch and Poole",,38.72505,,,,"Bournemouth, Christchurch and Poole",,21.4,,,,"Bournemouth, Christchurch and Poole",,83.0,,,,"Bournemouth, Christchurch and Poole",,71.8,,,,"Bournemouth, Christchurch and Poole",,79.9,,,,"Bournemouth, Christchurch and Poole",,5970.0,,,,"Bournemouth, Christchurch and Poole",,,929.0,,,,,"Bournemouth, Christchurch and Poole",,,440,,,,,,"Bournemouth, Christchurch and Poole",,,62.7,,,,,,,"Bournemouth, Christchurch and Poole",,,4906.0,,,,,"Bournemouth, Christchurch and Poole",,,,65.24,,,,,"Bournemouth, Christchurch and Poole",,,,64.88,,,,,"Bournemouth, Christchurch and Poole",,10.1,,,,"Bournemouth, Christchurch and Poole",,,6.901619999999999,,,,"Bournemouth, Christchurch and Poole",,,18.96104,,,,"Bournemouth, Christchurch and Poole",,,27.9259,,,,"Bournemouth, Christchurch and Poole",,,55.68469,,,,"Bournemouth, Christchurch and Poole",,27.00597,,,,,,,,"Bournemouth, Christchurch and Poole",,7.57,,"coefficient of variation is less than or equal to 5%, estimate is considered precise.",,,,,"Bournemouth, Christchurch and Poole",,7.73,,"coefficient of variation is less than or equal to 5%, estimate is considered precise.",,,,,"Bournemouth, Christchurch and Poole",,7.37,,"coefficient of variation is less than or equal to 5%, estimate is considered precise.",,,,,"Bournemouth, Christchurch and Poole",,3.1,,"coefficient of variation is less than or equal to 5%, estimate is considered precise.",,,,"Bournemouth, Christchurch and Poole",,4.0,,,,,,,,,,
E06000059,,Dorset,,32.37,,,,,Dorset,,563.4,,,,,Dorset,,,79.5,,,,,,,,Dorset,,,na,,,,,Dorset,,22358.0,,,,,Dorset,,1530.0,,,,,Dorset,,1610.0,,,,,Dorset,,17400.0,,,,,Dorset,,70.0,,,,,,,,,,,,,,,,,,,,,,,,,,,,,,,,,,,,,,,,,,,Dorset,,46.0,,Dorset,,99.42,,,,Dorset,,54.0,,,Dorset,,75.92382035,,,,Dorset,,85.44303797468355,,,Dorset,,24.05284,,,,Dorset,,40.78445,,,,Dorset,,22.5,,,,Dorset,,83.7,,,,Dorset,,71.0,,,,Dorset,,80.1,,,,Dorset,,4950.0,,,,Dorset,,,1531.0,,,,,Dorset,,,744,,,,,,Dorset,,,61,,,,,,,Dorset,,,5647.0,,,,,Dorset,,,,65.24,,,,,Dorset,,,,62.64,,,,,Dorset,,9.1,,,,Dorset,,,7.97227,,,,Dorset,,,17.55725,,,,Dorset,,,23.96358,,,,Dorset,,,56.37297,,,,Dorset,,21.07231,,,,,,,,Dorset,,7.61,,"coefficient of variation is less than or equal to 5%, estimate is considered precise.",,,,,Dorset,,7.88,,"coefficient of variation is less than or equal to 5%, estimate is considered precise.",,,,,Dorset,,7.63,,"coefficient of variation is less than or equal to 5%, estimate is considered precise.",,,,,Dorset,,2.87,,"coefficient of variation is greater than 5% but less than or equal to 10%, estimate is considered reasonably precise.",,,,Dorset,,9.0,,,,,,,,,,
E06000060,,Buckinghamshire,,38.65,,,,,Buckinghamshire,,640.5,,,,,Buckinghamshire,,,80.5,,,,,,,,Buckinghamshire,,,na,,,,,Buckinghamshire,,28440.0,,,,,Buckinghamshire,,3075.0,,,,,Buckinghamshire,,3620.0,,,,,Buckinghamshire,,33810.0,,,,,Buckinghamshire,,100.0,,,,,,,,,,,,,,,,,,,,,,,,,,,,,,,,,,,,,,,,,,,Buckinghamshire,,73.6,,Buckinghamshire,,99.71,,,,Buckinghamshire,,61.0,,,Buckinghamshire,,82.61912924,,,,Buckinghamshire,,87.1244635193133,,,,,,,,,,,,,,,Buckinghamshire,,23.7,,,,Buckinghamshire,,83.0,,,,Buckinghamshire,,72.4,,,,Buckinghamshire,,80.3,,,,Buckinghamshire,,5620.0,,,,Buckinghamshire,,,806.0,,,,,Buckinghamshire,,,372,,,,,,Buckinghamshire,,,68,,,,,,,Buckinghamshire,,,3967.0,,,,,Buckinghamshire,,,,68.58,,,,,Buckinghamshire,,,,66.84,,,,,Buckinghamshire,,10.6,,,,Buckinghamshire,,,7.1115,,,,Buckinghamshire,,,17.12219,,,,Buckinghamshire,,,20.51092,,,,Buckinghamshire,,,57.74178000000001,,,,Buckinghamshire,,21.06846,,,,,,,,Buckinghamshire,,7.63,,"coefficient of variation is less than or equal to 5%, estimate is considered precise.",,,,,Buckinghamshire,,7.84,,"coefficient of variation is less than or equal to 5%, estimate is considered precise.",,,,,Buckinghamshire,,7.47,,"coefficient of variation is less than or equal to 5%, estimate is considered precise.",,,,,Buckinghamshire,,3.26,,"coefficient of variation is greater than 5% but less than or equal to 10%, estimate is considered reasonably precise.",,,,Buckinghamshire,,16.0,,,,,,,,,,
E06000061,,North Northamptonshire,,28.88,,,,,North Northamptonshire,,567.9,,,,,North Northamptonshire,,,79,,,,,,,,North Northamptonshire,,,na,,,,,North Northamptonshire,,19690.0,,,,,North Northamptonshire,,2000.0,,,,,North Northamptonshire,,3285.0,,,,,North Northamptonshire,,18005.0,,,,,North Northamptonshire,,35.0,,,,,,,,,,,,,,,,,,,,,,,,,,,,,,,,,,,,,,,,,,,North Northamptonshire,,86.3,,North Northamptonshire,,99.82,,,,North Northamptonshire,,56.0,,,North Northamptonshire,,71.45289444,,,,North Northamptonshire,,90.14084507042253,,,North Northamptonshire,,23.65456,,,,North Northamptonshire,,41.34836,,,,North Northamptonshire,,20.6,,,,North Northamptonshire,,78.6,,,,North Northamptonshire,,68.5,,,,North Northamptonshire,,77.3,,,,North Northamptonshire,,5240.0,,,,North Northamptonshire,,,1065.0,,,,,North Northamptonshire,,,451,,,,,,North Northamptonshire,,,52.8,,,,,,,North Northamptonshire,,,5383.0,,,,,North Northamptonshire,,,,63.35,,,,,North Northamptonshire,,,,63.99,,,,,North Northamptonshire,,14.6,,,,North Northamptonshire,,,9.63365,,,,North Northamptonshire,,,24.67066,,,,North Northamptonshire,,,28.60479,,,,North Northamptonshire,,,52.35435,,,,North Northamptonshire,,28.88208,,,,,,,,North Northamptonshire,,7.23,,"coefficient of variation is less than or equal to 5%, estimate is considered precise.",,,,,North Northamptonshire,,7.54,,"coefficient of variation is less than or equal to 5%, estimate is considered precise.",,,,,North Northamptonshire,,7.09,,"coefficient of variation is less than or equal to 5%, estimate is considered precise.",,,,,North Northamptonshire,,3.07,,"coefficient of variation is greater than 5% but less than or equal to 10%, estimate is considered reasonably precise.",,,,North Northamptonshire,,13.0,,,,,,,,,,
E06000062,,West Northamptonshire,,33.57,,,,,West Northamptonshire,,575.3,,,,,West Northamptonshire,,,77.2,,,,,,,,West Northamptonshire,,,na,,,,,West Northamptonshire,,21408.0,,,,,West Northamptonshire,,2415.0,,,,,West Northamptonshire,,3790.0,,,,,West Northamptonshire,,21950.0,,,,,West Northamptonshire,,55.0,,,,,,,,,,,,,,,,,,,,,,,,,,,,,,,,,,,,,,,,,,,West Northamptonshire,,90.1,,West Northamptonshire,,99.98,,,,West Northamptonshire,,58.0,,,West Northamptonshire,,74.44717445,,,,West Northamptonshire,,89.72972972972973,,,West Northamptonshire,,20.60644,,,,West Northamptonshire,,37.31741,,,,West Northamptonshire,,19,,,,West Northamptonshire,,80.3,,,,West Northamptonshire,,71.1,,,,West Northamptonshire,,78.8,,,,West Northamptonshire,,5870.0,,,,West Northamptonshire,,,962.0,,,,,West Northamptonshire,,,423,,,,,,West Northamptonshire,,,53.8,,,,,,,West Northamptonshire,,,4910.0,,,,,West Northamptonshire,,,,65.2,,,,,West Northamptonshire,,,,63.82,,,,,West Northamptonshire,,12,,,,West Northamptonshire,,,8.20225,,,,West Northamptonshire,,,19.91525,,,,West Northamptonshire,,,29.17581,,,,West Northamptonshire,,,56.31901999999999,,,,West Northamptonshire,,27.33409,,,,,,,,West Northamptonshire,,7.59,,"coefficient of variation is less than or equal to 5%, estimate is considered precise.",,,,,West Northamptonshire,,7.82,,"coefficient of variation is less than or equal to 5%, estimate is considered precise.",,,,,West Northamptonshire,,7.44,,"coefficient of variation is less than or equal to 5%, estimate is considered precise.",,,,,West Northamptonshire,,2.96,,"coefficient of variation is greater than 5% but less than or equal to 10%, estimate is considered reasonably precise.",,,,West Northamptonshire,,12.0,,,,,,,,,,
E06000063,,,,,,,,,Cumberland,,577.8,,,,,,,,,,,,,,,,,,,,,,,,,,,,,,,,,,,,,,,,,,,,,,,,,,,,,,,,,,,,,,,,,,,,,,,,,,,,,,,,,,,,,,,,,,,,,,,,,,,,,,,,,,,Cumberland,,54.0,,,,,,,,,Cumberland,,91.81286549707602,,,,,,,,,,,,,,,,,,,,,Cumberland,,82.1,,,,Cumberland,,69.0,,,,Cumberland,,75.3,,,,,,,,,,Cumberland,,,1355.0,,,,,Cumberland,,,771,,,,,,,,,,,,,,,,Cumberland,,,5529.0,,,,,,,,,,,,,,,,,,,,,,,,,,,,,Cumberland,,,10.49251,,,,Cumberland,,,24.20263,,,,,,,,,,,Cumberland,,,48,,,,Cumberland,,33.51436,,,,,,,,,,,,,,,,,,,,,,,,,,,,,,,,,,,,,,,,,,,,,,,,,,,,,,,
E06000064,,,,,,,,,Westmorland and Furness,,582.3,,,,,,,,,,,,,,,,,,,,,,,,,,,,,,,,,,,,,,,,,,,,,,,,,,,,,,,,,,,,,,,,,,,,,,,,,,,,,,,,,,,,,,,,,,,,,,,,,,,,,,,,,,,Westmorland and Furness,,60.0,,,,,,,,,Westmorland and Furness,,92.56756756756756,,,,,,,,,,,,,,,,,,,,,Westmorland and Furness,,81.9,,,,Westmorland and Furness,,69.0,,,,Westmorland and Furness,,77.1,,,,,,,,,,Westmorland and Furness,,,1309.0,,,,,Westmorland and Furness,,,726,,,,,,,,,,,,,,,,Westmorland and Furness,,,5593.0,,,,,,,,,,,,,,,,,,,,,,,,,,,,,Westmorland and Furness,,,8.61111,,,,Westmorland and Furness,,,19.89796,,,,,,,,,,,Westmorland and Furness,,,51.75364,,,,Westmorland and Furness,,25.7297,,,,,,,,,,,,,,,,,,,,,,,,,,,,,,,,,,,,,,,,,,,,,,,,,,,,,,,
E06000065,,,,,,,,,North Yorkshire,,541.7,,,,,,,,,,,,,,,,,,,,,,,,,,,,,,,,,,,,,,,,,,,,,,,,,,,,,,,,,,,,,,,,,,,,,,,,,,,,,,,,,,,,,,,,,,,,,,,,,,,,,,,,,,,North Yorkshire,,56.0,,,,,,,,,North Yorkshire,,84.593837535014,,,,,,,,,,,,,,,,,,,,,,,,,,,,,,,,,,,,,,,,,,,,,North Yorkshire,,,1686.0,,,,,North Yorkshire,,,936,,,,,,,,,,,,,,,,North Yorkshire,,,5603.0,,,,,,,,,,,,,,,,,,,,,,,,,,,,,North Yorkshire,,,8.13397,,,,North Yorkshire,,,19.45423,,,,,,,,,,,North Yorkshire,,,53.21212,,,,North Yorkshire,,26.4113,,,,,,,,,,,,,,,,,,,,,,,,,,,,,,,,,,,,,,,,,,,,,,,,,,,,,,,
E06000066,,,,,,,,,Somerset ,,518.4,,,,,,,,,,,,,,,,,,,,,,,,,,,,,,,,,,,,,,,,,,,,,,,,,,,,,,,,,,,,,,,,,,,,,,,,,,,,,,,,,,,,,,,,,,,,,,,,,,,,,,,,,,,Somerset ,,53.0,,,,,,,,,Somerset ,,81.50943396226415,,,,,,,,,,,,,,,,,,,,,,,,,,,,,,,,,,,,,,,,,,,,,Somerset ,,,1111.0,,,,,Somerset ,,,564,,,,,,,,,,,,,,,,Somerset ,,,6071.0,,,,,,,,,,,,,,,,,,,,,,,,,,,,,Somerset ,,,9.37829,,,,Somerset ,,,20.56452,,,,,,,,,,,Somerset ,,,55.14984,,,,Somerset ,,23.43841,,,,,,,,,,,,,,,,,,,,,,,,,,,,,,,,,,,,,,,,,,,,,,,,,,,,,,,
E07000004,,,,,,,,,,,,,,,,,,,,,,,,,,,,,,,,,,,,,,,,,,,,,,,,,,,,,,,,,,,,,,,,,,,,,,,,,,,,,,,,,,,,,,,,,,,,,Aylesbury Vale,14.0351114421036,Obsolete code since 2020 (replaced by E06000060 Buckinghamshire),,,,Aylesbury Vale,8.22833440048529,Obsolete code since 2020 (replaced by E06000060 Buckinghamshire),,,,Aylesbury Vale,11.5035491727586,Obsolete code since 2020 (replaced by E06000060 Buckinghamshire),,,,,,,,,,,,,,,,,,,,,,,,,,,,,,,,,,,,,,,,,,,,,,,,,,,,,,,,,,,,,,,,,,,,,,,,,,,,,,,,,,,,,,,,,,,,,,,,,,,,,,,,,,,,,,,,,,,,,,,,,,,,,,,,,,,,,,,,,,,,,,,,,,,,,,,,,,,,,,,,,,,,,,,,,,,,,,,,,,,,,,,,,,,,,,,,,,,,,,,,,,,,,,,,,,,,,
E07000005,,,,,,,,,,,,,,,,,,,,,,,,,,,,,,,,,,,,,,,,,,,,,,,,,,,,,,,,,,,,,,,,,,,,,,,,,,,,,,,,,,,,,,,,,,,,,Chiltern,12.3579980887517,Obsolete code since 2020 (replaced by E06000060 Buckinghamshire),,,,Chiltern,7.49267849492207,Obsolete code since 2020 (replaced by E06000060 Buckinghamshire),,,,Chiltern,9.9991851587613,Obsolete code since 2020 (replaced by E06000060 Buckinghamshire),,,,,,,,,,,,,,,,,,,,,,,,,,,,,,,,,,,,,,,,,,,,,,,,,,,,,,,,,,,,,,,,,,,,,,,,,,,,,,,,,,,,,,,,,,,,,,,,,,,,,,,,,,,,,,,,,,,,,,,,,,,,,,,,,,,,,,,,,,,,,,,,,,,,,,,,,,,,,,,,,,,,,,,,,,,,,,,,,,,,,,,,,,,,,,,,,,,,,,,,,,,,,,,,,,,,,
E07000006,,,,,,,,,,,,,,,,,,,,,,,,,,,,,,,,,,,,,,,,,,,,,,,,,,,,,,,,,,,,,,,,,,,,,,,,,,,,,,,,,,,,,,,,,,,,,South Bucks,11.6146219810453,Obsolete code since 2020 (replaced by E06000060 Buckinghamshire),,,,South Bucks,7.46917455691074,Obsolete code since 2020 (replaced by E06000060 Buckinghamshire),,,,South Bucks,9.32451005187248,Obsolete code since 2020 (replaced by E06000060 Buckinghamshire),,,,,,,,,,,,,,,,,,,,,,,,,,,,,,,,,,,,,,,,,,,,,,,,,,,,,,,,,,,,,,,,,,,,,,,,,,,,,,,,,,,,,,,,,,,,,,,,,,,,,,,,,,,,,,,,,,,,,,,,,,,,,,,,,,,,,,,,,,,,,,,,,,,,,,,,,,,,,,,,,,,,,,,,,,,,,,,,,,,,,,,,,,,,,,,,,,,,,,,,,,,,,,,,,,,,,
E07000007,,,,,,,,,,,,,,,,,,,,,,,,,,,,,,,,,,,,,,,,,,,,,,,,,,,,,,,,,,,,,,,,,,,,,,,,,,,,,,,,,,,,,,,,,,,,,Wycombe,11.0533636970565,Obsolete code since 2020 (replaced by E06000060 Buckinghamshire),,,,Wycombe,7.39587208800894,Obsolete code since 2020 (replaced by E06000060 Buckinghamshire),,,,Wycombe,9.36136182779481,Obsolete code since 2020 (replaced by E06000060 Buckinghamshire),,,,,,,,,,,,,,,,,,,,,,,,,,,,,,,,,,,,,,,,,,,,,,,,,,,,,,,,,,,,,,,,,,,,,,,,,,,,,,,,,,,,,,,,,,,,,,,,,,,,,,,,,,,,,,,,,,,,,,,,,,,,,,,,,,,,,,,,,,,,,,,,,,,,,,,,,,,,,,,,,,,,,,,,,,,,,,,,,,,,,,,,,,,,,,,,,,,,,,,,,,,,,,,,,,,,,
E07000008,,,Cambridge,40.74,,,,,,Cambridge,709.3,,,,,,Cambridge,,75.5,,,,,,,,,Cambridge,,4.3,,,,,,Cambridge,22711.0,,,,,,Cambridge,560.0,,,,,,Cambridge,555.0,,,,,,Cambridge,5430.0,,,,,,Cambridge,35.0,,,,,,,,,,,,,,,,,,,,,,,,,,,,Cambridge,8.62117210586765,,,,,Cambridge,7.07273136180942,,,,,Cambridge,8.07760576992919,,,Cambridge,92.8,,,Cambridge,100.0,,,,,,,,,,Cambridge,80.25551684,,,,,,,,,,,,,,,,,,,,,,,,,,,,Cambridge,80.4,,,,,Cambridge,70.2,,,,,Cambridge,80.1,,,,,,,,,,,Cambridge,,429.0,,,,,,Cambridge,,220,,,,,,,Cambridge,,77.8,,,,,,,,Cambridge,,2611.0,,,,,,,,,,,,,,,,,,,,,,,,Cambridge,13.8,,,,,Cambridge,,7.0,,,,,Cambridge,,17.12963,,,,,Cambridge,,18.78741,,,,,Cambridge,,54.25,,,,,Cambridge,24.90908,,,,,,,,,Cambridge,6.46,,"coefficient of variation is greater than 10% but less than or equal to 20%, estimate is considered acceptable.",,,,,,Cambridge,7.41,,"coefficient of variation is greater than 5% but less than or equal to 10%, estimate is considered reasonably precise.",,,,,,Cambridge,7.02,,"coefficient of variation is greater than 5% but less than or equal to 10%, estimate is considered reasonably precise.",,,,,,Cambridge,2.99,,"coefficient of variation is greater than 10% but less than or equal to 20%, estimate is considered acceptable.",,,,,Cambridge,15.0,,,,,,,,,,
E07000009,,,East Cambridgeshire,35.9,,,,,,East Cambridgeshire,611.8,,,,,,East Cambridgeshire,,86.6,,,,,,,,,East Cambridgeshire,,3,,,,,,East Cambridgeshire,23219.0,,,,,,East Cambridgeshire,350.0,,,,,,East Cambridgeshire,360.0,,,,,,East Cambridgeshire,3910.0,,,,,,East Cambridgeshire,10.0,,,,,,,,,,,,,,,,,,,,,,,,,,,,East Cambridgeshire,15.42695241089,,,,,East Cambridgeshire,8.38594122729206,,,,,East Cambridgeshire,12.5798440100383,,,East Cambridgeshire,73.1,,,East Cambridgeshire,100.0,,,,,,,,,,East Cambridgeshire,77.28285078,,,,,,,,,,,,,,,,,,,,,,,,,,,,East Cambridgeshire,80.9,,,,,East Cambridgeshire,69.8,,,,,East Cambridgeshire,80.5,,,,,,,,,,,East Cambridgeshire,,896.0,,,,,,East Cambridgeshire,,516,,,,,,,East Cambridgeshire,,62.4,,,,,,,,East Cambridgeshire,,3400.0,,,,,,,,,,,,,,,,,,,,,,,,East Cambridgeshire,7,,,,,East Cambridgeshire,,6.35838,,,,,East Cambridgeshire,,16.75393,,,,,East Cambridgeshire,,22.67544,,,,,East Cambridgeshire,,59.20398,,,,,East Cambridgeshire,19.44457,,,,,,,,,East Cambridgeshire,8.04,,"coefficient of variation is less than or equal to 5%, estimate is considered precise.",,,,,,East Cambridgeshire,8.25,,"coefficient of variation is less than or equal to 5%, estimate is considered precise.",,,,,,East Cambridgeshire,7.77,,"coefficient of variation is less than or equal to 5%, estimate is considered precise.",,,,,,East Cambridgeshire,2.25,,"coefficient of variation is greater than 10% but less than or equal to 20%, estimate is considered acceptable.",,,,,East Cambridgeshire,20.0,,,,,,,,,,
E07000010,,,Fenland,28.53,,,,,,Fenland,577.3,,,,,,Fenland,,70.2,,,,,,,,,Fenland,,4.5,,,,,,Fenland,18800.0,,,,,,Fenland,450.0,,,,,,Fenland,425.0,,,,,,Fenland,3730.0,,,,,,Fenland,5.0,,,,,,,,,,,,,,,,,,,,,,,,,,,,Fenland,16.6645850073211,,,,,Fenland,8.23393078370633,,,,,Fenland,11.884177395427,,,Fenland,76.7,,,Fenland,100.0,,,,,,,,,,Fenland,63.67980884,,,,,,,,,,,,,,,,,,,,,,,,,,,,Fenland,76.4,,,,,Fenland,65.7,,,,,Fenland,73.2,,,,,,,,,,,Fenland,,909.0,,,,,,Fenland,,441,,,,,,,Fenland,,41.9,,,,,,,,Fenland,,4697.0,,,,,,,,,,,,,,,,,,,,,,,,Fenland,14,,,,,Fenland,,11.38614,,,,,Fenland,,26.51163,,,,,Fenland,,40.07438,,,,,Fenland,,56.67311,,,,,Fenland,31.02473,,,,,,,,,Fenland,7.22,,"coefficient of variation is less than or equal to 5%, estimate is considered precise.",,,,,,Fenland,7.7,,"coefficient of variation is less than or equal to 5%, estimate is considered precise.",,,,,,Fenland,7.57,,"coefficient of variation is less than or equal to 5%, estimate is considered precise.",,,,,,Fenland,3.43,,"coefficient of variation is greater than 10% but less than or equal to 20%, estimate is considered acceptable.",,,,,Fenland,13.0,,,,,,,,,,
E07000011,,,Huntingdonshire,37.67,,,,,,Huntingdonshire,616.1,,,,,,Huntingdonshire,,85.5,,,,,,,,,Huntingdonshire,,3.3,,,,,,Huntingdonshire,21584.0,,,,,,Huntingdonshire,835.0,,,,,,Huntingdonshire,840.0,,,,,,Huntingdonshire,8080.0,,,,,,Huntingdonshire,35.0,,,,,,,,,,,,,,,,,,,,,,,,,,,,Huntingdonshire,14.5487819537096,,,,,Huntingdonshire,7.8831094895868,,,,,Huntingdonshire,10.8214059838995,,,Huntingdonshire,72.3,,,Huntingdonshire,100.0,,,,,,,,,,Huntingdonshire,75.81300813,,,,,,,,,,,,,,,,,,,,,,,,,,,,Huntingdonshire,80.2,,,,,Huntingdonshire,68.6,,,,,Huntingdonshire,78.7,,,,,,,,,,,Huntingdonshire,,868.0,,,,,,Huntingdonshire,,446,,,,,,,Huntingdonshire,,60.7,,,,,,,,Huntingdonshire,,3566.0,,,,,,,,,,,,,,,,,,,,,,,,Huntingdonshire,11,,,,,Huntingdonshire,,7.02703,,,,,Huntingdonshire,,17.25888,,,,,Huntingdonshire,,26.99174,,,,,Huntingdonshire,,56.875,,,,,Huntingdonshire,24.27289,,,,,,,,,Huntingdonshire,7.54,,"coefficient of variation is less than or equal to 5%, estimate is considered precise.",,,,,,Huntingdonshire,7.58,,"coefficient of variation is less than or equal to 5%, estimate is considered precise.",,,,,,Huntingdonshire,7.3,,"coefficient of variation is less than or equal to 5%, estimate is considered precise.",,,,,,Huntingdonshire,2.88,,"coefficient of variation is greater than 5% but less than or equal to 10%, estimate is considered reasonably precise.",,,,,Huntingdonshire,15.0,,,,,,,,,,
E07000012,,,South Cambridgeshire,39.59,,,,,,South Cambridgeshire,694.4,,,,,,South Cambridgeshire,,81.4,,,,,,,,,South Cambridgeshire,,3.5,,,,,,South Cambridgeshire,27031.0,,,,,,South Cambridgeshire,685.0,,,,,,South Cambridgeshire,955.0,,,,,,South Cambridgeshire,8505.0,,,,,,South Cambridgeshire,55.0,,,,,,,,,,,,,,,,,,,,,,,,,,,,South Cambridgeshire,13.7473949698389,,,,,South Cambridgeshire,8.03643350955388,,,,,South Cambridgeshire,11.386575716723,,,South Cambridgeshire,73.4,,,South Cambridgeshire,100.0,,,,,,,,,,South Cambridgeshire,83.9905827,,,,,,,,,,,,,,,,,,,,,,,,,,,,South Cambridgeshire,81.1,,,,,South Cambridgeshire,69.9,,,,,South Cambridgeshire,79.8,,,,,,,,,,,South Cambridgeshire,,719.0,,,,,,South Cambridgeshire,,425,,,,,,,South Cambridgeshire,,77.6,,,,,,,,South Cambridgeshire,,3291.0,,,,,,,,,,,,,,,,,,,,,,,,South Cambridgeshire,10.4,,,,,South Cambridgeshire,,4.98534,,,,,South Cambridgeshire,,14.50777,,,,,South Cambridgeshire,,20.92285,,,,,South Cambridgeshire,,55.25568000000001,,,,,South Cambridgeshire,18.01634,,,,,,,,,South Cambridgeshire,7.41,,"coefficient of variation is less than or equal to 5%, estimate is considered precise.",,,,,,South Cambridgeshire,7.98,,"coefficient of variation is less than or equal to 5%, estimate is considered precise.",,,,,,South Cambridgeshire,7.09,,"coefficient of variation is less than or equal to 5%, estimate is considered precise.",,,,,,South Cambridgeshire,3.39,,"coefficient of variation is greater than 5% but less than or equal to 10%, estimate is considered reasonably precise.",,,,,South Cambridgeshire,21.0,,,,,,,,,,
E07000026,,,Allerdale,29.96,Obsolete code since 2023 (replaced by E06000063 Cumberland),,,,,,,,,,,,Allerdale,,78.9,Obsolete code since 2023 (replaced by E06000063 Cumberland),,,,,,,,Allerdale,,2.9,Obsolete code since 2023 (replaced by E06000063 Cumberland),,,,,Allerdale,19246.0,Obsolete code since 2023 (replaced by E06000063 Cumberland),,,,,Allerdale,270.0,Obsolete code since 2023 (replaced by E06000063 Cumberland),,,,,Allerdale,370.0,Obsolete code since 2023 (replaced by E06000063 Cumberland),,,,,Allerdale,3310.0,Obsolete code since 2023 (replaced by E06000063 Cumberland),,,,,Allerdale,5.0,Obsolete code since 2023 (replaced by E06000063 Cumberland),,,,,,,,,,,,,,,,,,,,,,,,,,,Allerdale,20.4926962998801,Obsolete code since 2023 (replaced by E06000063 Cumberland),,,,Allerdale,9.68075284206673,Obsolete code since 2023 (replaced by E06000063 Cumberland),,,,Allerdale,15.5260599612305,Obsolete code since 2023 (replaced by E06000063 Cumberland),,Allerdale,14.4,Obsolete code since 2023 (replaced by E06000063 Cumberland),,Allerdale,88.73,Obsolete code since 2023 (replaced by E06000063 Cumberland),,,,,,,,,Allerdale,75.41133455,Obsolete code since 2023 (replaced by E06000063 Cumberland),,,,,,,,,,,,,,,,,,,,,,,,,,,,,,,,,,,,,,,,,,,,,,,,,,,,,,,,,,,,,,,,,,,,Allerdale,,56,Obsolete code since 2023 (replaced by E06000063 Cumberland),,,,,,,,,,,,,,,,,,,,,,,,,,,,,,,,,Allerdale,15.1,Obsolete code since 2023 (replaced by E06000063 Cumberland),,,,,,,,,,,,,,,,,,Allerdale,,27.54948,Obsolete code since 2023 (replaced by E06000063 Cumberland),,,,,,,,,,,,,,,,,,,,,Allerdale,7.18,,"coefficient of variation is less than or equal to 5%, estimate is considered precise.",Obsolete code since 2023 (replaced by E06000063 Cumberland),,,,,Allerdale,7.47,,"coefficient of variation is greater than 5% but less than or equal to 10%, estimate is considered reasonably precise.",Obsolete code since 2023 (replaced by E06000063 Cumberland),,,,,Allerdale,6.95,,"coefficient of variation is greater than 5% but less than or equal to 10%, estimate is considered reasonably precise.",Obsolete code since 2023 (replaced by E06000063 Cumberland),,,,,Allerdale,3.65,,"coefficient of variation is greater than 10% but less than or equal to 20%, estimate is considered acceptable.",Obsolete code since 2023 (replaced by E06000063 Cumberland),,,,Allerdale,5.0,Obsolete code since 2023 (replaced by E06000063 Cumberland),,,,,,,,,
E07000027,,,Barrow-in-Furness,41.23,Obsolete code since 2023 (replaced by E06000064 Westmorland and Furness),,,,,,,,,,,,Barrow-in-Furness,,73.9,Obsolete code since 2023 (replaced by E06000064 Westmorland and Furness),,,,,,,,Barrow-in-Furness,,2.9,Obsolete code since 2023 (replaced by E06000064 Westmorland and Furness),,,,,Barrow-in-Furness,18735.0,Obsolete code since 2023 (replaced by E06000064 Westmorland and Furness),,,,,Barrow-in-Furness,185.0,Obsolete code since 2023 (replaced by E06000064 Westmorland and Furness),,,,,Barrow-in-Furness,245.0,Obsolete code since 2023 (replaced by E06000064 Westmorland and Furness),,,,,Barrow-in-Furness,1765.0,Obsolete code since 2023 (replaced by E06000064 Westmorland and Furness),,,,,Barrow-in-Furness,5.0,Obsolete code since 2023 (replaced by E06000064 Westmorland and Furness),,,,,,,,,,,,,,,,,,,,,,,,,,,Barrow-in-Furness,14.1532880914438,Obsolete code since 2023 (replaced by E06000064 Westmorland and Furness),,,,Barrow-in-Furness,8.24416912042883,Obsolete code since 2023 (replaced by E06000064 Westmorland and Furness),,,,Barrow-in-Furness,11.5887756905788,Obsolete code since 2023 (replaced by E06000064 Westmorland and Furness),,Barrow-in-Furness,63.9,Obsolete code since 2023 (replaced by E06000064 Westmorland and Furness),,Barrow-in-Furness,99.96,Obsolete code since 2023 (replaced by E06000064 Westmorland and Furness),,,,,,,,,Barrow-in-Furness,71.20253165,Obsolete code since 2023 (replaced by E06000064 Westmorland and Furness),,,,,,,,,,,,,,,,,,,,,,,,,,,,,,,,,,,,,,,,,,,,,,,,,,,,,,,,,,,,,,,,,,,,Barrow-in-Furness,,47.9,Obsolete code since 2023 (replaced by E06000064 Westmorland and Furness),,,,,,,,,,,,,,,,,,,,,,,,,,,,,,,,,Barrow-in-Furness,21,Obsolete code since 2023 (replaced by E06000064 Westmorland and Furness),,,,,,,,,,,,,,,,,,Barrow-in-Furness,,31.22149,Obsolete code since 2023 (replaced by E06000064 Westmorland and Furness),,,,,,,,,,,,,,,,,,,,,Barrow-in-Furness,7.35,,"coefficient of variation is less than or equal to 5%, estimate is considered precise.",Obsolete code since 2023 (replaced by E06000064 Westmorland and Furness),,,,,Barrow-in-Furness,7.64,,"coefficient of variation is less than or equal to 5%, estimate is considered precise.",Obsolete code since 2023 (replaced by E06000064 Westmorland and Furness),,,,,Barrow-in-Furness,7.24,,"coefficient of variation is greater than 5% but less than or equal to 10%, estimate is considered reasonably precise.",Obsolete code since 2023 (replaced by E06000064 Westmorland and Furness),,,,,Barrow-in-Furness,3.84,,"coefficient of variation is greater than 10% but less than or equal to 20%, estimate is considered acceptable.",Obsolete code since 2023 (replaced by E06000064 Westmorland and Furness),,,,Barrow-in-Furness,3.0,Obsolete code since 2023 (replaced by E06000064 Westmorland and Furness),,,,,,,,,
E07000028,,,Carlisle,29.17,Obsolete code since 2023 (replaced by E06000063 Cumberland),,,,,,,,,,,,Carlisle,,84.5,Obsolete code since 2023 (replaced by E06000063 Cumberland),,,,,,,,Carlisle,,2.5,Obsolete code since 2023 (replaced by E06000063 Cumberland),,,,,Carlisle,17724.0,Obsolete code since 2023 (replaced by E06000063 Cumberland),,,,,Carlisle,505.0,Obsolete code since 2023 (replaced by E06000063 Cumberland),,,,,Carlisle,525.0,Obsolete code since 2023 (replaced by E06000063 Cumberland),,,,,Carlisle,4320.0,Obsolete code since 2023 (replaced by E06000063 Cumberland),,,,,Carlisle,10.0,Obsolete code since 2023 (replaced by E06000063 Cumberland),,,,,,,,,,,,,,,,,,,,,,,,,,,Carlisle,16.7958649815168,Obsolete code since 2023 (replaced by E06000063 Cumberland),,,,Carlisle,8.39184090899736,Obsolete code since 2023 (replaced by E06000063 Cumberland),,,,Carlisle,11.8259513951674,Obsolete code since 2023 (replaced by E06000063 Cumberland),,Carlisle,51.8,Obsolete code since 2023 (replaced by E06000063 Cumberland),,Carlisle,88.94,Obsolete code since 2023 (replaced by E06000063 Cumberland),,,,,,,,,Carlisle,70.50645482,Obsolete code since 2023 (replaced by E06000063 Cumberland),,,,,,,,,,,,,,,,,,,,,,,,,,,,,,,,,,,,,,,,,,,,,,,,,,,,,,,,,,,,,,,,,,,,Carlisle,,51.8,Obsolete code since 2023 (replaced by E06000063 Cumberland),,,,,,,,,,,,,,,,,,,,,,,,,,,,,,,,,Carlisle,9.9,Obsolete code since 2023 (replaced by E06000063 Cumberland),,,,,,,,,,,,,,,,,,Carlisle,,28.73056,Obsolete code since 2023 (replaced by E06000063 Cumberland),,,,,,,,,,,,,,,,,,,,,Carlisle,7.97,,"coefficient of variation is less than or equal to 5%, estimate is considered precise.",Obsolete code since 2023 (replaced by E06000063 Cumberland),,,,,Carlisle,8.15,,"coefficient of variation is less than or equal to 5%, estimate is considered precise.",Obsolete code since 2023 (replaced by E06000063 Cumberland),,,,,Carlisle,7.9,,"coefficient of variation is less than or equal to 5%, estimate is considered precise.",Obsolete code since 2023 (replaced by E06000063 Cumberland),,,,,Carlisle,3.21,,"coefficient of variation is greater than 10% but less than or equal to 20%, estimate is considered acceptable.",Obsolete code since 2023 (replaced by E06000063 Cumberland),,,,Carlisle,7.0,Obsolete code since 2023 (replaced by E06000063 Cumberland),,,,,,,,,
E07000029,,,Copeland,26.09,Obsolete code since 2023 (replaced by E06000063 Cumberland),,,,,,,,,,,,Copeland,,72.2,Obsolete code since 2023 (replaced by E06000063 Cumberland),,,,,,,,Copeland,,2.5,Obsolete code since 2023 (replaced by E06000063 Cumberland),,,,,Copeland,19251.0,Obsolete code since 2023 (replaced by E06000063 Cumberland),,,,,Copeland,135.0,Obsolete code since 2023 (replaced by E06000063 Cumberland),,,,,Copeland,250.0,Obsolete code since 2023 (replaced by E06000063 Cumberland),,,,,Copeland,1700.0,Obsolete code since 2023 (replaced by E06000063 Cumberland),,,,,Copeland,5.0,Obsolete code since 2023 (replaced by E06000063 Cumberland),,,,,,,,,,,,,,,,,,,,,,,,,,,Copeland,18.9249496278136,Obsolete code since 2023 (replaced by E06000063 Cumberland),,,,Copeland,8.85498954613071,Obsolete code since 2023 (replaced by E06000063 Cumberland),,,,Copeland,13.3340516848301,Obsolete code since 2023 (replaced by E06000063 Cumberland),,Copeland,3.4,Obsolete code since 2023 (replaced by E06000063 Cumberland),,Copeland,79.85,Obsolete code since 2023 (replaced by E06000063 Cumberland),,,,,,,,,Copeland,70.4379562,Obsolete code since 2023 (replaced by E06000063 Cumberland),,,,,,,,,,,,,,,,,,,,,,,,,,,,,,,,,,,,,,,,,,,,,,,,,,,,,,,,,,,,,,,,,,,,Copeland,,55,Obsolete code since 2023 (replaced by E06000063 Cumberland),,,,,,,,,,,,,,,,,,,,,,,,,,,,,,,,,Copeland,14,Obsolete code since 2023 (replaced by E06000063 Cumberland),,,,,,,,,,,,,,,,,,Copeland,,29.03891,Obsolete code since 2023 (replaced by E06000063 Cumberland),,,,,,,,,,,,,,,,,,,,,Copeland,8.23,,"coefficient of variation is less than or equal to 5%, estimate is considered precise.",Obsolete code since 2023 (replaced by E06000063 Cumberland),,,,,Copeland,8.34,,"coefficient of variation is less than or equal to 5%, estimate is considered precise.",Obsolete code since 2023 (replaced by E06000063 Cumberland),,,,,Copeland,7.65,,"coefficient of variation is less than or equal to 5%, estimate is considered precise.",Obsolete code since 2023 (replaced by E06000063 Cumberland),,,,,Copeland,2.91,,"coefficient of variation is greater than 10% but less than or equal to 20%, estimate is considered acceptable.",Obsolete code since 2023 (replaced by E06000063 Cumberland),,,,Copeland,4.0,Obsolete code since 2023 (replaced by E06000063 Cumberland),,,,,,,,,
E07000030,,,Eden,29.35,Obsolete code since 2023 (replaced by E06000064 Westmorland and Furness),,,,,,,,,,,,Eden,,86.6,Obsolete code since 2023 (replaced by E06000064 Westmorland and Furness),,,,,,,,Eden,,2,Obsolete code since 2023 (replaced by E06000064 Westmorland and Furness),,,,,Eden,20858.0,Obsolete code since 2023 (replaced by E06000064 Westmorland and Furness),,,,,Eden,210.0,Obsolete code since 2023 (replaced by E06000064 Westmorland and Furness),,,,,Eden,220.0,Obsolete code since 2023 (replaced by E06000064 Westmorland and Furness),,,,,Eden,2575.0,Obsolete code since 2023 (replaced by E06000064 Westmorland and Furness),,,,,Eden,15.0,Obsolete code since 2023 (replaced by E06000064 Westmorland and Furness),,,,,,,,,,,,,,,,,,,,,,,,,,,Eden,33.1795463245949,Obsolete code since 2023 (replaced by E06000064 Westmorland and Furness),,,,Eden,10.2769888086392,Obsolete code since 2023 (replaced by E06000064 Westmorland and Furness),,,,Eden,17.621219478195,Obsolete code since 2023 (replaced by E06000064 Westmorland and Furness),,Eden,41.9,Obsolete code since 2023 (replaced by E06000064 Westmorland and Furness),,Eden,92.53,Obsolete code since 2023 (replaced by E06000064 Westmorland and Furness),,,,,,,,,Eden,73.25581395,Obsolete code since 2023 (replaced by E06000064 Westmorland and Furness),,,,,,,,,,,,,,,,,,,,,,,,,,,,,,,,,,,,,,,,,,,,,,,,,,,,,,,,,,,,,,,,,,,,Eden,,46.8,Obsolete code since 2023 (replaced by E06000064 Westmorland and Furness),,,,,,,,,,,,,,,,,,,,,,,,,,,,,,,,,Eden,11,Obsolete code since 2023 (replaced by E06000064 Westmorland and Furness),,,,,,,,,,,,,,,,,,Eden,,16.15872,Obsolete code since 2023 (replaced by E06000064 Westmorland and Furness),,,,,,,,,,,,,,,,,,,,,Eden,8.06,,"coefficient of variation is less than or equal to 5%, estimate is considered precise.",Obsolete code since 2023 (replaced by E06000064 Westmorland and Furness),,,,,Eden,8.15,,"coefficient of variation is less than or equal to 5%, estimate is considered precise.",Obsolete code since 2023 (replaced by E06000064 Westmorland and Furness),,,,,Eden,7.74,,"coefficient of variation is less than or equal to 5%, estimate is considered precise.",Obsolete code since 2023 (replaced by E06000064 Westmorland and Furness),,,,,Eden,2.94,,"coefficient of variation is greater than 10% but less than or equal to 20%, estimate is considered acceptable.",Obsolete code since 2023 (replaced by E06000064 Westmorland and Furness),,,,Eden,13.0,Obsolete code since 2023 (replaced by E06000064 Westmorland and Furness),,,,,,,,,
E07000031,,,South Lakeland,31.13,Obsolete code since 2023 (replaced by E06000064 Westmorland and Furness),,,,,,,,,,,,South Lakeland,,82.7,Obsolete code since 2023 (replaced by E06000064 Westmorland and Furness),,,,,,,,South Lakeland,,2,Obsolete code since 2023 (replaced by E06000064 Westmorland and Furness),,,,,South Lakeland,24312.0,Obsolete code since 2023 (replaced by E06000064 Westmorland and Furness),,,,,South Lakeland,465.0,Obsolete code since 2023 (replaced by E06000064 Westmorland and Furness),,,,,South Lakeland,470.0,Obsolete code since 2023 (replaced by E06000064 Westmorland and Furness),,,,,South Lakeland,5650.0,Obsolete code since 2023 (replaced by E06000064 Westmorland and Furness),,,,,South Lakeland,25.0,Obsolete code since 2023 (replaced by E06000064 Westmorland and Furness),,,,,,,,,,,,,,,,,,,,,,,,,,,South Lakeland,18.3365205698514,Obsolete code since 2023 (replaced by E06000064 Westmorland and Furness),,,,South Lakeland,8.59061136096044,Obsolete code since 2023 (replaced by E06000064 Westmorland and Furness),,,,South Lakeland,12.2184304536316,Obsolete code since 2023 (replaced by E06000064 Westmorland and Furness),,South Lakeland,47.1,Obsolete code since 2023 (replaced by E06000064 Westmorland and Furness),,South Lakeland,93.29,Obsolete code since 2023 (replaced by E06000064 Westmorland and Furness),,,,,,,,,South Lakeland,78.17869416,Obsolete code since 2023 (replaced by E06000064 Westmorland and Furness),,,,,,,,,,,,,,,,,,,,,,,,,,,,,,,,,,,,,,,,,,,,,,,,,,,,,,,,,,,,,,,,,,,,South Lakeland,,67.7,Obsolete code since 2023 (replaced by E06000064 Westmorland and Furness),,,,,,,,,,,,,,,,,,,,,,,,,,,,,,,,,South Lakeland,10.4,Obsolete code since 2023 (replaced by E06000064 Westmorland and Furness),,,,,,,,,,,,,,,,,,South Lakeland,,19.94916,Obsolete code since 2023 (replaced by E06000064 Westmorland and Furness),,,,,,,,,,,,,,,,,,,,,South Lakeland,7.79,,"coefficient of variation is less than or equal to 5%, estimate is considered precise.",Obsolete code since 2023 (replaced by E06000064 Westmorland and Furness),,,,,South Lakeland,7.99,,"coefficient of variation is less than or equal to 5%, estimate is considered precise.",Obsolete code since 2023 (replaced by E06000064 Westmorland and Furness),,,,,South Lakeland,7.63,,"coefficient of variation is less than or equal to 5%, estimate is considered precise.",Obsolete code since 2023 (replaced by E06000064 Westmorland and Furness),,,,,South Lakeland,3.37,,"coefficient of variation is greater than 5% but less than or equal to 10%, estimate is considered reasonably precise.",Obsolete code since 2023 (replaced by E06000064 Westmorland and Furness),,,,South Lakeland,6.0,Obsolete code since 2023 (replaced by E06000064 Westmorland and Furness),,,,,,,,,
E07000032,,,Amber Valley,36.49,,,,,,Amber Valley,570.1,,,,,,Amber Valley,,77.6,,,,,,,,,Amber Valley,,2.9,,,,,,Amber Valley,19953.0,,,,,,Amber Valley,525.0,,,,,,Amber Valley,440.0,,,,,,Amber Valley,4815.0,,,,,,Amber Valley,20.0,,,,,,,,,,,,,,,,,,,,,,,,,,,,Amber Valley,11.023847457478,,,,,Amber Valley,7.49674678610537,,,,,Amber Valley,9.92773703132328,,,Amber Valley,64.4,,,Amber Valley,99.97,,,,,,,,,,Amber Valley,76.29276054,,,,,,,,,,,,,,,,,,,,,,,,,,,,Amber Valley,82.1,,,,,Amber Valley,70.6,,,,,Amber Valley,78.4,,,,,,,,,,,Amber Valley,,1192.0,,,,,,Amber Valley,,636,,,,,,,Amber Valley,,53.2,,,,,,,,Amber Valley,,4929.0,,,,,,,,,,,,,,,,,,,,,,,,Amber Valley,15.6,,,,,Amber Valley,,7.3913,,,,,Amber Valley,,21.03175,,,,,Amber Valley,,27.56011,,,,,Amber Valley,,49.61832,,,,,Amber Valley,27.07482,,,,,,,,,Amber Valley,7.52,,"coefficient of variation is less than or equal to 5%, estimate is considered precise.",,,,,,Amber Valley,7.89,,"coefficient of variation is less than or equal to 5%, estimate is considered precise.",,,,,,Amber Valley,7.58,,"coefficient of variation is less than or equal to 5%, estimate is considered precise.",,,,,,Amber Valley,3.04,,"coefficient of variation is greater than 5% but less than or equal to 10%, estimate is considered reasonably precise.",,,,,Amber Valley,8.0,,,,,,,,,,
E07000033,,,Bolsover,43.64,,,,,,Bolsover,487.5,,,,,,Bolsover,,72.3,,,,,,,,,Bolsover,,3.4,,,,,,Bolsover,16766.0,,,,,,Bolsover,240.0,,,,,,Bolsover,260.0,,,,,,Bolsover,2355.0,,,,,,Bolsover,10.0,,,,,,,,,,,,,,,,,,,,,,,,,,,,Bolsover,14.1234434301289,,,,,Bolsover,8.8264778465225,,,,,Bolsover,13.4273159091517,,,Bolsover,63.7,,,Bolsover,100.0,,,,,,,,,,Bolsover,68.9119171,,,,,,,,,,,,,,,,,,,,,,,,,,,,Bolsover,79.7,,,,,Bolsover,68.3,,,,,Bolsover,75.2,,,,,,,,,,,Bolsover,,1219.0,,,,,,Bolsover,,510,,,,,,,Bolsover,,52.3,,,,,,,,Bolsover,,5349.0,,,,,,,,,,,,,,,,,,,,,,,,Bolsover,17.3,,,,,Bolsover,,12.17949,,,,,Bolsover,,25.7485,,,,,Bolsover,,35.88261,,,,,Bolsover,,50.64599,,,,,Bolsover,34.39999,,,,,,,,,Bolsover,7.42,,"coefficient of variation is less than or equal to 5%, estimate is considered precise.",,,,,,Bolsover,7.7,,"coefficient of variation is less than or equal to 5%, estimate is considered precise.",,,,,,Bolsover,7.05,,"coefficient of variation is greater than 5% but less than or equal to 10%, estimate is considered reasonably precise.",,,,,,Bolsover,3.17,,"coefficient of variation is greater than 10% but less than or equal to 20%, estimate is considered acceptable.",,,,,Bolsover,13.0,,,,,,,,,,
E07000034,,,Chesterfield,33.77,,,,,,Chesterfield,518.9,,,,,,Chesterfield,,75.6,,,,,,,,,Chesterfield,,2.9,,,,,,Chesterfield,17797.0,,,,,,Chesterfield,355.0,,,,,,Chesterfield,355.0,,,,,,Chesterfield,3665.0,,,,,,Chesterfield,15.0,,,,,,,,,,,,,,,,,,,,,,,,,,,,Chesterfield,10.5823306451787,,,,,Chesterfield,7.25350957202795,,,,,Chesterfield,8.9610971677672,,,Chesterfield,71.1,,,Chesterfield,100.0,,,,,,,,,,Chesterfield,74.46043165,,,,,,,,,,,,,,,,,,,,,,,,,,,,Chesterfield,76.6,,,,,Chesterfield,64.7,,,,,Chesterfield,74.3,,,,,,,,,,,Chesterfield,,1098.0,,,,,,Chesterfield,,496,,,,,,,Chesterfield,,58.3,,,,,,,,Chesterfield,,5433.0,,,,,,,,,,,,,,,,,,,,,,,,Chesterfield,12.9,,,,,Chesterfield,,8.20513,,,,,Chesterfield,,23.00469,,,,,Chesterfield,,33.30239,,,,,Chesterfield,,53.17164,,,,,Chesterfield,33.72255999999999,,,,,,,,,Chesterfield,7.49,,"coefficient of variation is less than or equal to 5%, estimate is considered precise.",,,,,,Chesterfield,7.33,,"coefficient of variation is less than or equal to 5%, estimate is considered precise.",,,,,,Chesterfield,7.29,,"coefficient of variation is less than or equal to 5%, estimate is considered precise.",,,,,,Chesterfield,2.91,,"coefficient of variation is greater than 10% but less than or equal to 20%, estimate is considered acceptable.",,,,,Chesterfield,6.0,,,,,,,,,,
E07000035,,,Derbyshire Dales,27.91,,,,,,Derbyshire Dales,607.4,,,,,,Derbyshire Dales,,78.4,,,,,,,,,Derbyshire Dales,,2.4,,,,,,Derbyshire Dales,24930.0,,,,,,Derbyshire Dales,305.0,,,,,,Derbyshire Dales,335.0,,,,,,Derbyshire Dales,3945.0,,,,,,Derbyshire Dales,15.0,,,,,,,,,,,,,,,,,,,,,,,,,,,,Derbyshire Dales,13.7917030059566,,,,,Derbyshire Dales,8.46143495141225,,,,,Derbyshire Dales,12.6697372314109,,,Derbyshire Dales,29.4,,,Derbyshire Dales,98.89,,,,,,,,,,Derbyshire Dales,84.30555556,,,,,,,,,,,,,,,,,,,,,,,,,,,,Derbyshire Dales,83.3,,,,,Derbyshire Dales,72.2,,,,,Derbyshire Dales,78.7,,,,,,,,,,,Derbyshire Dales,,878.0,,,,,,Derbyshire Dales,,467,,,,,,,Derbyshire Dales,,69.8,,,,,,,,Derbyshire Dales,,4696.0,,,,,,,,,,,,,,,,,,,,,,,,Derbyshire Dales,6.8,,,,,Derbyshire Dales,,7.29167,,,,,Derbyshire Dales,,16.53543,,,,,Derbyshire Dales,,24.59686,,,,,Derbyshire Dales,,52.48042,,,,,Derbyshire Dales,23.77992,,,,,,,,,Derbyshire Dales,7.68,,"coefficient of variation is less than or equal to 5%, estimate is considered precise.",,,,,,Derbyshire Dales,8.14,,"coefficient of variation is less than or equal to 5%, estimate is considered precise.",,,,,,Derbyshire Dales,7.39,,"coefficient of variation is less than or equal to 5%, estimate is considered precise.",,,,,,Derbyshire Dales,3.75,,"coefficient of variation is greater than 10% but less than or equal to 20%, estimate is considered acceptable.",,,,,Derbyshire Dales,7.0,,,,,,,,,,
E07000036,,,Erewash,29.73,,,,,,Erewash,569.6,,,,,,Erewash,,77.4,,,,,,,,,Erewash,,3.2,,,,,,Erewash,18519.0,,,,,,Erewash,660.0,,,,,,Erewash,550.0,,,,,,Erewash,4500.0,,,,,,Erewash,15.0,,,,,,,,,,,,,,,,,,,,,,,,,,,,Erewash,10.9987389529972,,,,,Erewash,7.74944027098308,,,,,Erewash,10.0106285470861,,,Erewash,85.9,,,Erewash,100.0,,,,,,,,,,Erewash,70.82066869,,,,,,,,,,,,,,,,,,,,,,,,,,,,Erewash,81.8,,,,,Erewash,68.7,,,,,Erewash,76.1,,,,,,,,,,,Erewash,,1220.0,,,,,,Erewash,,635,,,,,,,Erewash,,57.5,,,,,,,,Erewash,,5083.0,,,,,,,,,,,,,,,,,,,,,,,,Erewash,18.9,,,,,Erewash,,8.6758,,,,,Erewash,,22.13115,,,,,Erewash,,29.06002,,,,,Erewash,,53.95034,,,,,Erewash,31.44415,,,,,,,,,Erewash,7.3,,"coefficient of variation is less than or equal to 5%, estimate is considered precise.",,,,,,Erewash,7.59,,"coefficient of variation is less than or equal to 5%, estimate is considered precise.",,,,,,Erewash,7.52,,"coefficient of variation is less than or equal to 5%, estimate is considered precise.",,,,,,Erewash,3.09,,"coefficient of variation is greater than 10% but less than or equal to 20%, estimate is considered acceptable.",,,,,Erewash,5.0,,,,,,,,,,
E07000037,,,High Peak,29.51,,,,,,High Peak,593.9,,,,,,High Peak,,78.7,,,,,,,,,High Peak,,2.6,,,,,,High Peak,20549.0,,,,,,High Peak,400.0,,,,,,High Peak,345.0,,,,,,High Peak,4015.0,,,,,,High Peak,10.0,,,,,,,,,,,,,,,,,,,,,,,,,,,,High Peak,10.281946338135,,,,,High Peak,7.44053183564391,,,,,High Peak,9.52386175416202,,,High Peak,16.5,,,High Peak,90.19,,,,,,,,,,High Peak,77.81531532,,,,,,,,,,,,,,,,,,,,,,,,,,,,High Peak,82.9,,,,,High Peak,73.0,,,,,High Peak,80.9,,,,,,,,,,,High Peak,,1052.0,,,,,,High Peak,,508,,,,,,,High Peak,,54.3,,,,,,,,High Peak,,4829.0,,,,,,,,,,,,,,,,,,,,,,,,High Peak,15.9,,,,,High Peak,,7.87879,,,,,High Peak,,17.74194,,,,,High Peak,,23.75949,,,,,High Peak,,51.88679,,,,,High Peak,32.02936,,,,,,,,,High Peak,7.89,,"coefficient of variation is less than or equal to 5%, estimate is considered precise.",,,,,,High Peak,8.31,,"coefficient of variation is less than or equal to 5%, estimate is considered precise.",,,,,,High Peak,7.58,,"coefficient of variation is less than or equal to 5%, estimate is considered precise.",,,,,,High Peak,2.54,,"coefficient of variation is greater than 10% but less than or equal to 20%, estimate is considered acceptable.",,,,,High Peak,10.0,,,,,,,,,,
E07000038,,,North East Derbyshire,34.54,,,,,,North East Derbyshire,546.2,,,,,,North East Derbyshire,,70.5,,,,,,,,,North East Derbyshire,,3.3,,,,,,North East Derbyshire,19585.0,,,,,,North East Derbyshire,355.0,,,,,,North East Derbyshire,425.0,,,,,,North East Derbyshire,3495.0,,,,,,North East Derbyshire,10.0,,,,,,,,,,,,,,,,,,,,,,,,,,,,North East Derbyshire,13.3020323486317,,,,,North East Derbyshire,8.39728575368039,,,,,North East Derbyshire,11.4738045483062,,,North East Derbyshire,70.0,,,North East Derbyshire,99.79,,,,,,,,,,North East Derbyshire,78.24377457,,,,,,,,,,,,,,,,,,,,,,,,,,,,North East Derbyshire,81.6,,,,,North East Derbyshire,70.1,,,,,North East Derbyshire,79.4,,,,,,,,,,,North East Derbyshire,,1137.0,,,,,,North East Derbyshire,,511,,,,,,,North East Derbyshire,,63.5,,,,,,,,North East Derbyshire,,4770.0,,,,,,,,,,,,,,,,,,,,,,,,North East Derbyshire,11.1,,,,,North East Derbyshire,,8.510639999999999,,,,,North East Derbyshire,,20.57416,,,,,North East Derbyshire,,37.22173,,,,,North East Derbyshire,,54.5781,,,,,North East Derbyshire,28.32967,,,,,,,,,North East Derbyshire,7.22,,"coefficient of variation is less than or equal to 5%, estimate is considered precise.",,,,,,North East Derbyshire,7.81,,"coefficient of variation is less than or equal to 5%, estimate is considered precise.",,,,,,North East Derbyshire,7.61,,"coefficient of variation is less than or equal to 5%, estimate is considered precise.",,,,,,North East Derbyshire,3.29,,"coefficient of variation is greater than 10% but less than or equal to 20%, estimate is considered acceptable.",,,,,North East Derbyshire,16.0,,,,,,,,,,
E07000039,,,South Derbyshire,62.89,,,,,,South Derbyshire,622.6,,,,,,South Derbyshire,,77.9,,,,,,,,,South Derbyshire,,3.3,,,,,,South Derbyshire,20407.0,,,,,,South Derbyshire,910.0,,,,,,South Derbyshire,445.0,,,,,,South Derbyshire,4450.0,,,,,,South Derbyshire,15.0,,,,,,,,,,,,,,,,,,,,,,,,,,,,South Derbyshire,13.0834900314584,,,,,South Derbyshire,7.9792144878736,,,,,South Derbyshire,10.7211240927822,,,South Derbyshire,73.5,,,South Derbyshire,100.0,,,,,,,,,,South Derbyshire,74.30463576,,,,,,,,,,,,,,,,,,,,,,,,,,,,South Derbyshire,81.3,,,,,South Derbyshire,70.0,,,,,South Derbyshire,76.5,,,,,,,,,,,South Derbyshire,,1334.0,,,,,,South Derbyshire,,572,,,,,,,South Derbyshire,,54,,,,,,,,South Derbyshire,,4999.0,,,,,,,,,,,,,,,,,,,,,,,,South Derbyshire,10.9,,,,,South Derbyshire,,8.119660000000001,,,,,South Derbyshire,,18.33333,,,,,South Derbyshire,,33.02914000000001,,,,,South Derbyshire,,50,,,,,South Derbyshire,28.63111,,,,,,,,,South Derbyshire,7.9,,"coefficient of variation is less than or equal to 5%, estimate is considered precise.",,,,,,South Derbyshire,7.91,,"coefficient of variation is less than or equal to 5%, estimate is considered precise.",,,,,,South Derbyshire,7.67,,"coefficient of variation is less than or equal to 5%, estimate is considered precise.",,,,,,South Derbyshire,2.72,,"coefficient of variation is greater than 10% but less than or equal to 20%, estimate is considered acceptable.",,,,,South Derbyshire,23.0,,,,,,,,,,
E07000040,,,East Devon,34.96,,,,,,East Devon,536.6,,,,,,East Devon,,78.7,,,,,,,,,East Devon,,2.2,,,,,,East Devon,21795.0,,,,,,East Devon,625.0,,,,,,East Devon,610.0,,,,,,East Devon,6275.0,,,,,,East Devon,20.0,,,,,,,,,,,,,,,,,,,,,,,,,,,,East Devon,17.4294434536166,,,,,East Devon,8.52975439282011,,,,,East Devon,12.4356304550312,,,East Devon,68.5,,,East Devon,99.32,,,,,,,,,,East Devon,78.60082305,,,,,,,,,,,,,,,,,,,,,,,,,,,,East Devon,80.0,,,,,East Devon,71.3,,,,,East Devon,78.8,,,,,,,,,,,East Devon,,1688.0,,,,,,East Devon,,1063,,,,,,,East Devon,,62.6,,,,,,,,East Devon,,5379.0,,,,,,,,,,,,,,,,,,,,,,,,East Devon,9.5,,,,,East Devon,,6.52174,,,,,East Devon,,16.15385,,,,,East Devon,,20.39733,,,,,East Devon,,na,Value not published for data quality reasons,,,,East Devon,18.32275,,,,,,,,,East Devon,7.79,,"coefficient of variation is less than or equal to 5%, estimate is considered precise.",,,,,,East Devon,7.84,,"coefficient of variation is less than or equal to 5%, estimate is considered precise.",,,,,,East Devon,7.73,,"coefficient of variation is less than or equal to 5%, estimate is considered precise.",,,,,,East Devon,3.17,,"coefficient of variation is greater than 5% but less than or equal to 10%, estimate is considered reasonably precise.",,,,,East Devon,13.0,,,,,,,,,,
E07000041,,,Exeter,36.05,,,,,,Exeter,530.6,,,,,,Exeter,,79.5,,,,,,,,,Exeter,,2.6,,,,,,Exeter,18340.0,,,,,,Exeter,540.0,,,,,,Exeter,495.0,,,,,,Exeter,4870.0,,,,,,Exeter,30.0,,,,,,,,,,,,,,,,,,,,,,,,,,,,Exeter,10.5946696036368,,,,,Exeter,7.40922092658453,,,,,Exeter,9.10139299313047,,,Exeter,91.0,,,Exeter,100.0,,,,,,,,,,Exeter,71.12462006,,,,,,,,,,,,,,,,,,,,,,,,,,,,Exeter,77.9,,,,,Exeter,66.9,,,,,Exeter,76.7,,,,,,,,,,,Exeter,,993.0,,,,,,Exeter,,490,,,,,,,Exeter,,69.6,,,,,,,,Exeter,,4164.0,,,,,,,,,,,,,,,,,,,,,,,,Exeter,15.3,,,,,Exeter,,6.06061,,,,,Exeter,,13.7931,,,,,Exeter,,20.2442,,,,,Exeter,,na,Value not published for data quality reasons,,,,Exeter,26.03629,,,,,,,,,Exeter,7.36,,"coefficient of variation is less than or equal to 5%, estimate is considered precise.",,,,,,Exeter,8.1,,"coefficient of variation is less than or equal to 5%, estimate is considered precise.",,,,,,Exeter,7.34,,"coefficient of variation is less than or equal to 5%, estimate is considered precise.",,,,,,Exeter,3.32,,"coefficient of variation is greater than 10% but less than or equal to 20%, estimate is considered acceptable.",,,,,Exeter,8.0,,,,,,,,,,
E07000042,,,Mid Devon,28.58,,,,,,Mid Devon,516.6,,,,,,Mid Devon,,82.8,,,,,,,,,Mid Devon,,2.2,,,,,,Mid Devon,21233.0,,,,,,Mid Devon,315.0,,,,,,Mid Devon,320.0,,,,,,Mid Devon,3435.0,,,,,,Mid Devon,5.0,,,,,,,,,,,,,,,,,,,,,,,,,,,,Mid Devon,20.0908089164808,,,,,Mid Devon,9.73967972878066,,,,,Mid Devon,15.6627485155019,,,Mid Devon,36.6,,,Mid Devon,97.42,,,,,,,,,,Mid Devon,73.71069182,,,,,,,,,,,,,,,,,,,,,,,,,,,,Mid Devon,81.1,,,,,Mid Devon,70.2,,,,,Mid Devon,80.1,,,,,,,,,,,Mid Devon,,1118.0,,,,,,Mid Devon,,621,,,,,,,Mid Devon,,59.6,,,,,,,,Mid Devon,,4013.0,,,,,,,,,,,,,,,,,,,,,,,,Mid Devon,25.1,,,,,Mid Devon,,7.352939999999999,,,,,Mid Devon,,19.49686,,,,,Mid Devon,,23.10898,,,,,Mid Devon,,na,Value not published for data quality reasons,,,,Mid Devon,17.0523,,,,,,,,,Mid Devon,7.54,,"coefficient of variation is less than or equal to 5%, estimate is considered precise.",,,,,,Mid Devon,7.72,,"coefficient of variation is less than or equal to 5%, estimate is considered precise.",,,,,,Mid Devon,7.25,,"coefficient of variation is less than or equal to 5%, estimate is considered precise.",,,,,,Mid Devon,3.08,,"coefficient of variation is greater than 10% but less than or equal to 20%, estimate is considered acceptable.",,,,,Mid Devon,7.0,,,,,,,,,,
E07000043,,,North Devon,31.88,,,,,,North Devon,517.8,,,,,,North Devon,,82.1,,,,,,,,,North Devon,,2.3,,,,,,North Devon,20227.0,,,,,,North Devon,380.0,,,,,,North Devon,375.0,,,,,,North Devon,4110.0,,,,,,North Devon,10.0,,,,,,,,,,,,,,,,,,,,,,,,,,,,North Devon,18.6507675684768,,,,,North Devon,8.97006776095757,,,,,North Devon,13.3873025684939,,,North Devon,48.3,,,North Devon,96.9,,,,,,,,,,North Devon,75.17587940000001,,,,,,,,,,,,,,,,,,,,,,,,,,,,North Devon,79.0,,,,,North Devon,69.5,,,,,North Devon,78.6,,,,,,,,,,,North Devon,,980.0,,,,,,North Devon,,513,,,,,,,North Devon,,58.4,,,,,,,,North Devon,,4331.0,,,,,,,,,,,,,,,,,,,,,,,,North Devon,11.6,,,,,North Devon,,7.83133,,,,,North Devon,,21.08108,,,,,North Devon,,26.37739,,,,,North Devon,,54.26945,,,,,North Devon,27.42981,,,,,,,,,North Devon,7.44,,"coefficient of variation is less than or equal to 5%, estimate is considered precise.",,,,,,North Devon,7.67,,"coefficient of variation is greater than 5% but less than or equal to 10%, estimate is considered reasonably precise.",,,,,,North Devon,7.56,,"coefficient of variation is less than or equal to 5%, estimate is considered precise.",,,,,,North Devon,3.77,,"coefficient of variation is greater than 10% but less than or equal to 20%, estimate is considered acceptable.",,,,,North Devon,12.0,,,,,,,,,,
E07000044,,,South Hams,31.39,,,,,,South Hams,499.7,,,,,,South Hams,,84.4,,,,,,,,,South Hams,,1.7,,,,,,South Hams,24971.0,,,,,,South Hams,385.0,,,,,,South Hams,375.0,,,,,,South Hams,4710.0,,,,,,South Hams,25.0,,,,,,,,,,,,,,,,,,,,,,,,,,,,South Hams,24.0285383641426,,,,,South Hams,10.7177033492021,,,,,South Hams,17.1449448937837,,,South Hams,46.6,,,South Hams,96.71,,,,,,,,,,South Hams,80.39906103,,,,,,,,,,,,,,,,,,,,,,,,,,,,South Hams,86.1,,,,,South Hams,78.2,,,,,South Hams,84.9,,,,,,,,,,,South Hams,,897.0,,,,,,South Hams,,509,,,,,,,South Hams,,65.9,,,,,,,,South Hams,,4159.0,,,,,,,,,,,,,,,,,,,,,,,,South Hams,13,,,,,South Hams,,6.01504,,,,,South Hams,,12.98701,,,,,South Hams,,23.42233,,,,,South Hams,,60.20941999999999,,,,,South Hams,16.56909,,,,,,,,,South Hams,7.11,,"coefficient of variation is less than or equal to 5%, estimate is considered precise.",,,,,,South Hams,7.14,,"coefficient of variation is less than or equal to 5%, estimate is considered precise.",,,,,,South Hams,6.9,,"coefficient of variation is less than or equal to 5%, estimate is considered precise.",,,,,,South Hams,3.61,,"coefficient of variation is greater than 5% but less than or equal to 10%, estimate is considered reasonably precise.",,,,,South Hams,13.0,,,,,,,,,,
E07000045,,,Teignbridge,27.36,,,,,,Teignbridge,517.9,,,,,,Teignbridge,,77.2,,,,,,,,,Teignbridge,,2.9,,,,,,Teignbridge,21296.0,,,,,,Teignbridge,565.0,,,,,,Teignbridge,560.0,,,,,,Teignbridge,5710.0,,,,,,Teignbridge,25.0,,,,,,,,,,,,,,,,,,,,,,,,,,,,Teignbridge,16.551212829371,,,,,Teignbridge,8.94897058619131,,,,,Teignbridge,12.4699521628549,,,Teignbridge,66.5,,,Teignbridge,93.56,,,,,,,,,,Teignbridge,72.71872059999998,,,,,,,,,,,,,,,,,,,,,,,,,,,,Teignbridge,81.4,,,,,Teignbridge,72.5,,,,,Teignbridge,80.3,,,,,,,,,,,Teignbridge,,1098.0,,,,,,Teignbridge,,598,,,,,,,Teignbridge,,55.3,,,,,,,,Teignbridge,,5005.0,,,,,,,,,,,,,,,,,,,,,,,,Teignbridge,19.2,,,,,Teignbridge,,8.25688,,,,,Teignbridge,,16.87243,,,,,Teignbridge,,31.7803,,,,,Teignbridge,,53.4188,,,,,Teignbridge,24.29104,,,,,,,,,Teignbridge,7.46,,"coefficient of variation is less than or equal to 5%, estimate is considered precise.",,,,,,Teignbridge,7.56,,"coefficient of variation is less than or equal to 5%, estimate is considered precise.",,,,,,Teignbridge,7.17,,"coefficient of variation is less than or equal to 5%, estimate is considered precise.",,,,,,Teignbridge,3.3,,"coefficient of variation is greater than 10% but less than or equal to 20%, estimate is considered acceptable.",,,,,Teignbridge,10.0,,,,,,,,,,
E07000046,,,Torridge,24.43,,,,,,Torridge,514,,,,,,Torridge,,76.8,,,,,,,,,Torridge,,2.3,,,,,,Torridge,18968.0,,,,,,Torridge,280.0,,,,,,Torridge,245.0,,,,,,Torridge,2700.0,,,,,,Torridge,10.0,,,,,,,,,,,,,,,,,,,,,,,,,,,,Torridge,25.7054056302143,,,,,Torridge,10.2666755541255,,,,,Torridge,16.6243125385736,,,Torridge,45.6,,,Torridge,97.77,,,,,,,,,,Torridge,68.30188679,,,,,,,,,,,,,,,,,,,,,,,,,,,,Torridge,79.7,,,,,Torridge,65.2,,,,,Torridge,74.7,,,,,,,,,,,Torridge,,1035.0,,,,,,Torridge,,544,,,,,,,Torridge,,50.6,,,,,,,,Torridge,,4742.0,,,,,,,,,,,,,,,,,,,,,,,,Torridge,8.2,,,,,Torridge,,7.920789999999999,,,,,Torridge,,22.48062,,,,,Torridge,,29.11947,,,,,Torridge,,52.2293,,,,,Torridge,25.02127,,,,,,,,,Torridge,7.71,,"coefficient of variation is less than or equal to 5%, estimate is considered precise.",,,,,,Torridge,8.16,,"coefficient of variation is less than or equal to 5%, estimate is considered precise.",,,,,,Torridge,8.05,,"coefficient of variation is less than or equal to 5%, estimate is considered precise.",,,,,,Torridge,2.28,,"coefficient of variation is greater than 10% but less than or equal to 20%, estimate is considered acceptable.",,,,,Torridge,10.0,,,,,,,,,,
E07000047,,,West Devon,24.34,,,,,,West Devon,437.6,,,,,,West Devon,,81.9,,,,,,,,,West Devon,,2.9,,,,,,West Devon,20778.0,,,,,,West Devon,200.0,,,,,,West Devon,215.0,,,,,,West Devon,2405.0,,,,,,West Devon,10.0,,,,,,,,,,,,,,,,,,,,,,,,,,,,West Devon,25.4963944993489,,,,,West Devon,11.463263686012,,,,,West Devon,20.9701574887279,,,West Devon,49.8,,,West Devon,93.79,,,,,,,,,,West Devon,73.92344498,,,,,,,,,,,,,,,,,,,,,,,,,,,,West Devon,80.6,,,,,West Devon,69.5,,,,,West Devon,76.5,,,,,,,,,,,West Devon,,1091.0,,,,,,West Devon,,513,,,,,,,West Devon,,67.7,,,,,,,,West Devon,,4913.0,,,,,,,,,,,,,,,,,,,,,,,,West Devon,9.7,,,,,West Devon,,6.49351,,,,,West Devon,,17.44186,,,,,West Devon,,19.38445,,,,,West Devon,,55.95668000000001,,,,,West Devon,23.82718,,,,,,,,,West Devon,na,Value suppressed with due to low reliability of estimate,,,,,,,West Devon,na,Value suppressed with due to low reliability of estimate,,,,,,,West Devon,na,Value suppressed with due to low reliability of estimate,,,,,,,West Devon,na,Value suppressed with due to low reliability of estimate,,,,,,West Devon,14.0,,,,,,,,,,
E07000048,,,,,,,,,,,,,,,,,,,,,,,,,,,,,,,,,,,,,,,,,,,,,,,,,,,,,,,,,,,,,,,,,,,,,,,,,,,,,,,,,,,,,,,,,,,,,Christchurch,8.76649760587181,"Obsolete code since 2019 (replaced by E06000058 Bournemouth, Christchurch and Poole)",,,,Christchurch,7.05784628308047,"Obsolete code since 2019 (replaced by E06000058 Bournemouth, Christchurch and Poole)",,,,Christchurch,8.60456296307148,"Obsolete code since 2019 (replaced by E06000058 Bournemouth, Christchurch and Poole)",,,,,,,,,,,,,,,,,,,,,,,,,,,,,,,,,,,,,,,,,,,,,,,,,,,,,,,,,,,,,,,,,,,,,,,,,,,,,,,,,,,,,,,,,,,,,,,,,,,,,,,,,,,,,,,,,,,,,,,,,,,,,,,,,,,,,,,,,,,,,,,,,,,,,,,,,,,,,,,,,,,,,,,,,,,,,,,,,,,,,,,,,,,,,,,,,,,,,,,,,,,,,,,,,,,,,
E07000049,,,,,,,,,,,,,,,,,,,,,,,,,,,,,,,,,,,,,,,,,,,,,,,,,,,,,,,,,,,,,,,,,,,,,,,,,,,,,,,,,,,,,,,,,,,,,East Dorset,16.1466527056174,Obsolete code since 2019 (replaced by E06000059 Dorset),,,,East Dorset,8.76066318995707,Obsolete code since 2019 (replaced by E06000059 Dorset),,,,East Dorset,12.1771756991021,Obsolete code since 2019 (replaced by E06000059 Dorset),,,,,,,,,,,,,,,,,,,,,,,,,,,,,,,,,,,,,,,,,,,,,,,,,,,,,,,,,,,,,,,,,,,,,,,,,,,,,,,,,,,,,,,,,,,,,,,,,,,,,,,,,,,,,,,,,,,,,,,,,,,,,,,,,,,,,,,,,,,,,,,,,,,,,,,,,,,,,,,,,,,,,,,,,,,,,,,,,,,,,,,,,,,,,,,,,,,,,,,,,,,,,,,,,,,,,
E07000050,,,,,,,,,,,,,,,,,,,,,,,,,,,,,,,,,,,,,,,,,,,,,,,,,,,,,,,,,,,,,,,,,,,,,,,,,,,,,,,,,,,,,,,,,,,,,North Dorset,20.0431235576584,Obsolete code since 2019 (replaced by E06000059 Dorset),,,,North Dorset,9.43783310979077,Obsolete code since 2019 (replaced by E06000059 Dorset),,,,North Dorset,15.2064968157465,Obsolete code since 2019 (replaced by E06000059 Dorset),,,,,,,,,,,,,,,,,,,,,,,,,,,,,,,,,,,,,,,,,,,,,,,,,,,,,,,,,,,,,,,,,,,,,,,,,,,,,,,,,,,,,,,,,,,,,,,,,,,,,,,,,,,,,,,,,,,,,,,,,,,,,,,,,,,,,,,,,,,,,,,,,,,,,,,,,,,,,,,,,,,,,,,,,,,,,,,,,,,,,,,,,,,,,,,,,,,,,,,,,,,,,,,,,,,,,
E07000051,,,,,,,,,,,,,,,,,,,,,,,,,,,,,,,,,,,,,,,,,,,,,,,,,,,,,,,,,,,,,,,,,,,,,,,,,,,,,,,,,,,,,,,,,,,,,Purbeck,13.05741820825,Obsolete code since 2019 (replaced by E06000059 Dorset),,,,Purbeck,7.7446020037483,Obsolete code since 2019 (replaced by E06000059 Dorset),,,,Purbeck,10.6340440506214,Obsolete code since 2019 (replaced by E06000059 Dorset),,,,,,,,,,,,,,,,,,,,,,,,,,,,,,,,,,,,,,,,,,,,,,,,,,,,,,,,,,,,,,,,,,,,,,,,,,,,,,,,,,,,,,,,,,,,,,,,,,,,,,,,,,,,,,,,,,,,,,,,,,,,,,,,,,,,,,,,,,,,,,,,,,,,,,,,,,,,,,,,,,,,,,,,,,,,,,,,,,,,,,,,,,,,,,,,,,,,,,,,,,,,,,,,,,,,,
E07000052,,,,,,,,,,,,,,,,,,,,,,,,,,,,,,,,,,,,,,,,,,,,,,,,,,,,,,,,,,,,,,,,,,,,,,,,,,,,,,,,,,,,,,,,,,,,,West Dorset,18.4544620587233,Obsolete code since 2019 (replaced by E06000059 Dorset),,,,West Dorset,8.92027286133173,Obsolete code since 2019 (replaced by E06000059 Dorset),,,,West Dorset,13.7045431847571,Obsolete code since 2019 (replaced by E06000059 Dorset),,,,,,,,,,,,,,,,,,,,,,,,,,,,,,,,,,,,,,,,,,,,,,,,,,,,,,,,,,,,,,,,,,,,,,,,,,,,,,,,,,,,,,,,,,,,,,,,,,,,,,,,,,,,,,,,,,,,,,,,,,,,,,,,,,,,,,,,,,,,,,,,,,,,,,,,,,,,,,,,,,,,,,,,,,,,,,,,,,,,,,,,,,,,,,,,,,,,,,,,,,,,,,,,,,,,,
E07000053,,,,,,,,,,,,,,,,,,,,,,,,,,,,,,,,,,,,,,,,,,,,,,,,,,,,,,,,,,,,,,,,,,,,,,,,,,,,,,,,,,,,,,,,,,,,,Weymouth and Portland,11.2114066575245,Obsolete code since 2019 (replaced by E06000059 Dorset),,,,Weymouth and Portland,7.43343265867502,Obsolete code since 2019 (replaced by E06000059 Dorset),,,,Weymouth and Portland,9.59963993122268,Obsolete code since 2019 (replaced by E06000059 Dorset),,,,,,,,,,,,,,,,,,,,,,,,,,,,,,,,,,,,,,,,,,,,,,,,,,,,,,,,,,,,,,,,,,,,,,,,,,,,,,,,,,,,,,,,,,,,,,,,,,,,,,,,,,,,,,,,,,,,,,,,,,,,,,,,,,,,,,,,,,,,,,,,,,,,,,,,,,,,,,,,,,,,,,,,,,,,,,,,,,,,,,,,,,,,,,,,,,,,,,,,,,,,,,,,,,,,,
E07000061,,,Eastbourne,31.58,,,,,,Eastbourne,594,,,,,,Eastbourne,,73.7,,,,,,,,,Eastbourne,,4.8,,,,,,Eastbourne,20957.0,,,,,,Eastbourne,380.0,,,,,,Eastbourne,440.0,,,,,,Eastbourne,3570.0,,,,,,Eastbourne,5.0,,,,,,,,,,,,,,,,,,,,,,,,,,,,Eastbourne,9.38869054184257,,,,,Eastbourne,7.14007176111975,,,,,Eastbourne,8.56258538399288,,,Eastbourne,81.5,,,Eastbourne,99.84,,,,,,,,,,Eastbourne,71.77664975,,,,,,,,,,,,,,,,,,,,,,,,,,,,Eastbourne,83.1,,,,,Eastbourne,69.6,,,,,Eastbourne,77.8,,,,,,,,,,,Eastbourne,,875.0,,,,,,Eastbourne,,373,,,,,,,Eastbourne,,56.9,,,,,,,,Eastbourne,,6574.0,,,,,,,,,,,,,,,,,,,,,,,,Eastbourne,7.9,,,,,Eastbourne,,8.02139,,,,,Eastbourne,,21.05263,,,,,Eastbourne,,25.64671,,,,,Eastbourne,,53.40426,,,,,Eastbourne,24.6114,,,,,,,,,Eastbourne,6.68,,"coefficient of variation is greater than 5% but less than or equal to 10%, estimate is considered reasonably precise.",,,,,,Eastbourne,7.22,,"coefficient of variation is less than or equal to 5%, estimate is considered precise.",,,,,,Eastbourne,6.57,,"coefficient of variation is greater than 5% but less than or equal to 10%, estimate is considered reasonably precise.",,,,,,Eastbourne,3.76,,"coefficient of variation is greater than 5% but less than or equal to 10%, estimate is considered reasonably precise.",,,,,Eastbourne,3.0,,,,,,,,,,
E07000062,,,Hastings,30.57,,,,,,Hastings,503.9,,,,,,Hastings,,73.6,,,,,,,,,Hastings,,4,,,,,,Hastings,18846.0,,,,,,Hastings,360.0,,,,,,Hastings,295.0,,,,,,Hastings,3205.0,,,,,,Hastings,15.0,,,,,,,,,,,,,,,,,,,,,,,,,,,,Hastings,8.76175550050258,,,,,Hastings,6.99169160893103,,,,,Hastings,8.39214046229757,,,Hastings,43.6,,,Hastings,99.66,,,,,,,,,,Hastings,59.94194485,,,,,,,,,,,,,,,,,,,,,,,,,,,,Hastings,80.7,,,,,Hastings,68.0,,,,,Hastings,75.0,,,,,,,,,,,Hastings,,868.0,,,,,,Hastings,,416,,,,,,,Hastings,,42.1,,,,,,,,Hastings,,6942.0,,,,,,,,,,,,,,,,,,,,,,,,Hastings,23.7,,,,,Hastings,,8.74317,,,,,Hastings,,23.23232,,,,,Hastings,,25.33528,,,,,Hastings,,52.97158,,,,,Hastings,36.66185,,,,,,,,,Hastings,6.93,,"coefficient of variation is less than or equal to 5%, estimate is considered precise.",,,,,,Hastings,7.26,,"coefficient of variation is less than or equal to 5%, estimate is considered precise.",,,,,,Hastings,6.56,,"coefficient of variation is greater than 5% but less than or equal to 10%, estimate is considered reasonably precise.",,,,,,Hastings,4.17,,"coefficient of variation is greater than 5% but less than or equal to 10%, estimate is considered reasonably precise.",,,,,Hastings,3.0,,,,,,,,,,
E07000063,,,Lewes,31.13,,,,,,Lewes,533.9,,,,,,Lewes,,71.7,,,,,,,,,Lewes,,3.7,,,,,,Lewes,24606.0,,,,,,Lewes,375.0,,,,,,Lewes,405.0,,,,,,Lewes,4495.0,,,,,,Lewes,30.0,,,,,,,,,,,,,,,,,,,,,,,,,,,,Lewes,11.4041921848538,,,,,Lewes,7.81614469434897,,,,,Lewes,10.0469427377771,,,Lewes,56.1,,,Lewes,99.91,,,,,,,,,,Lewes,75.22750253,,,,,,,,,,,,,,,,,,,,,,,,,,,,Lewes,84.9,,,,,Lewes,71.7,,,,,Lewes,80.5,,,,,,,,,,,Lewes,,804.0,,,,,,Lewes,,345,,,,,,,Lewes,,64.2,,,,,,,,Lewes,,4942.0,,,,,,,,,,,,,,,,,,,,,,,,Lewes,10.5,,,,,Lewes,,8.93855,,,,,Lewes,,17.67677,,,,,Lewes,,21.46072,,,,,Lewes,,51.38889,,,,,Lewes,20.78987,,,,,,,,,Lewes,7.35,,"coefficient of variation is less than or equal to 5%, estimate is considered precise.",,,,,,Lewes,7.88,,"coefficient of variation is less than or equal to 5%, estimate is considered precise.",,,,,,Lewes,7.47,,"coefficient of variation is less than or equal to 5%, estimate is considered precise.",,,,,,Lewes,3.04,,"coefficient of variation is greater than 10% but less than or equal to 20%, estimate is considered acceptable.",,,,,Lewes,13.0,,,,,,,,,,
E07000064,,,Rother,28.51,,,,,,Rother,496.9,,,,,,Rother,,70.1,,,,,,,,,Rother,,4.4,,,,,,Rother,24026.0,,,,,,Rother,340.0,,,,,,Rother,380.0,,,,,,Rother,4130.0,,,,,,Rother,10.0,,,,,,,,,,,,,,,,,,,,,,,,,,,,Rother,15.2434179890754,,,,,Rother,8.81991680752973,,,,,Rother,13.3652226665347,,,Rother,53.3,,,Rother,99.66,,,,,,,,,,Rother,77.80244173,,,,,,,,,,,,,,,,,,,,,,,,,,,,Rother,85.1,,,,,Rother,73.7,,,,,Rother,82.0,,,,,,,,,,,Rother,,741.0,,,,,,Rother,,411,,,,,,,Rother,,58.3,,,,,,,,Rother,,4771.0,,,,,,,,,,,,,,,,,,,,,,,,Rother,13.4,,,,,Rother,,9.79021,,,,,Rother,,20.38217,,,,,Rother,,25.72446,,,,,Rother,,58.33333,,,,,Rother,21.6758,,,,,,,,,Rother,7.53,,"coefficient of variation is less than or equal to 5%, estimate is considered precise.",,,,,,Rother,7.9,,"coefficient of variation is less than or equal to 5%, estimate is considered precise.",,,,,,Rother,7.29,,"coefficient of variation is less than or equal to 5%, estimate is considered precise.",,,,,,Rother,3.35,,"coefficient of variation is greater than 5% but less than or equal to 10%, estimate is considered reasonably precise.",,,,,Rother,8.0,,,,,,,,,,
E07000065,,,Wealden,32.27,,,,,,Wealden,533,,,,,,Wealden,,76.2,,,,,,,,,Wealden,,3.3,,,,,,Wealden,25776.0,,,,,,Wealden,730.0,,,,,,Wealden,815.0,,,,,,Wealden,8615.0,,,,,,Wealden,20.0,,,,,,,,,,,,,,,,,,,,,,,,,,,,Wealden,14.6714997878457,,,,,Wealden,8.22225408626477,,,,,Wealden,11.8465708851052,,,Wealden,53.9,,,Wealden,99.65,,,,,,,,,,Wealden,80.08064516,,,,,,,,,,,,,,,,,,,,,,,,,,,,Wealden,86.5,,,,,Wealden,74.0,,,,,Wealden,81.9,,,,,,,,,,,Wealden,,768.0,,,,,,Wealden,,411,,,,,,,Wealden,,63.4,,,,,,,,Wealden,,4587.0,,,,,,,,,,,,,,,,,,,,,,,,Wealden,6,,,,,Wealden,,7.581230000000001,,,,,Wealden,,15.73427,,,,,Wealden,,24.69947,,,,,Wealden,,55.80774,,,,,Wealden,19.66657,,,,,,,,,Wealden,7.64,,"coefficient of variation is less than or equal to 5%, estimate is considered precise.",,,,,,Wealden,8.05,,"coefficient of variation is less than or equal to 5%, estimate is considered precise.",,,,,,Wealden,7.63,,"coefficient of variation is less than or equal to 5%, estimate is considered precise.",,,,,,Wealden,3.31,,"coefficient of variation is greater than 5% but less than or equal to 10%, estimate is considered reasonably precise.",,,,,Wealden,16.0,,,,,,,,,,
E07000066,,,Basildon,41.41,,,,,,Basildon,590.2,,,,,,Basildon,,77.7,,,,,,,,,Basildon,,4.9,,,,,,Basildon,21261.0,,,,,,Basildon,995.0,,,,,,Basildon,1050.0,,,,,,Basildon,8650.0,,,,,,Basildon,25.0,,,,,,,,,,,,,,,,,,,,,,,,,,,,Basildon,10.4911975543703,,,,,Basildon,7.49022845612346,,,,,Basildon,9.12440015872768,,,Basildon,86.5,,,Basildon,100.0,,,,,,,,,,Basildon,67.7146312,,,,,,,,,,,,,,,,,,,,,,,,,,,,Basildon,79.3,,,,,Basildon,69.6,,,,,Basildon,77.2,,,,,,,,,,,Basildon,,1000.0,,,,,,Basildon,,419,,,,,,,Basildon,,55.3,,,,,,,,Basildon,,4405.0,,,,,,,,,,,,,,,,,,,,,,,,Basildon,19.4,,,,,Basildon,,8.84774,,,,,Basildon,,23.98374,,,,,Basildon,,26.95352,,,,,Basildon,,56.40051,,,,,Basildon,27.13771,,,,,,,,,Basildon,7.42,,"coefficient of variation is less than or equal to 5%, estimate is considered precise.",,,,,,Basildon,7.9,,"coefficient of variation is less than or equal to 5%, estimate is considered precise.",,,,,,Basildon,7.43,,"coefficient of variation is less than or equal to 5%, estimate is considered precise.",,,,,,Basildon,3.5,,"coefficient of variation is greater than 5% but less than or equal to 10%, estimate is considered reasonably precise.",,,,,Basildon,3.0,,,,,,,,,,
E07000067,,,Braintree,39.59,,,,,,Braintree,604.8,,,,,,Braintree,,74.3,,,,,,,,,Braintree,,3.3,,,,,,Braintree,21959.0,,,,,,Braintree,655.0,,,,,,Braintree,735.0,,,,,,Braintree,6915.0,,,,,,Braintree,25.0,,,,,,,,,,,,,,,,,,,,,,,,,,,,Braintree,14.5994108234346,,,,,Braintree,8.10942443956251,,,,,Braintree,11.0133696830226,,,Braintree,67.1,,,Braintree,99.93,,,,,,,,,,Braintree,72.21006565,,,,,,,,,,,,,,,,,,,,,,,,,,,,Braintree,79.8,,,,,Braintree,72.7,,,,,Braintree,79.1,,,,,,,,,,,Braintree,,940.0,,,,,,Braintree,,423,,,,,,,Braintree,,47.3,,,,,,,,Braintree,,4273.0,,,,,,,,,,,,,,,,,,,,,,,,Braintree,15.2,,,,,Braintree,,10.14493,,,,,Braintree,,19.09091,,,,,Braintree,,28.24862,,,,,Braintree,,55.32995,,,,,Braintree,24.16762,,,,,,,,,Braintree,7.33,,"coefficient of variation is less than or equal to 5%, estimate is considered precise.",,,,,,Braintree,7.71,,"coefficient of variation is less than or equal to 5%, estimate is considered precise.",,,,,,Braintree,7.57,,"coefficient of variation is less than or equal to 5%, estimate is considered precise.",,,,,,Braintree,3.15,,"coefficient of variation is greater than 5% but less than or equal to 10%, estimate is considered reasonably precise.",,,,,Braintree,16.0,,,,,,,,,,
E07000068,,,Brentwood,48.39,,,,,,Brentwood,730,,,,,,Brentwood,,75.6,,,,,,,,,Brentwood,,3.3,,,,,,Brentwood,30839.0,,,,,,Brentwood,470.0,,,,,,Brentwood,560.0,,,,,,Brentwood,4735.0,,,,,,Brentwood,10.0,,,,,,,,,,,,,,,,,,,,,,,,,,,,Brentwood,10.3403005611117,,,,,Brentwood,7.36518586410187,,,,,Brentwood,9.35432027129333,,,Brentwood,64.1,,,Brentwood,100.0,,,,,,,,,,Brentwood,81.19227540000001,,,,,,,,,,,,,,,,,,,,,,,,,,,,Brentwood,81.0,,,,,Brentwood,70.3,,,,,Brentwood,79.2,,,,,,,,,,,Brentwood,,899.0,,,,,,Brentwood,,466,,,,,,,Brentwood,,48.6,,,,,,,,Brentwood,,3927.0,,,,,,,,,,,,,,,,,,,,,,,,Brentwood,12.8,,,,,Brentwood,,6.756760000000001,,,,,Brentwood,,18.01242,,,,,Brentwood,,24.34024,,,,,Brentwood,,56.08856,,,,,Brentwood,23.53005,,,,,,,,,Brentwood,7.89,,"coefficient of variation is less than or equal to 5%, estimate is considered precise.",,,,,,Brentwood,8.12,,"coefficient of variation is less than or equal to 5%, estimate is considered precise.",,,,,,Brentwood,7.78,,"coefficient of variation is less than or equal to 5%, estimate is considered precise.",,,,,,Brentwood,3.16,,"coefficient of variation is greater than 10% but less than or equal to 20%, estimate is considered acceptable.",,,,,Brentwood,11.0,,,,,,,,,,
E07000069,,,Castle Point,26.12,,,,,,Castle Point,600.9,,,,,,Castle Point,,88.7,,,,,,,,,Castle Point,,2.9,,,,,,Castle Point,22109.0,,,,,,Castle Point,400.0,,,,,,Castle Point,380.0,,,,,,Castle Point,3615.0,,,,,,Castle Point,0.0,,,,,,,,,,,,,,,,,,,,,,,,,,,,Castle Point,10.813852189811,,,,,Castle Point,7.33835740401401,,,,,Castle Point,8.81721895429076,,,Castle Point,55.1,,,Castle Point,100.0,,,,,,,,,,Castle Point,72.86135693,,,,,,,,,,,,,,,,,,,,,,,,,,,,Castle Point,80.2,,,,,Castle Point,68.2,,,,,Castle Point,75.1,,,,,,,,,,,Castle Point,,1055.0,,,,,,Castle Point,,540,,,,,,,Castle Point,,44.6,,,,,,,,Castle Point,,3939.0,,,,,,,,,,,,,,,,,,,,,,,,Castle Point,13.4,,,,,Castle Point,,6.93642,,,,,Castle Point,,21.59091,,,,,Castle Point,,29.36317,,,,,Castle Point,,53.64807,,,,,Castle Point,24.32457,,,,,,,,,Castle Point,7.85,,"coefficient of variation is less than or equal to 5%, estimate is considered precise.",,,,,,Castle Point,8.3,,"coefficient of variation is less than or equal to 5%, estimate is considered precise.",,,,,,Castle Point,7.58,,"coefficient of variation is less than or equal to 5%, estimate is considered precise.",,,,,,Castle Point,3.1,,"coefficient of variation is greater than 10% but less than or equal to 20%, estimate is considered acceptable.",,,,,Castle Point,4.0,,,,,,,,,,
E07000070,,,Chelmsford,36.13,,,,,,Chelmsford,589.6,,,,,,Chelmsford,,84.5,,,,,,,,,Chelmsford,,2.6,,,,,,Chelmsford,24460.0,,,,,,Chelmsford,965.0,,,,,,Chelmsford,965.0,,,,,,Chelmsford,8890.0,,,,,,Chelmsford,30.0,,,,,,,,,,,,,,,,,,,,,,,,,,,,Chelmsford,13.9718420195267,,,,,Chelmsford,8.27103427621267,,,,,Chelmsford,10.8745836151479,,,Chelmsford,68.2,,,Chelmsford,100.0,,,,,,,,,,Chelmsford,77.77222777,,,,,,,,,,,,,,,,,,,,,,,,,,,,Chelmsford,80.6,,,,,Chelmsford,72.4,,,,,Chelmsford,80.0,,,,,,,,,,,Chelmsford,,918.0,,,,,,Chelmsford,,453,,,,,,,Chelmsford,,62.7,,,,,,,,Chelmsford,,4177.0,,,,,,,,,,,,,,,,,,,,,,,,Chelmsford,14.5,,,,,Chelmsford,,7.751939999999999,,,,,Chelmsford,,17.40196,,,,,Chelmsford,,26.22375,,,,,Chelmsford,,50,,,,,Chelmsford,23.79402,,,,,,,,,Chelmsford,7.55,,"coefficient of variation is less than or equal to 5%, estimate is considered precise.",,,,,,Chelmsford,7.66,,"coefficient of variation is less than or equal to 5%, estimate is considered precise.",,,,,,Chelmsford,7.79,,"coefficient of variation is less than or equal to 5%, estimate is considered precise.",,,,,,Chelmsford,2.76,,"coefficient of variation is greater than 5% but less than or equal to 10%, estimate is considered reasonably precise.",,,,,Chelmsford,10.0,,,,,,,,,,
E07000071,,,Colchester,38.29,,,,,,Colchester,562.7,,,,,,Colchester,,72.6,,,,,,,,,Colchester,,3.9,,,,,,Colchester,20847.0,,,,,,Colchester,910.0,,,,,,Colchester,840.0,,,,,,Colchester,8000.0,,,,,,Colchester,25.0,,,,,,,,,,,,,,,,,,,,,,,,,,,,Colchester,11.3117561350067,,,,,Colchester,8.03686720428339,,,,,Colchester,10.2746610711531,,,Colchester,72.8,,,Colchester,99.96,,,,,,,,,,Colchester,78.13174946,,,,,,,,,,,,,,,,,,,,,,,,,,,,Colchester,79.5,,,,,Colchester,70.5,,,,,Colchester,78.9,,,,,,,,,,,Colchester,,832.0,,,,,,Colchester,,402,,,,,,,Colchester,,55.3,,,,,,,,Colchester,,4864.0,,,,,,,,,,,,,,,,,,,,,,,,Colchester,12.1,,,,,Colchester,,7.311319999999999,,,,,Colchester,,18.46847,,,,,Colchester,,27.23984,,,,,Colchester,,55.81098000000001,,,,,Colchester,24.61238,,,,,,,,,Colchester,7.78,,"coefficient of variation is less than or equal to 5%, estimate is considered precise.",,,,,,Colchester,7.73,,"coefficient of variation is less than or equal to 5%, estimate is considered precise.",,,,,,Colchester,7.56,,"coefficient of variation is less than or equal to 5%, estimate is considered precise.",,,,,,Colchester,3.24,,"coefficient of variation is greater than 5% but less than or equal to 10%, estimate is considered reasonably precise.",,,,,Colchester,9.0,,,,,,,,,,
E07000072,,,Epping Forest,41.77,,,,,,Epping Forest,653.2,,,,,,Epping Forest,,77.6,,,,,,,,,Epping Forest,,3.7,,,,,,Epping Forest,30646.0,,,,,,Epping Forest,950.0,,,,,,Epping Forest,925.0,,,,,,Epping Forest,9130.0,,,,,,Epping Forest,25.0,,,,,,,,,,,,,,,,,,,,,,,,,,,,Epping Forest,12.2081113669044,,,,,Epping Forest,7.89320361102094,,,,,Epping Forest,10.2922223297681,,,Epping Forest,85.3,,,Epping Forest,100.0,,,,,,,,,,Epping Forest,75.93840231,,,,,,,,,,,,,,,,,,,,,,,,,,,,Epping Forest,83.3,,,,,Epping Forest,73.0,,,,,Epping Forest,79.2,,,,,,,,,,,Epping Forest,,763.0,,,,,,Epping Forest,,347,,,,,,,Epping Forest,,56.7,,,,,,,,Epping Forest,,3488.0,,,,,,,,,,,,,,,,,,,,,,,,Epping Forest,11.9,,,,,Epping Forest,,6.71937,,,,,Epping Forest,,20.1581,,,,,Epping Forest,,25.33691,,,,,Epping Forest,,51.78947,,,,,Epping Forest,23.89982,,,,,,,,,Epping Forest,7.6,,"coefficient of variation is less than or equal to 5%, estimate is considered precise.",,,,,,Epping Forest,8.12,,"coefficient of variation is less than or equal to 5%, estimate is considered precise.",,,,,,Epping Forest,7.58,,"coefficient of variation is less than or equal to 5%, estimate is considered precise.",,,,,,Epping Forest,3.51,,"coefficient of variation is greater than 10% but less than or equal to 20%, estimate is considered acceptable.",,,,,Epping Forest,1.0,,,,,,,,,,
E07000073,,,Harlow,32.31,,,,,,Harlow,528.4,,,,,,Harlow,,72.4,,,,,,,,,Harlow,,5.4,,,,,,Harlow,18546.0,,,,,,Harlow,530.0,,,,,,Harlow,480.0,,,,,,Harlow,3800.0,,,,,,Harlow,10.0,,,,,,,,,,,,,,,,,,,,,,,,,,,,Harlow,9.38286042547051,,,,,Harlow,7.30532803303108,,,,,Harlow,8.85086203832172,,,Harlow,90.1,,,Harlow,100.0,,,,,,,,,,Harlow,66.66666667,,,,,,,,,,,,,,,,,,,,,,,,,,,,Harlow,79.6,,,,,Harlow,67.5,,,,,Harlow,76.1,,,,,,,,,,,Harlow,,867.0,,,,,,Harlow,,396,,,,,,,Harlow,,38.9,,,,,,,,Harlow,,5810.0,,,,,,,,,,,,,,,,,,,,,,,,Harlow,14.6,,,,,Harlow,,8.906880000000001,,,,,Harlow,,23.79032,,,,,Harlow,,30.32551,,,,,Harlow,,59.18366999999999,,,,,Harlow,34.22443,,,,,,,,,Harlow,na,Value suppressed with due to low reliability of estimate,,,,,,,Harlow,na,Value suppressed with due to low reliability of estimate,,,,,,,Harlow,na,Value suppressed with due to low reliability of estimate,,,,,,,Harlow,na,Value suppressed with due to low reliability of estimate,,,,,,Harlow,14.0,,,,,,,,,,
E07000074,,,Maldon,30.62,,,,,,Maldon,559.1,,,,,,Maldon,,82.2,,,,,,,,,Maldon,,2.9,,,,,,Maldon,23136.0,,,,,,Maldon,275.0,,,,,,Maldon,315.0,,,,,,Maldon,3545.0,,,,,,Maldon,10.0,,,,,,,,,,,,,,,,,,,,,,,,,,,,Maldon,15.0148555132602,,,,,Maldon,8.94469974094174,,,,,Maldon,14.0737121468103,,,Maldon,72.3,,,Maldon,99.99,,,,,,,,,,Maldon,70.17543859999999,,,,,,,,,,,,,,,,,,,,,,,,,,,,Maldon,79.9,,,,,Maldon,71.7,,,,,Maldon,80.1,,,,,,,,,,,Maldon,,946.0,,,,,,Maldon,,455,,,,,,,Maldon,,53,,,,,,,,Maldon,,4083.0,,,,,,,,,,,,,,,,,,,,,,,,Maldon,4.4,,,,,Maldon,,9.92366,,,,,Maldon,,20.0,,,,,Maldon,,22.74518,,,,,Maldon,,51.35135,,,,,Maldon,20.73762,,,,,,,,,Maldon,na,Value suppressed with due to low reliability of estimate,,,,,,,Maldon,na,Value suppressed with due to low reliability of estimate,,,,,,,Maldon,na,Value suppressed with due to low reliability of estimate,,,,,,,Maldon,na,Value suppressed with due to low reliability of estimate,,,,,,Maldon,15.0,,,,,,,,,,
E07000075,,,Rochford,32.17,,,,,,Rochford,655.5,,,,,,Rochford,,74.5,,,,,,,,,Rochford,,3.6,,,,,,Rochford,23041.0,,,,,,Rochford,375.0,,,,,,Rochford,395.0,,,,,,Rochford,3970.0,,,,,,Rochford,10.0,,,,,,,,,,,,,,,,,,,,,,,,,,,,Rochford,15.6361533410362,,,,,Rochford,9.22842582716778,,,,,Rochford,12.7756869992392,,,Rochford,53.1,,,Rochford,100.0,,,,,,,,,,Rochford,77.15430862,,,,,,,,,,,,,,,,,,,,,,,,,,,,Rochford,85.3,,,,,Rochford,77.2,,,,,Rochford,82.5,,,,,,,,,,,Rochford,,1042.0,,,,,,Rochford,,504,,,,,,,Rochford,,56.5,,,,,,,,Rochford,,3967.0,,,,,,,,,,,,,,,,,,,,,,,,Rochford,7.2,,,,,Rochford,,9.39227,,,,,Rochford,,17.87709,,,,,Rochford,,30.20411,,,,,Rochford,,50.12788,,,,,Rochford,21.34776,,,,,,,,,Rochford,7.42,,"coefficient of variation is less than or equal to 5%, estimate is considered precise.",,,,,,Rochford,7.5,,"coefficient of variation is less than or equal to 5%, estimate is considered precise.",,,,,,Rochford,7.28,,"coefficient of variation is greater than 5% but less than or equal to 10%, estimate is considered reasonably precise.",,,,,,Rochford,3.34,,"coefficient of variation is greater than 10% but less than or equal to 20%, estimate is considered acceptable.",,,,,Rochford,13.0,,,,,,,,,,
E07000076,,,Tendring,30.21,,,,,,Tendring,505.8,,,,,,Tendring,,71.2,,,,,,,,,Tendring,,5.6,,,,,,Tendring,19916.0,,,,,,Tendring,555.0,,,,,,Tendring,555.0,,,,,,Tendring,5035.0,,,,,,Tendring,20.0,,,,,,,,,,,,,,,,,,,,,,,,,,,,Tendring,12.9203439469091,,,,,Tendring,8.19678345687937,,,,,Tendring,11.4872092487639,,,Tendring,53.5,,,Tendring,100.0,,,,,,,,,,Tendring,63.27433628,,,,,,,,,,,,,,,,,,,,,,,,,,,,Tendring,80.9,,,,,Tendring,72.0,,,,,Tendring,76.3,,,,,,,,,,,Tendring,,954.0,,,,,,Tendring,,486,,,,,,,Tendring,,44.8,,,,,,,,Tendring,,4962.0,,,,,,,,,,,,,,,,,,,,,,,,Tendring,14.3,,,,,Tendring,,11.19134,,,,,Tendring,,23.71795,,,,,Tendring,,28.14989,,,,,Tendring,,51.0882,,,,,Tendring,31.90574,,,,,,,,,Tendring,7.34,,"coefficient of variation is less than or equal to 5%, estimate is considered precise.",,,,,,Tendring,7.51,,"coefficient of variation is less than or equal to 5%, estimate is considered precise.",,,,,,Tendring,7.06,,"coefficient of variation is less than or equal to 5%, estimate is considered precise.",,,,,,Tendring,3.45,,"coefficient of variation is greater than 10% but less than or equal to 20%, estimate is considered acceptable.",,,,,Tendring,11.0,,,,,,,,,,
E07000077,,,Uttlesford,28.16,,,,,,Uttlesford,671.1,,,,,,Uttlesford,,80.7,,,,,,,,,Uttlesford,,2.7,,,,,,Uttlesford,27714.0,,,,,,Uttlesford,520.0,,,,,,Uttlesford,515.0,,,,,,Uttlesford,5710.0,,,,,,Uttlesford,15.0,,,,,,,,,,,,,,,,,,,,,,,,,,,,Uttlesford,14.876961660423,,,,,Uttlesford,8.59967882328008,,,,,Uttlesford,12.8279077544568,,,Uttlesford,67.3,,,Uttlesford,99.97,,,,,,,,,,Uttlesford,83.5243553,,,,,,,,,,,,,,,,,,,,,,,,,,,,Uttlesford,83.9,,,,,Uttlesford,75.2,,,,,Uttlesford,83.8,,,,,,,,,,,Uttlesford,,840.0,,,,,,Uttlesford,,409,,,,,,,Uttlesford,,71.8,,,,,,,,Uttlesford,,3072.0,,,,,,,,,,,,,,,,,,,,,,,,Uttlesford,10.1,,,,,Uttlesford,,4.41176,,,,,Uttlesford,,15.57789,,,,,Uttlesford,,24.535,,,,,Uttlesford,,59.03614,,,,,Uttlesford,18.41816,,,,,,,,,Uttlesford,7.14,,"coefficient of variation is greater than 5% but less than or equal to 10%, estimate is considered reasonably precise.",,,,,,Uttlesford,7.46,,"coefficient of variation is less than or equal to 5%, estimate is considered precise.",,,,,,Uttlesford,7.29,,"coefficient of variation is less than or equal to 5%, estimate is considered precise.",,,,,,Uttlesford,3.53,,"coefficient of variation is greater than 10% but less than or equal to 20%, estimate is considered acceptable.",,,,,Uttlesford,7.0,,,,,,,,,,
E07000078,,,Cheltenham,34.17,,,,,,Cheltenham,570.3,,,,,,Cheltenham,,81.8,,,,,,,,,Cheltenham,,2.5,,,,,,Cheltenham,22888.0,,,,,,Cheltenham,525.0,,,,,,Cheltenham,600.0,,,,,,Cheltenham,5475.0,,,,,,Cheltenham,30.0,,,,,,,,,,,,,,,,,,,,,,,,,,,,Cheltenham,8.56040190934167,,,,,Cheltenham,6.97485148791864,,,,,Cheltenham,8.12198748027491,,,Cheltenham,82.3,,,Cheltenham,99.98,,,,,,,,,,Cheltenham,77.37961926,,,,,,,,,,,,,,,,,,,,,,,,,,,,Cheltenham,82.8,,,,,Cheltenham,73.0,,,,,Cheltenham,79.5,,,,,,,,,,,Cheltenham,,749.0,,,,,,Cheltenham,,406,,,,,,,Cheltenham,,74.6,,,,,,,,Cheltenham,,4319.0,,,,,,,,,,,,,,,,,,,,,,,,Cheltenham,12.6,,,,,Cheltenham,,8.6758,,,,,Cheltenham,,17.93722,,,,,Cheltenham,,21.02809,,,,,Cheltenham,,53.05676999999999,,,,,Cheltenham,29.93798,,,,,,,,,Cheltenham,7.41,,"coefficient of variation is less than or equal to 5%, estimate is considered precise.",,,,,,Cheltenham,7.73,,"coefficient of variation is less than or equal to 5%, estimate is considered precise.",,,,,,Cheltenham,7.73,,"coefficient of variation is less than or equal to 5%, estimate is considered precise.",,,,,,Cheltenham,3.17,,"coefficient of variation is greater than 5% but less than or equal to 10%, estimate is considered reasonably precise.",,,,,Cheltenham,5.0,,,,,,,,,,
E07000079,,,Cotswold,49.1,,,,,,Cotswold,563.4,,,,,,Cotswold,,78.2,,,,,,,,,Cotswold,,2,,,,,,Cotswold,30544.0,,,,,,Cotswold,470.0,,,,,,Cotswold,570.0,,,,,,Cotswold,5875.0,,,,,,Cotswold,25.0,,,,,,,,,,,,,,,,,,,,,,,,,,,,Cotswold,18.8726626423827,,,,,Cotswold,9.13031083588671,,,,,Cotswold,14.0756605691337,,,Cotswold,54.7,,,Cotswold,99.18,,,,,,,,,,Cotswold,85.50440744,,,,,,,,,,,,,,,,,,,,,,,,,,,,Cotswold,84.6,,,,,Cotswold,74.8,,,,,Cotswold,80.5,,,,,,,,,,,Cotswold,,778.0,,,,,,Cotswold,,364,,,,,,,Cotswold,,67.7,,,,,,,,Cotswold,,3483.0,,,,,,,,,,,,,,,,,,,,,,,,Cotswold,6.3,,,,,Cotswold,,7.28477,,,,,Cotswold,,15.72327,,,,,Cotswold,,18.32791,,,,,Cotswold,,58.42216999999999,,,,,Cotswold,21.53796,,,,,,,,,Cotswold,7.53,,"coefficient of variation is less than or equal to 5%, estimate is considered precise.",,,,,,Cotswold,7.8,,"coefficient of variation is less than or equal to 5%, estimate is considered precise.",,,,,,Cotswold,7.49,,"coefficient of variation is less than or equal to 5%, estimate is considered precise.",,,,,,Cotswold,3.2,,"coefficient of variation is greater than 5% but less than or equal to 10%, estimate is considered reasonably precise.",,,,,Cotswold,8.0,,,,,,,,,,
E07000080,,,Forest of Dean,51.97,,,,,,Forest of Dean,600.5,,,,,,Forest of Dean,,82.8,,,,,,,,,Forest of Dean,,2,,,,,,Forest of Dean,19351.0,,,,,,Forest of Dean,295.0,,,,,,Forest of Dean,330.0,,,,,,Forest of Dean,3545.0,,,,,,Forest of Dean,5.0,,,,,,,,,,,,,,,,,,,,,,,,,,,,Forest of Dean,20.8183681431003,,,,,Forest of Dean,9.75559671413962,,,,,Forest of Dean,16.9048330489083,,,Forest of Dean,57.3,,,Forest of Dean,98.95,,,,,,,,,,Forest of Dean,73.90180879,,,,,,,,,,,,,,,,,,,,,,,,,,,,Forest of Dean,79.7,,,,,Forest of Dean,68.5,,,,,Forest of Dean,74.7,,,,,,,,,,,Forest of Dean,,1034.0,,,,,,Forest of Dean,,499,,,,,,,Forest of Dean,,57.3,,,,,,,,Forest of Dean,,4730.0,,,,,,,,,,,,,,,,,,,,,,,,Forest of Dean,11.3,,,,,Forest of Dean,,9.740260000000001,,,,,Forest of Dean,,20.11834,,,,,Forest of Dean,,24.03646,,,,,Forest of Dean,,55.22388,,,,,Forest of Dean,28.72278,,,,,,,,,Forest of Dean,7.16,,"coefficient of variation is less than or equal to 5%, estimate is considered precise.",,,,,,Forest of Dean,7.87,,"coefficient of variation is less than or equal to 5%, estimate is considered precise.",,,,,,Forest of Dean,7.02,,"coefficient of variation is less than or equal to 5%, estimate is considered precise.",,,,,,Forest of Dean,4.13,,"coefficient of variation is greater than 5% but less than or equal to 10%, estimate is considered reasonably precise.",,,,,Forest of Dean,13.0,,,,,,,,,,
E07000081,,,Gloucester,30.17,,,,,,Gloucester,551.8,,,,,,Gloucester,,80.8,,,,,,,,,Gloucester,,2.8,,,,,,Gloucester,17579.0,,,,,,Gloucester,470.0,,,,,,Gloucester,520.0,,,,,,Gloucester,4305.0,,,,,,Gloucester,30.0,,,,,,,,,,,,,,,,,,,,,,,,,,,,Gloucester,11.3965446664815,,,,,Gloucester,7.51858844328348,,,,,Gloucester,9.27233987940629,,,Gloucester,92.1,,,Gloucester,100.0,,,,,,,,,,Gloucester,74.39886846,,,,,,,,,,,,,,,,,,,,,,,,,,,,Gloucester,79.9,,,,,Gloucester,69.6,,,,,Gloucester,75.8,,,,,,,,,,,Gloucester,,1241.0,,,,,,Gloucester,,563,,,,,,,Gloucester,,60.3,,,,,,,,Gloucester,,6340.0,,,,,,,,,,,,,,,,,,,,,,,,Gloucester,18.1,,,,,Gloucester,,9.80392,,,,,Gloucester,,26.17647,,,,,Gloucester,,31.92744,,,,,Gloucester,,50.8658,,,,,Gloucester,35.852,,,,,,,,,Gloucester,7.44,,"coefficient of variation is less than or equal to 5%, estimate is considered precise.",,,,,,Gloucester,7.63,,"coefficient of variation is less than or equal to 5%, estimate is considered precise.",,,,,,Gloucester,7.38,,"coefficient of variation is less than or equal to 5%, estimate is considered precise.",,,,,,Gloucester,2.36,,"coefficient of variation is greater than 10% but less than or equal to 20%, estimate is considered acceptable.",,,,,Gloucester,9.0,,,,,,,,,,
E07000082,,,Stroud,31.92,,,,,,Stroud,597.8,,,,,,Stroud,,88,,,,,,,,,Stroud,,1.9,,,,,,Stroud,23267.0,,,,,,Stroud,475.0,,,,,,Stroud,525.0,,,,,,Stroud,5900.0,,,,,,Stroud,20.0,,,,,,,,,,,,,,,,,,,,,,,,,,,,Stroud,13.7396124046504,,,,,Stroud,8.08280511326904,,,,,Stroud,11.3947545979122,,,Stroud,42.2,,,Stroud,98.94,,,,,,,,,,Stroud,80.92050209,,,,,,,,,,,,,,,,,,,,,,,,,,,,Stroud,84.1,,,,,Stroud,72.9,,,,,Stroud,80.8,,,,,,,,,,,Stroud,,900.0,,,,,,Stroud,,468,,,,,,,Stroud,,69.7,,,,,,,,Stroud,,5020.0,,,,,,,,,,,,,,,,,,,,,,,,Stroud,8.7,,,,,Stroud,,7.17489,,,,,Stroud,,18.43137,,,,,Stroud,,26.75639,,,,,Stroud,,54.68165,,,,,Stroud,25.6954,,,,,,,,,Stroud,7.46,,"coefficient of variation is less than or equal to 5%, estimate is considered precise.",,,,,,Stroud,7.7,,"coefficient of variation is less than or equal to 5%, estimate is considered precise.",,,,,,Stroud,7.09,,"coefficient of variation is less than or equal to 5%, estimate is considered precise.",,,,,,Stroud,3.31,,"coefficient of variation is greater than 5% but less than or equal to 10%, estimate is considered reasonably precise.",,,,,Stroud,11.0,,,,,,,,,,
E07000083,,,Tewkesbury,38.22,,,,,,Tewkesbury,549,,,,,,Tewkesbury,,79.8,,,,,,,,,Tewkesbury,,2.5,,,,,,Tewkesbury,21705.0,,,,,,Tewkesbury,365.0,,,,,,Tewkesbury,440.0,,,,,,Tewkesbury,4320.0,,,,,,Tewkesbury,15.0,,,,,,,,,,,,,,,,,,,,,,,,,,,,Tewkesbury,11.5429846541881,,,,,Tewkesbury,7.67402135559973,,,,,Tewkesbury,10.1023050871068,,,Tewkesbury,75.2,,,Tewkesbury,99.77,,,,,,,,,,Tewkesbury,77.028348,,,,,,,,,,,,,,,,,,,,,,,,,,,,Tewkesbury,86.4,,,,,Tewkesbury,75.2,,,,,Tewkesbury,82.8,,,,,,,,,,,Tewkesbury,,1025.0,,,,,,Tewkesbury,,539,,,,,,,Tewkesbury,,59.5,,,,,,,,Tewkesbury,,4488.0,,,,,,,,,,,,,,,,,,,,,,,,Tewkesbury,9.3,,,,,Tewkesbury,,8.57143,,,,,Tewkesbury,,20.19231,,,,,Tewkesbury,,31.31167,,,,,Tewkesbury,,61.23457,,,,,Tewkesbury,26.59628,,,,,,,,,Tewkesbury,7.62,,"coefficient of variation is less than or equal to 5%, estimate is considered precise.",,,,,,Tewkesbury,7.7,,"coefficient of variation is less than or equal to 5%, estimate is considered precise.",,,,,,Tewkesbury,7.37,,"coefficient of variation is less than or equal to 5%, estimate is considered precise.",,,,,,Tewkesbury,2.84,,"coefficient of variation is greater than 10% but less than or equal to 20%, estimate is considered acceptable.",,,,,Tewkesbury,27.0,,,,,,,,,,
E07000084,,,Basingstoke and Deane,50.3,,,,,,Basingstoke and Deane,655.2,,,,,,Basingstoke and Deane,,82.1,,,,,,,,,Basingstoke and Deane,,3.3,,,,,,Basingstoke and Deane,24448.0,,,,,,Basingstoke and Deane,650.0,,,,,,Basingstoke and Deane,970.0,,,,,,Basingstoke and Deane,7695.0,,,,,,Basingstoke and Deane,20.0,,,,,,,,,,,,,,,,,,,,,,,,,,,,Basingstoke and Deane,14.0073679081185,,,,,Basingstoke and Deane,8.11300552860694,,,,,Basingstoke and Deane,10.7979188120604,,,Basingstoke and Deane,66.7,,,Basingstoke and Deane,99.87,,,,,,,,,,Basingstoke and Deane,75.71144937,,,,,,,,,,,,,,,,,,,,,,,,,,,,Basingstoke and Deane,84.5,,,,,Basingstoke and Deane,74.0,,,,,Basingstoke and Deane,81.5,,,,,,,,,,,Basingstoke and Deane,,914.0,,,,,,Basingstoke and Deane,,439,,,,,,,Basingstoke and Deane,,60.4,,,,,,,,Basingstoke and Deane,,4468.0,,,,,,,,,,,,,,,,,,,,,,,,Basingstoke and Deane,11.1,,,,,Basingstoke and Deane,,8.50515,,,,,Basingstoke and Deane,,20.04717,,,,,Basingstoke and Deane,,28.29541,,,,,Basingstoke and Deane,,56.03675,,,,,Basingstoke and Deane,24.46435,,,,,,,,,Basingstoke and Deane,7.26,,"coefficient of variation is less than or equal to 5%, estimate is considered precise.",,,,,,Basingstoke and Deane,7.62,,"coefficient of variation is less than or equal to 5%, estimate is considered precise.",,,,,,Basingstoke and Deane,7.32,,"coefficient of variation is greater than 5% but less than or equal to 10%, estimate is considered reasonably precise.",,,,,,Basingstoke and Deane,3.38,,"coefficient of variation is greater than 10% but less than or equal to 20%, estimate is considered acceptable.",,,,,Basingstoke and Deane,12.0,,,,,,,,,,
E07000085,,,East Hampshire,37.04,,,,,,East Hampshire,626.5,,,,,,East Hampshire,,81.9,,,,,,,,,East Hampshire,,3.1,,,,,,East Hampshire,26545.0,,,,,,East Hampshire,595.0,,,,,,East Hampshire,725.0,,,,,,East Hampshire,6780.0,,,,,,East Hampshire,25.0,,,,,,,,,,,,,,,,,,,,,,,,,,,,East Hampshire,14.5502547812903,,,,,East Hampshire,8.1858845081035,,,,,East Hampshire,11.8265282723361,,,East Hampshire,64.8,,,East Hampshire,99.82,,,,,,,,,,East Hampshire,83.9467502,,,,,,,,,,,,,,,,,,,,,,,,,,,,East Hampshire,86.7,,,,,East Hampshire,75.2,,,,,East Hampshire,83.2,,,,,,,,,,,East Hampshire,,855.0,,,,,,East Hampshire,,412,,,,,,,East Hampshire,,56.4,,,,,,,,East Hampshire,,4007.0,,,,,,,,,,,,,,,,,,,,,,,,East Hampshire,9.2,,,,,East Hampshire,,7.589289999999999,,,,,East Hampshire,,15.81028,,,,,East Hampshire,,18.90649,,,,,East Hampshire,,58.54037,,,,,East Hampshire,16.48128,,,,,,,,,East Hampshire,7.58,,"coefficient of variation is less than or equal to 5%, estimate is considered precise.",,,,,,East Hampshire,7.9,,"coefficient of variation is less than or equal to 5%, estimate is considered precise.",,,,,,East Hampshire,7.41,,"coefficient of variation is less than or equal to 5%, estimate is considered precise.",,,,,,East Hampshire,3.49,,"coefficient of variation is greater than 5% but less than or equal to 10%, estimate is considered reasonably precise.",,,,,East Hampshire,9.0,,,,,,,,,,
E07000086,,,Eastleigh,41.89,,,,,,Eastleigh,593.7,,,,,,Eastleigh,,87.6,,,,,,,,,Eastleigh,,2.3,,,,,,Eastleigh,21585.0,,,,,,Eastleigh,555.0,,,,,,Eastleigh,730.0,,,,,,Eastleigh,5915.0,,,,,,Eastleigh,15.0,,,,,,,,,,,,,,,,,,,,,,,,,,,,Eastleigh,9.54333663746068,,,,,Eastleigh,7.14319844610337,,,,,Eastleigh,8.66256349531895,,,Eastleigh,76.2,,,Eastleigh,100.0,,,,,,,,,,Eastleigh,83.97480756,,,,,,,,,,,,,,,,,,,,,,,,,,,,Eastleigh,87.4,,,,,Eastleigh,76.9,,,,,Eastleigh,85.1,,,,,,,,,,,Eastleigh,,1080.0,,,,,,Eastleigh,,501,,,,,,,Eastleigh,,56.7,,,,,,,,Eastleigh,,4655.0,,,,,,,,,,,,,,,,,,,,,,,,Eastleigh,11.7,,,,,Eastleigh,,8.60927,,,,,Eastleigh,,18.34862,,,,,Eastleigh,,32.74142,,,,,Eastleigh,,56.41838000000001,,,,,Eastleigh,20.77513,,,,,,,,,Eastleigh,7.82,,"coefficient of variation is less than or equal to 5%, estimate is considered precise.",,,,,,Eastleigh,7.72,,"coefficient of variation is less than or equal to 5%, estimate is considered precise.",,,,,,Eastleigh,7.29,,"coefficient of variation is less than or equal to 5%, estimate is considered precise.",,,,,,Eastleigh,3.46,,"coefficient of variation is greater than 10% but less than or equal to 20%, estimate is considered acceptable.",,,,,Eastleigh,11.0,,,,,,,,,,
E07000087,,,Fareham,39.02,,,,,,Fareham,651.8,,,,,,Fareham,,86.3,,,,,,,,,Fareham,,2.4,,,,,,Fareham,22483.0,,,,,,Fareham,385.0,,,,,,Fareham,485.0,,,,,,Fareham,4775.0,,,,,,Fareham,20.0,,,,,,,,,,,,,,,,,,,,,,,,,,,,Fareham,12.0983697931216,,,,,Fareham,7.756584877983,,,,,Fareham,9.81550535797708,,,Fareham,86.0,,,Fareham,100.0,,,,,,,,,,Fareham,76.6429137,,,,,,,,,,,,,,,,,,,,,,,,,,,,Fareham,85.7,,,,,Fareham,74.2,,,,,Fareham,80.8,,,,,,,,,,,Fareham,,2510.0,,,,,,Fareham,,922,,,,,,,Fareham,,67.5,,,,,,,,Fareham,,8560.0,,,,,,,,,,,,,,,,,,,,,,,,Fareham,11.9,,,,,Fareham,,8.65385,,,,,Fareham,,17.15481,,,,,Fareham,,30.2228,,,,,Fareham,,55.89744,,,,,Fareham,19.77947,,,,,,,,,Fareham,7.73,,"coefficient of variation is less than or equal to 5%, estimate is considered precise.",,,,,,Fareham,7.95,,"coefficient of variation is less than or equal to 5%, estimate is considered precise.",,,,,,Fareham,7.64,,"coefficient of variation is less than or equal to 5%, estimate is considered precise.",,,,,,Fareham,2.75,,"coefficient of variation is greater than 10% but less than or equal to 20%, estimate is considered acceptable.",,,,,Fareham,3.0,,,,,,,,,,
E07000088,,,Gosport,35.2,,,,,,Gosport,557.6,,,,,,Gosport,,79.7,,,,,,,,,Gosport,,3.4,,,,,,Gosport,19027.0,,,,,,Gosport,220.0,,,,,,Gosport,255.0,,,,,,Gosport,2105.0,,,,,,Gosport,5.0,,,,,,,,,,,,,,,,,,,,,,,,,,,,Gosport,9.2260150492038,,,,,Gosport,6.96468616950645,,,,,Gosport,8.35891476837008,,,Gosport,89.4,,,Gosport,100.0,,,,,,,,,,Gosport,70.49861496,,,,,,,,,,,,,,,,,,,,,,,,,,,,Gosport,82.9,,,,,Gosport,69.5,,,,,Gosport,78.5,,,,,,,,,,,Gosport,,2736.0,,,,,,Gosport,,1493,,,,,,,Gosport,,52.4,,,,,,,,Gosport,,11090.0,,,,,,,,,,,,,,,,,,,,,,,,Gosport,17.8,,,,,Gosport,,10.06289,,,,,Gosport,,25.42373,,,,,Gosport,,34.60914,,,,,Gosport,,52,,,,,Gosport,25.58909,,,,,,,,,Gosport,7.68,,"coefficient of variation is less than or equal to 5%, estimate is considered precise.",,,,,,Gosport,7.86,,"coefficient of variation is less than or equal to 5%, estimate is considered precise.",,,,,,Gosport,7.67,,"coefficient of variation is less than or equal to 5%, estimate is considered precise.",,,,,,Gosport,3.26,,"coefficient of variation is greater than 10% but less than or equal to 20%, estimate is considered acceptable.",,,,,Gosport,1.0,,,,,,,,,,
E07000089,,,Hart,59.09,,,,,,Hart,673.8,,,,,,Hart,,79.8,,,,,,,,,Hart,,3,,,,,,Hart,28565.0,,,,,,Hart,430.0,,,,,,Hart,550.0,,,,,,Hart,4945.0,,,,,,Hart,15.0,,,,,,,,,,,,,,,,,,,,,,,,,,,,Hart,11.7517750753742,,,,,Hart,7.33754428304869,,,,,Hart,9.18596609302934,,,Hart,74.6,,,Hart,100.0,,,,,,,,,,Hart,87.51219512,,,,,,,,,,,,,,,,,,,,,,,,,,,,Hart,88.6,,,,,Hart,78.1,,,,,Hart,85.8,,,,,,,,,,,Hart,,864.0,,,,,,Hart,,438,,,,,,,Hart,,69.4,,,,,,,,Hart,,3843.0,,,,,,,,,,,,,,,,,,,,,,,,Hart,10.4,,,,,Hart,,3.9604,,,,,Hart,,16.59389,,,,,Hart,,20.39007,,,,,Hart,,56.7696,,,,,Hart,16.17849,,,,,,,,,Hart,7.45,,"coefficient of variation is less than or equal to 5%, estimate is considered precise.",,,,,,Hart,7.61,,"coefficient of variation is less than or equal to 5%, estimate is considered precise.",,,,,,Hart,7.46,,"coefficient of variation is less than or equal to 5%, estimate is considered precise.",,,,,,Hart,3.14,,"coefficient of variation is greater than 10% but less than or equal to 20%, estimate is considered acceptable.",,,,,Hart,14.0,,,,,,,,,,
E07000090,,,Havant,38.15,,,,,,Havant,550.6,,,,,,Havant,,69,,,,,,,,,Havant,,4,,,,,,Havant,20998.0,,,,,,Havant,485.0,,,,,,Havant,570.0,,,,,,Havant,4815.0,,,,,,Havant,15.0,,,,,,,,,,,,,,,,,,,,,,,,,,,,Havant,13.3669393378712,,,,,Havant,8.15591445975513,,,,,Havant,10.2729774676131,,,Havant,88.3,,,Havant,100.0,,,,,,,,,,Havant,69.14893617,,,,,,,,,,,,,,,,,,,,,,,,,,,,Havant,83.8,,,,,Havant,69.5,,,,,Havant,78.0,,,,,,,,,,,Havant,,1099.0,,,,,,Havant,,531,,,,,,,Havant,,54.9,,,,,,,,Havant,,4942.0,,,,,,,,,,,,,,,,,,,,,,,,Havant,10.2,,,,,Havant,,7.234039999999999,,,,,Havant,,21.93309,,,,,Havant,,29.60687,,,,,Havant,,52.08012,,,,,Havant,22.8325,,,,,,,,,Havant,7.61,,"coefficient of variation is less than or equal to 5%, estimate is considered precise.",,,,,,Havant,7.93,,"coefficient of variation is less than or equal to 5%, estimate is considered precise.",,,,,,Havant,7.77,,"coefficient of variation is less than or equal to 5%, estimate is considered precise.",,,,,,Havant,2.68,,"coefficient of variation is greater than 10% but less than or equal to 20%, estimate is considered acceptable.",,,,,Havant,9.0,,,,,,,,,,
E07000091,,,New Forest,42.98,,,,,,New Forest,563.7,,,,,,New Forest,,80,,,,,,,,,New Forest,,2.9,,,,,,New Forest,25253.0,,,,,,New Forest,685.0,,,,,,New Forest,765.0,,,,,,New Forest,8265.0,,,,,,New Forest,35.0,,,,,,,,,,,,,,,,,,,,,,,,,,,,New Forest,13.272520719031,,,,,New Forest,7.77364199715846,,,,,New Forest,10.4402449235722,,,New Forest,37.5,,,New Forest,99.06,,,,,,,,,,New Forest,77.24222087,,,,,,,,,,,,,,,,,,,,,,,,,,,,New Forest,86.9,,,,,New Forest,75.7,,,,,New Forest,82.3,,,,,,,,,,,New Forest,,927.0,,,,,,New Forest,,462,,,,,,,New Forest,,59.9,,,,,,,,New Forest,,5220.0,,,,,,,,,,,,,,,,,,,,,,,,New Forest,6.8,,,,,New Forest,,7.8853,,,,,New Forest,,17.64706,,,,,New Forest,,22.01576,,,,,New Forest,,56.15942,,,,,New Forest,19.03886,,,,,,,,,New Forest,7.81,,"coefficient of variation is less than or equal to 5%, estimate is considered precise.",,,,,,New Forest,7.91,,"coefficient of variation is less than or equal to 5%, estimate is considered precise.",,,,,,New Forest,7.49,,"coefficient of variation is less than or equal to 5%, estimate is considered precise.",,,,,,New Forest,2.97,,"coefficient of variation is greater than 10% but less than or equal to 20%, estimate is considered acceptable.",,,,,New Forest,3.0,,,,,,,,,,
E07000092,,,Rushmoor,77.92,,,,,,Rushmoor,591.1,,,,,,Rushmoor,,83.1,,,,,,,,,Rushmoor,,3,,,,,,Rushmoor,20285.0,,,,,,Rushmoor,365.0,,,,,,Rushmoor,405.0,,,,,,Rushmoor,3585.0,,,,,,Rushmoor,15.0,,,,,,,,,,,,,,,,,,,,,,,,,,,,Rushmoor,9.66813873426929,,,,,Rushmoor,6.95874025905574,,,,,Rushmoor,8.39952520373653,,,Rushmoor,88.3,,,Rushmoor,100.0,,,,,,,,,,Rushmoor,70.12578616,,,,,,,,,,,,,,,,,,,,,,,,,,,,Rushmoor,80.5,,,,,Rushmoor,68.2,,,,,Rushmoor,79.8,,,,,,,,,,,Rushmoor,,939.0,,,,,,Rushmoor,,429,,,,,,,Rushmoor,,58.7,,,,,,,,Rushmoor,,4719.0,,,,,,,,,,,,,,,,,,,,,,,,Rushmoor,18.4,,,,,Rushmoor,,10.38961,,,,,Rushmoor,,23.42342,,,,,Rushmoor,,30.66399,,,,,Rushmoor,,50.30864,,,,,Rushmoor,27.59413,,,,,,,,,Rushmoor,6.71,,"coefficient of variation is greater than 5% but less than or equal to 10%, estimate is considered reasonably precise.",,,,,,Rushmoor,7.22,,"coefficient of variation is greater than 5% but less than or equal to 10%, estimate is considered reasonably precise.",,,,,,Rushmoor,6.98,,"coefficient of variation is greater than 5% but less than or equal to 10%, estimate is considered reasonably precise.",,,,,,Rushmoor,4.33,,"coefficient of variation is greater than 10% but less than or equal to 20%, estimate is considered acceptable.",,,,,Rushmoor,9.0,,,,,,,,,,
E07000093,,,Test Valley,35.54,,,,,,Test Valley,617.8,,,,,,Test Valley,,82.6,,,,,,,,,Test Valley,,2.3,,,,,,Test Valley,24434.0,,,,,,Test Valley,565.0,,,,,,Test Valley,625.0,,,,,,Test Valley,6230.0,,,,,,Test Valley,35.0,,,,,,,,,,,,,,,,,,,,,,,,,,,,Test Valley,14.3889971179256,,,,,Test Valley,8.34973496501287,,,,,Test Valley,11.5923277473052,,,Test Valley,68.1,,,Test Valley,99.53,,,,,,,,,,Test Valley,78.34274953,,,,,,,,,,,,,,,,,,,,,,,,,,,,Test Valley,87.7,,,,,Test Valley,75.6,,,,,Test Valley,84.4,,,,,,,,,,,Test Valley,,1064.0,,,,,,Test Valley,,474,,,,,,,Test Valley,,63.4,,,,,,,,Test Valley,,4691.0,,,,,,,,,,,,,,,,,,,,,,,,Test Valley,7.5,,,,,Test Valley,,7.490639999999999,,,,,Test Valley,,17.25352,,,,,Test Valley,,22.22352,,,,,Test Valley,,59.85185,,,,,Test Valley,21.36274,,,,,,,,,Test Valley,7.9,,"coefficient of variation is less than or equal to 5%, estimate is considered precise.",,,,,,Test Valley,7.91,,"coefficient of variation is less than or equal to 5%, estimate is considered precise.",,,,,,Test Valley,7.47,,"coefficient of variation is less than or equal to 5%, estimate is considered precise.",,,,,,Test Valley,3.14,,"coefficient of variation is greater than 10% but less than or equal to 20%, estimate is considered acceptable.",,,,,Test Valley,7.0,,,,,,,,,,
E07000094,,,Winchester,40.09,,,,,,Winchester,643.4,,,,,,Winchester,,77.1,,,,,,,,,Winchester,,3,,,,,,Winchester,28022.0,,,,,,Winchester,765.0,,,,,,Winchester,695.0,,,,,,Winchester,8490.0,,,,,,Winchester,40.0,,,,,,,,,,,,,,,,,,,,,,,,,,,,Winchester,12.2905390281105,,,,,Winchester,7.80878348069123,,,,,Winchester,10.6685645547405,,,Winchester,56.1,,,Winchester,98.77,,,,,,,,,,Winchester,87.83557047,,,,,,,,,,,,,,,,,,,,,,,,,,,,Winchester,90.3,,,,,Winchester,79.4,,,,,Winchester,85.2,,,,,,,,,,,Winchester,,1500.0,,,,,,Winchester,,835,,,,,,,Winchester,,67.4,,,,,,,,Winchester,,5431.0,,,,,,,,,,,,,,,,,,,,,,,,Winchester,5.5,,,,,Winchester,,7.32759,,,,,Winchester,,14.06844,,,,,Winchester,,15.85706,,,,,Winchester,,58.17223000000001,,,,,Winchester,18.41124,,,,,,,,,Winchester,7.72,,"coefficient of variation is less than or equal to 5%, estimate is considered precise.",,,,,,Winchester,7.97,,"coefficient of variation is less than or equal to 5%, estimate is considered precise.",,,,,,Winchester,7.2,,"coefficient of variation is less than or equal to 5%, estimate is considered precise.",,,,,,Winchester,3.43,,"coefficient of variation is greater than 10% but less than or equal to 20%, estimate is considered acceptable.",,,,,Winchester,19.0,,,,,,,,,,
E07000095,,,Broxbourne,37.22,,,,,,Broxbourne,638.2,,,,,,Broxbourne,,74.6,,,,,,,,,Broxbourne,,4.6,,,,,,Broxbourne,22288.0,,,,,,Broxbourne,560.0,,,,,,Broxbourne,550.0,,,,,,Broxbourne,4920.0,,,,,,Broxbourne,10.0,,,,,,,,,,,,,,,,,,,,,,,,,,,,Broxbourne,10.8262119191821,,,,,Broxbourne,7.48206136155243,,,,,Broxbourne,9.18864976829295,,,Broxbourne,84.8,,,Broxbourne,100.0,,,,,,,,,,Broxbourne,78.12781278,,,,,,,,,,,,,,,,,,,,,,,,,,,,Broxbourne,79.3,,,,,Broxbourne,68.7,,,,,Broxbourne,78.1,,,,,,,,,,,Broxbourne,,794.0,,,,,,Broxbourne,,415,,,,,,,Broxbourne,,48.8,,,,,,,,Broxbourne,,4200.0,,,,,,,,,,,,,,,,,,,,,,,,Broxbourne,17.9,,,,,Broxbourne,,8.75,,,,,Broxbourne,,24.0566,,,,,Broxbourne,,28.90475,,,,,Broxbourne,,na,Value not published for data quality reasons,,,,Broxbourne,25.56933,,,,,,,,,Broxbourne,7.56,,"coefficient of variation is less than or equal to 5%, estimate is considered precise.",,,,,,Broxbourne,7.75,,"coefficient of variation is less than or equal to 5%, estimate is considered precise.",,,,,,Broxbourne,7.21,,"coefficient of variation is less than or equal to 5%, estimate is considered precise.",,,,,,Broxbourne,4.3,,"coefficient of variation is greater than 10% but less than or equal to 20%, estimate is considered acceptable.",,,,,Broxbourne,12.0,,,,,,,,,,
E07000096,,,Dacorum,27.31,,,,,,Dacorum,608.4,,,,,,Dacorum,,71.8,,,,,,,,,Dacorum,,3.8,,,,,,Dacorum,26170.0,,,,,,Dacorum,935.0,,,,,,Dacorum,1030.0,,,,,,Dacorum,8855.0,,,,,,Dacorum,25.0,,,,,,,,,,,,,,,,,,,,,,,,,,,,Dacorum,12.5567235649678,,,,,Dacorum,7.8690070560229,,,,,Dacorum,10.1875594979697,,,Dacorum,83.1,,,Dacorum,99.93,,,,,,,,,,Dacorum,75.89531679999999,,,,,,,,,,,,,,,,,,,,,,,,,,,,Dacorum,78.5,,,,,Dacorum,67.1,,,,,Dacorum,75.1,,,,,,,,,,,Dacorum,,716.0,,,,,,Dacorum,,367,,,,,,,Dacorum,,48.3,,,,,,,,Dacorum,,4166.0,,,,,,,,,,,,,,,,,,,,,,,,Dacorum,11.2,,,,,Dacorum,,9.14127,,,,,Dacorum,,18.67816,,,,,Dacorum,,22.64951,,,,,Dacorum,,53.23383,,,,,Dacorum,22.90752,,,,,,,,,Dacorum,7.6,,"coefficient of variation is less than or equal to 5%, estimate is considered precise.",,,,,,Dacorum,7.92,,"coefficient of variation is less than or equal to 5%, estimate is considered precise.",,,,,,Dacorum,7.71,,"coefficient of variation is less than or equal to 5%, estimate is considered precise.",,,,,,Dacorum,2.87,,"coefficient of variation is greater than 10% but less than or equal to 20%, estimate is considered acceptable.",,,,,Dacorum,9.0,,,,,,,,,,
E07000097,,,,,,,,,,,,,,,,,,,,,,,,,,,,,,,,,,,,,,,,,,,,,,,,,,,,,,,,,,,,,,,,,,,,,,,,,,,,,,,,,,,,,,,,,,,,,East Hertfordshire,12.653111779533,Obsolete code since 2013 (replaced by E07000242 East Hertfordshire),,,,East Hertfordshire,7.8545924085056,Obsolete code since 2013 (replaced by E07000242 East Hertfordshire),,,,East Hertfordshire,10.6762805783514,Obsolete code since 2013 (replaced by E07000242 East Hertfordshire),,,,,,,,,,,,,,,,,,,,,,,,,,,,,,,,,,,,,,,,,,,,,,,,,,,,,,,,,,,,,,,,,,,,,,,,,,,,,,,,,,,,,,,,,,,,,,,,,,,,,,,,,,,,,,,,,,,,,,,,,,,,,,,,,,,,,,,,,,,,,,,,,,,,,,,,,,,,,,,,,,,,,,,,,,,,,,,,,,,,,,,,,,,,,,,,,,,,,,,,,,,,,,,,,,,,,
E07000098,,,Hertsmere,44.88,,,,,,Hertsmere,621.4,,,,,,Hertsmere,,77.4,,,,,,,,,Hertsmere,,3.2,,,,,,Hertsmere,30800.0,,,,,,Hertsmere,860.0,,,,,,Hertsmere,965.0,,,,,,Hertsmere,8445.0,,,,,,Hertsmere,25.0,,,,,,,,,,,,,,,,,,,,,,,,,,,,Hertsmere,7.88738628288391,,,,,Hertsmere,6.80562732188112,,,,,Hertsmere,7.75981787149249,,,Hertsmere,81.9,,,Hertsmere,100.0,,,,,,,,,,Hertsmere,79.44126074,,,,,,,,,,,,,,,,,,,,,,,,,,,,Hertsmere,82.7,,,,,Hertsmere,72.4,,,,,Hertsmere,77.8,,,,,,,,,,,Hertsmere,,647.0,,,,,,Hertsmere,,309,,,,,,,Hertsmere,,67.2,,,,,,,,Hertsmere,,3885.0,,,,,,,,,,,,,,,,,,,,,,,,Hertsmere,12,,,,,Hertsmere,,7.58294,,,,,Hertsmere,,19.81567,,,,,Hertsmere,,22.15878,,,,,Hertsmere,,59.75976,,,,,Hertsmere,21.79805,,,,,,,,,Hertsmere,7.46,,"coefficient of variation is less than or equal to 5%, estimate is considered precise.",,,,,,Hertsmere,7.69,,"coefficient of variation is less than or equal to 5%, estimate is considered precise.",,,,,,Hertsmere,6.9,,"coefficient of variation is greater than 5% but less than or equal to 10%, estimate is considered reasonably precise.",,,,,,Hertsmere,3.01,,"coefficient of variation is greater than 10% but less than or equal to 20%, estimate is considered acceptable.",,,,,Hertsmere,2.0,,,,,,,,,,
E07000099,,,North Hertfordshire,40.22,,,,,,North Hertfordshire,689.9,,,,,,North Hertfordshire,,81.3,,,,,,,,,North Hertfordshire,,2.8,,,,,,North Hertfordshire,25574.0,,,,,,North Hertfordshire,635.0,,,,,,North Hertfordshire,685.0,,,,,,North Hertfordshire,6750.0,,,,,,North Hertfordshire,20.0,,,,,,,,,,,,,,,,,,,,,,,,,,,,North Hertfordshire,12.4792563320876,,,,,North Hertfordshire,7.93146273138277,,,,,North Hertfordshire,10.5582382369387,,,North Hertfordshire,81.4,,,North Hertfordshire,99.99,,,,,,,,,,North Hertfordshire,78.84057971,,,,,,,,,,,,,,,,,,,,,,,,,,,,North Hertfordshire,82.8,,,,,North Hertfordshire,71.8,,,,,North Hertfordshire,80.6,,,,,,,,,,,North Hertfordshire,,823.0,,,,,,North Hertfordshire,,402,,,,,,,North Hertfordshire,,77.9,,,,,,,,North Hertfordshire,,3669.0,,,,,,,,,,,,,,,,,,,,,,,,North Hertfordshire,8.4,,,,,North Hertfordshire,,6.87285,,,,,North Hertfordshire,,15.49296,,,,,North Hertfordshire,,22.39315,,,,,North Hertfordshire,,56.63366,,,,,North Hertfordshire,24.47796,,,,,,,,,North Hertfordshire,7.61,,"coefficient of variation is less than or equal to 5%, estimate is considered precise.",,,,,,North Hertfordshire,7.82,,"coefficient of variation is less than or equal to 5%, estimate is considered precise.",,,,,,North Hertfordshire,7.59,,"coefficient of variation is less than or equal to 5%, estimate is considered precise.",,,,,,North Hertfordshire,3.36,,"coefficient of variation is greater than 5% but less than or equal to 10%, estimate is considered reasonably precise.",,,,,North Hertfordshire,8.0,,,,,,,,,,
E07000100,,,,,,,,,,,,,,,,,,,,,,,,,,,,,,,,,,,,,,,,,,,,,,,,,,,,,,,,,,,,,,,,,,,,,,,,,,,,,,,,,,,,,,,,,,,,,St Albans,10.0746249138276,Obsolete code since 2012 (replaced by E07000240 St Albans),,,,St Albans,7.31505889466539,Obsolete code since 2012 (replaced by E07000240 St Albans),,,,St Albans,8.94301583959309,Obsolete code since 2012 (replaced by E07000240 St Albans),,,,,,,,,,,,,,,,,,,,,,,,,,,,,,,,,,,,,,,,,,,,,,,,,,,,,,,,,,,,,,,,,,,,,,,,,,,,,,,,,,,,,,,,,,,,,,,,,,,,,,,,,,,,,,,,,,,,,,,,,,,,,,,,,,,,,,,,,,,,,,,,,,,,,,,,,,,,,,,,,,,,,,,,,,,,,,,,,,,,,,,,,,,,,,,,,,,,,,,,,,,,,,,,,,,,,
E07000101,,,,,,,,,,,,,,,,,,,,,,,,,,,,,,,,,,,,,,,,,,,,,,,,,,,,,,,,,,,,,,,,,,,,,,,,,,,,,,,,,,,,,,,,,,,,,Stevenage,17.0230831305994,Obsolete code since 2013 (replaced by E07000243 Stevenage),,,,Stevenage,9.12924691871309,Obsolete code since 2013 (replaced by E07000243 Stevenage),,,,Stevenage,13.2246710873956,Obsolete code since 2013 (replaced by E07000243 Stevenage),,,,,,,,,,,,,,,,,,,,,,,,,,,,,,,,,,,,,,,,,,,,,,,,,,,,,,,,,,,,,,,,,,,,,,,,,,,,,,,,,,,,,,,,,,,,,,,,,,,,,,,,,,,,,,,,,,,,,,,,,,,,,,,,,,,,,,,,,,,,,,,,,,,,,,,,,,,,,,,,,,,,,,,,,,,,,,,,,,,,,,,,,,,,,,,,,,,,,,,,,,,,,,,,,,,,,
E07000102,,,Three Rivers,61.83,,,,,,Three Rivers,651.6,,,,,,Three Rivers,,78.3,,,,,,,,,Three Rivers,,3.3,,,,,,Three Rivers,29956.0,,,,,,Three Rivers,565.0,,,,,,Three Rivers,655.0,,,,,,Three Rivers,5880.0,,,,,,Three Rivers,25.0,,,,,,,,,,,,,,,,,,,,,,,,,,,,Three Rivers,14.0923871069926,,,,,Three Rivers,8.22717224672084,,,,,Three Rivers,11.1946768533678,,,Three Rivers,87.3,,,Three Rivers,99.95,,,,,,,,,,Three Rivers,87.81818182,,,,,,,,,,,,,,,,,,,,,,,,,,,,Three Rivers,85.1,,,,,Three Rivers,76.2,,,,,Three Rivers,83.9,,,,,,,,,,,Three Rivers,,752.0,,,,,,Three Rivers,,364,,,,,,,Three Rivers,,63.5,,,,,,,,Three Rivers,,3705.0,,,,,,,,,,,,,,,,,,,,,,,,Three Rivers,7.8,,,,,Three Rivers,,6.25,,,,,Three Rivers,,16.58537,,,,,Three Rivers,,20.22454,,,,,Three Rivers,,57.34072,,,,,Three Rivers,18.49476,,,,,,,,,Three Rivers,6.84,,"coefficient of variation is greater than 5% but less than or equal to 10%, estimate is considered reasonably precise.",,,,,,Three Rivers,6.95,,"coefficient of variation is greater than 10% but less than or equal to 20%, estimate is considered acceptable.",,,,,,Three Rivers,7.04,,"coefficient of variation is greater than 5% but less than or equal to 10%, estimate is considered reasonably precise.",,,,,,Three Rivers,3.35,,"coefficient of variation is greater than 10% but less than or equal to 20%, estimate is considered acceptable.",,,,,Three Rivers,5.0,,,,,,,,,,
E07000103,,,Watford,39.41,,,,,,Watford,643.4,,,,,,Watford,,83,,,,,,,,,Watford,,3.8,,,,,,Watford,22578.0,,,,,,Watford,720.0,,,,,,Watford,750.0,,,,,,Watford,5735.0,,,,,,Watford,25.0,,,,,,,,,,,,,,,,,,,,,,,,,,,,Watford,9.21702604321368,,,,,Watford,7.30739713434611,,,,,Watford,8.21705591618434,,,Watford,91.4,,,Watford,100.0,,,,,,,,,,Watford,78.75647668,,,,,,,,,,,,,,,,,,,,,,,,,,,,Watford,78.6,,,,,Watford,67.4,,,,,Watford,73.7,,,,,,,,,,,Watford,,745.0,,,,,,Watford,,302,,,,,,,Watford,,69,,,,,,,,Watford,,4479.0,,,,,,,,,,,,,,,,,,,,,,,,Watford,13.9,,,,,Watford,,6.58436,,,,,Watford,,21.77419,,,,,Watford,,22.38071,,,,,Watford,,61.31148,,,,,Watford,25.32963,,,,,,,,,Watford,7.11,,"coefficient of variation is less than or equal to 5%, estimate is considered precise.",,,,,,Watford,7.49,,"coefficient of variation is less than or equal to 5%, estimate is considered precise.",,,,,,Watford,6.93,,"coefficient of variation is less than or equal to 5%, estimate is considered precise.",,,,,,Watford,3.29,,"coefficient of variation is greater than 5% but less than or equal to 10%, estimate is considered reasonably precise.",,,,,Watford,18.0,,,,,,,,,,
E07000104,,,,,,,,,,,,,,,,,,,,,,,,,,,,,,,,,,,,,,,,,,,,,,,,,,,,,,,,,,,,,,,,,,,,,,,,,,,,,,,,,,,,,,,,,,,,,Welwyn Hatfield,12.2280563173961,Obsolete code since 2012 (replaced by E07000241 Welwyn Hatfield),,,,Welwyn Hatfield,7.67473613300197,Obsolete code since 2012 (replaced by E07000241 Welwyn Hatfield),,,,Welwyn Hatfield,9.91798805138935,Obsolete code since 2012 (replaced by E07000241 Welwyn Hatfield),,,,,,,,,,,,,,,,,,,,,,,,,,,,,,,,,,,,,,,,,,,,,,,,,,,,,,,,,,,,,,,,,,,,,,,,,,,,,,,,,,,,,,,,,,,,,,,,,,,,,,,,,,,,,,,,,,,,,,,,,,,,,,,,,,,,,,,,,,,,,,,,,,,,,,,,,,,,,,,,,,,,,,,,,,,,,,,,,,,,,,,,,,,,,,,,,,,,,,,,,,,,,,,,,,,,,
E07000105,,,Ashford,30.04,,,,,,Ashford,574.8,,,,,,Ashford,,64.8,,,,,,,,,Ashford,,3.9,,,,,,Ashford,22451.0,,,,,,Ashford,650.0,,,,,,Ashford,685.0,,,,,,Ashford,6365.0,,,,,,Ashford,25.0,,,,,,,,,,,,,,,,,,,,,,,,,,,,Ashford,13.6743414437085,,,,,Ashford,8.26247829757194,,,,,Ashford,11.5642098278561,,,Ashford,67.6,,,Ashford,99.68,,,,,,,,,,Ashford,71.09489051,,,,,,,,,,,,,,,,,,,,,,,,,,,,Ashford,79.7,,,,,Ashford,71.0,,,,,Ashford,79.5,,,,,,,,,,,Ashford,,993.0,,,,,,Ashford,,413,,,,,,,Ashford,,51.4,,,,,,,,Ashford,,5236.0,,,,,,,,,,,,,,,,,,,,,,,,Ashford,13.6,,,,,Ashford,,8.62069,,,,,Ashford,,22.18543,,,,,Ashford,,28.0833,,,,,Ashford,,58.49731999999999,,,,,Ashford,22.40999,,,,,,,,,Ashford,7.31,,"coefficient of variation is less than or equal to 5%, estimate is considered precise.",,,,,,Ashford,8.04,,"coefficient of variation is less than or equal to 5%, estimate is considered precise.",,,,,,Ashford,7.57,,"coefficient of variation is less than or equal to 5%, estimate is considered precise.",,,,,,Ashford,3.53,,"coefficient of variation is greater than 5% but less than or equal to 10%, estimate is considered reasonably precise.",,,,,Ashford,17.0,,,,,,,,,,
E07000106,,,Canterbury,30.34,,,,,,Canterbury,498.8,,,,,,Canterbury,,63,,,,,,,,,Canterbury,,4.1,,,,,,Canterbury,20865.0,,,,,,Canterbury,650.0,,,,,,Canterbury,615.0,,,,,,Canterbury,6045.0,,,,,,Canterbury,25.0,,,,,,,,,,,,,,,,,,,,,,,,,,,,Canterbury,10.3515337547046,,,,,Canterbury,7.37457344562143,,,,,Canterbury,9.4327838590122,,,Canterbury,52.7,,,Canterbury,99.92,,,,,,,,,,Canterbury,73.86215865,,,,,,,,,,,,,,,,,,,,,,,,,,,,Canterbury,78.0,,,,,Canterbury,67.5,,,,,Canterbury,76.6,,,,,,,,,,,Canterbury,,777.0,,,,,,Canterbury,,367,,,,,,,Canterbury,,60.6,,,,,,,,Canterbury,,4758.0,,,,,,,,,,,,,,,,,,,,,,,,Canterbury,11.2,,,,,Canterbury,,8.04598,,,,,Canterbury,,21.875,,,,,Canterbury,,29.53823,,,,,Canterbury,,56.1848,,,,,Canterbury,24.62016,,,,,,,,,Canterbury,7.46,,"coefficient of variation is less than or equal to 5%, estimate is considered precise.",,,,,,Canterbury,7.6,,"coefficient of variation is less than or equal to 5%, estimate is considered precise.",,,,,,Canterbury,7.37,,"coefficient of variation is less than or equal to 5%, estimate is considered precise.",,,,,,Canterbury,3.32,,"coefficient of variation is greater than 5% but less than or equal to 10%, estimate is considered reasonably precise.",,,,,Canterbury,9.0,,,,,,,,,,
E07000107,,,Dartford,37.35,,,,,,Dartford,642.2,,,,,,Dartford,,85.4,,,,,,,,,Dartford,,3.3,,,,,,Dartford,21742.0,,,,,,Dartford,655.0,,,,,,Dartford,735.0,,,,,,Dartford,5275.0,,,,,,Dartford,20.0,,,,,,,,,,,,,,,,,,,,,,,,,,,,Dartford,8.58687292125276,,,,,Dartford,7.0841526893163,,,,,Dartford,8.41691869750195,,,Dartford,73.9,,,Dartford,100.0,,,,,,,,,,Dartford,76.71232877,,,,,,,,,,,,,,,,,,,,,,,,,,,,Dartford,81.9,,,,,Dartford,72.5,,,,,Dartford,79.0,,,,,,,,,,,Dartford,,922.0,,,,,,Dartford,,407,,,,,,,Dartford,,57.5,,,,,,,,Dartford,,5245.0,,,,,,,,,,,,,,,,,,,,,,,,Dartford,12,,,,,Dartford,,10.15873,,,,,Dartford,,24.46483,,,,,Dartford,,23.64978,,,,,Dartford,,58.04416,,,,,Dartford,24.86786,,,,,,,,,Dartford,7.53,,"coefficient of variation is greater than 5% but less than or equal to 10%, estimate is considered reasonably precise.",,,,,,Dartford,8.33,,"coefficient of variation is less than or equal to 5%, estimate is considered precise.",,,,,,Dartford,7.64,,"coefficient of variation is less than or equal to 5%, estimate is considered precise.",,,,,,Dartford,2.88,,"coefficient of variation is greater than 10% but less than or equal to 20%, estimate is considered acceptable.",,,,,Dartford,15.0,,,,,,,,,,
E07000108,,,Dover,38.22,,,,,,Dover,552.7,,,,,,Dover,,76.7,,,,,,,,,Dover,,3.9,,,,,,Dover,20420.0,,,,,,Dover,390.0,,,,,,Dover,445.0,,,,,,Dover,3880.0,,,,,,Dover,15.0,,,,,,,,,,,,,,,,,,,,,,,,,,,,Dover,14.3903289973975,,,,,Dover,8.56502833526364,,,,,Dover,12.0545076362022,,,Dover,66.8,,,Dover,99.97,,,,,,,,,,Dover,72.89407840000001,,,,,,,,,,,,,,,,,,,,,,,,,,,,Dover,81.2,,,,,Dover,70.8,,,,,Dover,78.9,,,,,,,,,,,Dover,,1138.0,,,,,,Dover,,447,,,,,,,Dover,,55.3,,,,,,,,Dover,,5770.0,,,,,,,,,,,,,,,,,,,,,,,,Dover,11.8,,,,,Dover,,10.62802,,,,,Dover,,23.74429,,,,,Dover,,36.12976,,,,,Dover,,53.81818000000001,,,,,Dover,28.49343,,,,,,,,,Dover,7.18,,"coefficient of variation is less than or equal to 5%, estimate is considered precise.",,,,,,Dover,7.58,,"coefficient of variation is less than or equal to 5%, estimate is considered precise.",,,,,,Dover,7.34,,"coefficient of variation is less than or equal to 5%, estimate is considered precise.",,,,,,Dover,3.66,,"coefficient of variation is greater than 5% but less than or equal to 10%, estimate is considered reasonably precise.",,,,,Dover,10.0,,,,,,,,,,
E07000109,,,Gravesham,35.67,,,,,,Gravesham,623.8,,,,,,Gravesham,,84.4,,,,,,,,,Gravesham,,3.7,,,,,,Gravesham,21534.0,,,,,,Gravesham,575.0,,,,,,Gravesham,580.0,,,,,,Gravesham,4635.0,,,,,,Gravesham,20.0,,,,,,,,,,,,,,,,,,,,,,,,,,,,Gravesham,9.64807934610864,,,,,Gravesham,7.31794220736294,,,,,Gravesham,9.21356768190918,,,Gravesham,77.2,,,Gravesham,99.42,,,,,,,,,,Gravesham,71.73174873,,,,,,,,,,,,,,,,,,,,,,,,,,,,Gravesham,79.9,,,,,Gravesham,69.4,,,,,Gravesham,76.2,,,,,,,,,,,Gravesham,,939.0,,,,,,Gravesham,,390,,,,,,,Gravesham,,58.1,,,,,,,,Gravesham,,5445.0,,,,,,,,,,,,,,,,,,,,,,,,Gravesham,8.3,,,,,Gravesham,,11.2,,,,,Gravesham,,24.30556,,,,,Gravesham,,29.13027,,,,,Gravesham,,na,Value not published for data quality reasons,,,,Gravesham,29.90795,,,,,,,,,Gravesham,7.48,,"coefficient of variation is less than or equal to 5%, estimate is considered precise.",,,,,,Gravesham,8.14,,"coefficient of variation is less than or equal to 5%, estimate is considered precise.",,,,,,Gravesham,7.41,,"coefficient of variation is less than or equal to 5%, estimate is considered precise.",,,,,,Gravesham,3.05,,"coefficient of variation is greater than 10% but less than or equal to 20%, estimate is considered acceptable.",,,,,Gravesham,9.0,,,,,,,,,,
E07000110,,,Maidstone,35.16,,,,,,Maidstone,599.6,,,,,,Maidstone,,71.8,,,,,,,,,Maidstone,,3.5,,,,,,Maidstone,22586.0,,,,,,Maidstone,890.0,,,,,,Maidstone,955.0,,,,,,Maidstone,8830.0,,,,,,Maidstone,25.0,,,,,,,,,,,,,,,,,,,,,,,,,,,,Maidstone,10.9030200254713,,,,,Maidstone,7.44163465315721,,,,,Maidstone,9.2317331583104,,,Maidstone,72.2,,,Maidstone,99.23,,,,,,,,,,Maidstone,77.52808989,,,,,,,,,,,,,,,,,,,,,,,,,,,,Maidstone,82.1,,,,,Maidstone,73.5,,,,,Maidstone,80.9,,,,,,,,,,,Maidstone,,927.0,,,,,,Maidstone,,451,,,,,,,Maidstone,,72.2,,,,,,,,Maidstone,,4849.0,,,,,,,,,,,,,,,,,,,,,,,,Maidstone,7.8,,,,,Maidstone,,9.13462,,,,,Maidstone,,19.90291,,,,,Maidstone,,23.40867,,,,,Maidstone,,55.81395,,,,,Maidstone,25.67959,,,,,,,,,Maidstone,7.92,,"coefficient of variation is less than or equal to 5%, estimate is considered precise.",,,,,,Maidstone,8,,"coefficient of variation is less than or equal to 5%, estimate is considered precise.",,,,,,Maidstone,7.57,,"coefficient of variation is less than or equal to 5%, estimate is considered precise.",,,,,,Maidstone,3.01,,"coefficient of variation is greater than 5% but less than or equal to 10%, estimate is considered reasonably precise.",,,,,Maidstone,14.0,,,,,,,,,,
E07000111,,,Sevenoaks,46.04,,,,,,Sevenoaks,617.1,,,,,,Sevenoaks,,74.2,,,,,,,,,Sevenoaks,,3,,,,,,Sevenoaks,31292.0,,,,,,Sevenoaks,585.0,,,,,,Sevenoaks,630.0,,,,,,Sevenoaks,6980.0,,,,,,Sevenoaks,30.0,,,,,,,,,,,,,,,,,,,,,,,,,,,,Sevenoaks,11.9204730615269,,,,,Sevenoaks,7.77014725440301,,,,,Sevenoaks,10.2518948747192,,,Sevenoaks,68.6,,,Sevenoaks,99.61,,,,,,,,,,Sevenoaks,66.45833333,,,,,,,,,,,,,,,,,,,,,,,,,,,,Sevenoaks,84.2,,,,,Sevenoaks,75.5,,,,,Sevenoaks,83.0,,,,,,,,,,,Sevenoaks,,731.0,,,,,,Sevenoaks,,363,,,,,,,Sevenoaks,,63.2,,,,,,,,Sevenoaks,,4526.0,,,,,,,,,,,,,,,,,,,,,,,,Sevenoaks,15.3,,,,,Sevenoaks,,6.93878,,,,,Sevenoaks,,16.87243,,,,,Sevenoaks,,18.91841,,,,,Sevenoaks,,54.68085,,,,,Sevenoaks,20.23811,,,,,,,,,Sevenoaks,7.73,,"coefficient of variation is less than or equal to 5%, estimate is considered precise.",,,,,,Sevenoaks,8.08,,"coefficient of variation is less than or equal to 5%, estimate is considered precise.",,,,,,Sevenoaks,7.89,,"coefficient of variation is less than or equal to 5%, estimate is considered precise.",,,,,,Sevenoaks,2.71,,"coefficient of variation is greater than 10% but less than or equal to 20%, estimate is considered acceptable.",,,,,Sevenoaks,5.0,,,,,,,,,,
E07000112,,,Folkestone and Hythe,34.92,,,,,,Folkestone and Hythe,559.1,,,,,,Folkestone and Hythe,,68,,,,,,,,,Folkestone and Hythe,,5.1,,,,,,Folkestone and Hythe,22103.0,,,,,,Folkestone and Hythe,435.0,,,,,,Folkestone and Hythe,505.0,,,,,,Folkestone and Hythe,4070.0,,,,,,Folkestone and Hythe,10.0,,,,,,,,,,,,,,,,,,,,,,,,,,,,Folkestone and Hythe,13.1458871117232,,,,,Folkestone and Hythe,8.43022577647808,,,,,Folkestone and Hythe,11.8428774338835,,,Folkestone and Hythe,65.9,,,Folkestone and Hythe,99.4,,,,,,,,,,Folkestone and Hythe,70.68965517,,,,,,,,,,,,,,,,,,,,,,,,,,,,Folkestone and Hythe,80.9,,,,,Folkestone and Hythe,71.3,,,,,Folkestone and Hythe,78.6,,,,,,,,,,,Folkestone and Hythe,,1003.0,,,,,,Folkestone and Hythe,,397,,,,,,,Folkestone and Hythe,,62.6,,,,,,,,Folkestone and Hythe,,5967.0,,,,,,,,,,,,,,,,,,,,,,,,Folkestone and Hythe,18.9,,,,,Folkestone and Hythe,,8.90052,,,,,Folkestone and Hythe,,22.8972,,,,,Folkestone and Hythe,,29.10238,,,,,Folkestone and Hythe,,53.67793,,,,,Folkestone and Hythe,29.46553,,,,,,,,,Folkestone and Hythe,8.08,,"coefficient of variation is less than or equal to 5%, estimate is considered precise.",,,,,,Folkestone and Hythe,7.8,,"coefficient of variation is less than or equal to 5%, estimate is considered precise.",,,,,,Folkestone and Hythe,7.79,,"coefficient of variation is greater than 5% but less than or equal to 10%, estimate is considered reasonably precise.",,,,,,Folkestone and Hythe,2.66,,"coefficient of variation is greater than 20%, estimate is considered unreliable.",,,,,Folkestone and Hythe,8.0,,,,,,,,,,
E07000113,,,Swale,42.35,,,,,,Swale,566.6,,,,,,Swale,,74.8,,,,,,,,,Swale,,3.8,,,,,,Swale,20308.0,,,,,,Swale,565.0,,,,,,Swale,570.0,,,,,,Swale,5470.0,,,,,,Swale,25.0,,,,,,,,,,,,,,,,,,,,,,,,,,,,Swale,12.0498813103885,,,,,Swale,8.1041988631687,,,,,Swale,11.230031075095,,,Swale,72.3,,,Swale,99.73,,,,,,,,,,Swale,66.93766938,,,,,,,,,,,,,,,,,,,,,,,,,,,,Swale,78.8,,,,,Swale,69.4,,,,,Swale,78.7,,,,,,,,,,,Swale,,945.0,,,,,,Swale,,428,,,,,,,Swale,,57.5,,,,,,,,Swale,,5417.0,,,,,,,,,,,,,,,,,,,,,,,,Swale,11.1,,,,,Swale,,10.0,,,,,Swale,,22.6361,,,,,Swale,,32.13525,,,,,Swale,,54.34783,,,,,Swale,30.93257,,,,,,,,,Swale,7.42,,"coefficient of variation is less than or equal to 5%, estimate is considered precise.",,,,,,Swale,7.66,,"coefficient of variation is less than or equal to 5%, estimate is considered precise.",,,,,,Swale,7.75,,"coefficient of variation is less than or equal to 5%, estimate is considered precise.",,,,,,Swale,2.81,,"coefficient of variation is greater than 10% but less than or equal to 20%, estimate is considered acceptable.",,,,,Swale,12.0,,,,,,,,,,
E07000114,,,Thanet,28.04,,,,,,Thanet,510.2,,,,,,Thanet,,71.2,,,,,,,,,Thanet,,5.3,,,,,,Thanet,20151.0,,,,,,Thanet,570.0,,,,,,Thanet,520.0,,,,,,Thanet,4900.0,,,,,,Thanet,15.0,,,,,,,,,,,,,,,,,,,,,,,,,,,,Thanet,10.5235097285425,,,,,Thanet,7.26025131505253,,,,,Thanet,9.2295684632718,,,Thanet,68.4,,,Thanet,100.0,,,,,,,,,,Thanet,66.20900076,,,,,,,,,,,,,,,,,,,,,,,,,,,,Thanet,77.1,,,,,Thanet,64.5,,,,,Thanet,75.8,,,,,,,,,,,Thanet,,943.0,,,,,,Thanet,,425,,,,,,,Thanet,,59.8,,,,,,,,Thanet,,6221.0,,,,,,,,,,,,,,,,,,,,,,,,Thanet,12.8,,,,,Thanet,,9.893989999999999,,,,,Thanet,,24.82759,,,,,Thanet,,32.44677,,,,,Thanet,,49.45904,,,,,Thanet,32.1799,,,,,,,,,Thanet,7.61,,"coefficient of variation is less than or equal to 5%, estimate is considered precise.",,,,,,Thanet,7.86,,"coefficient of variation is less than or equal to 5%, estimate is considered precise.",,,,,,Thanet,7.69,,"coefficient of variation is less than or equal to 5%, estimate is considered precise.",,,,,,Thanet,2.5,,"coefficient of variation is greater than 10% but less than or equal to 20%, estimate is considered acceptable.",,,,,Thanet,9.0,,,,,,,,,,
E07000115,,,Tonbridge and Malling,43.74,,,,,,Tonbridge and Malling,597.7,,,,,,Tonbridge and Malling,,83.1,,,,,,,,,Tonbridge and Malling,,2.7,,,,,,Tonbridge and Malling,24915.0,,,,,,Tonbridge and Malling,645.0,,,,,,Tonbridge and Malling,635.0,,,,,,Tonbridge and Malling,6545.0,,,,,,Tonbridge and Malling,30.0,,,,,,,,,,,,,,,,,,,,,,,,,,,,Tonbridge and Malling,11.0585467460303,,,,,Tonbridge and Malling,7.54760830624364,,,,,Tonbridge and Malling,9.58624651173028,,,Tonbridge and Malling,74.2,,,Tonbridge and Malling,99.93,,,,,,,,,,Tonbridge and Malling,75.69489334,,,,,,,,,,,,,,,,,,,,,,,,,,,,Tonbridge and Malling,82.7,,,,,Tonbridge and Malling,72.1,,,,,Tonbridge and Malling,81.9,,,,,,,,,,,Tonbridge and Malling,,872.0,,,,,,Tonbridge and Malling,,373,,,,,,,Tonbridge and Malling,,48.3,,,,,,,,Tonbridge and Malling,,4323.0,,,,,,,,,,,,,,,,,,,,,,,,Tonbridge and Malling,6.7,,,,,Tonbridge and Malling,,7.692310000000001,,,,,Tonbridge and Malling,,16.83849,,,,,Tonbridge and Malling,,21.11013,,,,,Tonbridge and Malling,,56.41026,,,,,Tonbridge and Malling,23.59354,,,,,,,,,Tonbridge and Malling,7.5,,"coefficient of variation is less than or equal to 5%, estimate is considered precise.",,,,,,Tonbridge and Malling,7.93,,"coefficient of variation is less than or equal to 5%, estimate is considered precise.",,,,,,Tonbridge and Malling,7.57,,"coefficient of variation is less than or equal to 5%, estimate is considered precise.",,,,,,Tonbridge and Malling,3.04,,"coefficient of variation is greater than 5% but less than or equal to 10%, estimate is considered reasonably precise.",,,,,Tonbridge and Malling,9.0,,,,,,,,,,
E07000116,,,Tunbridge Wells,36.99,,,,,,Tunbridge Wells,651.5,,,,,,Tunbridge Wells,,85.6,,,,,,,,,Tunbridge Wells,,2.9,,,,,,Tunbridge Wells,29087.0,,,,,,Tunbridge Wells,555.0,,,,,,Tunbridge Wells,640.0,,,,,,Tunbridge Wells,6505.0,,,,,,Tunbridge Wells,25.0,,,,,,,,,,,,,,,,,,,,,,,,,,,,Tunbridge Wells,12.2749671446687,,,,,Tunbridge Wells,7.86979643001363,,,,,Tunbridge Wells,10.3432344144031,,,Tunbridge Wells,73.5,,,Tunbridge Wells,99.89,,,,,,,,,,Tunbridge Wells,83.71634931,,,,,,,,,,,,,,,,,,,,,,,,,,,,Tunbridge Wells,82.7,,,,,Tunbridge Wells,72.6,,,,,Tunbridge Wells,81.3,,,,,,,,,,,Tunbridge Wells,,690.0,,,,,,Tunbridge Wells,,326,,,,,,,Tunbridge Wells,,62.4,,,,,,,,Tunbridge Wells,,4766.0,,,,,,,,,,,,,,,,,,,,,,,,Tunbridge Wells,11.3,,,,,Tunbridge Wells,,6.01852,,,,,Tunbridge Wells,,13.82114,,,,,Tunbridge Wells,,21.8858,,,,,Tunbridge Wells,,54.97925,,,,,Tunbridge Wells,21.9726,,,,,,,,,Tunbridge Wells,7.74,,"coefficient of variation is less than or equal to 5%, estimate is considered precise.",,,,,,Tunbridge Wells,7.57,,"coefficient of variation is less than or equal to 5%, estimate is considered precise.",,,,,,Tunbridge Wells,7.43,,"coefficient of variation is less than or equal to 5%, estimate is considered precise.",,,,,,Tunbridge Wells,3.13,,"coefficient of variation is greater than 10% but less than or equal to 20%, estimate is considered acceptable.",,,,,Tunbridge Wells,12.0,,,,,,,,,,
E07000117,,,Burnley,31.8,,,,,,Burnley,511.4,,,,,,Burnley,,78.8,,,,,,,,,Burnley,,4.1,,,,,,Burnley,15168.0,,,,,,Burnley,380.0,,,,,,Burnley,335.0,,,,,,Burnley,2945.0,,,,,,Burnley,15.0,,,,,,,,,,,,,,,,,,,,,,,,,,,,Burnley,8.63338382036419,,,,,Burnley,6.78994965660069,,,,,Burnley,8.30232885001193,,,Burnley,87.7,,,Burnley,99.78,,,,,,,,,,Burnley,68.52272727,,,,,,,,,,,,,,,,,,,,,,,,,,,,Burnley,68.0,,,,,Burnley,59.0,,,,,Burnley,65.8,,,,,,,,,,,Burnley,,1202.0,,,,,,Burnley,,530,,,,,,,Burnley,,49.6,,,,,,,,Burnley,,8317.0,,,,,,,,,,,,,,,,,,,,,,,,Burnley,15.4,,,,,Burnley,,11.11111,,,,,Burnley,,26.47059,,,,,Burnley,,35.36574,,,,,Burnley,,49.87406,,,,,Burnley,47.38843,,,,,,,,,Burnley,na,Value suppressed with due to low reliability of estimate,,,,,,,Burnley,na,Value suppressed with due to low reliability of estimate,,,,,,,Burnley,na,Value suppressed with due to low reliability of estimate,,,,,,,Burnley,na,Value suppressed with due to low reliability of estimate,,,,,,Burnley,6.0,,,,,,,,,,
E07000118,,,Chorley,31.59,,,,,,Chorley,598.8,,,,,,Chorley,,67.9,,,,,,,,,Chorley,,2.9,,,,,,Chorley,19839.0,,,,,,Chorley,480.0,,,,,,Chorley,600.0,,,,,,Chorley,4960.0,,,,,,Chorley,15.0,,,,,,,,,,,,,,,,,,,,,,,,,,,,Chorley,10.784047226814,,,,,Chorley,7.31389290320922,,,,,Chorley,9.44580707936047,,,Chorley,78.6,,,Chorley,100.0,,,,,,,,,,Chorley,81.35464231,,,,,,,,,,,,,,,,,,,,,,,,,,,,Chorley,78.1,,,,,Chorley,69.2,,,,,Chorley,76.7,,,,,,,,,,,Chorley,,1191.0,,,,,,Chorley,,678,,,,,,,Chorley,,69.9,,,,,,,,Chorley,,5034.0,,,,,,,,,,,,,,,,,,,,,,,,Chorley,15,,,,,Chorley,,9.33333,,,,,Chorley,,22.60536,,,,,Chorley,,24.98301,,,,,Chorley,,55.47445,,,,,Chorley,32.27149,,,,,,,,,Chorley,7.37,,"coefficient of variation is less than or equal to 5%, estimate is considered precise.",,,,,,Chorley,7.78,,"coefficient of variation is less than or equal to 5%, estimate is considered precise.",,,,,,Chorley,7.17,,"coefficient of variation is less than or equal to 5%, estimate is considered precise.",,,,,,Chorley,2.58,,"coefficient of variation is greater than 10% but less than or equal to 20%, estimate is considered acceptable.",,,,,Chorley,6.0,,,,,,,,,,
E07000119,,,Fylde,41.08,,,,,,Fylde,663.2,,,,,,Fylde,,82.8,,,,,,,,,Fylde,,2.5,,,,,,Fylde,22514.0,,,,,,Fylde,355.0,,,,,,Fylde,390.0,,,,,,Fylde,3515.0,,,,,,Fylde,25.0,,,,,,,,,,,,,,,,,,,,,,,,,,,,Fylde,11.3772051590401,,,,,Fylde,7.43097743759516,,,,,Fylde,9.91099898274799,,,Fylde,83.8,,,Fylde,100.0,,,,,,,,,,Fylde,78.79799666,,,,,,,,,,,,,,,,,,,,,,,,,,,,Fylde,83.4,,,,,Fylde,76.4,,,,,Fylde,81.9,,,,,,,,,,,Fylde,,1092.0,,,,,,Fylde,,527,,,,,,,Fylde,,57.8,,,,,,,,Fylde,,5227.0,,,,,,,,,,,,,,,,,,,,,,,,Fylde,6.4,,,,,Fylde,,8.26446,,,,,Fylde,,20.86331,,,,,Fylde,,23.68037,,,,,Fylde,,55.41922,,,,,Fylde,28.55658,,,,,,,,,Fylde,7.83,,"coefficient of variation is less than or equal to 5%, estimate is considered precise.",,,,,,Fylde,7.84,,"coefficient of variation is less than or equal to 5%, estimate is considered precise.",,,,,,Fylde,7.61,,"coefficient of variation is less than or equal to 5%, estimate is considered precise.",,,,,,Fylde,2.47,,"coefficient of variation is greater than 10% but less than or equal to 20%, estimate is considered acceptable.",,,,,Fylde,16.0,,,,,,,,,,
E07000120,,,Hyndburn,29.32,,,,,,Hyndburn,522.8,,,,,,Hyndburn,,80.2,,,,,,,,,Hyndburn,,3.9,,,,,,Hyndburn,15539.0,,,,,,Hyndburn,290.0,,,,,,Hyndburn,290.0,,,,,,Hyndburn,2615.0,,,,,,Hyndburn,10.0,,,,,,,,,,,,,,,,,,,,,,,,,,,,Hyndburn,8.39367404099977,,,,,Hyndburn,6.61012251958577,,,,,Hyndburn,8.13976432595964,,,Hyndburn,89.2,,,Hyndburn,100.0,,,,,,,,,,Hyndburn,70.69351230000001,,,,,,,,,,,,,,,,,,,,,,,,,,,,Hyndburn,75.7,,,,,Hyndburn,66.7,,,,,Hyndburn,73.7,,,,,,,,,,,Hyndburn,,1246.0,,,,,,Hyndburn,,636,,,,,,,Hyndburn,,42.3,,,,,,,,Hyndburn,,8050.0,,,,,,,,,,,,,,,,,,,,,,,,Hyndburn,10.6,,,,,Hyndburn,,9.28962,,,,,Hyndburn,,23.52941,,,,,Hyndburn,,27.49272,,,,,Hyndburn,,47.87535,,,,,Hyndburn,43.82629,,,,,,,,,Hyndburn,6.89,,"coefficient of variation is greater than 5% but less than or equal to 10%, estimate is considered reasonably precise.",,,,,,Hyndburn,7.36,,"coefficient of variation is less than or equal to 5%, estimate is considered precise.",,,,,,Hyndburn,7.33,,"coefficient of variation is less than or equal to 5%, estimate is considered precise.",,,,,,Hyndburn,3.99,,"coefficient of variation is greater than 10% but less than or equal to 20%, estimate is considered acceptable.",,,,,Hyndburn,5.0,,,,,,,,,,
E07000121,,,Lancaster,35.42,,,,,,Lancaster,518.5,,,,,,Lancaster,,76.5,,,,,,,,,Lancaster,,3.5,,,,,,Lancaster,17680.0,,,,,,Lancaster,555.0,,,,,,Lancaster,520.0,,,,,,Lancaster,4715.0,,,,,,Lancaster,15.0,,,,,,,,,,,,,,,,,,,,,,,,,,,,Lancaster,12.1751721002661,,,,,Lancaster,7.97405786123486,,,,,Lancaster,10.9059171445293,,,Lancaster,81.9,,,Lancaster,94.01,,,,,,,,,,Lancaster,75.95628415,,,,,,,,,,,,,,,,,,,,,,,,,,,,Lancaster,81.9,,,,,Lancaster,70.6,,,,,Lancaster,79.3,,,,,,,,,,,Lancaster,,966.0,,,,,,Lancaster,,523,,,,,,,Lancaster,,59.8,,,,,,,,Lancaster,,5371.0,,,,,,,,,,,,,,,,,,,,,,,,Lancaster,20.4,,,,,Lancaster,,8.582089999999999,,,,,Lancaster,,22.72727,,,,,Lancaster,,22.00156,,,,,Lancaster,,49.63715999999999,,,,,Lancaster,38.47292,,,,,,,,,Lancaster,7.63,,"coefficient of variation is less than or equal to 5%, estimate is considered precise.",,,,,,Lancaster,7.76,,"coefficient of variation is less than or equal to 5%, estimate is considered precise.",,,,,,Lancaster,7.78,,"coefficient of variation is less than or equal to 5%, estimate is considered precise.",,,,,,Lancaster,3.59,,"coefficient of variation is greater than 10% but less than or equal to 20%, estimate is considered acceptable.",,,,,Lancaster,3.0,,,,,,,,,,
E07000122,,,Pendle,30.45,,,,,,Pendle,482.6,,,,,,Pendle,,59.8,,,,,,,,,Pendle,,6.7,,,,,,Pendle,15841.0,,,,,,Pendle,455.0,,,,,,Pendle,455.0,,,,,,Pendle,3410.0,,,,,,Pendle,10.0,,,,,,,,,,,,,,,,,,,,,,,,,,,,Pendle,8.07276887214512,,,,,Pendle,6.62690741411804,,,,,Pendle,8.20756814027003,,,Pendle,73.6,,,Pendle,99.01,,,,,,,,,,Pendle,73.46698113,,,,,,,,,,,,,,,,,,,,,,,,,,,,Pendle,73.2,,,,,Pendle,63.4,,,,,Pendle,70.6,,,,,,,,,,,Pendle,,968.0,,,,,,Pendle,,458,,,,,,,Pendle,,42.5,,,,,,,,Pendle,,7668.0,,,,,,,,,,,,,,,,,,,,,,,,Pendle,11.2,,,,,Pendle,,8.7963,,,,,Pendle,,23.88664,,,,,Pendle,,27.19439,,,,,Pendle,,53.84615,,,,,Pendle,38.80128,,,,,,,,,Pendle,7.95,,"coefficient of variation is less than or equal to 5%, estimate is considered precise.",,,,,,Pendle,8.26,,"coefficient of variation is less than or equal to 5%, estimate is considered precise.",,,,,,Pendle,8.06,,"coefficient of variation is greater than 5% but less than or equal to 10%, estimate is considered reasonably precise.",,,,,,Pendle,2.6,,"coefficient of variation is greater than 20%, estimate is considered unreliable.",,,,,Pendle,7.0,,,,,,,,,,
E07000123,,,Preston,30.62,,,,,,Preston,507.9,,,,,,Preston,,78.6,,,,,,,,,Preston,,4,,,,,,Preston,17097.0,,,,,,Preston,855.0,,,,,,Preston,785.0,,,,,,Preston,6290.0,,,,,,Preston,30.0,,,,,,,,,,,,,,,,,,,,,,,,,,,,Preston,8.89182718774871,,,,,Preston,7.14093887925645,,,,,Preston,8.67088033809522,,,Preston,74.5,,,Preston,99.34,,,,,,,,,,Preston,74.46808511,,,,,,,,,,,,,,,,,,,,,,,,,,,,Preston,76.8,,,,,Preston,65.6,,,,,Preston,72.0,,,,,,,,,,,Preston,,1185.0,,,,,,Preston,,518,,,,,,,Preston,,57.7,,,,,,,,Preston,,6761.0,,,,,,,,,,,,,,,,,,,,,,,,Preston,16.3,,,,,Preston,,9.53846,,,,,Preston,,24.47761,,,,,Preston,,24.63447,,,,,Preston,,51.70341,,,,,Preston,43.68644,,,,,,,,,Preston,7.38,,"coefficient of variation is less than or equal to 5%, estimate is considered precise.",,,,,,Preston,7.37,,"coefficient of variation is less than or equal to 5%, estimate is considered precise.",,,,,,Preston,7.79,,"coefficient of variation is greater than 5% but less than or equal to 10%, estimate is considered reasonably precise.",,,,,,Preston,3.22,,"coefficient of variation is greater than 10% but less than or equal to 20%, estimate is considered acceptable.",,,,,Preston,22.0,,,,,,,,,,
E07000124,,,Ribble Valley,39.9,,,,,,Ribble Valley,597.7,,,,,,Ribble Valley,,76.4,,,,,,,,,Ribble Valley,,1.9,,,,,,Ribble Valley,24734.0,,,,,,Ribble Valley,305.0,,,,,,Ribble Valley,305.0,,,,,,Ribble Valley,3315.0,,,,,,Ribble Valley,10.0,,,,,,,,,,,,,,,,,,,,,,,,,,,,Ribble Valley,12.6715507899666,,,,,Ribble Valley,8.11824050943957,,,,,Ribble Valley,11.777668778772,,,Ribble Valley,67.6,,,Ribble Valley,90.95,,,,,,,,,,Ribble Valley,83.60465116,,,,,,,,,,,,,,,,,,,,,,,,,,,,Ribble Valley,84.9,,,,,Ribble Valley,74.5,,,,,Ribble Valley,81.0,,,,,,,,,,,Ribble Valley,,1174.0,,,,,,Ribble Valley,,671,,,,,,,Ribble Valley,,62,,,,,,,,Ribble Valley,,5202.0,,,,,,,,,,,,,,,,,,,,,,,,Ribble Valley,0,,,,,Ribble Valley,,8.84956,,,,,Ribble Valley,,16.40625,,,,,Ribble Valley,,23.75002,,,,,Ribble Valley,,56.91318,,,,,Ribble Valley,26.76379,,,,,,,,,Ribble Valley,7.93,,"coefficient of variation is less than or equal to 5%, estimate is considered precise.",,,,,,Ribble Valley,7.82,,"coefficient of variation is less than or equal to 5%, estimate is considered precise.",,,,,,Ribble Valley,7.59,,"coefficient of variation is less than or equal to 5%, estimate is considered precise.",,,,,,Ribble Valley,3.14,,"coefficient of variation is greater than 10% but less than or equal to 20%, estimate is considered acceptable.",,,,,Ribble Valley,24.0,,,,,,,,,,
E07000125,,,Rossendale,29.6,,,,,,Rossendale,508.3,,,,,,Rossendale,,75.4,,,,,,,,,Rossendale,,2.9,,,,,,Rossendale,18326.0,,,,,,Rossendale,275.0,,,,,,Rossendale,400.0,,,,,,Rossendale,2835.0,,,,,,Rossendale,10.0,,,,,,,,,,,,,,,,,,,,,,,,,,,,Rossendale,10.1288901373947,,,,,Rossendale,7.26279540650551,,,,,Rossendale,9.14772641728767,,,Rossendale,47.9,,,Rossendale,99.8,,,,,,,,,,Rossendale,79.25407925,,,,,,,,,,,,,,,,,,,,,,,,,,,,Rossendale,77.3,,,,,Rossendale,66.8,,,,,Rossendale,76.2,,,,,,,,,,,Rossendale,,1231.0,,,,,,Rossendale,,650,,,,,,,Rossendale,,60.1,,,,,,,,Rossendale,,6407.0,,,,,,,,,,,,,,,,,,,,,,,,Rossendale,18.8,,,,,Rossendale,,10.45752,,,,,Rossendale,,20.45455,,,,,Rossendale,,25.24101,,,,,Rossendale,,52.05047,,,,,Rossendale,41.48097,,,,,,,,,Rossendale,7.45,,"coefficient of variation is less than or equal to 5%, estimate is considered precise.",,,,,,Rossendale,7.91,,"coefficient of variation is less than or equal to 5%, estimate is considered precise.",,,,,,Rossendale,7.09,,"coefficient of variation is less than or equal to 5%, estimate is considered precise.",,,,,,Rossendale,4.13,,"coefficient of variation is greater than 10% but less than or equal to 20%, estimate is considered acceptable.",,,,,Rossendale,6.0,,,,,,,,,,
E07000126,,,South Ribble,45.02,,,,,,South Ribble,565.4,,,,,,South Ribble,,83.9,,,,,,,,,South Ribble,,2.3,,,,,,South Ribble,19423.0,,,,,,South Ribble,420.0,,,,,,South Ribble,545.0,,,,,,South Ribble,4320.0,,,,,,South Ribble,15.0,,,,,,,,,,,,,,,,,,,,,,,,,,,,South Ribble,13.6129633750681,,,,,South Ribble,8.10133123461682,,,,,South Ribble,11.1751496973499,,,South Ribble,75.8,,,South Ribble,100.0,,,,,,,,,,South Ribble,81.60511364,,,,,,,,,,,,,,,,,,,,,,,,,,,,South Ribble,79.6,,,,,South Ribble,67.0,,,,,South Ribble,77.2,,,,,,,,,,,South Ribble,,1454.0,,,,,,South Ribble,,725,,,,,,,South Ribble,,52.8,,,,,,,,South Ribble,,5968.0,,,,,,,,,,,,,,,,,,,,,,,,South Ribble,13.6,,,,,South Ribble,,8.13397,,,,,South Ribble,,19.21397,,,,,South Ribble,,24.51488,,,,,South Ribble,,54.33962,,,,,South Ribble,29.59633,,,,,,,,,South Ribble,7.58,,"coefficient of variation is less than or equal to 5%, estimate is considered precise.",,,,,,South Ribble,7.99,,"coefficient of variation is less than or equal to 5%, estimate is considered precise.",,,,,,South Ribble,7.51,,"coefficient of variation is less than or equal to 5%, estimate is considered precise.",,,,,,South Ribble,3.34,,"coefficient of variation is greater than 10% but less than or equal to 20%, estimate is considered acceptable.",,,,,South Ribble,14.0,,,,,,,,,,
E07000127,,,West Lancashire,32.7,,,,,,West Lancashire,561,,,,,,West Lancashire,,73,,,,,,,,,West Lancashire,,3.9,,,,,,West Lancashire,20628.0,,,,,,West Lancashire,540.0,,,,,,West Lancashire,480.0,,,,,,West Lancashire,4640.0,,,,,,West Lancashire,15.0,,,,,,,,,,,,,,,,,,,,,,,,,,,,West Lancashire,11.482635808843,,,,,West Lancashire,7.82849898248159,,,,,West Lancashire,10.5086451425391,,,West Lancashire,49.1,,,West Lancashire,100.0,,,,,,,,,,West Lancashire,75.07002801,,,,,,,,,,,,,,,,,,,,,,,,,,,,West Lancashire,78.9,,,,,West Lancashire,66.6,,,,,West Lancashire,75.7,,,,,,,,,,,West Lancashire,,993.0,,,,,,West Lancashire,,533,,,,,,,West Lancashire,,61.2,,,,,,,,West Lancashire,,4932.0,,,,,,,,,,,,,,,,,,,,,,,,West Lancashire,11.5,,,,,West Lancashire,,8.41584,,,,,West Lancashire,,22.12389,,,,,West Lancashire,,35.16016,,,,,West Lancashire,,54.7993,,,,,West Lancashire,35.14223,,,,,,,,,West Lancashire,7.46,,"coefficient of variation is less than or equal to 5%, estimate is considered precise.",,,,,,West Lancashire,7.96,,"coefficient of variation is greater than 5% but less than or equal to 10%, estimate is considered reasonably precise.",,,,,,West Lancashire,7.5,,"coefficient of variation is less than or equal to 5%, estimate is considered precise.",,,,,,West Lancashire,2.89,,"coefficient of variation is greater than 10% but less than or equal to 20%, estimate is considered acceptable.",,,,,West Lancashire,9.0,,,,,,,,,,
E07000128,,,Wyre,33.4,,,,,,Wyre,545.7,,,,,,Wyre,,64.6,,,,,,,,,Wyre,,3.4,,,,,,Wyre,19979.0,,,,,,Wyre,405.0,,,,,,Wyre,460.0,,,,,,Wyre,4105.0,,,,,,Wyre,15.0,,,,,,,,,,,,,,,,,,,,,,,,,,,,Wyre,11.8310485132758,,,,,Wyre,7.63558797191263,,,,,Wyre,10.5662407902908,,,Wyre,65.0,,,Wyre,98.62,,,,,,,,,,Wyre,77.2260274,,,,,,,,,,,,,,,,,,,,,,,,,,,,Wyre,83.5,,,,,Wyre,70.6,,,,,Wyre,79.4,,,,,,,,,,,Wyre,,1160.0,,,,,,Wyre,,543,,,,,,,Wyre,,71,,,,,,,,Wyre,,5637.0,,,,,,,,,,,,,,,,,,,,,,,,Wyre,11.8,,,,,Wyre,,8.510639999999999,,,,,Wyre,,18.95735,,,,,Wyre,,28.5989,,,,,Wyre,,52.59146,,,,,Wyre,35.99229,,,,,,,,,Wyre,7.78,,"coefficient of variation is less than or equal to 5%, estimate is considered precise.",,,,,,Wyre,8.02,,"coefficient of variation is less than or equal to 5%, estimate is considered precise.",,,,,,Wyre,7.49,,"coefficient of variation is less than or equal to 5%, estimate is considered precise.",,,,,,Wyre,3.01,,"coefficient of variation is greater than 10% but less than or equal to 20%, estimate is considered acceptable.",,,,,Wyre,13.0,,,,,,,,,,
E07000129,,,Blaby,36.24,,,,,,Blaby,583.4,,,,,,Blaby,,88.3,,,,,,,,,Blaby,,2.3,,,,,,Blaby,18957.0,,,,,,Blaby,470.0,,,,,,Blaby,470.0,,,,,,Blaby,4230.0,,,,,,Blaby,15.0,,,,,,,,,,,,,,,,,,,,,,,,,,,,Blaby,12.9351718866259,,,,,Blaby,8.04140078554504,,,,,Blaby,10.4117854473616,,,Blaby,73.1,,,Blaby,100.0,,,,,,,,,,Blaby,66.8852459,,,,,,,,,,,,,,,,,,,,,,,,,,,,Blaby,82.6,,,,,Blaby,73.1,,,,,Blaby,82.0,,,,,,,,,,,Blaby,,1112.0,,,,,,Blaby,,508,,,,,,,Blaby,,65.3,,,,,,,,Blaby,,4947.0,,,,,,,,,,,,,,,,,,,,,,,,Blaby,11.7,,,,,Blaby,,6.66667,,,,,Blaby,,17.54386,,,,,Blaby,,25.74725,,,,,Blaby,,54.3131,,,,,Blaby,24.85119,,,,,,,,,Blaby,7.25,,"coefficient of variation is less than or equal to 5%, estimate is considered precise.",,,,,,Blaby,7.73,,"coefficient of variation is less than or equal to 5%, estimate is considered precise.",,,,,,Blaby,7.43,,"coefficient of variation is less than or equal to 5%, estimate is considered precise.",,,,,,Blaby,3.45,,"coefficient of variation is greater than 10% but less than or equal to 20%, estimate is considered acceptable.",,,,,Blaby,6.0,,,,,,,,,,
E07000130,,,Charnwood,32.83,,,,,,Charnwood,577.5,,,,,,Charnwood,,81.4,,,,,,,,,Charnwood,,2.7,,,,,,Charnwood,18845.0,,,,,,Charnwood,905.0,,,,,,Charnwood,900.0,,,,,,Charnwood,7415.0,,,,,,Charnwood,30.0,,,,,,,,,,,,,,,,,,,,,,,,,,,,Charnwood,10.2533554333352,,,,,Charnwood,7.4688507081224,,,,,Charnwood,9.34329085121436,,,Charnwood,73.7,,,Charnwood,99.85,,,,,,,,,,Charnwood,73.54285714,,,,,,,,,,,,,,,,,,,,,,,,,,,,Charnwood,81.6,,,,,Charnwood,71.5,,,,,Charnwood,77.1,,,,,,,,,,,Charnwood,,889.0,,,,,,Charnwood,,435,,,,,,,Charnwood,,66.6,,,,,,,,Charnwood,,4678.0,,,,,,,,,,,,,,,,,,,,,,,,Charnwood,6.8,,,,,Charnwood,,8.26446,,,,,Charnwood,,17.35537,,,,,Charnwood,,21.21432,,,,,Charnwood,,46.66667,,,,,Charnwood,26.5902,,,,,,,,,Charnwood,7.2,,"coefficient of variation is less than or equal to 5%, estimate is considered precise.",,,,,,Charnwood,7.51,,"coefficient of variation is less than or equal to 5%, estimate is considered precise.",,,,,,Charnwood,6.97,,"coefficient of variation is less than or equal to 5%, estimate is considered precise.",,,,,,Charnwood,3.31,,"coefficient of variation is greater than 5% but less than or equal to 10%, estimate is considered reasonably precise.",,,,,Charnwood,8.0,,,,,,,,,,
E07000131,,,Harborough,31.86,,,,,,Harborough,580.8,,,,,,Harborough,,80.1,,,,,,,,,Harborough,,2.3,,,,,,Harborough,24308.0,,,,,,Harborough,500.0,,,,,,Harborough,515.0,,,,,,Harborough,5290.0,,,,,,Harborough,15.0,,,,,,,,,,,,,,,,,,,,,,,,,,,,Harborough,17.719082787848,,,,,Harborough,8.43319345382178,,,,,Harborough,12.4949998350322,,,Harborough,52.1,,,Harborough,99.69,,,,,,,,,,Harborough,81.63481953,,,,,,,,,,,,,,,,,,,,,,,,,,,,Harborough,85.1,,,,,Harborough,76.7,,,,,Harborough,81.4,,,,,,,,,,,Harborough,,967.0,,,,,,Harborough,,468,,,,,,,Harborough,,69.3,,,,,,,,Harborough,,4348.0,,,,,,,,,,,,,,,,,,,,,,,,Harborough,6.3,,,,,Harborough,,5.851059999999999,,,,,Harborough,,17.46032,,,,,Harborough,,23.60508,,,,,Harborough,,57.3494,,,,,Harborough,22.97902,,,,,,,,,Harborough,7.6,,"coefficient of variation is less than or equal to 5%, estimate is considered precise.",,,,,,Harborough,7.72,,"coefficient of variation is less than or equal to 5%, estimate is considered precise.",,,,,,Harborough,7.43,,"coefficient of variation is less than or equal to 5%, estimate is considered precise.",,,,,,Harborough,3.37,,"coefficient of variation is greater than 5% but less than or equal to 10%, estimate is considered reasonably precise.",,,,,Harborough,22.0,,,,,,,,,,
E07000132,,,Hinckley and Bosworth,35.74,,,,,,Hinckley and Bosworth,577.8,,,,,,Hinckley and Bosworth,,79.6,,,,,,,,,Hinckley and Bosworth,,2.9,,,,,,Hinckley and Bosworth,20047.0,,,,,,Hinckley and Bosworth,435.0,,,,,,Hinckley and Bosworth,505.0,,,,,,Hinckley and Bosworth,4645.0,,,,,,Hinckley and Bosworth,20.0,,,,,,,,,,,,,,,,,,,,,,,,,,,,Hinckley and Bosworth,12.56346501852,,,,,Hinckley and Bosworth,7.61222946669843,,,,,Hinckley and Bosworth,10.2203582934796,,,Hinckley and Bosworth,64.9,,,Hinckley and Bosworth,100.0,,,,,,,,,,Hinckley and Bosworth,79.47332883,,,,,,,,,,,,,,,,,,,,,,,,,,,,Hinckley and Bosworth,79.4,,,,,Hinckley and Bosworth,68.4,,,,,Hinckley and Bosworth,77.7,,,,,,,,,,,Hinckley and Bosworth,,1062.0,,,,,,Hinckley and Bosworth,,509,,,,,,,Hinckley and Bosworth,,48.9,,,,,,,,Hinckley and Bosworth,,4893.0,,,,,,,,,,,,,,,,,,,,,,,,Hinckley and Bosworth,11,,,,,Hinckley and Bosworth,,8.7156,,,,,Hinckley and Bosworth,,19.27711,,,,,Hinckley and Bosworth,,25.39908,,,,,Hinckley and Bosworth,,55.1797,,,,,Hinckley and Bosworth,22.83862,,,,,,,,,Hinckley and Bosworth,7.82,,"coefficient of variation is less than or equal to 5%, estimate is considered precise.",,,,,,Hinckley and Bosworth,8.04,,"coefficient of variation is less than or equal to 5%, estimate is considered precise.",,,,,,Hinckley and Bosworth,7.42,,"coefficient of variation is less than or equal to 5%, estimate is considered precise.",,,,,,Hinckley and Bosworth,3.26,,"coefficient of variation is greater than 5% but less than or equal to 10%, estimate is considered reasonably precise.",,,,,Hinckley and Bosworth,17.0,,,,,,,,,,
E07000133,,,Melton,33.72,,,,,,Melton,487.3,,,,,,Melton,,76.3,,,,,,,,,Melton,,3.3,,,,,,Melton,21842.0,,,,,,Melton,205.0,,,,,,Melton,215.0,,,,,,Melton,2340.0,,,,,,Melton,10.0,,,,,,,,,,,,,,,,,,,,,,,,,,,,Melton,12.724846342414,,,,,Melton,8.61754889703216,,,,,Melton,12.6410361338587,,,Melton,54.7,,,Melton,99.93,,,,,,,,,,Melton,76.47058824,,,,,,,,,,,,,,,,,,,,,,,,,,,,Melton,79.8,,,,,Melton,69.2,,,,,Melton,78.1,,,,,,,,,,,Melton,,878.0,,,,,,Melton,,410,,,,,,,Melton,,56.8,,,,,,,,Melton,,5031.0,,,,,,,,,,,,,,,,,,,,,,,,Melton,10.8,,,,,Melton,,6.31579,,,,,Melton,,19.46903,,,,,Melton,,31.2666,,,,,Melton,,58.96226,,,,,Melton,26.22049,,,,,,,,,Melton,7.62,,"coefficient of variation is less than or equal to 5%, estimate is considered precise.",,,,,,Melton,8.33,,"coefficient of variation is less than or equal to 5%, estimate is considered precise.",,,,,,Melton,7.65,,"coefficient of variation is less than or equal to 5%, estimate is considered precise.",,,,,,Melton,3.16,,"coefficient of variation is greater than 10% but less than or equal to 20%, estimate is considered acceptable.",,,,,Melton,15.0,,,,,,,,,,
E07000134,,,North West Leicestershire,32.56,,,,,,North West Leicestershire,568.7,,,,,,North West Leicestershire,,80.9,,,,,,,,,North West Leicestershire,,2.5,,,,,,North West Leicestershire,20387.0,,,,,,North West Leicestershire,455.0,,,,,,North West Leicestershire,505.0,,,,,,North West Leicestershire,4590.0,,,,,,North West Leicestershire,20.0,,,,,,,,,,,,,,,,,,,,,,,,,,,,North West Leicestershire,11.5968166552652,,,,,North West Leicestershire,7.47171698703625,,,,,North West Leicestershire,9.82523815646938,,,North West Leicestershire,76.2,,,North West Leicestershire,99.99,,,,,,,,,,North West Leicestershire,73.06532663,,,,,,,,,,,,,,,,,,,,,,,,,,,,North West Leicestershire,78.6,,,,,North West Leicestershire,71.4,,,,,North West Leicestershire,77.7,,,,,,,,,,,North West Leicestershire,,1115.0,,,,,,North West Leicestershire,,510,,,,,,,North West Leicestershire,,65.5,,,,,,,,North West Leicestershire,,4611.0,,,,,,,,,,,,,,,,,,,,,,,,North West Leicestershire,12.8,,,,,North West Leicestershire,,7.870369999999999,,,,,North West Leicestershire,,18.80734,,,,,North West Leicestershire,,32.43292,,,,,North West Leicestershire,,52.51396999999999,,,,,North West Leicestershire,28.10243,,,,,,,,,North West Leicestershire,7.1,,"coefficient of variation is less than or equal to 5%, estimate is considered precise.",,,,,,North West Leicestershire,7.52,,"coefficient of variation is less than or equal to 5%, estimate is considered precise.",,,,,,North West Leicestershire,6.98,,"coefficient of variation is less than or equal to 5%, estimate is considered precise.",,,,,,North West Leicestershire,4.35,,"coefficient of variation is greater than 5% but less than or equal to 10%, estimate is considered reasonably precise.",,,,,North West Leicestershire,15.0,,,,,,,,,,
E07000135,,,Oadby and Wigston,26.37,,,,,,Oadby and Wigston,524.7,,,,,,Oadby and Wigston,,74.4,,,,,,,,,Oadby and Wigston,,3.4,,,,,,Oadby and Wigston,19296.0,,,,,,Oadby and Wigston,315.0,,,,,,Oadby and Wigston,335.0,,,,,,Oadby and Wigston,2440.0,,,,,,Oadby and Wigston,5.0,,,,,,,,,,,,,,,,,,,,,,,,,,,,Oadby and Wigston,11.695886219449,,,,,Oadby and Wigston,7.45260636367516,,,,,Oadby and Wigston,9.33931781761858,,,Oadby and Wigston,77.6,,,Oadby and Wigston,100.0,,,,,,,,,,Oadby and Wigston,78.3919598,,,,,,,,,,,,,,,,,,,,,,,,,,,,Oadby and Wigston,77.3,,,,,Oadby and Wigston,70.4,,,,,Oadby and Wigston,77.9,,,,,,,,,,,Oadby and Wigston,,868.0,,,,,,Oadby and Wigston,,484,,,,,,,Oadby and Wigston,,59,,,,,,,,Oadby and Wigston,,5405.0,,,,,,,,,,,,,,,,,,,,,,,,Oadby and Wigston,7.7,,,,,Oadby and Wigston,,6.956519999999999,,,,,Oadby and Wigston,,20.89552,,,,,Oadby and Wigston,,31.97006,,,,,Oadby and Wigston,,43.4555,,,,,Oadby and Wigston,31.00934,,,,,,,,,Oadby and Wigston,7.3,,"coefficient of variation is greater than 5% but less than or equal to 10%, estimate is considered reasonably precise.",,,,,,Oadby and Wigston,7.7,,"coefficient of variation is greater than 5% but less than or equal to 10%, estimate is considered reasonably precise.",,,,,,Oadby and Wigston,7.54,,"coefficient of variation is less than or equal to 5%, estimate is considered precise.",,,,,,Oadby and Wigston,2.89,,"coefficient of variation is greater than 10% but less than or equal to 20%, estimate is considered acceptable.",,,,,Oadby and Wigston,14.0,,,,,,,,,,
E07000136,,,Boston,28.03,,,,,,Boston,475.1,,,,,,Boston,,75.3,,,,,,,,,Boston,,4.1,,,,,,Boston,17318.0,,,,,,Boston,320.0,,,,,,Boston,265.0,,,,,,Boston,2370.0,,,,,,Boston,15.0,,,,,,,,,,,,,,,,,,,,,,,,,,,,Boston,14.8207336237385,,,,,Boston,8.23247166057827,,,,,Boston,11.7929133256693,,,Boston,63.3,,,Boston,100.0,,,,,,,,,,Boston,67.73211568,,,,,,,,,,,,,,,,,,,,,,,,,,,,Boston,78.0,,,,,Boston,67.4,,,,,Boston,74.1,,,,,,,,,,,Boston,,906.0,,,,,,Boston,,409,,,,,,,Boston,,46.8,,,,,,,,Boston,,6385.0,,,,,,,,,,,,,,,,,,,,,,,,Boston,22.9,,,,,Boston,,11.11111,,,,,Boston,,28.74251,,,,,Boston,,32.82049,,,,,Boston,,45.92834000000001,,,,,Boston,38.89395,,,,,,,,,Boston,na,Value suppressed with due to low reliability of estimate,,,,,,,Boston,na,Value suppressed with due to low reliability of estimate,,,,,,,Boston,na,Value suppressed with due to low reliability of estimate,,,,,,,Boston,na,Value suppressed with due to low reliability of estimate,,,,,,Boston,11.0,,,,,,,,,,
E07000137,,,East Lindsey,31.49,,,,,,East Lindsey,496.8,,,,,,East Lindsey,,76.2,,,,,,,,,East Lindsey,,3.1,,,,,,East Lindsey,18561.0,,,,,,East Lindsey,430.0,,,,,,East Lindsey,430.0,,,,,,East Lindsey,4860.0,,,,,,East Lindsey,15.0,,,,,,,,,,,,,,,,,,,,,,,,,,,,East Lindsey,18.6289952273285,,,,,East Lindsey,10.2597551877117,,,,,East Lindsey,17.2586980012695,,,East Lindsey,40.9,,,East Lindsey,99.87,,,,,,,,,,East Lindsey,73.29240215,,,,,,,,,,,,,,,,,,,,,,,,,,,,East Lindsey,78.6,,,,,East Lindsey,70.3,,,,,East Lindsey,75.4,,,,,,,,,,,East Lindsey,,869.0,,,,,,East Lindsey,,459,,,,,,,East Lindsey,,40.4,,,,,,,,East Lindsey,,5791.0,,,,,,,,,,,,,,,,,,,,,,,,East Lindsey,18.5,,,,,East Lindsey,,9.50226,,,,,East Lindsey,,24.52107,,,,,East Lindsey,,25.46447,,,,,East Lindsey,,47.36842,,,,,East Lindsey,40.84545,,,,,,,,,East Lindsey,7.53,,"coefficient of variation is less than or equal to 5%, estimate is considered precise.",,,,,,East Lindsey,7.95,,"coefficient of variation is less than or equal to 5%, estimate is considered precise.",,,,,,East Lindsey,7.66,,"coefficient of variation is less than or equal to 5%, estimate is considered precise.",,,,,,East Lindsey,2.42,,"coefficient of variation is greater than 10% but less than or equal to 20%, estimate is considered acceptable.",,,,,East Lindsey,6.0,,,,,,,,,,
E07000138,,,Lincoln,31.89,,,,,,Lincoln,534.1,,,,,,Lincoln,,74.6,,,,,,,,,Lincoln,,5,,,,,,Lincoln,15693.0,,,,,,Lincoln,300.0,,,,,,Lincoln,280.0,,,,,,Lincoln,2910.0,,,,,,Lincoln,10.0,,,,,,,,,,,,,,,,,,,,,,,,,,,,Lincoln,9.34425878431198,,,,,Lincoln,7.20913721536084,,,,,Lincoln,8.42000689462501,,,Lincoln,85.6,,,Lincoln,100.0,,,,,,,,,,Lincoln,68.54917235,,,,,,,,,,,,,,,,,,,,,,,,,,,,Lincoln,76.2,,,,,Lincoln,65.4,,,,,Lincoln,72.0,,,,,,,,,,,Lincoln,,896.0,,,,,,Lincoln,,396,,,,,,,Lincoln,,51,,,,,,,,Lincoln,,5975.0,,,,,,,,,,,,,,,,,,,,,,,,Lincoln,23.5,,,,,Lincoln,,11.66667,,,,,Lincoln,,28.09524,,,,,Lincoln,,37.16398,,,,,Lincoln,,49.1573,,,,,Lincoln,43.94195999999999,,,,,,,,,Lincoln,6.7,,"coefficient of variation is less than or equal to 5%, estimate is considered precise.",,,,,,Lincoln,7.22,,"coefficient of variation is less than or equal to 5%, estimate is considered precise.",,,,,,Lincoln,6.57,,"coefficient of variation is greater than 5% but less than or equal to 10%, estimate is considered reasonably precise.",,,,,,Lincoln,3.11,,"coefficient of variation is greater than 10% but less than or equal to 20%, estimate is considered acceptable.",,,,,Lincoln,3.0,,,,,,,,,,
E07000139,,,North Kesteven,39.19,,,,,,North Kesteven,572.9,,,,,,North Kesteven,,72.8,,,,,,,,,North Kesteven,,2.6,,,,,,North Kesteven,19386.0,,,,,,North Kesteven,455.0,,,,,,North Kesteven,400.0,,,,,,North Kesteven,4105.0,,,,,,North Kesteven,15.0,,,,,,,,,,,,,,,,,,,,,,,,,,,,North Kesteven,16.837904444788,,,,,North Kesteven,9.40751735612795,,,,,North Kesteven,14.6592654289451,,,North Kesteven,71.4,,,North Kesteven,100.0,,,,,,,,,,North Kesteven,79.10562837,,,,,,,,,,,,,,,,,,,,,,,,,,,,North Kesteven,83.7,,,,,North Kesteven,73.9,,,,,North Kesteven,80.9,,,,,,,,,,,North Kesteven,,1149.0,,,,,,North Kesteven,,578,,,,,,,North Kesteven,,56.2,,,,,,,,North Kesteven,,5655.0,,,,,,,,,,,,,,,,,,,,,,,,North Kesteven,8.3,,,,,North Kesteven,,7.5,,,,,North Kesteven,,16.23932,,,,,North Kesteven,,31.29857,,,,,North Kesteven,,50.91240999999999,,,,,North Kesteven,26.92637,,,,,,,,,North Kesteven,7.79,,"coefficient of variation is less than or equal to 5%, estimate is considered precise.",,,,,,North Kesteven,7.99,,"coefficient of variation is less than or equal to 5%, estimate is considered precise.",,,,,,North Kesteven,8.09,,"coefficient of variation is less than or equal to 5%, estimate is considered precise.",,,,,,North Kesteven,2.29,,"coefficient of variation is greater than 10% but less than or equal to 20%, estimate is considered acceptable.",,,,,North Kesteven,15.0,,,,,,,,,,
E07000140,,,South Holland,32.43,,,,,,South Holland,554.5,,,,,,South Holland,,89.2,,,,,,,,,South Holland,,2.5,,,,,,South Holland,18139.0,,,,,,South Holland,485.0,,,,,,South Holland,510.0,,,,,,South Holland,3935.0,,,,,,South Holland,5.0,,,,,,,,,,,,,,,,,,,,,,,,,,,,South Holland,20.0583949947264,,,,,South Holland,9.85750823205624,,,,,South Holland,15.9096480711967,,,South Holland,64.2,,,South Holland,99.99,,,,,,,,,,South Holland,74.53954496,,,,,,,,,,,,,,,,,,,,,,,,,,,,South Holland,77.4,,,,,South Holland,69.8,,,,,South Holland,75.9,,,,,,,,,,,South Holland,,1004.0,,,,,,South Holland,,547,,,,,,,South Holland,,40.9,,,,,,,,South Holland,,5765.0,,,,,,,,,,,,,,,,,,,,,,,,South Holland,17,,,,,South Holland,,9.57447,,,,,South Holland,,23.41463,,,,,South Holland,,38.03525,,,,,South Holland,,51.74825,,,,,South Holland,34.56686,,,,,,,,,South Holland,7.74,,"coefficient of variation is less than or equal to 5%, estimate is considered precise.",,,,,,South Holland,7.95,,"coefficient of variation is less than or equal to 5%, estimate is considered precise.",,,,,,South Holland,7.62,,"coefficient of variation is less than or equal to 5%, estimate is considered precise.",,,,,,South Holland,2.47,,"coefficient of variation is greater than 10% but less than or equal to 20%, estimate is considered acceptable.",,,,,South Holland,17.0,,,,,,,,,,
E07000141,,,South Kesteven,29.34,,,,,,South Kesteven,574.9,,,,,,South Kesteven,,72.8,,,,,,,,,South Kesteven,,3.2,,,,,,South Kesteven,21864.0,,,,,,South Kesteven,645.0,,,,,,South Kesteven,605.0,,,,,,South Kesteven,6345.0,,,,,,South Kesteven,25.0,,,,,,,,,,,,,,,,,,,,,,,,,,,,South Kesteven,13.8991980236392,,,,,South Kesteven,8.57358184228842,,,,,South Kesteven,12.8044468666906,,,South Kesteven,73.5,,,South Kesteven,99.99,,,,,,,,,,South Kesteven,78.96087235,,,,,,,,,,,,,,,,,,,,,,,,,,,,South Kesteven,81.6,,,,,South Kesteven,71.8,,,,,South Kesteven,80.2,,,,,,,,,,,South Kesteven,,1003.0,,,,,,South Kesteven,,490,,,,,,,South Kesteven,,63,,,,,,,,South Kesteven,,6103.0,,,,,,,,,,,,,,,,,,,,,,,,South Kesteven,12.6,,,,,South Kesteven,,8.94942,,,,,South Kesteven,,21.68285,,,,,South Kesteven,,28.37979,,,,,South Kesteven,,52.27273,,,,,South Kesteven,26.67603,,,,,,,,,South Kesteven,7.58,,"coefficient of variation is less than or equal to 5%, estimate is considered precise.",,,,,,South Kesteven,8.07,,"coefficient of variation is less than or equal to 5%, estimate is considered precise.",,,,,,South Kesteven,7.6,,"coefficient of variation is less than or equal to 5%, estimate is considered precise.",,,,,,South Kesteven,2.98,,"coefficient of variation is greater than 5% but less than or equal to 10%, estimate is considered reasonably precise.",,,,,South Kesteven,10.0,,,,,,,,,,
E07000142,,,West Lindsey,33.3,,,,,,West Lindsey,549.9,,,,,,West Lindsey,,66.9,,,,,,,,,West Lindsey,,3.6,,,,,,West Lindsey,20154.0,,,,,,West Lindsey,305.0,,,,,,West Lindsey,330.0,,,,,,West Lindsey,3395.0,,,,,,West Lindsey,10.0,,,,,,,,,,,,,,,,,,,,,,,,,,,,West Lindsey,16.7428746080478,,,,,West Lindsey,9.49702724142537,,,,,West Lindsey,15.544470464977,,,West Lindsey,47.4,,,West Lindsey,99.8,,,,,,,,,,West Lindsey,80.04314995,,,,,,,,,,,,,,,,,,,,,,,,,,,,West Lindsey,79.6,,,,,West Lindsey,69.4,,,,,West Lindsey,75.6,,,,,,,,,,,West Lindsey,,1083.0,,,,,,West Lindsey,,516,,,,,,,West Lindsey,,51.3,,,,,,,,West Lindsey,,6174.0,,,,,,,,,,,,,,,,,,,,,,,,West Lindsey,14.8,,,,,West Lindsey,,8.60215,,,,,West Lindsey,,21.39303,,,,,West Lindsey,,34.54478,,,,,West Lindsey,,51.52749,,,,,West Lindsey,24.75424,,,,,,,,,West Lindsey,7.81,,"coefficient of variation is less than or equal to 5%, estimate is considered precise.",,,,,,West Lindsey,8.08,,"coefficient of variation is less than or equal to 5%, estimate is considered precise.",,,,,,West Lindsey,7.51,,"coefficient of variation is less than or equal to 5%, estimate is considered precise.",,,,,,West Lindsey,2.91,,"coefficient of variation is greater than 10% but less than or equal to 20%, estimate is considered acceptable.",,,,,West Lindsey,15.0,,,,,,,,,,
E07000143,,,Breckland,33.02,,,,,,Breckland,517.4,,,,,,Breckland,,75.7,,,,,,,,,Breckland,,3.2,,,,,,Breckland,19050.0,,,,,,Breckland,470.0,,,,,,Breckland,450.0,,,,,,Breckland,4880.0,,,,,,Breckland,10.0,,,,,,,,,,,,,,,,,,,,,,,,,,,,Breckland,20.8588267076643,,,,,Breckland,9.41199685988686,,,,,Breckland,14.8025344447298,,,Breckland,46.8,,,Breckland,99.95,,,,,,,,,,Breckland,66.54578422,,,,,,,,,,,,,,,,,,,,,,,,,,,,Breckland,79.9,,,,,Breckland,70.3,,,,,Breckland,78.4,,,,,,,,,,,Breckland,,948.0,,,,,,Breckland,,418,,,,,,,Breckland,,51.7,,,,,,,,Breckland,,4337.0,,,,,,,,,,,,,,,,,,,,,,,,Breckland,12.2,,,,,Breckland,,8.50202,,,,,Breckland,,23.33333,,,,,Breckland,,31.04814,,,,,Breckland,,54.89199,,,,,Breckland,22.66396,,,,,,,,,Breckland,7.75,,"coefficient of variation is less than or equal to 5%, estimate is considered precise.",,,,,,Breckland,7.99,,"coefficient of variation is less than or equal to 5%, estimate is considered precise.",,,,,,Breckland,7.19,,"coefficient of variation is less than or equal to 5%, estimate is considered precise.",,,,,,Breckland,3.05,,"coefficient of variation is greater than 5% but less than or equal to 10%, estimate is considered reasonably precise.",,,,,Breckland,15.0,,,,,,,,,,
E07000144,,,Broadland,52.34,,,,,,Broadland,604.3,,,,,,Broadland,,81,,,,,,,,,Broadland,,2.6,,,,,,Broadland,21326.0,,,,,,Broadland,445.0,,,,,,Broadland,505.0,,,,,,Broadland,4930.0,,,,,,Broadland,20.0,,,,,,,,,,,,,,,,,,,,,,,,,,,,Broadland,15.407820642395,,,,,Broadland,8.83743045825678,,,,,Broadland,12.6882640620636,,,Broadland,55.8,,,Broadland,99.99,,,,,,,,,,Broadland,75.14619883,,,,,,,,,,,,,,,,,,,,,,,,,,,,Broadland,85.0,,,,,Broadland,75.3,,,,,Broadland,81.8,,,,,,,,,,,Broadland,,1019.0,,,,,,Broadland,,520,,,,,,,Broadland,,52,,,,,,,,Broadland,,4650.0,,,,,,,,,,,,,,,,,,,,,,,,Broadland,8.2,,,,,Broadland,,7.024789999999999,,,,,Broadland,,16.8,,,,,Broadland,,22.33645,,,,,Broadland,,58.24818,,,,,Broadland,20.01632,,,,,,,,,Broadland,7.85,,"coefficient of variation is less than or equal to 5%, estimate is considered precise.",,,,,,Broadland,7.97,,"coefficient of variation is less than or equal to 5%, estimate is considered precise.",,,,,,Broadland,7.71,,"coefficient of variation is less than or equal to 5%, estimate is considered precise.",,,,,,Broadland,2.27,,"coefficient of variation is greater than 10% but less than or equal to 20%, estimate is considered acceptable.",,,,,Broadland,15.0,,,,,,,,,,
E07000145,,,Great Yarmouth,31.54,,,,,,Great Yarmouth,500.1,,,,,,Great Yarmouth,,66.2,,,,,,,,,Great Yarmouth,,6.5,,,,,,Great Yarmouth,17332.0,,,,,,Great Yarmouth,330.0,,,,,,Great Yarmouth,470.0,,,,,,Great Yarmouth,3155.0,,,,,,Great Yarmouth,10.0,,,,,,,,,,,,,,,,,,,,,,,,,,,,Great Yarmouth,11.5444354598936,,,,,Great Yarmouth,8.51515358732474,,,,,Great Yarmouth,12.8674327409554,,,Great Yarmouth,63.7,,,Great Yarmouth,100.0,,,,,,,,,,Great Yarmouth,71.83846971,,,,,,,,,,,,,,,,,,,,,,,,,,,,Great Yarmouth,78.1,,,,,Great Yarmouth,67.2,,,,,Great Yarmouth,74.8,,,,,,,,,,,Great Yarmouth,,912.0,,,,,,Great Yarmouth,,416,,,,,,,Great Yarmouth,,53.3,,,,,,,,Great Yarmouth,,4975.0,,,,,,,,,,,,,,,,,,,,,,,,Great Yarmouth,17.6,,,,,Great Yarmouth,,10.25641,,,,,Great Yarmouth,,25.9434,,,,,Great Yarmouth,,39.06869,,,,,Great Yarmouth,,51.03093,,,,,Great Yarmouth,35.70786,,,,,,,,,Great Yarmouth,7.54,,"coefficient of variation is less than or equal to 5%, estimate is considered precise.",,,,,,Great Yarmouth,8.16,,"coefficient of variation is less than or equal to 5%, estimate is considered precise.",,,,,,Great Yarmouth,7.71,,"coefficient of variation is less than or equal to 5%, estimate is considered precise.",,,,,,Great Yarmouth,2.86,,"coefficient of variation is greater than 10% but less than or equal to 20%, estimate is considered acceptable.",,,,,Great Yarmouth,7.0,,,,,,,,,,
E07000146,,,King's Lynn and West Norfolk,34.08,,,,,,King's Lynn and West Norfolk,522.3,,,,,,King's Lynn and West Norfolk,,80.8,,,,,,,,,King's Lynn and West Norfolk,,3.5,,,,,,King's Lynn and West Norfolk,19305.0,,,,,,King's Lynn and West Norfolk,475.0,,,,,,King's Lynn and West Norfolk,450.0,,,,,,King's Lynn and West Norfolk,5400.0,,,,,,King's Lynn and West Norfolk,25.0,,,,,,,,,,,,,,,,,,,,,,,,,,,,King's Lynn and West Norfolk,19.7678251405783,,,,,King's Lynn and West Norfolk,10.5621118312891,,,,,King's Lynn and West Norfolk,18.5645738740793,,,King's Lynn and West Norfolk,49.7,,,King's Lynn and West Norfolk,100.0,,,,,,,,,,King's Lynn and West Norfolk,62.12361331,,,,,,,,,,,,,,,,,,,,,,,,,,,,King's Lynn and West Norfolk,83.3,,,,,King's Lynn and West Norfolk,69.4,,,,,King's Lynn and West Norfolk,77.4,,,,,,,,,,,King's Lynn and West Norfolk,,872.0,,,,,,King's Lynn and West Norfolk,,452,,,,,,,King's Lynn and West Norfolk,,52.5,,,,,,,,King's Lynn and West Norfolk,,3943.0,,,,,,,,,,,,,,,,,,,,,,,,King's Lynn and West Norfolk,16.7,,,,,King's Lynn and West Norfolk,,11.0687,,,,,King's Lynn and West Norfolk,,24.91582,,,,,King's Lynn and West Norfolk,,29.33766,,,,,King's Lynn and West Norfolk,,54.34271999999999,,,,,King's Lynn and West Norfolk,26.5755,,,,,,,,,King's Lynn and West Norfolk,7.56,,"coefficient of variation is less than or equal to 5%, estimate is considered precise.",,,,,,King's Lynn and West Norfolk,7.55,,"coefficient of variation is less than or equal to 5%, estimate is considered precise.",,,,,,King's Lynn and West Norfolk,7.45,,"coefficient of variation is less than or equal to 5%, estimate is considered precise.",,,,,,King's Lynn and West Norfolk,3.31,,"coefficient of variation is greater than 10% but less than or equal to 20%, estimate is considered acceptable.",,,,,King's Lynn and West Norfolk,7.0,,,,,,,,,,
E07000147,,,North Norfolk,26.56,,,,,,North Norfolk,496.1,,,,,,North Norfolk,,72.9,,,,,,,,,North Norfolk,,3.7,,,,,,North Norfolk,20600.0,,,,,,North Norfolk,350.0,,,,,,North Norfolk,355.0,,,,,,North Norfolk,4015.0,,,,,,North Norfolk,20.0,,,,,,,,,,,,,,,,,,,,,,,,,,,,North Norfolk,20.0221214327975,,,,,North Norfolk,9.91870041283812,,,,,North Norfolk,16.1419168469124,,,North Norfolk,17.4,,,North Norfolk,99.85,,,,,,,,,,North Norfolk,72.45430809,,,,,,,,,,,,,,,,,,,,,,,,,,,,North Norfolk,80.0,,,,,North Norfolk,69.4,,,,,North Norfolk,77.0,,,,,,,,,,,North Norfolk,,856.0,,,,,,North Norfolk,,367,,,,,,,North Norfolk,,54,,,,,,,,North Norfolk,,4232.0,,,,,,,,,,,,,,,,,,,,,,,,North Norfolk,15.4,,,,,North Norfolk,,8.82353,,,,,North Norfolk,,20.60606,,,,,North Norfolk,,21.43777,,,,,North Norfolk,,55.41796,,,,,North Norfolk,21.79615,,,,,,,,,North Norfolk,7.67,,"coefficient of variation is less than or equal to 5%, estimate is considered precise.",,,,,,North Norfolk,8.05,,"coefficient of variation is less than or equal to 5%, estimate is considered precise.",,,,,,North Norfolk,7.21,,"coefficient of variation is greater than 5% but less than or equal to 10%, estimate is considered reasonably precise.",,,,,,North Norfolk,3.36,,"coefficient of variation is greater than 10% but less than or equal to 20%, estimate is considered acceptable.",,,,,North Norfolk,5.0,,,,,,,,,,
E07000148,,,Norwich,30.73,,,,,,Norwich,535.1,,,,,,Norwich,,78.1,,,,,,,,,Norwich,,4.9,,,,,,Norwich,16980.0,,,,,,Norwich,675.0,,,,,,Norwich,590.0,,,,,,Norwich,5510.0,,,,,,Norwich,30.0,,,,,,,,,,,,,,,,,,,,,,,,,,,,Norwich,10.1880020378934,,,,,Norwich,7.42772552813424,,,,,Norwich,8.93139347879685,,,Norwich,88.2,,,Norwich,100.0,,,,,,,,,,Norwich,71.61354582,,,,,,,,,,,,,,,,,,,,,,,,,,,,Norwich,78.4,,,,,Norwich,68.5,,,,,Norwich,75.0,,,,,,,,,,,Norwich,,777.0,,,,,,Norwich,,350,,,,,,,Norwich,,65.5,,,,,,,,Norwich,,5168.0,,,,,,,,,,,,,,,,,,,,,,,,Norwich,13.5,,,,,Norwich,,8.835339999999999,,,,,Norwich,,23.55072,,,,,Norwich,,21.22437,,,,,Norwich,,54.6371,,,,,Norwich,35.17142,,,,,,,,,Norwich,7.3,,"coefficient of variation is less than or equal to 5%, estimate is considered precise.",,,,,,Norwich,7.62,,"coefficient of variation is less than or equal to 5%, estimate is considered precise.",,,,,,Norwich,7.07,,"coefficient of variation is less than or equal to 5%, estimate is considered precise.",,,,,,Norwich,4.37,,"coefficient of variation is greater than 10% but less than or equal to 20%, estimate is considered acceptable.",,,,,Norwich,3.0,,,,,,,,,,
E07000149,,,South Norfolk,33.86,,,,,,South Norfolk,551.6,,,,,,South Norfolk,,75.8,,,,,,,,,South Norfolk,,4,,,,,,South Norfolk,21069.0,,,,,,South Norfolk,525.0,,,,,,South Norfolk,605.0,,,,,,South Norfolk,5675.0,,,,,,South Norfolk,25.0,,,,,,,,,,,,,,,,,,,,,,,,,,,,South Norfolk,17.4598071420971,,,,,South Norfolk,9.22560312545249,,,,,South Norfolk,14.1533681363455,,,South Norfolk,45.9,,,South Norfolk,99.99,,,,,,,,,,South Norfolk,82.2169059,,,,,,,,,,,,,,,,,,,,,,,,,,,,South Norfolk,84.9,,,,,South Norfolk,71.3,,,,,South Norfolk,80.1,,,,,,,,,,,South Norfolk,,891.0,,,,,,South Norfolk,,523,,,,,,,South Norfolk,,63,,,,,,,,South Norfolk,,4562.0,,,,,,,,,,,,,,,,,,,,,,,,South Norfolk,9.3,,,,,South Norfolk,,7.38007,,,,,South Norfolk,,18.9781,,,,,South Norfolk,,22.9169,,,,,South Norfolk,,54.03111999999999,,,,,South Norfolk,18.42603,,,,,,,,,South Norfolk,7.52,,"coefficient of variation is less than or equal to 5%, estimate is considered precise.",,,,,,South Norfolk,7.86,,"coefficient of variation is less than or equal to 5%, estimate is considered precise.",,,,,,South Norfolk,7.65,,"coefficient of variation is less than or equal to 5%, estimate is considered precise.",,,,,,South Norfolk,3.35,,"coefficient of variation is greater than 10% but less than or equal to 20%, estimate is considered acceptable.",,,,,South Norfolk,19.0,,,,,,,,,,
E07000150,,,,,,,,,,,,,,,,,,,,,,,,,,,,,,,,,,,,,,,,,,,,,,,,,,,,,,,,,,,,,,,,,,,,,,,,,,,,,,,,,,,,,,,,,,,,,Corby,13.196988003234,Obsolete code since 2021 (replaced by E06000061 North Northamptonshire and E06000062 West Northamptonshire),,,,Corby,7.90724256394123,Obsolete code since 2021 (replaced by E06000061 North Northamptonshire and E06000062 West Northamptonshire),,,,Corby,10.4706539773082,Obsolete code since 2021 (replaced by E06000061 North Northamptonshire and E06000062 West Northamptonshire),,,,,,,,,,,,,,,,,,,,,,,,,,,,,,,,,,,,,,,,,,,,,,,,,,,,,,,,,,,,,,,,,,,,,,,,,,,,,,,,,,,,,,,,,,,,,,,,,,,,,,,,,,,,,,,,,,,,,,,,,,,,,,,,,,,,,,,,,,,,,,,,,,,,,,,,,,,,,,,,,,,,,,,,,,,,,,,,,,,,,,,,,,,,,,,,,,,,,,,,,,,,,,,,,,,,,
E07000151,,,,,,,,,,,,,,,,,,,,,,,,,,,,,,,,,,,,,,,,,,,,,,,,,,,,,,,,,,,,,,,,,,,,,,,,,,,,,,,,,,,,,,,,,,,,,Daventry,17.4458379698585,Obsolete code since 2021 (replaced by E06000061 North Northamptonshire and E06000062 West Northamptonshire),,,,Daventry,8.50762225929955,Obsolete code since 2021 (replaced by E06000061 North Northamptonshire and E06000062 West Northamptonshire),,,,Daventry,12.9103828588944,Obsolete code since 2021 (replaced by E06000061 North Northamptonshire and E06000062 West Northamptonshire),,,,,,,,,,,,,,,,,,,,,,,,,,,,,,,,,,,,,,,,,,,,,,,,,,,,,,,,,,,,,,,,,,,,,,,,,,,,,,,,,,,,,,,,,,,,,,,,,,,,,,,,,,,,,,,,,,,,,,,,,,,,,,,,,,,,,,,,,,,,,,,,,,,,,,,,,,,,,,,,,,,,,,,,,,,,,,,,,,,,,,,,,,,,,,,,,,,,,,,,,,,,,,,,,,,,,
E07000152,,,,,,,,,,,,,,,,,,,,,,,,,,,,,,,,,,,,,,,,,,,,,,,,,,,,,,,,,,,,,,,,,,,,,,,,,,,,,,,,,,,,,,,,,,,,,East Northamptonshire,13.6311852334149,Obsolete code since 2021 (replaced by E06000061 North Northamptonshire and E06000062 West Northamptonshire),,,,East Northamptonshire,7.54749407309167,Obsolete code since 2021 (replaced by E06000061 North Northamptonshire and E06000062 West Northamptonshire),,,,East Northamptonshire,9.85899433062612,Obsolete code since 2021 (replaced by E06000061 North Northamptonshire and E06000062 West Northamptonshire),,,,,,,,,,,,,,,,,,,,,,,,,,,,,,,,,,,,,,,,,,,,,,,,,,,,,,,,,,,,,,,,,,,,,,,,,,,,,,,,,,,,,,,,,,,,,,,,,,,,,,,,,,,,,,,,,,,,,,,,,,,,,,,,,,,,,,,,,,,,,,,,,,,,,,,,,,,,,,,,,,,,,,,,,,,,,,,,,,,,,,,,,,,,,,,,,,,,,,,,,,,,,,,,,,,,,
E07000153,,,,,,,,,,,,,,,,,,,,,,,,,,,,,,,,,,,,,,,,,,,,,,,,,,,,,,,,,,,,,,,,,,,,,,,,,,,,,,,,,,,,,,,,,,,,,Kettering,11.4393745111331,Obsolete code since 2021 (replaced by E06000061 North Northamptonshire and E06000062 West Northamptonshire),,,,Kettering,7.58926716175894,Obsolete code since 2021 (replaced by E06000061 North Northamptonshire and E06000062 West Northamptonshire),,,,Kettering,10.0343281439302,Obsolete code since 2021 (replaced by E06000061 North Northamptonshire and E06000062 West Northamptonshire),,,,,,,,,,,,,,,,,,,,,,,,,,,,,,,,,,,,,,,,,,,,,,,,,,,,,,,,,,,,,,,,,,,,,,,,,,,,,,,,,,,,,,,,,,,,,,,,,,,,,,,,,,,,,,,,,,,,,,,,,,,,,,,,,,,,,,,,,,,,,,,,,,,,,,,,,,,,,,,,,,,,,,,,,,,,,,,,,,,,,,,,,,,,,,,,,,,,,,,,,,,,,,,,,,,,,
E07000154,,,,,,,,,,,,,,,,,,,,,,,,,,,,,,,,,,,,,,,,,,,,,,,,,,,,,,,,,,,,,,,,,,,,,,,,,,,,,,,,,,,,,,,,,,,,,Northampton,9.31757291025858,Obsolete code since 2021 (replaced by E06000061 North Northamptonshire and E06000062 West Northamptonshire),,,,Northampton,7.15040050613068,Obsolete code since 2021 (replaced by E06000061 North Northamptonshire and E06000062 West Northamptonshire),,,,Northampton,8.60575744466519,Obsolete code since 2021 (replaced by E06000061 North Northamptonshire and E06000062 West Northamptonshire),,,,,,,,,,,,,,,,,,,,,,,,,,,,,,,,,,,,,,,,,,,,,,,,,,,,,,,,,,,,,,,,,,,,,,,,,,,,,,,,,,,,,,,,,,,,,,,,,,,,,,,,,,,,,,,,,,,,,,,,,,,,,,,,,,,,,,,,,,,,,,,,,,,,,,,,,,,,,,,,,,,,,,,,,,,,,,,,,,,,,,,,,,,,,,,,,,,,,,,,,,,,,,,,,,,,,
E07000155,,,,,,,,,,,,,,,,,,,,,,,,,,,,,,,,,,,,,,,,,,,,,,,,,,,,,,,,,,,,,,,,,,,,,,,,,,,,,,,,,,,,,,,,,,,,,South Northamptonshire,17.7533295865148,Obsolete code since 2021 (replaced by E06000061 North Northamptonshire and E06000062 West Northamptonshire),,,,South Northamptonshire,8.55946965360811,Obsolete code since 2021 (replaced by E06000061 North Northamptonshire and E06000062 West Northamptonshire),,,,South Northamptonshire,12.3469348697581,Obsolete code since 2021 (replaced by E06000061 North Northamptonshire and E06000062 West Northamptonshire),,,,,,,,,,,,,,,,,,,,,,,,,,,,,,,,,,,,,,,,,,,,,,,,,,,,,,,,,,,,,,,,,,,,,,,,,,,,,,,,,,,,,,,,,,,,,,,,,,,,,,,,,,,,,,,,,,,,,,,,,,,,,,,,,,,,,,,,,,,,,,,,,,,,,,,,,,,,,,,,,,,,,,,,,,,,,,,,,,,,,,,,,,,,,,,,,,,,,,,,,,,,,,,,,,,,,
E07000156,,,,,,,,,,,,,,,,,,,,,,,,,,,,,,,,,,,,,,,,,,,,,,,,,,,,,,,,,,,,,,,,,,,,,,,,,,,,,,,,,,,,,,,,,,,,,Wellingborough,9.69125420295801,Obsolete code since 2021 (replaced by E06000061 North Northamptonshire and E06000062 West Northamptonshire),,,,Wellingborough,7.35724160310578,Obsolete code since 2021 (replaced by E06000061 North Northamptonshire and E06000062 West Northamptonshire),,,,Wellingborough,9.24636527935317,Obsolete code since 2021 (replaced by E06000061 North Northamptonshire and E06000062 West Northamptonshire),,,,,,,,,,,,,,,,,,,,,,,,,,,,,,,,,,,,,,,,,,,,,,,,,,,,,,,,,,,,,,,,,,,,,,,,,,,,,,,,,,,,,,,,,,,,,,,,,,,,,,,,,,,,,,,,,,,,,,,,,,,,,,,,,,,,,,,,,,,,,,,,,,,,,,,,,,,,,,,,,,,,,,,,,,,,,,,,,,,,,,,,,,,,,,,,,,,,,,,,,,,,,,,,,,,,,
E07000163,,,Craven,30.48,Obsolete code since 2023 (replaced by E06000065 North Yorkshire),,,,,,,,,,,,Craven,,78.7,Obsolete code since 2023 (replaced by E06000065 North Yorkshire),,,,,,,,Craven,,2.6,Obsolete code since 2023 (replaced by E06000065 North Yorkshire),,,,,Craven,21596.0,Obsolete code since 2023 (replaced by E06000065 North Yorkshire),,,,,Craven,245.0,Obsolete code since 2023 (replaced by E06000065 North Yorkshire),,,,,Craven,240.0,Obsolete code since 2023 (replaced by E06000065 North Yorkshire),,,,,Craven,2935.0,Obsolete code since 2023 (replaced by E06000065 North Yorkshire),,,,,Craven,10.0,Obsolete code since 2023 (replaced by E06000065 North Yorkshire),,,,,,,,,,,,,,,,,,,,,,,,,,,Craven,16.8090218383167,Obsolete code since 2023 (replaced by E06000065 North Yorkshire),,,,Craven,8.86747776873534,Obsolete code since 2023 (replaced by E06000065 North Yorkshire),,,,Craven,13.7760259257733,Obsolete code since 2023 (replaced by E06000065 North Yorkshire),,Craven,55.0,Obsolete code since 2023 (replaced by E06000065 North Yorkshire),,Craven,83.92,Obsolete code since 2023 (replaced by E06000065 North Yorkshire),,,,,,,,,Craven,82.46844320000001,Obsolete code since 2023 (replaced by E06000065 North Yorkshire),,,,,,,,,,,,,,,,,,,,,,,,,,,Craven,83.4,Obsolete code since 2023 (replaced by E06000065 North Yorkshire),,,,Craven,73.9,Obsolete code since 2023 (replaced by E06000065 North Yorkshire),,,,Craven,81.8,Obsolete code since 2023 (replaced by E06000065 North Yorkshire),,,,,,,,,,,,,,,,,,,,,,,,,,,Craven,,69.2,Obsolete code since 2023 (replaced by E06000065 North Yorkshire),,,,,,,,,,,,,,,,,,,,,,,,,,,,,,,,,Craven,4.9,Obsolete code since 2023 (replaced by E06000065 North Yorkshire),,,,,,,,,,,,,,,,,,Craven,,24.46679,Obsolete code since 2023 (replaced by E06000065 North Yorkshire),,,,,,,,,,,,,,,,,,,,,Craven,6.98,,"coefficient of variation is greater than 5% but less than or equal to 10%, estimate is considered reasonably precise.",Obsolete code since 2023 (replaced by E06000065 North Yorkshire),,,,,Craven,7.59,,"coefficient of variation is greater than 5% but less than or equal to 10%, estimate is considered reasonably precise.",Obsolete code since 2023 (replaced by E06000065 North Yorkshire),,,,,Craven,7.22,,"coefficient of variation is greater than 5% but less than or equal to 10%, estimate is considered reasonably precise.",Obsolete code since 2023 (replaced by E06000065 North Yorkshire),,,,,Craven,3.62,,"coefficient of variation is greater than 10% but less than or equal to 20%, estimate is considered acceptable.",Obsolete code since 2023 (replaced by E06000065 North Yorkshire),,,,Craven,10.0,Obsolete code since 2023 (replaced by E06000065 North Yorkshire),,,,,,,,,
E07000164,,,Hambleton,39.86,Obsolete code since 2023 (replaced by E06000065 North Yorkshire),,,,,,,,,,,,Hambleton,,82.9,Obsolete code since 2023 (replaced by E06000065 North Yorkshire),,,,,,,,Hambleton,,1.8,Obsolete code since 2023 (replaced by E06000065 North Yorkshire),,,,,Hambleton,23742.0,Obsolete code since 2023 (replaced by E06000065 North Yorkshire),,,,,Hambleton,350.0,Obsolete code since 2023 (replaced by E06000065 North Yorkshire),,,,,Hambleton,385.0,Obsolete code since 2023 (replaced by E06000065 North Yorkshire),,,,,Hambleton,4320.0,Obsolete code since 2023 (replaced by E06000065 North Yorkshire),,,,,Hambleton,15.0,Obsolete code since 2023 (replaced by E06000065 North Yorkshire),,,,,,,,,,,,,,,,,,,,,,,,,,,Hambleton,22.9093523531213,Obsolete code since 2023 (replaced by E06000065 North Yorkshire),,,,Hambleton,9.69547798913831,Obsolete code since 2023 (replaced by E06000065 North Yorkshire),,,,Hambleton,15.5188202831653,Obsolete code since 2023 (replaced by E06000065 North Yorkshire),,Hambleton,61.9,Obsolete code since 2023 (replaced by E06000065 North Yorkshire),,Hambleton,98.07,Obsolete code since 2023 (replaced by E06000065 North Yorkshire),,,,,,,,,Hambleton,78.02469136,Obsolete code since 2023 (replaced by E06000065 North Yorkshire),,,,,,,,,,,,,,,,,,,,,,,,,,,Hambleton,84.0,Obsolete code since 2023 (replaced by E06000065 North Yorkshire),,,,Hambleton,74.9,Obsolete code since 2023 (replaced by E06000065 North Yorkshire),,,,Hambleton,82.7,Obsolete code since 2023 (replaced by E06000065 North Yorkshire),,,,,,,,,,,,,,,,,,,,,,,,,,,Hambleton,,66.2,Obsolete code since 2023 (replaced by E06000065 North Yorkshire),,,,,,,,,,,,,,,,,,,,,,,,,,,,,,,,,Hambleton,9,Obsolete code since 2023 (replaced by E06000065 North Yorkshire),,,,,,,,,,,,,,,,,,Hambleton,,21.09793,Obsolete code since 2023 (replaced by E06000065 North Yorkshire),,,,,,,,,,,,,,,,,,,,,Hambleton,7.22,,"coefficient of variation is greater than 5% but less than or equal to 10%, estimate is considered reasonably precise.",Obsolete code since 2023 (replaced by E06000065 North Yorkshire),,,,,Hambleton,7.48,,"coefficient of variation is greater than 10% but less than or equal to 20%, estimate is considered acceptable.",Obsolete code since 2023 (replaced by E06000065 North Yorkshire),,,,,Hambleton,7.03,,"coefficient of variation is greater than 10% but less than or equal to 20%, estimate is considered acceptable.",Obsolete code since 2023 (replaced by E06000065 North Yorkshire),,,,,Hambleton,3.25,,"coefficient of variation is greater than 20%, estimate is considered unreliable.",Obsolete code since 2023 (replaced by E06000065 North Yorkshire),,,,Hambleton,14.0,Obsolete code since 2023 (replaced by E06000065 North Yorkshire),,,,,,,,,
E07000165,,,Harrogate,36.85,Obsolete code since 2023 (replaced by E06000065 North Yorkshire),,,,,,,,,,,,Harrogate,,80.8,Obsolete code since 2023 (replaced by E06000065 North Yorkshire),,,,,,,,Harrogate,,2,Obsolete code since 2023 (replaced by E06000065 North Yorkshire),,,,,Harrogate,26421.0,Obsolete code since 2023 (replaced by E06000065 North Yorkshire),,,,,Harrogate,930.0,Obsolete code since 2023 (replaced by E06000065 North Yorkshire),,,,,Harrogate,825.0,Obsolete code since 2023 (replaced by E06000065 North Yorkshire),,,,,Harrogate,8985.0,Obsolete code since 2023 (replaced by E06000065 North Yorkshire),,,,,Harrogate,30.0,Obsolete code since 2023 (replaced by E06000065 North Yorkshire),,,,,,,,,,,,,,,,,,,,,,,,,,,Harrogate,16.5523444000506,Obsolete code since 2023 (replaced by E06000065 North Yorkshire),,,,Harrogate,8.35826776386248,Obsolete code since 2023 (replaced by E06000065 North Yorkshire),,,,Harrogate,11.8753406615596,Obsolete code since 2023 (replaced by E06000065 North Yorkshire),,Harrogate,69.3,Obsolete code since 2023 (replaced by E06000065 North Yorkshire),,Harrogate,95.99,Obsolete code since 2023 (replaced by E06000065 North Yorkshire),,,,,,,,,Harrogate,83.86727689,Obsolete code since 2023 (replaced by E06000065 North Yorkshire),,,,,,,,,,,,,,,,,,,,,,,,,,,Harrogate,84.0,Obsolete code since 2023 (replaced by E06000065 North Yorkshire),,,,Harrogate,74.2,Obsolete code since 2023 (replaced by E06000065 North Yorkshire),,,,Harrogate,82.5,Obsolete code since 2023 (replaced by E06000065 North Yorkshire),,,,,,,,,,,,,,,,,,,,,,,,,,,Harrogate,,75.5,Obsolete code since 2023 (replaced by E06000065 North Yorkshire),,,,,,,,,,,,,,,,,,,,,,,,,,,,,,,,,Harrogate,9.8,Obsolete code since 2023 (replaced by E06000065 North Yorkshire),,,,,,,,,,,,,,,,,,Harrogate,,20.47274,Obsolete code since 2023 (replaced by E06000065 North Yorkshire),,,,,,,,,,,,,,,,,,,,,Harrogate,7.7,,"coefficient of variation is less than or equal to 5%, estimate is considered precise.",Obsolete code since 2023 (replaced by E06000065 North Yorkshire),,,,,Harrogate,7.7,,"coefficient of variation is less than or equal to 5%, estimate is considered precise.",Obsolete code since 2023 (replaced by E06000065 North Yorkshire),,,,,Harrogate,7.59,,"coefficient of variation is less than or equal to 5%, estimate is considered precise.",Obsolete code since 2023 (replaced by E06000065 North Yorkshire),,,,,Harrogate,3.01,,"coefficient of variation is greater than 10% but less than or equal to 20%, estimate is considered acceptable.",Obsolete code since 2023 (replaced by E06000065 North Yorkshire),,,,Harrogate,14.0,Obsolete code since 2023 (replaced by E06000065 North Yorkshire),,,,,,,,,
E07000166,,,Richmondshire,40.8,Obsolete code since 2023 (replaced by E06000065 North Yorkshire),,,,,,,,,,,,Richmondshire,,66.2,Obsolete code since 2023 (replaced by E06000065 North Yorkshire),,,,,,,,Richmondshire,,2.5,Obsolete code since 2023 (replaced by E06000065 North Yorkshire),,,,,Richmondshire,21079.0,Obsolete code since 2023 (replaced by E06000065 North Yorkshire),,,,,Richmondshire,180.0,Obsolete code since 2023 (replaced by E06000065 North Yorkshire),,,,,Richmondshire,200.0,Obsolete code since 2023 (replaced by E06000065 North Yorkshire),,,,,Richmondshire,2210.0,Obsolete code since 2023 (replaced by E06000065 North Yorkshire),,,,,Richmondshire,10.0,Obsolete code since 2023 (replaced by E06000065 North Yorkshire),,,,,,,,,,,,,,,,,,,,,,,,,,,Richmondshire,18.3833855327399,Obsolete code since 2023 (replaced by E06000065 North Yorkshire),,,,Richmondshire,9.47729754532945,Obsolete code since 2023 (replaced by E06000065 North Yorkshire),,,,Richmondshire,15.2648603164862,Obsolete code since 2023 (replaced by E06000065 North Yorkshire),,Richmondshire,39.1,Obsolete code since 2023 (replaced by E06000065 North Yorkshire),,Richmondshire,81.34,Obsolete code since 2023 (replaced by E06000065 North Yorkshire),,,,,,,,,Richmondshire,77.05882353,Obsolete code since 2023 (replaced by E06000065 North Yorkshire),,,,,,,,,,,,,,,,,,,,,,,,,,,Richmondshire,88.4,Obsolete code since 2023 (replaced by E06000065 North Yorkshire),,,,Richmondshire,74.4,Obsolete code since 2023 (replaced by E06000065 North Yorkshire),,,,Richmondshire,84.8,Obsolete code since 2023 (replaced by E06000065 North Yorkshire),,,,,,,,,,,,,,,,,,,,,,,,,,,Richmondshire,,68.7,Obsolete code since 2023 (replaced by E06000065 North Yorkshire),,,,,,,,,,,,,,,,,,,,,,,,,,,,,,,,,Richmondshire,7.3,Obsolete code since 2023 (replaced by E06000065 North Yorkshire),,,,,,,,,,,,,,,,,,Richmondshire,,27.53493,Obsolete code since 2023 (replaced by E06000065 North Yorkshire),,,,,,,,,,,,,,,,,,,,,Richmondshire,na,Value suppressed with due to low reliability of estimate,,Obsolete code since 2023 (replaced by E06000065 North Yorkshire),,,,,Richmondshire,na,Value suppressed with due to low reliability of estimate,,Obsolete code since 2023 (replaced by E06000065 North Yorkshire),,,,,Richmondshire,na,Value suppressed with due to low reliability of estimate,,Obsolete code since 2023 (replaced by E06000065 North Yorkshire),,,,,Richmondshire,na,Value suppressed with due to low reliability of estimate,,Obsolete code since 2023 (replaced by E06000065 North Yorkshire),,,,Richmondshire,4.0,Obsolete code since 2023 (replaced by E06000065 North Yorkshire),,,,,,,,,
E07000167,,,Ryedale,33.83,Obsolete code since 2023 (replaced by E06000065 North Yorkshire),,,,,,,,,,,,Ryedale,,88.7,Obsolete code since 2023 (replaced by E06000065 North Yorkshire),,,,,,,,Ryedale,,2.1,Obsolete code since 2023 (replaced by E06000065 North Yorkshire),,,,,Ryedale,21669.0,Obsolete code since 2023 (replaced by E06000065 North Yorkshire),,,,,Ryedale,225.0,Obsolete code since 2023 (replaced by E06000065 North Yorkshire),,,,,Ryedale,245.0,Obsolete code since 2023 (replaced by E06000065 North Yorkshire),,,,,Ryedale,2845.0,Obsolete code since 2023 (replaced by E06000065 North Yorkshire),,,,,Ryedale,10.0,Obsolete code since 2023 (replaced by E06000065 North Yorkshire),,,,,,,,,,,,,,,,,,,,,,,,,,,Ryedale,26.9415799666942,Obsolete code since 2023 (replaced by E06000065 North Yorkshire),,,,Ryedale,9.70514823317106,Obsolete code since 2023 (replaced by E06000065 North Yorkshire),,,,Ryedale,16.4491042873418,Obsolete code since 2023 (replaced by E06000065 North Yorkshire),,Ryedale,46.1,Obsolete code since 2023 (replaced by E06000065 North Yorkshire),,Ryedale,91.05,Obsolete code since 2023 (replaced by E06000065 North Yorkshire),,,,,,,,,Ryedale,73.23943662,Obsolete code since 2023 (replaced by E06000065 North Yorkshire),,,,,,,,,,,,,,,,,,,,,,,,,,,Ryedale,82.1,Obsolete code since 2023 (replaced by E06000065 North Yorkshire),,,,Ryedale,69.7,Obsolete code since 2023 (replaced by E06000065 North Yorkshire),,,,Ryedale,79.0,Obsolete code since 2023 (replaced by E06000065 North Yorkshire),,,,,,,,,,,,,,,,,,,,,,,,,,,Ryedale,,48.8,Obsolete code since 2023 (replaced by E06000065 North Yorkshire),,,,,,,,,,,,,,,,,,,,,,,,,,,,,,,,,Ryedale,15,Obsolete code since 2023 (replaced by E06000065 North Yorkshire),,,,,,,,,,,,,,,,,,Ryedale,,20.67727,Obsolete code since 2023 (replaced by E06000065 North Yorkshire),,,,,,,,,,,,,,,,,,,,,Ryedale,7.54,,"coefficient of variation is less than or equal to 5%, estimate is considered precise.",Obsolete code since 2023 (replaced by E06000065 North Yorkshire),,,,,Ryedale,7.9,,"coefficient of variation is less than or equal to 5%, estimate is considered precise.",Obsolete code since 2023 (replaced by E06000065 North Yorkshire),,,,,Ryedale,7.89,,"coefficient of variation is less than or equal to 5%, estimate is considered precise.",Obsolete code since 2023 (replaced by E06000065 North Yorkshire),,,,,Ryedale,2.66,,"coefficient of variation is greater than 10% but less than or equal to 20%, estimate is considered acceptable.",Obsolete code since 2023 (replaced by E06000065 North Yorkshire),,,,Ryedale,8.0,Obsolete code since 2023 (replaced by E06000065 North Yorkshire),,,,,,,,,
E07000168,,,Scarborough,28.95,Obsolete code since 2023 (replaced by E06000065 North Yorkshire),,,,,,,,,,,,Scarborough,,71.4,Obsolete code since 2023 (replaced by E06000065 North Yorkshire),,,,,,,,Scarborough,,2.9,Obsolete code since 2023 (replaced by E06000065 North Yorkshire),,,,,Scarborough,19204.0,Obsolete code since 2023 (replaced by E06000065 North Yorkshire),,,,,Scarborough,365.0,Obsolete code since 2023 (replaced by E06000065 North Yorkshire),,,,,Scarborough,350.0,Obsolete code since 2023 (replaced by E06000065 North Yorkshire),,,,,Scarborough,3965.0,Obsolete code since 2023 (replaced by E06000065 North Yorkshire),,,,,Scarborough,20.0,Obsolete code since 2023 (replaced by E06000065 North Yorkshire),,,,,,,,,,,,,,,,,,,,,,,,,,,Scarborough,13.8607818214618,Obsolete code since 2023 (replaced by E06000065 North Yorkshire),,,,Scarborough,8.12344889762555,Obsolete code since 2023 (replaced by E06000065 North Yorkshire),,,,Scarborough,11.4342789231214,Obsolete code since 2023 (replaced by E06000065 North Yorkshire),,Scarborough,43.1,Obsolete code since 2023 (replaced by E06000065 North Yorkshire),,Scarborough,93.94,Obsolete code since 2023 (replaced by E06000065 North Yorkshire),,,,,,,,,Scarborough,66.12410987,Obsolete code since 2023 (replaced by E06000065 North Yorkshire),,,,,,,,,,,,,,,,,,,,,,,,,,,Scarborough,79.5,Obsolete code since 2023 (replaced by E06000065 North Yorkshire),,,,Scarborough,68.1,Obsolete code since 2023 (replaced by E06000065 North Yorkshire),,,,Scarborough,74.7,Obsolete code since 2023 (replaced by E06000065 North Yorkshire),,,,,,,,,,,,,,,,,,,,,,,,,,,Scarborough,,53.6,Obsolete code since 2023 (replaced by E06000065 North Yorkshire),,,,,,,,,,,,,,,,,,,,,,,,,,,,,,,,,Scarborough,9.7,Obsolete code since 2023 (replaced by E06000065 North Yorkshire),,,,,,,,,,,,,,,,,,Scarborough,,24.51584,Obsolete code since 2023 (replaced by E06000065 North Yorkshire),,,,,,,,,,,,,,,,,,,,,Scarborough,7.93,,"coefficient of variation is less than or equal to 5%, estimate is considered precise.",Obsolete code since 2023 (replaced by E06000065 North Yorkshire),,,,,Scarborough,8.18,,"coefficient of variation is less than or equal to 5%, estimate is considered precise.",Obsolete code since 2023 (replaced by E06000065 North Yorkshire),,,,,Scarborough,7.7,,"coefficient of variation is less than or equal to 5%, estimate is considered precise.",Obsolete code since 2023 (replaced by E06000065 North Yorkshire),,,,,Scarborough,2.86,,"coefficient of variation is greater than 10% but less than or equal to 20%, estimate is considered acceptable.",Obsolete code since 2023 (replaced by E06000065 North Yorkshire),,,,Scarborough,8.0,Obsolete code since 2023 (replaced by E06000065 North Yorkshire),,,,,,,,,
E07000169,,,Selby,37.45,Obsolete code since 2023 (replaced by E06000065 North Yorkshire),,,,,,,,,,,,Selby,,84,Obsolete code since 2023 (replaced by E06000065 North Yorkshire),,,,,,,,Selby,,2.3,Obsolete code since 2023 (replaced by E06000065 North Yorkshire),,,,,Selby,20922.0,Obsolete code since 2023 (replaced by E06000065 North Yorkshire),,,,,Selby,445.0,Obsolete code since 2023 (replaced by E06000065 North Yorkshire),,,,,Selby,410.0,Obsolete code since 2023 (replaced by E06000065 North Yorkshire),,,,,Selby,3820.0,Obsolete code since 2023 (replaced by E06000065 North Yorkshire),,,,,Selby,15.0,Obsolete code since 2023 (replaced by E06000065 North Yorkshire),,,,,,,,,,,,,,,,,,,,,,,,,,,Selby,16.7516222143458,Obsolete code since 2023 (replaced by E06000065 North Yorkshire),,,,Selby,9.08142116391216,Obsolete code since 2023 (replaced by E06000065 North Yorkshire),,,,Selby,14.429017777183,Obsolete code since 2023 (replaced by E06000065 North Yorkshire),,Selby,70.1,Obsolete code since 2023 (replaced by E06000065 North Yorkshire),,Selby,100.0,Obsolete code since 2023 (replaced by E06000065 North Yorkshire),,,,,,,,,Selby,78.18791946,Obsolete code since 2023 (replaced by E06000065 North Yorkshire),,,,,,,,,,,,,,,,,,,,,,,,,,,Selby,85.1,Obsolete code since 2023 (replaced by E06000065 North Yorkshire),,,,Selby,74.7,Obsolete code since 2023 (replaced by E06000065 North Yorkshire),,,,Selby,83.1,Obsolete code since 2023 (replaced by E06000065 North Yorkshire),,,,,,,,,,,,,,,,,,,,,,,,,,,Selby,,60,Obsolete code since 2023 (replaced by E06000065 North Yorkshire),,,,,,,,,,,,,,,,,,,,,,,,,,,,,,,,,Selby,10.7,Obsolete code since 2023 (replaced by E06000065 North Yorkshire),,,,,,,,,,,,,,,,,,Selby,,26.65082,Obsolete code since 2023 (replaced by E06000065 North Yorkshire),,,,,,,,,,,,,,,,,,,,,Selby,7.55,,"coefficient of variation is less than or equal to 5%, estimate is considered precise.",Obsolete code since 2023 (replaced by E06000065 North Yorkshire),,,,,Selby,8,,"coefficient of variation is less than or equal to 5%, estimate is considered precise.",Obsolete code since 2023 (replaced by E06000065 North Yorkshire),,,,,Selby,7.62,,"coefficient of variation is less than or equal to 5%, estimate is considered precise.",Obsolete code since 2023 (replaced by E06000065 North Yorkshire),,,,,Selby,2.89,,"coefficient of variation is greater than 10% but less than or equal to 20%, estimate is considered acceptable.",Obsolete code since 2023 (replaced by E06000065 North Yorkshire),,,,Selby,11.0,Obsolete code since 2023 (replaced by E06000065 North Yorkshire),,,,,,,,,
E07000170,,,Ashfield,34.24,,,,,,Ashfield,525.2,,,,,,Ashfield,,62.6,,,,,,,,,Ashfield,,5.2,,,,,,Ashfield,16608.0,,,,,,Ashfield,405.0,,,,,,Ashfield,395.0,,,,,,Ashfield,3425.0,,,,,,Ashfield,20.0,,,,,,,,,,,,,,,,,,,,,,,,,,,,Ashfield,11.5415086119142,,,,,Ashfield,7.692325950966,,,,,Ashfield,10.0115849092853,,,Ashfield,89.4,,,Ashfield,100.0,,,,,,,,,,Ashfield,62.8994544,,,,,,,,,,,,,,,,,,,,,,,,,,,,Ashfield,75.4,,,,,Ashfield,62.6,,,,,Ashfield,69.1,,,,,,,,,,,Ashfield,,1190.0,,,,,,Ashfield,,589,,,,,,,Ashfield,,50.2,,,,,,,,Ashfield,,7123.0,,,,,,,,,,,,,,,,,,,,,,,,Ashfield,11.3,,,,,Ashfield,,10.38462,,,,,Ashfield,,24.5098,,,,,Ashfield,,35.01713,,,,,Ashfield,,na,Value not published for data quality reasons,,,,Ashfield,37.06559,,,,,,,,,Ashfield,7,,"coefficient of variation is less than or equal to 5%, estimate is considered precise.",,,,,,Ashfield,6.85,,"coefficient of variation is greater than 5% but less than or equal to 10%, estimate is considered reasonably precise.",,,,,,Ashfield,6.82,,"coefficient of variation is greater than 5% but less than or equal to 10%, estimate is considered reasonably precise.",,,,,,Ashfield,2.7,,"coefficient of variation is greater than 10% but less than or equal to 20%, estimate is considered acceptable.",,,,,Ashfield,6.0,,,,,,,,,,
E07000171,,,Bassetlaw,27.28,,,,,,Bassetlaw,506.5,,,,,,Bassetlaw,,73.6,,,,,,,,,Bassetlaw,,2.8,,,,,,Bassetlaw,18935.0,,,,,,Bassetlaw,475.0,,,,,,Bassetlaw,440.0,,,,,,Bassetlaw,4270.0,,,,,,Bassetlaw,20.0,,,,,,,,,,,,,,,,,,,,,,,,,,,,Bassetlaw,11.8930432302486,,,,,Bassetlaw,8.05575299046668,,,,,Bassetlaw,11.4872966525033,,,Bassetlaw,54.9,,,Bassetlaw,100.0,,,,,,,,,,Bassetlaw,78.83928571,,,,,,,,,,,,,,,,,,,,,,,,,,,,Bassetlaw,80.9,,,,,Bassetlaw,70.7,,,,,Bassetlaw,75.5,,,,,,,,,,,Bassetlaw,,1098.0,,,,,,Bassetlaw,,566,,,,,,,Bassetlaw,,52.6,,,,,,,,Bassetlaw,,5358.0,,,,,,,,,,,,,,,,,,,,,,,,Bassetlaw,12.7,,,,,Bassetlaw,,7.33945,,,,,Bassetlaw,,26.13636,,,,,Bassetlaw,,29.32561,,,,,Bassetlaw,,55.89286,,,,,Bassetlaw,33.94501,,,,,,,,,Bassetlaw,7.38,,"coefficient of variation is less than or equal to 5%, estimate is considered precise.",,,,,,Bassetlaw,7.81,,"coefficient of variation is less than or equal to 5%, estimate is considered precise.",,,,,,Bassetlaw,7.38,,"coefficient of variation is less than or equal to 5%, estimate is considered precise.",,,,,,Bassetlaw,3.02,,"coefficient of variation is greater than 10% but less than or equal to 20%, estimate is considered acceptable.",,,,,Bassetlaw,19.0,,,,,,,,,,
E07000172,,,Broxtowe,36.66,,,,,,Broxtowe,573.3,,,,,,Broxtowe,,77.3,,,,,,,,,Broxtowe,,3.2,,,,,,Broxtowe,19226.0,,,,,,Broxtowe,505.0,,,,,,Broxtowe,540.0,,,,,,Broxtowe,3870.0,,,,,,Broxtowe,10.0,,,,,,,,,,,,,,,,,,,,,,,,,,,,Broxtowe,9.94975026109339,,,,,Broxtowe,7.16467591086262,,,,,Broxtowe,8.82953504679492,,,Broxtowe,94.8,,,Broxtowe,100.0,,,,,,,,,,Broxtowe,76.1596548,,,,,,,,,,,,,,,,,,,,,,,,,,,,Broxtowe,79.0,,,,,Broxtowe,68.7,,,,,Broxtowe,76.1,,,,,,,,,,,Broxtowe,,1046.0,,,,,,Broxtowe,,475,,,,,,,Broxtowe,,52.6,,,,,,,,Broxtowe,,4852.0,,,,,,,,,,,,,,,,,,,,,,,,Broxtowe,12.4,,,,,Broxtowe,,7.07547,,,,,Broxtowe,,21.31148,,,,,Broxtowe,,23.3364,,,,,Broxtowe,,61.31868000000001,,,,,Broxtowe,31.44208,,,,,,,,,Broxtowe,7.25,,"coefficient of variation is less than or equal to 5%, estimate is considered precise.",,,,,,Broxtowe,7.28,,"coefficient of variation is greater than 5% but less than or equal to 10%, estimate is considered reasonably precise.",,,,,,Broxtowe,7.34,,"coefficient of variation is less than or equal to 5%, estimate is considered precise.",,,,,,Broxtowe,3.39,,"coefficient of variation is greater than 10% but less than or equal to 20%, estimate is considered acceptable.",,,,,Broxtowe,6.0,,,,,,,,,,
E07000173,,,Gedling,33.47,,,,,,Gedling,525.6,,,,,,Gedling,,71,,,,,,,,,Gedling,,3.9,,,,,,Gedling,19482.0,,,,,,Gedling,445.0,,,,,,Gedling,440.0,,,,,,Gedling,3965.0,,,,,,Gedling,5.0,,,,,,,,,,,,,,,,,,,,,,,,,,,,Gedling,12.8849064516376,,,,,Gedling,7.91728511750928,,,,,Gedling,10.4898897258298,,,Gedling,91.6,,,Gedling,100.0,,,,,,,,,,Gedling,72.8355838,,,,,,,,,,,,,,,,,,,,,,,,,,,,Gedling,83.4,,,,,Gedling,73.5,,,,,Gedling,81.5,,,,,,,,,,,Gedling,,1102.0,,,,,,Gedling,,444,,,,,,,Gedling,,57.7,,,,,,,,Gedling,,5351.0,,,,,,,,,,,,,,,,,,,,,,,,Gedling,11.7,,,,,Gedling,,9.05172,,,,,Gedling,,19.45525,,,,,Gedling,,23.02882,,,,,Gedling,,55.15152,,,,,Gedling,30.25194,,,,,,,,,Gedling,7.33,,"coefficient of variation is less than or equal to 5%, estimate is considered precise.",,,,,,Gedling,7.52,,"coefficient of variation is less than or equal to 5%, estimate is considered precise.",,,,,,Gedling,6.88,,"coefficient of variation is greater than 5% but less than or equal to 10%, estimate is considered reasonably precise.",,,,,,Gedling,2.78,,"coefficient of variation is greater than 5% but less than or equal to 10%, estimate is considered reasonably precise.",,,,,Gedling,13.0,,,,,,,,,,
E07000174,,,Mansfield,27.75,,,,,,Mansfield,508.4,,,,,,Mansfield,,74.6,,,,,,,,,Mansfield,,3.3,,,,,,Mansfield,17250.0,,,,,,Mansfield,645.0,,,,,,Mansfield,530.0,,,,,,Mansfield,3880.0,,,,,,Mansfield,15.0,,,,,,,,,,,,,,,,,,,,,,,,,,,,Mansfield,11.0241867600663,,,,,Mansfield,7.26307615096124,,,,,Mansfield,9.08152368004124,,,Mansfield,86.9,,,Mansfield,99.95,,,,,,,,,,Mansfield,66.84027778,,,,,,,,,,,,,,,,,,,,,,,,,,,,Mansfield,75.3,,,,,Mansfield,64.5,,,,,Mansfield,73.2,,,,,,,,,,,Mansfield,,1154.0,,,,,,Mansfield,,520,,,,,,,Mansfield,,37.8,,,,,,,,Mansfield,,6412.0,,,,,,,,,,,,,,,,,,,,,,,,Mansfield,21.4,,,,,Mansfield,,9.73451,,,,,Mansfield,,25.29644,,,,,Mansfield,,25.82227,,,,,Mansfield,,na,Value not published for data quality reasons,,,,Mansfield,38.16205,,,,,,,,,Mansfield,7.18,,"coefficient of variation is less than or equal to 5%, estimate is considered precise.",,,,,,Mansfield,8,,"coefficient of variation is less than or equal to 5%, estimate is considered precise.",,,,,,Mansfield,7.4,,"coefficient of variation is less than or equal to 5%, estimate is considered precise.",,,,,,Mansfield,2.65,,"coefficient of variation is greater than 10% but less than or equal to 20%, estimate is considered acceptable.",,,,,Mansfield,7.0,,,,,,,,,,
E07000175,,,Newark and Sherwood,29.65,,,,,,Newark and Sherwood,539.7,,,,,,Newark and Sherwood,,77.4,,,,,,,,,Newark and Sherwood,,3.1,,,,,,Newark and Sherwood,20429.0,,,,,,Newark and Sherwood,540.0,,,,,,Newark and Sherwood,490.0,,,,,,Newark and Sherwood,5110.0,,,,,,Newark and Sherwood,20.0,,,,,,,,,,,,,,,,,,,,,,,,,,,,Newark and Sherwood,13.8981345394236,,,,,Newark and Sherwood,8.22988428330429,,,,,Newark and Sherwood,11.6714442579019,,,Newark and Sherwood,65.0,,,Newark and Sherwood,99.99,,,,,,,,,,Newark and Sherwood,72.11764706,,,,,,,,,,,,,,,,,,,,,,,,,,,,Newark and Sherwood,80.4,,,,,Newark and Sherwood,70.3,,,,,Newark and Sherwood,79.4,,,,,,,,,,,Newark and Sherwood,,1081.0,,,,,,Newark and Sherwood,,540,,,,,,,Newark and Sherwood,,59.1,,,,,,,,Newark and Sherwood,,5993.0,,,,,,,,,,,,,,,,,,,,,,,,Newark and Sherwood,15.5,,,,,Newark and Sherwood,,9.42623,,,,,Newark and Sherwood,,22.46377,,,,,Newark and Sherwood,,32.1265,,,,,Newark and Sherwood,,na,Value not published for data quality reasons,,,,Newark and Sherwood,31.49742,,,,,,,,,Newark and Sherwood,7.62,,"coefficient of variation is less than or equal to 5%, estimate is considered precise.",,,,,,Newark and Sherwood,8.08,,"coefficient of variation is less than or equal to 5%, estimate is considered precise.",,,,,,Newark and Sherwood,7.55,,"coefficient of variation is less than or equal to 5%, estimate is considered precise.",,,,,,Newark and Sherwood,2.42,,"coefficient of variation is greater than 10% but less than or equal to 20%, estimate is considered acceptable.",,,,,Newark and Sherwood,10.0,,,,,,,,,,
E07000176,,,Rushcliffe,45.75,,,,,,Rushcliffe,631.1,,,,,,Rushcliffe,,83.2,,,,,,,,,Rushcliffe,,2.5,,,,,,Rushcliffe,23828.0,,,,,,Rushcliffe,550.0,,,,,,Rushcliffe,635.0,,,,,,Rushcliffe,5585.0,,,,,,Rushcliffe,15.0,,,,,,,,,,,,,,,,,,,,,,,,,,,,Rushcliffe,10.5227509389578,,,,,Rushcliffe,7.32761549002456,,,,,Rushcliffe,9.38600786414923,,,Rushcliffe,75.6,,,Rushcliffe,100.0,,,,,,,,,,Rushcliffe,85.667107,,,,,,,,,,,,,,,,,,,,,,,,,,,,Rushcliffe,87.8,,,,,Rushcliffe,77.9,,,,,Rushcliffe,84.5,,,,,,,,,,,Rushcliffe,,846.0,,,,,,Rushcliffe,,411,,,,,,,Rushcliffe,,67.4,,,,,,,,Rushcliffe,,4198.0,,,,,,,,,,,,,,,,,,,,,,,,Rushcliffe,4,,,,,Rushcliffe,,6.1674,,,,,Rushcliffe,,15.71429,,,,,Rushcliffe,,17.99314,,,,,Rushcliffe,,56.54206,,,,,Rushcliffe,20.94994,,,,,,,,,Rushcliffe,7.67,,"coefficient of variation is less than or equal to 5%, estimate is considered precise.",,,,,,Rushcliffe,8.01,,"coefficient of variation is less than or equal to 5%, estimate is considered precise.",,,,,,Rushcliffe,7.39,,"coefficient of variation is less than or equal to 5%, estimate is considered precise.",,,,,,Rushcliffe,3.24,,"coefficient of variation is greater than 5% but less than or equal to 10%, estimate is considered reasonably precise.",,,,,Rushcliffe,22.0,,,,,,,,,,
E07000177,,,Cherwell,35.99,,,,,,Cherwell,603.6,,,,,,Cherwell,,81.9,,,,,,,,,Cherwell,,2.7,,,,,,Cherwell,22983.0,,,,,,Cherwell,800.0,,,,,,Cherwell,810.0,,,,,,Cherwell,7425.0,,,,,,Cherwell,45.0,,,,,,,,,,,,,,,,,,,,,,,,,,,,Cherwell,14.0281227739957,,,,,Cherwell,7.92494161034316,,,,,Cherwell,10.4726314949063,,,Cherwell,77.5,,,Cherwell,100.0,,,,,,,,,,Cherwell,75.55031447,,,,,,,,,,,,,,,,,,,,,,,,,,,,Cherwell,81.2,,,,,Cherwell,70.5,,,,,Cherwell,79.6,,,,,,,,,,,Cherwell,,881.0,,,,,,Cherwell,,408,,,,,,,Cherwell,,66.9,,,,,,,,Cherwell,,4026.0,,,,,,,,,,,,,,,,,,,,,,,,Cherwell,13.5,,,,,Cherwell,,8.33333,,,,,Cherwell,,19.36416,,,,,Cherwell,,24.48143,,,,,Cherwell,,56.29252,,,,,Cherwell,20.33035,,,,,,,,,Cherwell,7.57,,"coefficient of variation is less than or equal to 5%, estimate is considered precise.",,,,,,Cherwell,7.84,,"coefficient of variation is less than or equal to 5%, estimate is considered precise.",,,,,,Cherwell,7.54,,"coefficient of variation is less than or equal to 5%, estimate is considered precise.",,,,,,Cherwell,2.71,,"coefficient of variation is greater than 10% but less than or equal to 20%, estimate is considered acceptable.",,,,,Cherwell,19.0,,,,,,,,,,
E07000178,,,Oxford,35.29,,,,,,Oxford,617.2,,,,,,Oxford,,83.3,,,,,,,,,Oxford,,3.1,,,,,,Oxford,21827.0,,,,,,Oxford,575.0,,,,,,Oxford,560.0,,,,,,Oxford,5455.0,,,,,,Oxford,55.0,,,,,,,,,,,,,,,,,,,,,,,,,,,,Oxford,9.6964349203523,,,,,Oxford,7.21177833883158,,,,,Oxford,8.49619108730681,,,Oxford,72.1,,,Oxford,100.0,,,,,,,,,,Oxford,70.0097371,,,,,,,,,,,,,,,,,,,,,,,,,,,,Oxford,82.6,,,,,Oxford,69.0,,,,,Oxford,78.1,,,,,,,,,,,Oxford,,502.0,,,,,,Oxford,,255,,,,,,,Oxford,,80.1,,,,,,,,Oxford,,3473.0,,,,,,,,,,,,,,,,,,,,,,,,Oxford,7.4,,,,,Oxford,,8.0,,,,,Oxford,,22.18045,,,,,Oxford,,15.12987,,,,,Oxford,,55.63725,,,,,Oxford,23.39817,,,,,,,,,Oxford,7.8,,"coefficient of variation is less than or equal to 5%, estimate is considered precise.",,,,,,Oxford,8.03,,"coefficient of variation is less than or equal to 5%, estimate is considered precise.",,,,,,Oxford,7.56,,"coefficient of variation is less than or equal to 5%, estimate is considered precise.",,,,,,Oxford,3.01,,"coefficient of variation is greater than 5% but less than or equal to 10%, estimate is considered reasonably precise.",,,,,Oxford,7.0,,,,,,,,,,
E07000179,,,South Oxfordshire,43.58,,,,,,South Oxfordshire,687,,,,,,South Oxfordshire,,76.7,,,,,,,,,South Oxfordshire,,2.6,,,,,,South Oxfordshire,29484.0,,,,,,South Oxfordshire,650.0,,,,,,South Oxfordshire,815.0,,,,,,South Oxfordshire,8350.0,,,,,,South Oxfordshire,20.0,,,,,,,,,,,,,,,,,,,,,,,,,,,,South Oxfordshire,15.4629368101459,,,,,South Oxfordshire,8.00799142093356,,,,,South Oxfordshire,11.3700937227523,,,South Oxfordshire,70.8,,,South Oxfordshire,99.33,,,,,,,,,,South Oxfordshire,79.91071429,,,,,,,,,,,,,,,,,,,,,,,,,,,,South Oxfordshire,85.1,,,,,South Oxfordshire,74.3,,,,,South Oxfordshire,82.7,,,,,,,,,,,South Oxfordshire,,791.0,,,,,,South Oxfordshire,,437,,,,,,,South Oxfordshire,,67.3,,,,,,,,South Oxfordshire,,3509.0,,,,,,,,,,,,,,,,,,,,,,,,South Oxfordshire,13.1,,,,,South Oxfordshire,,6.64452,,,,,South Oxfordshire,,15.64626,,,,,South Oxfordshire,,17.70747,,,,,South Oxfordshire,,58.98161,,,,,South Oxfordshire,18.59259,,,,,,,,,South Oxfordshire,7.81,,"coefficient of variation is less than or equal to 5%, estimate is considered precise.",,,,,,South Oxfordshire,7.87,,"coefficient of variation is less than or equal to 5%, estimate is considered precise.",,,,,,South Oxfordshire,7.43,,"coefficient of variation is less than or equal to 5%, estimate is considered precise.",,,,,,South Oxfordshire,3.21,,"coefficient of variation is greater than 5% but less than or equal to 10%, estimate is considered reasonably precise.",,,,,South Oxfordshire,20.0,,,,,,,,,,
E07000180,,,Vale of White Horse,42.23,,,,,,Vale of White Horse,660.4,,,,,,Vale of White Horse,,78.4,,,,,,,,,Vale of White Horse,,3.4,,,,,,Vale of White Horse,25738.0,,,,,,Vale of White Horse,570.0,,,,,,Vale of White Horse,635.0,,,,,,Vale of White Horse,6280.0,,,,,,Vale of White Horse,30.0,,,,,,,,,,,,,,,,,,,,,,,,,,,,Vale of White Horse,12.8494780605133,,,,,Vale of White Horse,7.7250094200895,,,,,Vale of White Horse,10.5060967207078,,,Vale of White Horse,76.9,,,Vale of White Horse,100.0,,,,,,,,,,Vale of White Horse,76.4075067,,,,,,,,,,,,,,,,,,,,,,,,,,,,Vale of White Horse,81.5,,,,,Vale of White Horse,71.4,,,,,Vale of White Horse,79.7,,,,,,,,,,,Vale of White Horse,,896.0,,,,,,Vale of White Horse,,443,,,,,,,Vale of White Horse,,69.1,,,,,,,,Vale of White Horse,,4159.0,,,,,,,,,,,,,,,,,,,,,,,,Vale of White Horse,8.5,,,,,Vale of White Horse,,7.61246,,,,,Vale of White Horse,,17.34694,,,,,Vale of White Horse,,21.76475,,,,,Vale of White Horse,,55.31136,,,,,Vale of White Horse,18.45387,,,,,,,,,Vale of White Horse,7.73,,"coefficient of variation is less than or equal to 5%, estimate is considered precise.",,,,,,Vale of White Horse,7.95,,"coefficient of variation is less than or equal to 5%, estimate is considered precise.",,,,,,Vale of White Horse,7.58,,"coefficient of variation is less than or equal to 5%, estimate is considered precise.",,,,,,Vale of White Horse,3.31,,"coefficient of variation is greater than 10% but less than or equal to 20%, estimate is considered acceptable.",,,,,Vale of White Horse,22.0,,,,,,,,,,
E07000181,,,West Oxfordshire,38.95,,,,,,West Oxfordshire,593.1,,,,,,West Oxfordshire,,85.7,,,,,,,,,West Oxfordshire,,2.2,,,,,,West Oxfordshire,25966.0,,,,,,West Oxfordshire,495.0,,,,,,West Oxfordshire,525.0,,,,,,West Oxfordshire,5895.0,,,,,,West Oxfordshire,25.0,,,,,,,,,,,,,,,,,,,,,,,,,,,,West Oxfordshire,13.8486152419836,,,,,West Oxfordshire,8.43352501670769,,,,,West Oxfordshire,12.0290129789766,,,West Oxfordshire,90.1,,,West Oxfordshire,99.78,,,,,,,,,,West Oxfordshire,80.18166804,,,,,,,,,,,,,,,,,,,,,,,,,,,,West Oxfordshire,85.2,,,,,West Oxfordshire,76.1,,,,,West Oxfordshire,82.3,,,,,,,,,,,West Oxfordshire,,947.0,,,,,,West Oxfordshire,,483,,,,,,,West Oxfordshire,,81.1,,,,,,,,West Oxfordshire,,3931.0,,,,,,,,,,,,,,,,,,,,,,,,West Oxfordshire,14.3,,,,,West Oxfordshire,,7.33945,,,,,West Oxfordshire,,15.07937,,,,,West Oxfordshire,,24.942,,,,,West Oxfordshire,,59.14634,,,,,West Oxfordshire,18.30507,,,,,,,,,West Oxfordshire,7.94,,"coefficient of variation is less than or equal to 5%, estimate is considered precise.",,,,,,West Oxfordshire,8.09,,"coefficient of variation is less than or equal to 5%, estimate is considered precise.",,,,,,West Oxfordshire,7.87,,"coefficient of variation is less than or equal to 5%, estimate is considered precise.",,,,,,West Oxfordshire,3.19,,"coefficient of variation is greater than 5% but less than or equal to 10%, estimate is considered reasonably precise.",,,,,West Oxfordshire,14.0,,,,,,,,,,
E07000187,,,Mendip,29.37,Obsolete code since 2023 (replaced by E06000066 Somerset),,,,,,,,,,,,Mendip,,76.9,Obsolete code since 2023 (replaced by E06000066 Somerset),,,,,,,,Mendip,,2.5,Obsolete code since 2023 (replaced by E06000066 Somerset),,,,,Mendip,22291.0,Obsolete code since 2023 (replaced by E06000066 Somerset),,,,,Mendip,505.0,Obsolete code since 2023 (replaced by E06000066 Somerset),,,,,Mendip,545.0,Obsolete code since 2023 (replaced by E06000066 Somerset),,,,,Mendip,5645.0,Obsolete code since 2023 (replaced by E06000066 Somerset),,,,,Mendip,25.0,Obsolete code since 2023 (replaced by E06000066 Somerset),,,,,,,,,,,,,,,,,,,,,,,,,,,Mendip,13.1333195270893,Obsolete code since 2023 (replaced by E06000066 Somerset),,,,Mendip,7.86932030377883,Obsolete code since 2023 (replaced by E06000066 Somerset),,,,Mendip,10.9590699641638,Obsolete code since 2023 (replaced by E06000066 Somerset),,Mendip,71.8,Obsolete code since 2023 (replaced by E06000066 Somerset),,Mendip,99.87,Obsolete code since 2023 (replaced by E06000066 Somerset),,,,,,,,,Mendip,76.82789651,Obsolete code since 2023 (replaced by E06000066 Somerset),,,,,,,,,,,,,,,,,,,,,,,,,,,Mendip,83.2,Obsolete code since 2023 (replaced by E06000066 Somerset),,,,Mendip,72.4,Obsolete code since 2023 (replaced by E06000066 Somerset),,,,Mendip,78.5,Obsolete code since 2023 (replaced by E06000066 Somerset),,,,,,,,,,,,,,,,,,,,,,,,,,,Mendip,,64.8,Obsolete code since 2023 (replaced by E06000066 Somerset),,,,,,,,,,,,,,,,,,,,,,,,,,,,,,,,,Mendip,7.3,Obsolete code since 2023 (replaced by E06000066 Somerset),,,,,,,,,,,,,,,,,,Mendip,,27.28081,Obsolete code since 2023 (replaced by E06000066 Somerset),,,,,,,,,,,,,,,,,,,,,Mendip,7.16,,"coefficient of variation is less than or equal to 5%, estimate is considered precise.",Obsolete code since 2023 (replaced by E06000066 Somerset),,,,,Mendip,7.86,,"coefficient of variation is less than or equal to 5%, estimate is considered precise.",Obsolete code since 2023 (replaced by E06000066 Somerset),,,,,Mendip,7.59,,"coefficient of variation is less than or equal to 5%, estimate is considered precise.",Obsolete code since 2023 (replaced by E06000066 Somerset),,,,,Mendip,3.08,,"coefficient of variation is greater than 5% but less than or equal to 10%, estimate is considered reasonably precise.",Obsolete code since 2023 (replaced by E06000066 Somerset),,,,Mendip,10.0,Obsolete code since 2023 (replaced by E06000066 Somerset),,,,,,,,,
E07000188,,,Sedgemoor,30.93,Obsolete code since 2023 (replaced by E06000066 Somerset),,,,,,,,,,,,Sedgemoor,,76.7,Obsolete code since 2023 (replaced by E06000066 Somerset),,,,,,,,Sedgemoor,,3,Obsolete code since 2023 (replaced by E06000066 Somerset),,,,,Sedgemoor,20508.0,Obsolete code since 2023 (replaced by E06000066 Somerset),,,,,Sedgemoor,990.0,Obsolete code since 2023 (replaced by E06000066 Somerset),,,,,Sedgemoor,565.0,Obsolete code since 2023 (replaced by E06000066 Somerset),,,,,Sedgemoor,5415.0,Obsolete code since 2023 (replaced by E06000066 Somerset),,,,,Sedgemoor,20.0,Obsolete code since 2023 (replaced by E06000066 Somerset),,,,,,,,,,,,,,,,,,,,,,,,,,,Sedgemoor,14.0513897843674,Obsolete code since 2023 (replaced by E06000066 Somerset),,,,Sedgemoor,8.37083575668577,Obsolete code since 2023 (replaced by E06000066 Somerset),,,,Sedgemoor,12.2907628844029,Obsolete code since 2023 (replaced by E06000066 Somerset),,Sedgemoor,71.1,Obsolete code since 2023 (replaced by E06000066 Somerset),,Sedgemoor,99.17,Obsolete code since 2023 (replaced by E06000066 Somerset),,,,,,,,,Sedgemoor,67.56097561,Obsolete code since 2023 (replaced by E06000066 Somerset),,,,,,,,,,,,,,,,,,,,,,,,,,,Sedgemoor,79.3,Obsolete code since 2023 (replaced by E06000066 Somerset),,,,Sedgemoor,69.2,Obsolete code since 2023 (replaced by E06000066 Somerset),,,,Sedgemoor,77.4,Obsolete code since 2023 (replaced by E06000066 Somerset),,,,,,,,,,,,,,,,,,,,,,,,,,,Sedgemoor,,51.4,Obsolete code since 2023 (replaced by E06000066 Somerset),,,,,,,,,,,,,,,,,,,,,,,,,,,,,,,,,Sedgemoor,19,Obsolete code since 2023 (replaced by E06000066 Somerset),,,,,,,,,,,,,,,,,,Sedgemoor,,28.33402,Obsolete code since 2023 (replaced by E06000066 Somerset),,,,,,,,,,,,,,,,,,,,,Sedgemoor,7.49,,"coefficient of variation is less than or equal to 5%, estimate is considered precise.",Obsolete code since 2023 (replaced by E06000066 Somerset),,,,,Sedgemoor,7.72,,"coefficient of variation is less than or equal to 5%, estimate is considered precise.",Obsolete code since 2023 (replaced by E06000066 Somerset),,,,,Sedgemoor,7.3,,"coefficient of variation is less than or equal to 5%, estimate is considered precise.",Obsolete code since 2023 (replaced by E06000066 Somerset),,,,,Sedgemoor,3.44,,"coefficient of variation is greater than 5% but less than or equal to 10%, estimate is considered reasonably precise.",Obsolete code since 2023 (replaced by E06000066 Somerset),,,,Sedgemoor,12.0,Obsolete code since 2023 (replaced by E06000066 Somerset),,,,,,,,,
E07000189,,,South Somerset,35.61,Obsolete code since 2023 (replaced by E06000066 Somerset),,,,,,,,,,,,South Somerset,,78.5,Obsolete code since 2023 (replaced by E06000066 Somerset),,,,,,,,South Somerset,,2.9,Obsolete code since 2023 (replaced by E06000066 Somerset),,,,,South Somerset,20579.0,Obsolete code since 2023 (replaced by E06000066 Somerset),,,,,South Somerset,540.0,Obsolete code since 2023 (replaced by E06000066 Somerset),,,,,South Somerset,590.0,Obsolete code since 2023 (replaced by E06000066 Somerset),,,,,South Somerset,6315.0,Obsolete code since 2023 (replaced by E06000066 Somerset),,,,,South Somerset,15.0,Obsolete code since 2023 (replaced by E06000066 Somerset),,,,,,,,,,,,,,,,,,,,,,,,,,,South Somerset,15.6390771921837,Obsolete code since 2023 (replaced by E06000066 Somerset),,,,South Somerset,8.39242288944018,Obsolete code since 2023 (replaced by E06000066 Somerset),,,,South Somerset,12.4065032076683,Obsolete code since 2023 (replaced by E06000066 Somerset),,South Somerset,55.1,Obsolete code since 2023 (replaced by E06000066 Somerset),,South Somerset,99.7,Obsolete code since 2023 (replaced by E06000066 Somerset),,,,,,,,,South Somerset,74.40476190000001,Obsolete code since 2023 (replaced by E06000066 Somerset),,,,,,,,,,,,,,,,,,,,,,,,,,,South Somerset,82.2,Obsolete code since 2023 (replaced by E06000066 Somerset),,,,South Somerset,72.1,Obsolete code since 2023 (replaced by E06000066 Somerset),,,,South Somerset,79.6,Obsolete code since 2023 (replaced by E06000066 Somerset),,,,,,,,,,,,,,,,,,,,,,,,,,,South Somerset,,62.5,Obsolete code since 2023 (replaced by E06000066 Somerset),,,,,,,,,,,,,,,,,,,,,,,,,,,,,,,,,South Somerset,10.9,Obsolete code since 2023 (replaced by E06000066 Somerset),,,,,,,,,,,,,,,,,,South Somerset,,22.76445,Obsolete code since 2023 (replaced by E06000066 Somerset),,,,,,,,,,,,,,,,,,,,,South Somerset,7.58,,"coefficient of variation is less than or equal to 5%, estimate is considered precise.",Obsolete code since 2023 (replaced by E06000066 Somerset),,,,,South Somerset,7.62,,"coefficient of variation is less than or equal to 5%, estimate is considered precise.",Obsolete code since 2023 (replaced by E06000066 Somerset),,,,,South Somerset,7.5,,"coefficient of variation is less than or equal to 5%, estimate is considered precise.",Obsolete code since 2023 (replaced by E06000066 Somerset),,,,,South Somerset,2.95,,"coefficient of variation is greater than 5% but less than or equal to 10%, estimate is considered reasonably precise.",Obsolete code since 2023 (replaced by E06000066 Somerset),,,,South Somerset,11.0,Obsolete code since 2023 (replaced by E06000066 Somerset),,,,,,,,,
E07000190,,,,,,,,,,,,,,,,,,,,,,,,,,,,,,,,,,,,,,,,,,,,,,,,,,,,,,,,,,,,,,,,,,,,,,,,,,,,,,,,,,,,,,,,,,,,,Taunton Deane,13.078419530744,Obsolete code since 2019 (replaced by E07000246 Somerset West and Taunton),,,,Taunton Deane,8.20291522460057,Obsolete code since 2019 (replaced by E07000246 Somerset West and Taunton),,,,Taunton Deane,11.1133659462514,Obsolete code since 2019 (replaced by E07000246 Somerset West and Taunton),,,,,,,,,,,,,,,,,,,,,,,,,,,,,,,,,,,,,,,,,,,,,,,,,,,,,,,,,,,,,,,,,,,,,,,,,,,,,,,,,,,,,,,,,,,,,,,,,,,,,,,,,,,,,,,,,,,,,,,,,,,,,,,,,,,,,,,,,,,,,,,,,,,,,,,,,,,,,,,,,,,,,,,,,,,,,,,,,,,,,,,,,,,,,,,,,,,,,,,,,,,,,,,,,,,,,
E07000191,,,,,,,,,,,,,,,,,,,,,,,,,,,,,,,,,,,,,,,,,,,,,,,,,,,,,,,,,,,,,,,,,,,,,,,,,,,,,,,,,,,,,,,,,,,,,West Somerset,24.2966089288692,Obsolete code since 2019 (replaced by E07000246 Somerset West and Taunton),,,,West Somerset,10.5247176089359,Obsolete code since 2019 (replaced by E07000246 Somerset West and Taunton),,,,West Somerset,17.4944842548208,Obsolete code since 2019 (replaced by E07000246 Somerset West and Taunton),,,,,,,,,,,,,,,,,,,,,,,,,,,,,,,,,,,,,,,,,,,,,,,,,,,,,,,,,,,,,,,,,,,,,,,,,,,,,,,,,,,,,,,,,,,,,,,,,,,,,,,,,,,,,,,,,,,,,,,,,,,,,,,,,,,,,,,,,,,,,,,,,,,,,,,,,,,,,,,,,,,,,,,,,,,,,,,,,,,,,,,,,,,,,,,,,,,,,,,,,,,,,,,,,,,,,
E07000192,,,Cannock Chase,29.99,,,,,,Cannock Chase,552.8,,,,,,Cannock Chase,,84.6,,,,,,,,,Cannock Chase,,3.6,,,,,,Cannock Chase,17873.0,,,,,,Cannock Chase,390.0,,,,,,Cannock Chase,625.0,,,,,,Cannock Chase,4245.0,,,,,,Cannock Chase,15.0,,,,,,,,,,,,,,,,,,,,,,,,,,,,Cannock Chase,12.5851774064144,,,,,Cannock Chase,7.63977654813394,,,,,Cannock Chase,10.0198884949994,,,Cannock Chase,89.7,,,Cannock Chase,100.0,,,,,,,,,,Cannock Chase,63.94009217,,,,,,,,,,,,,,,,,,,,,,,,,,,,Cannock Chase,79.6,,,,,Cannock Chase,68.2,,,,,Cannock Chase,78.0,,,,,,,,,,,Cannock Chase,,1292.0,,,,,,Cannock Chase,,614,,,,,,,Cannock Chase,,55.8,,,,,,,,Cannock Chase,,5457.0,,,,,,,,,,,,,,,,,,,,,,,,Cannock Chase,12.3,,,,,Cannock Chase,,8.61244,,,,,Cannock Chase,,28.07882,,,,,Cannock Chase,,31.31707,,,,,Cannock Chase,,51.85185,,,,,Cannock Chase,34.07484,,,,,,,,,Cannock Chase,7.95,,"coefficient of variation is less than or equal to 5%, estimate is considered precise.",,,,,,Cannock Chase,8.28,,"coefficient of variation is less than or equal to 5%, estimate is considered precise.",,,,,,Cannock Chase,8.04,,"coefficient of variation is less than or equal to 5%, estimate is considered precise.",,,,,,Cannock Chase,2.23,,"coefficient of variation is greater than 10% but less than or equal to 20%, estimate is considered acceptable.",,,,,Cannock Chase,10.0,,,,,,,,,,
E07000193,,,East Staffordshire,33.4,,,,,,East Staffordshire,574.3,,,,,,East Staffordshire,,79.6,,,,,,,,,East Staffordshire,,3,,,,,,East Staffordshire,18761.0,,,,,,East Staffordshire,525.0,,,,,,East Staffordshire,565.0,,,,,,East Staffordshire,4925.0,,,,,,East Staffordshire,20.0,,,,,,,,,,,,,,,,,,,,,,,,,,,,East Staffordshire,12.8855383639323,,,,,East Staffordshire,7.95926203100661,,,,,East Staffordshire,10.7235638884774,,,East Staffordshire,52.7,,,East Staffordshire,99.76,,,,,,,,,,East Staffordshire,71.55059133,,,,,,,,,,,,,,,,,,,,,,,,,,,,East Staffordshire,77.7,,,,,East Staffordshire,69.6,,,,,East Staffordshire,75.8,,,,,,,,,,,East Staffordshire,,1145.0,,,,,,East Staffordshire,,520,,,,,,,East Staffordshire,,48.9,,,,,,,,East Staffordshire,,5281.0,,,,,,,,,,,,,,,,,,,,,,,,East Staffordshire,14.9,,,,,East Staffordshire,,10.22727,,,,,East Staffordshire,,24.82759,,,,,East Staffordshire,,31.22295,,,,,East Staffordshire,,48.32215,,,,,East Staffordshire,29.58512,,,,,,,,,East Staffordshire,7.62,,"coefficient of variation is less than or equal to 5%, estimate is considered precise.",,,,,,East Staffordshire,7.91,,"coefficient of variation is less than or equal to 5%, estimate is considered precise.",,,,,,East Staffordshire,7.73,,"coefficient of variation is less than or equal to 5%, estimate is considered precise.",,,,,,East Staffordshire,3.15,,"coefficient of variation is greater than 5% but less than or equal to 10%, estimate is considered reasonably precise.",,,,,East Staffordshire,17.0,,,,,,,,,,
E07000194,,,Lichfield,30.34,,,,,,Lichfield,626.1,,,,,,Lichfield,,78.1,,,,,,,,,Lichfield,,3.6,,,,,,Lichfield,23105.0,,,,,,Lichfield,440.0,,,,,,Lichfield,515.0,,,,,,Lichfield,5020.0,,,,,,Lichfield,20.0,,,,,,,,,,,,,,,,,,,,,,,,,,,,Lichfield,12.9763623914526,,,,,Lichfield,7.53890782577293,,,,,Lichfield,10.0522802803528,,,Lichfield,76.1,,,Lichfield,100.0,,,,,,,,,,Lichfield,76.61510464,,,,,,,,,,,,,,,,,,,,,,,,,,,,Lichfield,84.4,,,,,Lichfield,76.1,,,,,Lichfield,82.9,,,,,,,,,,,Lichfield,,1530.0,,,,,,Lichfield,,783,,,,,,,Lichfield,,60,,,,,,,,Lichfield,,5723.0,,,,,,,,,,,,,,,,,,,,,,,,Lichfield,5.4,,,,,Lichfield,,9.090910000000001,,,,,Lichfield,,20.2765,,,,,Lichfield,,20.38583,,,,,Lichfield,,51.17925,,,,,Lichfield,22.73546,,,,,,,,,Lichfield,7.49,,"coefficient of variation is less than or equal to 5%, estimate is considered precise.",,,,,,Lichfield,7.64,,"coefficient of variation is less than or equal to 5%, estimate is considered precise.",,,,,,Lichfield,7.44,,"coefficient of variation is less than or equal to 5%, estimate is considered precise.",,,,,,Lichfield,2.79,,"coefficient of variation is greater than 10% but less than or equal to 20%, estimate is considered acceptable.",,,,,Lichfield,16.0,,,,,,,,,,
E07000195,,,Newcastle-under-Lyme,29.99,,,,,,Newcastle-under-Lyme,523.9,,,,,,Newcastle-under-Lyme,,86,,,,,,,,,Newcastle-under-Lyme,,2.9,,,,,,Newcastle-under-Lyme,18723.0,,,,,,Newcastle-under-Lyme,450.0,,,,,,Newcastle-under-Lyme,450.0,,,,,,Newcastle-under-Lyme,3885.0,,,,,,Newcastle-under-Lyme,15.0,,,,,,,,,,,,,,,,,,,,,,,,,,,,Newcastle-under-Lyme,13.4097652386454,,,,,Newcastle-under-Lyme,7.83443228932851,,,,,Newcastle-under-Lyme,10.8570064469687,,,Newcastle-under-Lyme,72.7,,,Newcastle-under-Lyme,99.81,,,,,,,,,,Newcastle-under-Lyme,70.70279424,,,,,,,,,,,,,,,,,,,,,,,,,,,,Newcastle-under-Lyme,82.2,,,,,Newcastle-under-Lyme,70.4,,,,,Newcastle-under-Lyme,78.6,,,,,,,,,,,Newcastle-under-Lyme,,1108.0,,,,,,Newcastle-under-Lyme,,569,,,,,,,Newcastle-under-Lyme,,53.5,,,,,,,,Newcastle-under-Lyme,,5126.0,,,,,,,,,,,,,,,,,,,,,,,,Newcastle-under-Lyme,11.9,,,,,Newcastle-under-Lyme,,11.35371,,,,,Newcastle-under-Lyme,,27.04918,,,,,Newcastle-under-Lyme,,27.4952,,,,,Newcastle-under-Lyme,,51.78570999999999,,,,,Newcastle-under-Lyme,34.97314,,,,,,,,,Newcastle-under-Lyme,7.55,,"coefficient of variation is less than or equal to 5%, estimate is considered precise.",,,,,,Newcastle-under-Lyme,8,,"coefficient of variation is less than or equal to 5%, estimate is considered precise.",,,,,,Newcastle-under-Lyme,7.27,,"coefficient of variation is less than or equal to 5%, estimate is considered precise.",,,,,,Newcastle-under-Lyme,3.58,,"coefficient of variation is greater than 10% but less than or equal to 20%, estimate is considered acceptable.",,,,,Newcastle-under-Lyme,4.0,,,,,,,,,,
E07000196,,,South Staffordshire,32.73,,,,,,South Staffordshire,598.1,,,,,,South Staffordshire,,84.5,,,,,,,,,South Staffordshire,,2.7,,,,,,South Staffordshire,21727.0,,,,,,South Staffordshire,565.0,,,,,,South Staffordshire,480.0,,,,,,South Staffordshire,4645.0,,,,,,South Staffordshire,20.0,,,,,,,,,,,,,,,,,,,,,,,,,,,,South Staffordshire,15.0647386412302,,,,,South Staffordshire,8.27609668663662,,,,,South Staffordshire,11.5948171083396,,,South Staffordshire,51.7,,,South Staffordshire,100.0,,,,,,,,,,South Staffordshire,70.46123651,,,,,,,,,,,,,,,,,,,,,,,,,,,,South Staffordshire,83.6,,,,,South Staffordshire,74.5,,,,,South Staffordshire,80.8,,,,,,,,,,,South Staffordshire,,1053.0,,,,,,South Staffordshire,,569,,,,,,,South Staffordshire,,65,,,,,,,,South Staffordshire,,4104.0,,,,,,,,,,,,,,,,,,,,,,,,South Staffordshire,12.2,,,,,South Staffordshire,,10.14493,,,,,South Staffordshire,,21.46341,,,,,South Staffordshire,,28.35232,,,,,South Staffordshire,,56.8306,,,,,South Staffordshire,27.86416,,,,,,,,,South Staffordshire,8.11,,"coefficient of variation is less than or equal to 5%, estimate is considered precise.",,,,,,South Staffordshire,8.46,,"coefficient of variation is less than or equal to 5%, estimate is considered precise.",,,,,,South Staffordshire,7.64,,"coefficient of variation is less than or equal to 5%, estimate is considered precise.",,,,,,South Staffordshire,3.5,,"coefficient of variation is greater than 10% but less than or equal to 20%, estimate is considered acceptable.",,,,,South Staffordshire,12.0,,,,,,,,,,
E07000197,,,Stafford,31.44,,,,,,Stafford,649.6,,,,,,Stafford,,72.5,,,,,,,,,Stafford,,3.3,,,,,,Stafford,20872.0,,,,,,Stafford,495.0,,,,,,Stafford,505.0,,,,,,Stafford,5190.0,,,,,,Stafford,15.0,,,,,,,,,,,,,,,,,,,,,,,,,,,,Stafford,16.3166719798872,,,,,Stafford,8.65726226817875,,,,,Stafford,11.6264107756158,,,Stafford,69.2,,,Stafford,99.89,,,,,,,,,,Stafford,77.75647172,,,,,,,,,,,,,,,,,,,,,,,,,,,,Stafford,83.8,,,,,Stafford,72.5,,,,,Stafford,78.9,,,,,,,,,,,Stafford,,1180.0,,,,,,Stafford,,545,,,,,,,Stafford,,75.8,,,,,,,,Stafford,,4705.0,,,,,,,,,,,,,,,,,,,,,,,,Stafford,2.9,,,,,Stafford,,9.12548,,,,,Stafford,,20.91255,,,,,Stafford,,28.83274,,,,,Stafford,,60.96491,,,,,Stafford,22.51025,,,,,,,,,Stafford,7.2,,"coefficient of variation is less than or equal to 5%, estimate is considered precise.",,,,,,Stafford,7.49,,"coefficient of variation is less than or equal to 5%, estimate is considered precise.",,,,,,Stafford,7.08,,"coefficient of variation is greater than 5% but less than or equal to 10%, estimate is considered reasonably precise.",,,,,,Stafford,4.05,,"coefficient of variation is greater than 10% but less than or equal to 20%, estimate is considered acceptable.",,,,,Stafford,10.0,,,,,,,,,,
E07000198,,,Staffordshire Moorlands,26.46,,,,,,Staffordshire Moorlands,601.4,,,,,,Staffordshire Moorlands,,83.2,,,,,,,,,Staffordshire Moorlands,,2.6,,,,,,Staffordshire Moorlands,20343.0,,,,,,Staffordshire Moorlands,270.0,,,,,,Staffordshire Moorlands,340.0,,,,,,Staffordshire Moorlands,3475.0,,,,,,Staffordshire Moorlands,10.0,,,,,,,,,,,,,,,,,,,,,,,,,,,,Staffordshire Moorlands,16.2745724770366,,,,,Staffordshire Moorlands,8.7219988064788,,,,,Staffordshire Moorlands,12.7202878142786,,,Staffordshire Moorlands,58.9,,,Staffordshire Moorlands,95.61,,,,,,,,,,Staffordshire Moorlands,79.21862012,,,,,,,,,,,,,,,,,,,,,,,,,,,,Staffordshire Moorlands,83.7,,,,,Staffordshire Moorlands,72.3,,,,,Staffordshire Moorlands,79.4,,,,,,,,,,,Staffordshire Moorlands,,1073.0,,,,,,Staffordshire Moorlands,,621,,,,,,,Staffordshire Moorlands,,66.9,,,,,,,,Staffordshire Moorlands,,4533.0,,,,,,,,,,,,,,,,,,,,,,,,Staffordshire Moorlands,7.2,,,,,Staffordshire Moorlands,,8.48485,,,,,Staffordshire Moorlands,,21.19565,,,,,Staffordshire Moorlands,,28.14363,,,,,Staffordshire Moorlands,,54.68451,,,,,Staffordshire Moorlands,27.83989,,,,,,,,,Staffordshire Moorlands,7.45,,"coefficient of variation is less than or equal to 5%, estimate is considered precise.",,,,,,Staffordshire Moorlands,7.61,,"coefficient of variation is greater than 5% but less than or equal to 10%, estimate is considered reasonably precise.",,,,,,Staffordshire Moorlands,7.28,,"coefficient of variation is greater than 5% but less than or equal to 10%, estimate is considered reasonably precise.",,,,,,Staffordshire Moorlands,3.38,,"coefficient of variation is greater than 10% but less than or equal to 20%, estimate is considered acceptable.",,,,,Staffordshire Moorlands,5.0,,,,,,,,,,
E07000199,,,Tamworth,33.4,,,,,,Tamworth,574.9,,,,,,Tamworth,,85.7,,,,,,,,,Tamworth,,3.1,,,,,,Tamworth,17327.0,,,,,,Tamworth,280.0,,,,,,Tamworth,280.0,,,,,,Tamworth,2490.0,,,,,,Tamworth,10.0,,,,,,,,,,,,,,,,,,,,,,,,,,,,Tamworth,11.1855939603957,,,,,Tamworth,7.59437384417623,,,,,Tamworth,9.34587589632455,,,Tamworth,82.1,,,Tamworth,100.0,,,,,,,,,,Tamworth,61.35957066,,,,,,,,,,,,,,,,,,,,,,,,,,,,Tamworth,77.3,,,,,Tamworth,65.8,,,,,Tamworth,74.0,,,,,,,,,,,Tamworth,,1114.0,,,,,,Tamworth,,591,,,,,,,Tamworth,,52.9,,,,,,,,Tamworth,,5630.0,,,,,,,,,,,,,,,,,,,,,,,,Tamworth,7.9,,,,,Tamworth,,10.58824,,,,,Tamworth,,24.58101,,,,,Tamworth,,36.19925,,,,,Tamworth,,51.55039,,,,,Tamworth,30.14424,,,,,,,,,Tamworth,7.61,,"coefficient of variation is less than or equal to 5%, estimate is considered precise.",,,,,,Tamworth,7.8,,"coefficient of variation is less than or equal to 5%, estimate is considered precise.",,,,,,Tamworth,7.77,,"coefficient of variation is less than or equal to 5%, estimate is considered precise.",,,,,,Tamworth,3.08,,"coefficient of variation is greater than 10% but less than or equal to 20%, estimate is considered acceptable.",,,,,Tamworth,10.0,,,,,,,,,,
E07000200,,,Babergh,34.28,,,,,,Babergh,519.8,,,,,,Babergh,,67.5,,,,,,,,,Babergh,,3.5,,,,,,Babergh,22450.0,,,,,,Babergh,355.0,,,,,,Babergh,375.0,,,,,,Babergh,4085.0,,,,,,Babergh,15.0,,,,,,,,,,,,,,,,,,,,,,,,,,,,Babergh,16.8595148377832,,,,,Babergh,9.37901643081378,,,,,Babergh,14.4167764955219,,,Babergh,44.9,,,Babergh,99.93,,,,,,,,,,Babergh,76.00536193,,,,,,,,,,,,,,,,,,,,,,,,,,,,Babergh,81.6,,,,,Babergh,71.9,,,,,Babergh,81.4,,,,,,,,,,,Babergh,,981.0,,,,,,Babergh,,461,,,,,,,Babergh,,54.7,,,,,,,,Babergh,,4292.0,,,,,,,,,,,,,,,,,,,,,,,,Babergh,17.6,,,,,Babergh,,6.49351,,,,,Babergh,,15.78947,,,,,Babergh,,25.39405,,,,,Babergh,,58.5567,,,,,Babergh,19.16567,,,,,,,,,Babergh,7.68,,"coefficient of variation is less than or equal to 5%, estimate is considered precise.",,,,,,Babergh,8.1,,"coefficient of variation is less than or equal to 5%, estimate is considered precise.",,,,,,Babergh,7.81,,"coefficient of variation is less than or equal to 5%, estimate is considered precise.",,,,,,Babergh,2.79,,"coefficient of variation is greater than 10% but less than or equal to 20%, estimate is considered acceptable.",,,,,Babergh,15.0,,,,,,,,,,
E07000201,,,,,,,,,,,,,,,,,,,,,,,,,,,,,,,,,,,,,,,,,,,,,,,,,,,,,,,,,,,,,,,,,,,,,,,,,,,,,,,,,,,,,,,,,,,,,Forest Heath,14.0976746510033,Obsolete code since 2019 (replaced by E07000245 West Suffolk),,,,Forest Heath,8.58929498964612,Obsolete code since 2019 (replaced by E07000245 West Suffolk),,,,Forest Heath,12.8219463891887,Obsolete code since 2019 (replaced by E07000245 West Suffolk),,,,,,,,,,,,,,,,,,,,,,,,,,,,,,,,,,,,,,,,,,,,,,,,,,,,,,,,,,,,,,,,,,,,,,,,,,,,,,,,,,,,,,,,,,,,,,,,,,,,,,,,,,,,,,,,,,,,,,,,,,,,,,,,,,,,,,,,,,,,,,,,,,,,,,,,,,,,,,,,,,,,,,,,,,,,,,,,,,,,,,,,,,,,,,,,,,,,,,,,,,,,,,,,,,,,,
E07000202,,,Ipswich,37.65,,,,,,Ipswich,573,,,,,,Ipswich,,83.7,,,,,,,,,Ipswich,,4.1,,,,,,Ipswich,17516.0,,,,,,Ipswich,890.0,,,,,,Ipswich,690.0,,,,,,Ipswich,5385.0,,,,,,Ipswich,20.0,,,,,,,,,,,,,,,,,,,,,,,,,,,,Ipswich,8.83337113860299,,,,,Ipswich,6.85352489622175,,,,,Ipswich,8.12681749171299,,,Ipswich,93.1,,,Ipswich,100.0,,,,,,,,,,Ipswich,70.17045455,,,,,,,,,,,,,,,,,,,,,,,,,,,,Ipswich,77.7,,,,,Ipswich,66.0,,,,,Ipswich,73.5,,,,,,,,,,,Ipswich,,1017.0,,,,,,Ipswich,,445,,,,,,,Ipswich,,54.7,,,,,,,,Ipswich,,5869.0,,,,,,,,,,,,,,,,,,,,,,,,Ipswich,13.7,,,,,Ipswich,,7.667730000000001,,,,,Ipswich,,25.22255,,,,,Ipswich,,32.98437,,,,,Ipswich,,53.47913,,,,,Ipswich,28.3011,,,,,,,,,Ipswich,7.62,,"coefficient of variation is less than or equal to 5%, estimate is considered precise.",,,,,,Ipswich,7.93,,"coefficient of variation is less than or equal to 5%, estimate is considered precise.",,,,,,Ipswich,7.21,,"coefficient of variation is less than or equal to 5%, estimate is considered precise.",,,,,,Ipswich,3.09,,"coefficient of variation is greater than 10% but less than or equal to 20%, estimate is considered acceptable.",,,,,Ipswich,3.0,,,,,,,,,,
E07000203,,,Mid Suffolk,33.53,,,,,,Mid Suffolk,555.2,,,,,,Mid Suffolk,,70.6,,,,,,,,,Mid Suffolk,,3.2,,,,,,Mid Suffolk,21265.0,,,,,,Mid Suffolk,425.0,,,,,,Mid Suffolk,395.0,,,,,,Mid Suffolk,4645.0,,,,,,Mid Suffolk,15.0,,,,,,,,,,,,,,,,,,,,,,,,,,,,Mid Suffolk,18.79943621015,,,,,Mid Suffolk,9.24621096236558,,,,,Mid Suffolk,14.1452445103509,,,Mid Suffolk,41.8,,,Mid Suffolk,100.0,,,,,,,,,,Mid Suffolk,76.15023474,,,,,,,,,,,,,,,,,,,,,,,,,,,,Mid Suffolk,82.4,,,,,Mid Suffolk,74.3,,,,,Mid Suffolk,81.1,,,,,,,,,,,Mid Suffolk,,1003.0,,,,,,Mid Suffolk,,495,,,,,,,Mid Suffolk,,65.3,,,,,,,,Mid Suffolk,,3951.0,,,,,,,,,,,,,,,,,,,,,,,,Mid Suffolk,10.1,,,,,Mid Suffolk,,7.142860000000001,,,,,Mid Suffolk,,17.41294,,,,,Mid Suffolk,,24.18564,,,,,Mid Suffolk,,57.91304,,,,,Mid Suffolk,20.32459,,,,,,,,,Mid Suffolk,7.95,,"coefficient of variation is less than or equal to 5%, estimate is considered precise.",,,,,,Mid Suffolk,8.04,,"coefficient of variation is less than or equal to 5%, estimate is considered precise.",,,,,,Mid Suffolk,7.71,,"coefficient of variation is less than or equal to 5%, estimate is considered precise.",,,,,,Mid Suffolk,2.73,,"coefficient of variation is greater than 10% but less than or equal to 20%, estimate is considered acceptable.",,,,,Mid Suffolk,27.0,,,,,,,,,,
E07000204,,,,,,,,,,,,,,,,,,,,,,,,,,,,,,,,,,,,,,,,,,,,,,,,,,,,,,,,,,,,,,,,,,,,,,,,,,,,,,,,,,,,,,,,,,,,,St Edmundsbury,13.1052028508961,Obsolete code since 2019 (replaced by E07000245 West Suffolk),,,,St Edmundsbury,8.4756102862249,Obsolete code since 2019 (replaced by E07000245 West Suffolk),,,,St Edmundsbury,12.2811735533996,Obsolete code since 2019 (replaced by E07000245 West Suffolk),,,,,,,,,,,,,,,,,,,,,,,,,,,,,,,,,,,,,,,,,,,,,,,,,,,,,,,,,,,,,,,,,,,,,,,,,,,,,,,,,,,,,,,,,,,,,,,,,,,,,,,,,,,,,,,,,,,,,,,,,,,,,,,,,,,,,,,,,,,,,,,,,,,,,,,,,,,,,,,,,,,,,,,,,,,,,,,,,,,,,,,,,,,,,,,,,,,,,,,,,,,,,,,,,,,,,
E07000205,,,,,,,,,,,,,,,,,,,,,,,,,,,,,,,,,,,,,,,,,,,,,,,,,,,,,,,,,,,,,,,,,,,,,,,,,,,,,,,,,,,,,,,,,,,,,Suffolk Coastal,16.2829998378776,Obsolete code since 2019 (replaced by E07000244 East Suffolk),,,,Suffolk Coastal,8.54609145413137,Obsolete code since 2019 (replaced by E07000244 East Suffolk),,,,Suffolk Coastal,12.3185012798348,Obsolete code since 2019 (replaced by E07000244 East Suffolk),,,,,,,,,,,,,,,,,,,,,,,,,,,,,,,,,,,,,,,,,,,,,,,,,,,,,,,,,,,,,,,,,,,,,,,,,,,,,,,,,,,,,,,,,,,,,,,,,,,,,,,,,,,,,,,,,,,,,,,,,,,,,,,,,,,,,,,,,,,,,,,,,,,,,,,,,,,,,,,,,,,,,,,,,,,,,,,,,,,,,,,,,,,,,,,,,,,,,,,,,,,,,,,,,,,,,
E07000206,,,,,,,,,,,,,,,,,,,,,,,,,,,,,,,,,,,,,,,,,,,,,,,,,,,,,,,,,,,,,,,,,,,,,,,,,,,,,,,,,,,,,,,,,,,,,Waveney,11.4819732129115,Obsolete code since 2019 (replaced by E07000244 East Suffolk),,,,Waveney,7.59609814019423,Obsolete code since 2019 (replaced by E07000244 East Suffolk),,,,Waveney,10.2900176342594,Obsolete code since 2019 (replaced by E07000244 East Suffolk),,,,,,,,,,,,,,,,,,,,,,,,,,,,,,,,,,,,,,,,,,,,,,,,,,,,,,,,,,,,,,,,,,,,,,,,,,,,,,,,,,,,,,,,,,,,,,,,,,,,,,,,,,,,,,,,,,,,,,,,,,,,,,,,,,,,,,,,,,,,,,,,,,,,,,,,,,,,,,,,,,,,,,,,,,,,,,,,,,,,,,,,,,,,,,,,,,,,,,,,,,,,,,,,,,,,,
E07000207,,,Elmbridge,70.85,,,,,,Elmbridge,669.4,,,,,,Elmbridge,,77.1,,,,,,,,,Elmbridge,,2.6,,,,,,Elmbridge,41258.0,,,,,,Elmbridge,900.0,,,,,,Elmbridge,1100.0,,,,,,Elmbridge,9540.0,,,,,,Elmbridge,35.0,,,,,,,,,,,,,,,,,,,,,,,,,,,,Elmbridge,9.30657568891631,,,,,Elmbridge,7.02274673570346,,,,,Elmbridge,8.26554096577513,,,Elmbridge,80.6,,,Elmbridge,100.0,,,,,,,,,,Elmbridge,85.32544379,,,,,,,,,,,,,,,,,,,,,,,,,,,,Elmbridge,88.4,,,,,Elmbridge,79.6,,,,,Elmbridge,87.2,,,,,,,,,,,Elmbridge,,587.0,,,,,,Elmbridge,,297,,,,,,,Elmbridge,,79.4,,,,,,,,Elmbridge,,4062.0,,,,,,,,,,,,,,,,,,,,,,,,Elmbridge,11.6,,,,,Elmbridge,,4.98221,,,,,Elmbridge,,10.67416,,,,,Elmbridge,,18.44209,,,,,Elmbridge,,59.21909,,,,,Elmbridge,17.67138,,,,,,,,,Elmbridge,7.59,,"coefficient of variation is less than or equal to 5%, estimate is considered precise.",,,,,,Elmbridge,7.63,,"coefficient of variation is less than or equal to 5%, estimate is considered precise.",,,,,,Elmbridge,7.25,,"coefficient of variation is less than or equal to 5%, estimate is considered precise.",,,,,,Elmbridge,2.97,,"coefficient of variation is greater than 10% but less than or equal to 20%, estimate is considered acceptable.",,,,,Elmbridge,4.0,,,,,,,,,,
E07000208,,,Epsom and Ewell,33.63,,,,,,Epsom and Ewell,710.6,,,,,,Epsom and Ewell,,85.2,,,,,,,,,Epsom and Ewell,,2.3,,,,,,Epsom and Ewell,27884.0,,,,,,Epsom and Ewell,415.0,,,,,,Epsom and Ewell,460.0,,,,,,Epsom and Ewell,3995.0,,,,,,Epsom and Ewell,10.0,,,,,,,,,,,,,,,,,,,,,,,,,,,,Epsom and Ewell,9.81111275274924,,,,,Epsom and Ewell,7.64198772635363,,,,,Epsom and Ewell,8.67266993068606,,,Epsom and Ewell,93.6,,,Epsom and Ewell,100.0,,,,,,,,,,Epsom and Ewell,88.6407767,,,,,,,,,,,,,,,,,,,,,,,,,,,,Epsom and Ewell,83.6,,,,,Epsom and Ewell,77.4,,,,,Epsom and Ewell,85.0,,,,,,,,,,,Epsom and Ewell,,657.0,,,,,,Epsom and Ewell,,366,,,,,,,Epsom and Ewell,,62.9,,,,,,,,Epsom and Ewell,,3878.0,,,,,,,,,,,,,,,,,,,,,,,,Epsom and Ewell,7.1,,,,,Epsom and Ewell,,5.232559999999999,,,,,Epsom and Ewell,,11.56463,,,,,Epsom and Ewell,,19.90741,,,,,Epsom and Ewell,,na,Value not published for data quality reasons,,,,Epsom and Ewell,18.036,,,,,,,,,Epsom and Ewell,na,Value suppressed with due to low reliability of estimate,,,,,,,Epsom and Ewell,na,Value suppressed with due to low reliability of estimate,,,,,,,Epsom and Ewell,na,Value suppressed with due to low reliability of estimate,,,,,,,Epsom and Ewell,na,Value suppressed with due to low reliability of estimate,,,,,,Epsom and Ewell,10.0,,,,,,,,,,
E07000209,,,Guildford,41.86,,,,,,Guildford,667.1,,,,,,Guildford,,85.1,,,,,,,,,Guildford,,2.4,,,,,,Guildford,30770.0,,,,,,Guildford,725.0,,,,,,Guildford,830.0,,,,,,Guildford,7780.0,,,,,,Guildford,40.0,,,,,,,,,,,,,,,,,,,,,,,,,,,,Guildford,12.7351545986265,,,,,Guildford,8.12418440624487,,,,,Guildford,10.3455677432259,,,Guildford,72.9,,,Guildford,99.34,,,,,,,,,,Guildford,85.14774495,,,,,,,,,,,,,,,,,,,,,,,,,,,,Guildford,85.1,,,,,Guildford,76.7,,,,,Guildford,83.4,,,,,,,,,,,Guildford,,614.0,,,,,,Guildford,,315,,,,,,,Guildford,,75.2,,,,,,,,Guildford,,4176.0,,,,,,,,,,,,,,,,,,,,,,,,Guildford,13.7,,,,,Guildford,,6.4,,,,,Guildford,,11.42857,,,,,Guildford,,20.29641,,,,,Guildford,,59.23076999999999,,,,,Guildford,18.95559,,,,,,,,,Guildford,7.57,,"coefficient of variation is less than or equal to 5%, estimate is considered precise.",,,,,,Guildford,7.8,,"coefficient of variation is less than or equal to 5%, estimate is considered precise.",,,,,,Guildford,7.42,,"coefficient of variation is less than or equal to 5%, estimate is considered precise.",,,,,,Guildford,3.08,,"coefficient of variation is greater than 10% but less than or equal to 20%, estimate is considered acceptable.",,,,,Guildford,12.0,,,,,,,,,,
E07000210,,,Mole Valley,52.56,,,,,,Mole Valley,621.1,,,,,,Mole Valley,,87.7,,,,,,,,,Mole Valley,,1.9,,,,,,Mole Valley,33569.0,,,,,,Mole Valley,500.0,,,,,,Mole Valley,565.0,,,,,,Mole Valley,5595.0,,,,,,Mole Valley,10.0,,,,,,,,,,,,,,,,,,,,,,,,,,,,Mole Valley,14.018036120485,,,,,Mole Valley,8.06479251787885,,,,,Mole Valley,11.0623834376512,,,Mole Valley,70.3,,,Mole Valley,98.57,,,,,,,,,,Mole Valley,79.76878613,,,,,,,,,,,,,,,,,,,,,,,,,,,,Mole Valley,84.5,,,,,Mole Valley,75.3,,,,,Mole Valley,82.3,,,,,,,,,,,Mole Valley,,706.0,,,,,,Mole Valley,,329,,,,,,,Mole Valley,,63,,,,,,,,Mole Valley,,3872.0,,,,,,,,,,,,,,,,,,,,,,,,Mole Valley,14.7,,,,,Mole Valley,,4.72973,,,,,Mole Valley,,8.19672,,,,,Mole Valley,,14.69312,,,,,Mole Valley,,60.08676999999999,,,,,Mole Valley,17.66077,,,,,,,,,Mole Valley,8.05,,"coefficient of variation is less than or equal to 5%, estimate is considered precise.",,,,,,Mole Valley,8.46,,"coefficient of variation is less than or equal to 5%, estimate is considered precise.",,,,,,Mole Valley,7.74,,"coefficient of variation is less than or equal to 5%, estimate is considered precise.",,,,,,Mole Valley,3.25,,"coefficient of variation is greater than 20%, estimate is considered unreliable.",,,,,Mole Valley,6.0,,,,,,,,,,
E07000211,,,Reigate and Banstead,48.41,,,,,,Reigate and Banstead,722.4,,,,,,Reigate and Banstead,,88.2,,,,,,,,,Reigate and Banstead,,2.1,,,,,,Reigate and Banstead,28611.0,,,,,,Reigate and Banstead,725.0,,,,,,Reigate and Banstead,910.0,,,,,,Reigate and Banstead,7640.0,,,,,,Reigate and Banstead,15.0,,,,,,,,,,,,,,,,,,,,,,,,,,,,Reigate and Banstead,10.7510801581071,,,,,Reigate and Banstead,7.46632042591342,,,,,Reigate and Banstead,9.15719153289727,,,Reigate and Banstead,84.3,,,Reigate and Banstead,100.0,,,,,,,,,,Reigate and Banstead,77.94348509,,,,,,,,,,,,,,,,,,,,,,,,,,,,Reigate and Banstead,82.6,,,,,Reigate and Banstead,74.3,,,,,Reigate and Banstead,82.4,,,,,,,,,,,Reigate and Banstead,,770.0,,,,,,Reigate and Banstead,,362,,,,,,,Reigate and Banstead,,67.4,,,,,,,,Reigate and Banstead,,4051.0,,,,,,,,,,,,,,,,,,,,,,,,Reigate and Banstead,16.2,,,,,Reigate and Banstead,,7.40741,,,,,Reigate and Banstead,,13.24786,,,,,Reigate and Banstead,,22.15111,,,,,Reigate and Banstead,,55.30035,,,,,Reigate and Banstead,21.28889,,,,,,,,,Reigate and Banstead,7.41,,"coefficient of variation is less than or equal to 5%, estimate is considered precise.",,,,,,Reigate and Banstead,8.03,,"coefficient of variation is less than or equal to 5%, estimate is considered precise.",,,,,,Reigate and Banstead,7.07,,"coefficient of variation is less than or equal to 5%, estimate is considered precise.",,,,,,Reigate and Banstead,3.47,,"coefficient of variation is greater than 10% but less than or equal to 20%, estimate is considered acceptable.",,,,,Reigate and Banstead,10.0,,,,,,,,,,
E07000212,,,Runnymede,72.9,,,,,,Runnymede,676.5,,,,,,Runnymede,,83.9,,,,,,,,,Runnymede,,3.1,,,,,,Runnymede,27502.0,,,,,,Runnymede,525.0,,,,,,Runnymede,510.0,,,,,,Runnymede,4795.0,,,,,,Runnymede,15.0,,,,,,,,,,,,,,,,,,,,,,,,,,,,Runnymede,9.18555496210817,,,,,Runnymede,6.9245060410392,,,,,Runnymede,8.41247388882933,,,Runnymede,79.1,,,Runnymede,100.0,,,,,,,,,,Runnymede,80.92485549,,,,,,,,,,,,,,,,,,,,,,,,,,,,Runnymede,83.2,,,,,Runnymede,74.0,,,,,Runnymede,80.4,,,,,,,,,,,Runnymede,,686.0,,,,,,Runnymede,,313,,,,,,,Runnymede,,65.8,,,,,,,,Runnymede,,3187.0,,,,,,,,,,,,,,,,,,,,,,,,Runnymede,11.9,,,,,Runnymede,,7.10059,,,,,Runnymede,,15.44118,,,,,Runnymede,,21.84446,,,,,Runnymede,,59.13313,,,,,Runnymede,26.5288,,,,,,,,,Runnymede,na,Value suppressed with due to low reliability of estimate,,,,,,,Runnymede,na,Value suppressed with due to low reliability of estimate,,,,,,,Runnymede,na,Value suppressed with due to low reliability of estimate,,,,,,,Runnymede,na,Value suppressed with due to low reliability of estimate,,,,,,Runnymede,14.0,,,,,,,,,,
E07000213,,,Spelthorne,54.21,,,,,,Spelthorne,671.5,,,,,,Spelthorne,,77.6,,,,,,,,,Spelthorne,,4.1,,,,,,Spelthorne,25387.0,,,,,,Spelthorne,555.0,,,,,,Spelthorne,585.0,,,,,,Spelthorne,5105.0,,,,,,Spelthorne,15.0,,,,,,,,,,,,,,,,,,,,,,,,,,,,Spelthorne,10.5713626657489,,,,,Spelthorne,7.53152409159084,,,,,Spelthorne,8.84145116334519,,,Spelthorne,88.5,,,Spelthorne,100.0,,,,,,,,,,Spelthorne,80.47105005,,,,,,,,,,,,,,,,,,,,,,,,,,,,Spelthorne,79.2,,,,,Spelthorne,72.7,,,,,Spelthorne,81.5,,,,,,,,,,,Spelthorne,,806.0,,,,,,Spelthorne,,388,,,,,,,Spelthorne,,51.5,,,,,,,,Spelthorne,,4056.0,,,,,,,,,,,,,,,,,,,,,,,,Spelthorne,10.9,,,,,Spelthorne,,6.86275,,,,,Spelthorne,,15.48387,,,,,Spelthorne,,26.62868,,,,,Spelthorne,,58.54271,,,,,Spelthorne,29.1257,,,,,,,,,Spelthorne,7.2,,"coefficient of variation is less than or equal to 5%, estimate is considered precise.",,,,,,Spelthorne,6.61,,"coefficient of variation is greater than 5% but less than or equal to 10%, estimate is considered reasonably precise.",,,,,,Spelthorne,7.36,,"coefficient of variation is greater than 5% but less than or equal to 10%, estimate is considered reasonably precise.",,,,,,Spelthorne,5.16,,"coefficient of variation is greater than 10% but less than or equal to 20%, estimate is considered acceptable.",,,,,Spelthorne,3.0,,,,,,,,,,
E07000214,,,Surrey Heath,48.05,,,,,,Surrey Heath,759.1,,,,,,Surrey Heath,,82.2,,,,,,,,,Surrey Heath,,2.6,,,,,,Surrey Heath,28728.0,,,,,,Surrey Heath,455.0,,,,,,Surrey Heath,535.0,,,,,,Surrey Heath,4920.0,,,,,,Surrey Heath,30.0,,,,,,,,,,,,,,,,,,,,,,,,,,,,Surrey Heath,11.7399215893611,,,,,Surrey Heath,7.79295257323433,,,,,Surrey Heath,10.1246574881446,,,Surrey Heath,81.8,,,Surrey Heath,100.0,,,,,,,,,,Surrey Heath,81.99753391,,,,,,,,,,,,,,,,,,,,,,,,,,,,Surrey Heath,85.2,,,,,Surrey Heath,75.3,,,,,Surrey Heath,85.7,,,,,,,,,,,Surrey Heath,,794.0,,,,,,Surrey Heath,,346,,,,,,,Surrey Heath,,70,,,,,,,,Surrey Heath,,4169.0,,,,,,,,,,,,,,,,,,,,,,,,Surrey Heath,4.6,,,,,Surrey Heath,,9.090910000000001,,,,,Surrey Heath,,14.45783,,,,,Surrey Heath,,25.30798,,,,,Surrey Heath,,61.74863000000001,,,,,Surrey Heath,19.12273,,,,,,,,,Surrey Heath,8.03,,"coefficient of variation is less than or equal to 5%, estimate is considered precise.",,,,,,Surrey Heath,7.8,,"coefficient of variation is greater than 5% but less than or equal to 10%, estimate is considered reasonably precise.",,,,,,Surrey Heath,7.89,,"coefficient of variation is less than or equal to 5%, estimate is considered precise.",,,,,,Surrey Heath,3.34,,"coefficient of variation is greater than 20%, estimate is considered unreliable.",,,,,Surrey Heath,11.0,,,,,,,,,,
E07000215,,,Tandridge,32.13,,,,,,Tandridge,599.8,,,,,,Tandridge,,72.8,,,,,,,,,Tandridge,,3.4,,,,,,Tandridge,29703.0,,,,,,Tandridge,450.0,,,,,,Tandridge,545.0,,,,,,Tandridge,5350.0,,,,,,Tandridge,15.0,,,,,,,,,,,,,,,,,,,,,,,,,,,,Tandridge,11.3217166625836,,,,,Tandridge,7.49807083015663,,,,,Tandridge,9.77680938666817,,,Tandridge,62.9,,,Tandridge,100.0,,,,,,,,,,Tandridge,74.47108604,,,,,,,,,,,,,,,,,,,,,,,,,,,,Tandridge,85.4,,,,,Tandridge,77.4,,,,,Tandridge,84.5,,,,,,,,,,,Tandridge,,765.0,,,,,,Tandridge,,390,,,,,,,Tandridge,,68.8,,,,,,,,Tandridge,,3538.0,,,,,,,,,,,,,,,,,,,,,,,,Tandridge,15.6,,,,,Tandridge,,6.43275,,,,,Tandridge,,15.44715,,,,,Tandridge,,20.4423,,,,,Tandridge,,54.71698000000001,,,,,Tandridge,20.80028,,,,,,,,,Tandridge,7.4,,"coefficient of variation is less than or equal to 5%, estimate is considered precise.",,,,,,Tandridge,7.69,,"coefficient of variation is less than or equal to 5%, estimate is considered precise.",,,,,,Tandridge,7.24,,"coefficient of variation is less than or equal to 5%, estimate is considered precise.",,,,,,Tandridge,3.11,,"coefficient of variation is greater than 10% but less than or equal to 20%, estimate is considered acceptable.",,,,,Tandridge,8.0,,,,,,,,,,
E07000216,,,Waverley,38.02,,,,,,Waverley,699.5,,,,,,Waverley,,87.4,,,,,,,,,Waverley,,2.1,,,,,,Waverley,33400.0,,,,,,Waverley,725.0,,,,,,Waverley,840.0,,,,,,Waverley,8095.0,,,,,,Waverley,35.0,,,,,,,,,,,,,,,,,,,,,,,,,,,,Waverley,12.0836605386746,,,,,Waverley,7.57887645020908,,,,,Waverley,9.94887244686827,,,Waverley,63.6,,,Waverley,99.18,,,,,,,,,,Waverley,82.77870216,,,,,,,,,,,,,,,,,,,,,,,,,,,,Waverley,88.5,,,,,Waverley,80.2,,,,,Waverley,86.6,,,,,,,,,,,Waverley,,594.0,,,,,,Waverley,,271,,,,,,,Waverley,,70.3,,,,,,,,Waverley,,3736.0,,,,,,,,,,,,,,,,,,,,,,,,Waverley,14.5,,,,,Waverley,,5.78512,,,,,Waverley,,10.42654,,,,,Waverley,,16.67796,,,,,Waverley,,53.16667,,,,,Waverley,19.20274,,,,,,,,,Waverley,7.88,,"coefficient of variation is less than or equal to 5%, estimate is considered precise.",,,,,,Waverley,8.17,,"coefficient of variation is less than or equal to 5%, estimate is considered precise.",,,,,,Waverley,7.63,,"coefficient of variation is less than or equal to 5%, estimate is considered precise.",,,,,,Waverley,2.94,,"coefficient of variation is greater than 10% but less than or equal to 20%, estimate is considered acceptable.",,,,,Waverley,17.0,,,,,,,,,,
E07000217,,,Woking,40.99,,,,,,Woking,725.5,,,,,,Woking,,84.7,,,,,,,,,Woking,,3,,,,,,Woking,28088.0,,,,,,Woking,545.0,,,,,,Woking,690.0,,,,,,Woking,5355.0,,,,,,Woking,10.0,,,,,,,,,,,,,,,,,,,,,,,,,,,,Woking,9.5797431850377,,,,,Woking,7.21923412425363,,,,,Woking,8.59932571539096,,,Woking,81.9,,,Woking,100.0,,,,,,,,,,Woking,82.77356446,,,,,,,,,,,,,,,,,,,,,,,,,,,,Woking,85.7,,,,,Woking,76.2,,,,,Woking,84.4,,,,,,,,,,,Woking,,757.0,,,,,,Woking,,408,,,,,,,Woking,,75.9,,,,,,,,Woking,,4757.0,,,,,,,,,,,,,,,,,,,,,,,,Woking,4.8,,,,,Woking,,7.04225,,,,,Woking,,16.31579,,,,,Woking,,19.52135,,,,,Woking,,59.45946,,,,,Woking,24.45337,,,,,,,,,Woking,8.21,,"coefficient of variation is less than or equal to 5%, estimate is considered precise.",,,,,,Woking,7.89,,"coefficient of variation is less than or equal to 5%, estimate is considered precise.",,,,,,Woking,7.8,,"coefficient of variation is greater than 5% but less than or equal to 10%, estimate is considered reasonably precise.",,,,,,Woking,2.76,,"coefficient of variation is greater than 20%, estimate is considered unreliable.",,,,,Woking,14.0,,,,,,,,,,
E07000218,,,North Warwickshire,37.85,,,,,,North Warwickshire,631.1,,,,,,North Warwickshire,,80.3,,,,,,,,,North Warwickshire,,2.5,,,,,,North Warwickshire,19250.0,,,,,,North Warwickshire,290.0,,,,,,North Warwickshire,285.0,,,,,,North Warwickshire,2890.0,,,,,,North Warwickshire,15.0,,,,,,,,,,,,,,,,,,,,,,,,,,,,North Warwickshire,17.0079901920347,,,,,North Warwickshire,9.33822595883228,,,,,North Warwickshire,13.8887593767087,,,North Warwickshire,44.0,,,North Warwickshire,99.98,,,,,,,,,,North Warwickshire,72.90470723,,,,,,,,,,,,,,,,,,,,,,,,,,,,North Warwickshire,80.0,,,,,North Warwickshire,69.6,,,,,North Warwickshire,77.9,,,,,,,,,,,North Warwickshire,,1161.0,,,,,,North Warwickshire,,560,,,,,,,North Warwickshire,,56.3,,,,,,,,North Warwickshire,,4442.0,,,,,,,,,,,,,,,,,,,,,,,,North Warwickshire,17.1,,,,,North Warwickshire,,7.91367,,,,,North Warwickshire,,23.9726,,,,,North Warwickshire,,31.24003,,,,,North Warwickshire,,56.32911,,,,,North Warwickshire,32.83868,,,,,,,,,North Warwickshire,7.64,,"coefficient of variation is less than or equal to 5%, estimate is considered precise.",,,,,,North Warwickshire,7.85,,"coefficient of variation is less than or equal to 5%, estimate is considered precise.",,,,,,North Warwickshire,7.62,,"coefficient of variation is less than or equal to 5%, estimate is considered precise.",,,,,,North Warwickshire,2.84,,"coefficient of variation is greater than 10% but less than or equal to 20%, estimate is considered acceptable.",,,,,North Warwickshire,6.0,,,,,,,,,,
E07000219,,,Nuneaton and Bedworth,27.84,,,,,,Nuneaton and Bedworth,536.6,,,,,,Nuneaton and Bedworth,,83,,,,,,,,,Nuneaton and Bedworth,,3.4,,,,,,Nuneaton and Bedworth,17652.0,,,,,,Nuneaton and Bedworth,470.0,,,,,,Nuneaton and Bedworth,560.0,,,,,,Nuneaton and Bedworth,4090.0,,,,,,Nuneaton and Bedworth,10.0,,,,,,,,,,,,,,,,,,,,,,,,,,,,Nuneaton and Bedworth,12.0549535340809,,,,,Nuneaton and Bedworth,7.88566436830712,,,,,Nuneaton and Bedworth,10.2470490149333,,,Nuneaton and Bedworth,87.3,,,Nuneaton and Bedworth,100.0,,,,,,,,,,Nuneaton and Bedworth,69.70989761,,,,,,,,,,,,,,,,,,,,,,,,,,,,Nuneaton and Bedworth,77.4,,,,,Nuneaton and Bedworth,67.5,,,,,Nuneaton and Bedworth,76.5,,,,,,,,,,,Nuneaton and Bedworth,,1121.0,,,,,,Nuneaton and Bedworth,,557,,,,,,,Nuneaton and Bedworth,,50.8,,,,,,,,Nuneaton and Bedworth,,5221.0,,,,,,,,,,,,,,,,,,,,,,,,Nuneaton and Bedworth,17.1,,,,,Nuneaton and Bedworth,,10.10101,,,,,Nuneaton and Bedworth,,25.24272,,,,,Nuneaton and Bedworth,,37.05632,,,,,Nuneaton and Bedworth,,50.57252,,,,,Nuneaton and Bedworth,35.95307,,,,,,,,,Nuneaton and Bedworth,6.75,,"coefficient of variation is greater than 5% but less than or equal to 10%, estimate is considered reasonably precise.",,,,,,Nuneaton and Bedworth,7.12,,"coefficient of variation is greater than 5% but less than or equal to 10%, estimate is considered reasonably precise.",,,,,,Nuneaton and Bedworth,7.01,,"coefficient of variation is greater than 5% but less than or equal to 10%, estimate is considered reasonably precise.",,,,,,Nuneaton and Bedworth,2.87,,"coefficient of variation is greater than 10% but less than or equal to 20%, estimate is considered acceptable.",,,,,Nuneaton and Bedworth,17.0,,,,,,,,,,
E07000220,,,Rugby,34.67,,,,,,Rugby,597.4,,,,,,Rugby,,78.5,,,,,,,,,Rugby,,3.3,,,,,,Rugby,20108.0,,,,,,Rugby,640.0,,,,,,Rugby,790.0,,,,,,Rugby,5420.0,,,,,,Rugby,15.0,,,,,,,,,,,,,,,,,,,,,,,,,,,,Rugby,12.9023955224615,,,,,Rugby,7.85945837658385,,,,,Rugby,10.6580470590085,,,Rugby,75.8,,,Rugby,100.0,,,,,,,,,,Rugby,80.70678128,,,,,,,,,,,,,,,,,,,,,,,,,,,,Rugby,78.8,,,,,Rugby,69.1,,,,,Rugby,77.1,,,,,,,,,,,Rugby,,1132.0,,,,,,Rugby,,480,,,,,,,Rugby,,67.3,,,,,,,,Rugby,,4466.0,,,,,,,,,,,,,,,,,,,,,,,,Rugby,18.2,,,,,Rugby,,7.86517,,,,,Rugby,,22.93907,,,,,Rugby,,24.79739,,,,,Rugby,,59.48276,,,,,Rugby,30.76332,,,,,,,,,Rugby,7.48,,"coefficient of variation is less than or equal to 5%, estimate is considered precise.",,,,,,Rugby,7.78,,"coefficient of variation is less than or equal to 5%, estimate is considered precise.",,,,,,Rugby,7.28,,"coefficient of variation is less than or equal to 5%, estimate is considered precise.",,,,,,Rugby,3.04,,"coefficient of variation is greater than 10% but less than or equal to 20%, estimate is considered acceptable.",,,,,Rugby,26.0,,,,,,,,,,
E07000221,,,Stratford-on-Avon,38.64,,,,,,Stratford-on-Avon,574.1,,,,,,Stratford-on-Avon,,85.2,,,,,,,,,Stratford-on-Avon,,2.7,,,,,,Stratford-on-Avon,26872.0,,,,,,Stratford-on-Avon,1050.0,,,,,,Stratford-on-Avon,1165.0,,,,,,Stratford-on-Avon,8965.0,,,,,,Stratford-on-Avon,30.0,,,,,,,,,,,,,,,,,,,,,,,,,,,,Stratford-on-Avon,14.7141564898471,,,,,Stratford-on-Avon,8.04749699542498,,,,,Stratford-on-Avon,11.4432175532928,,,Stratford-on-Avon,67.2,,,Stratford-on-Avon,99.99,,,,,,,,,,Stratford-on-Avon,84.26051559999999,,,,,,,,,,,,,,,,,,,,,,,,,,,,Stratford-on-Avon,85.2,,,,,Stratford-on-Avon,76.5,,,,,Stratford-on-Avon,83.5,,,,,,,,,,,Stratford-on-Avon,,882.0,,,,,,Stratford-on-Avon,,434,,,,,,,Stratford-on-Avon,,71.3,,,,,,,,Stratford-on-Avon,,3784.0,,,,,,,,,,,,,,,,,,,,,,,,Stratford-on-Avon,7.7,,,,,Stratford-on-Avon,,6.75105,,,,,Stratford-on-Avon,,17.62295,,,,,Stratford-on-Avon,,24.78337,,,,,Stratford-on-Avon,,53.40454,,,,,Stratford-on-Avon,21.41659,,,,,,,,,Stratford-on-Avon,7.68,,"coefficient of variation is less than or equal to 5%, estimate is considered precise.",,,,,,Stratford-on-Avon,7.77,,"coefficient of variation is less than or equal to 5%, estimate is considered precise.",,,,,,Stratford-on-Avon,7.62,,"coefficient of variation is less than or equal to 5%, estimate is considered precise.",,,,,,Stratford-on-Avon,3.28,,"coefficient of variation is greater than 10% but less than or equal to 20%, estimate is considered acceptable.",,,,,Stratford-on-Avon,22.0,,,,,,,,,,
E07000222,,,Warwick,43.04,,,,,,Warwick,670.4,,,,,,Warwick,,73.8,,,,,,,,,Warwick,,3.6,,,,,,Warwick,25088.0,,,,,,Warwick,740.0,,,,,,Warwick,875.0,,,,,,Warwick,7735.0,,,,,,Warwick,45.0,,,,,,,,,,,,,,,,,,,,,,,,,,,,Warwick,10.8087295413629,,,,,Warwick,7.35305264097158,,,,,Warwick,9.28476839237235,,,Warwick,77.2,,,Warwick,100.0,,,,,,,,,,Warwick,79.87421384,,,,,,,,,,,,,,,,,,,,,,,,,,,,Warwick,83.5,,,,,Warwick,73.9,,,,,Warwick,80.8,,,,,,,,,,,Warwick,,916.0,,,,,,Warwick,,364,,,,,,,Warwick,,65.6,,,,,,,,Warwick,,4520.0,,,,,,,,,,,,,,,,,,,,,,,,Warwick,11.2,,,,,Warwick,,6.22837,,,,,Warwick,,17.53247,,,,,Warwick,,17.44783,,,,,Warwick,,53.73353,,,,,Warwick,27.19518,,,,,,,,,Warwick,7.53,,"coefficient of variation is less than or equal to 5%, estimate is considered precise.",,,,,,Warwick,7.62,,"coefficient of variation is less than or equal to 5%, estimate is considered precise.",,,,,,Warwick,7.16,,"coefficient of variation is less than or equal to 5%, estimate is considered precise.",,,,,,Warwick,3.42,,"coefficient of variation is greater than 10% but less than or equal to 20%, estimate is considered acceptable.",,,,,Warwick,11.0,,,,,,,,,,
E07000223,,,Adur,32.16,,,,,,Adur,525.7,,,,,,Adur,,78.1,,,,,,,,,Adur,,3.3,,,,,,Adur,20552.0,,,,,,Adur,260.0,,,,,,Adur,240.0,,,,,,Adur,2580.0,,,,,,Adur,5.0,,,,,,,,,,,,,,,,,,,,,,,,,,,,Adur,10.105200178751,,,,,Adur,7.4106974218277,,,,,Adur,8.71407909801341,,,Adur,92.1,,,Adur,99.64,,,,,,,,,,Adur,75.95505618,,,,,,,,,,,,,,,,,,,,,,,,,,,,Adur,85.3,,,,,Adur,73.1,,,,,Adur,81.9,,,,,,,,,,,Adur,,904.0,,,,,,Adur,,395,,,,,,,Adur,,60.2,,,,,,,,Adur,,4204.0,,,,,,,,,,,,,,,,,,,,,,,,Adur,8.9,,,,,Adur,,7.56303,,,,,Adur,,18.30986,,,,,Adur,,22.84329,,,,,Adur,,56.33803,,,,,Adur,26.33353,,,,,,,,,Adur,7.57,,"coefficient of variation is less than or equal to 5%, estimate is considered precise.",,,,,,Adur,7.95,,"coefficient of variation is less than or equal to 5%, estimate is considered precise.",,,,,,Adur,6.16,,"coefficient of variation is greater than 10% but less than or equal to 20%, estimate is considered acceptable.",,,,,,Adur,4.84,,"coefficient of variation is greater than 20%, estimate is considered unreliable.",,,,,Adur,4.0,,,,,,,,,,
E07000224,,,Arun,30.85,,,,,,Arun,494,,,,,,Arun,,85.5,,,,,,,,,Arun,,3.3,,,,,,Arun,21849.0,,,,,,Arun,590.0,,,,,,Arun,705.0,,,,,,Arun,6140.0,,,,,,Arun,15.0,,,,,,,,,,,,,,,,,,,,,,,,,,,,Arun,10.3802804169098,,,,,Arun,7.18656893218699,,,,,Arun,9.06527879180502,,,Arun,35.8,,,Arun,99.21,,,,,,,,,,Arun,74.31561997,,,,,,,,,,,,,,,,,,,,,,,,,,,,Arun,83.0,,,,,Arun,70.1,,,,,Arun,79.1,,,,,,,,,,,Arun,,890.0,,,,,,Arun,,425,,,,,,,Arun,,57.1,,,,,,,,Arun,,4405.0,,,,,,,,,,,,,,,,,,,,,,,,Arun,11.7,,,,,Arun,,8.8968,,,,,Arun,,22.04969,,,,,Arun,,27.32472,,,,,Arun,,54.4196,,,,,Arun,29.49534,,,,,,,,,Arun,7.57,,"coefficient of variation is less than or equal to 5%, estimate is considered precise.",,,,,,Arun,8.12,,"coefficient of variation is less than or equal to 5%, estimate is considered precise.",,,,,,Arun,7.63,,"coefficient of variation is less than or equal to 5%, estimate is considered precise.",,,,,,Arun,3.33,,"coefficient of variation is greater than 5% but less than or equal to 10%, estimate is considered reasonably precise.",,,,,Arun,12.0,,,,,,,,,,
E07000225,,,Chichester,32.17,,,,,,Chichester,502,,,,,,Chichester,,66.2,,,,,,,,,Chichester,,4,,,,,,Chichester,26683.0,,,,,,Chichester,605.0,,,,,,Chichester,635.0,,,,,,Chichester,6900.0,,,,,,Chichester,25.0,,,,,,,,,,,,,,,,,,,,,,,,,,,,Chichester,12.5817159789588,,,,,Chichester,7.69747625728523,,,,,Chichester,10.6940210262916,,,Chichester,42.6,,,Chichester,98.9,,,,,,,,,,Chichester,75.250501,,,,,,,,,,,,,,,,,,,,,,,,,,,,Chichester,84.1,,,,,Chichester,72.1,,,,,Chichester,80.1,,,,,,,,,,,Chichester,,753.0,,,,,,Chichester,,347,,,,,,,Chichester,,55.5,,,,,,,,Chichester,,3982.0,,,,,,,,,,,,,,,,,,,,,,,,Chichester,13.9,,,,,Chichester,,8.58586,,,,,Chichester,,16.91542,,,,,Chichester,,21.86325,,,,,Chichester,,55.94714,,,,,Chichester,23.4531,,,,,,,,,Chichester,7.18,,"coefficient of variation is less than or equal to 5%, estimate is considered precise.",,,,,,Chichester,7.87,,"coefficient of variation is less than or equal to 5%, estimate is considered precise.",,,,,,Chichester,7.59,,"coefficient of variation is less than or equal to 5%, estimate is considered precise.",,,,,,Chichester,3.1,,"coefficient of variation is greater than 10% but less than or equal to 20%, estimate is considered acceptable.",,,,,Chichester,15.0,,,,,,,,,,
E07000226,,,Crawley,37.07,,,,,,Crawley,577.3,,,,,,Crawley,,71.9,,,,,,,,,Crawley,,4,,,,,,Crawley,18927.0,,,,,,Crawley,475.0,,,,,,Crawley,490.0,,,,,,Crawley,3990.0,,,,,,Crawley,20.0,,,,,,,,,,,,,,,,,,,,,,,,,,,,Crawley,11.6296163603593,,,,,Crawley,7.81994315938626,,,,,Crawley,9.89964507882269,,,Crawley,93.5,,,Crawley,100.0,,,,,,,,,,Crawley,72.52918288,,,,,,,,,,,,,,,,,,,,,,,,,,,,Crawley,78.4,,,,,Crawley,65.5,,,,,Crawley,75.5,,,,,,,,,,,Crawley,,943.0,,,,,,Crawley,,406,,,,,,,Crawley,,49.9,,,,,,,,Crawley,,4532.0,,,,,,,,,,,,,,,,,,,,,,,,Crawley,21.4,,,,,Crawley,,8.27586,,,,,Crawley,,22.65372,,,,,Crawley,,30.33128,,,,,Crawley,,59.04255,,,,,Crawley,30.72103,,,,,,,,,Crawley,7.59,,"coefficient of variation is less than or equal to 5%, estimate is considered precise.",,,,,,Crawley,8.16,,"coefficient of variation is less than or equal to 5%, estimate is considered precise.",,,,,,Crawley,7.04,,"coefficient of variation is less than or equal to 5%, estimate is considered precise.",,,,,,Crawley,3.73,,"coefficient of variation is greater than 10% but less than or equal to 20%, estimate is considered acceptable.",,,,,Crawley,4.0,,,,,,,,,,
E07000227,,,Horsham,37.22,,,,,,Horsham,630.4,,,,,,Horsham,,78,,,,,,,,,Horsham,,2.7,,,,,,Horsham,27234.0,,,,,,Horsham,655.0,,,,,,Horsham,745.0,,,,,,Horsham,7815.0,,,,,,Horsham,20.0,,,,,,,,,,,,,,,,,,,,,,,,,,,,Horsham,13.0540104614973,,,,,Horsham,7.65991470559957,,,,,Horsham,10.2435205297604,,,Horsham,55.4,,,Horsham,99.75,,,,,,,,,,Horsham,82.82208589,,,,,,,,,,,,,,,,,,,,,,,,,,,,Horsham,84.0,,,,,Horsham,72.6,,,,,Horsham,82.5,,,,,,,,,,,Horsham,,822.0,,,,,,Horsham,,365,,,,,,,Horsham,,66.7,,,,,,,,Horsham,,3469.0,,,,,,,,,,,,,,,,,,,,,,,,Horsham,5.6,,,,,Horsham,,4.98221,,,,,Horsham,,15.61462,,,,,Horsham,,16.09534,,,,,Horsham,,57.91855,,,,,Horsham,19.16274,,,,,,,,,Horsham,7.59,,"coefficient of variation is less than or equal to 5%, estimate is considered precise.",,,,,,Horsham,7.79,,"coefficient of variation is less than or equal to 5%, estimate is considered precise.",,,,,,Horsham,7.4,,"coefficient of variation is less than or equal to 5%, estimate is considered precise.",,,,,,Horsham,2.48,,"coefficient of variation is greater than 10% but less than or equal to 20%, estimate is considered acceptable.",,,,,Horsham,6.0,,,,,,,,,,
E07000228,,,Mid Sussex,37.23,,,,,,Mid Sussex,675.3,,,,,,Mid Sussex,,77,,,,,,,,,Mid Sussex,,2.5,,,,,,Mid Sussex,25983.0,,,,,,Mid Sussex,690.0,,,,,,Mid Sussex,825.0,,,,,,Mid Sussex,7805.0,,,,,,Mid Sussex,25.0,,,,,,,,,,,,,,,,,,,,,,,,,,,,Mid Sussex,11.5247831039435,,,,,Mid Sussex,7.5665940446314,,,,,Mid Sussex,9.83855556721508,,,Mid Sussex,71.7,,,Mid Sussex,99.22,,,,,,,,,,Mid Sussex,82.18997361,,,,,,,,,,,,,,,,,,,,,,,,,,,,Mid Sussex,84.6,,,,,Mid Sussex,71.2,,,,,Mid Sussex,81.3,,,,,,,,,,,Mid Sussex,,866.0,,,,,,Mid Sussex,,413,,,,,,,Mid Sussex,,71.5,,,,,,,,Mid Sussex,,3866.0,,,,,,,,,,,,,,,,,,,,,,,,Mid Sussex,10.7,,,,,Mid Sussex,,4.96894,,,,,Mid Sussex,,13.23077,,,,,Mid Sussex,,20.5982,,,,,Mid Sussex,,55.31915,,,,,Mid Sussex,17.77097,,,,,,,,,Mid Sussex,8.14,,"coefficient of variation is less than or equal to 5%, estimate is considered precise.",,,,,,Mid Sussex,8.12,,"coefficient of variation is less than or equal to 5%, estimate is considered precise.",,,,,,Mid Sussex,7.96,,"coefficient of variation is less than or equal to 5%, estimate is considered precise.",,,,,,Mid Sussex,2.84,,"coefficient of variation is greater than 10% but less than or equal to 20%, estimate is considered acceptable.",,,,,Mid Sussex,16.0,,,,,,,,,,
E07000229,,,Worthing,52.3,,,,,,Worthing,575,,,,,,Worthing,,76,,,,,,,,,Worthing,,3.6,,,,,,Worthing,21774.0,,,,,,Worthing,470.0,,,,,,Worthing,480.0,,,,,,Worthing,4375.0,,,,,,Worthing,15.0,,,,,,,,,,,,,,,,,,,,,,,,,,,,Worthing,7.49473721769819,,,,,Worthing,6.62478099686859,,,,,Worthing,7.58398589632922,,,Worthing,97.0,,,Worthing,100.0,,,,,,,,,,Worthing,79.10174152,,,,,,,,,,,,,,,,,,,,,,,,,,,,Worthing,81.5,,,,,Worthing,73.8,,,,,Worthing,80.9,,,,,,,,,,,Worthing,,910.0,,,,,,Worthing,,401,,,,,,,Worthing,,60.5,,,,,,,,Worthing,,4944.0,,,,,,,,,,,,,,,,,,,,,,,,Worthing,17,,,,,Worthing,,6.76329,,,,,Worthing,,21.59624,,,,,Worthing,,25.95377,,,,,Worthing,,56.7623,,,,,Worthing,25.2627,,,,,,,,,Worthing,6.97,,"coefficient of variation is less than or equal to 5%, estimate is considered precise.",,,,,,Worthing,7.2,,"coefficient of variation is greater than 5% but less than or equal to 10%, estimate is considered reasonably precise.",,,,,,Worthing,7.02,,"coefficient of variation is greater than 5% but less than or equal to 10%, estimate is considered reasonably precise.",,,,,,Worthing,4.27,,"coefficient of variation is greater than 10% but less than or equal to 20%, estimate is considered acceptable.",,,,,Worthing,5.0,,,,,,,,,,
E07000234,,,Bromsgrove,40.07,,,,,,Bromsgrove,648.4,,,,,,Bromsgrove,,87.5,,,,,,,,,Bromsgrove,,2.4,,,,,,Bromsgrove,23815.0,,,,,,Bromsgrove,500.0,,,,,,Bromsgrove,610.0,,,,,,Bromsgrove,5515.0,,,,,,Bromsgrove,15.0,,,,,,,,,,,,,,,,,,,,,,,,,,,,Bromsgrove,13.3541461885728,,,,,Bromsgrove,7.93247007705297,,,,,Bromsgrove,10.5094178299154,,,Bromsgrove,79.5,,,Bromsgrove,99.96,,,,,,,,,,Bromsgrove,78.91268534,,,,,,,,,,,,,,,,,,,,,,,,,,,,Bromsgrove,81.0,,,,,Bromsgrove,73.8,,,,,Bromsgrove,80.6,,,,,,,,,,,Bromsgrove,,1069.0,,,,,,Bromsgrove,,432,,,,,,,Bromsgrove,,68.9,,,,,,,,Bromsgrove,,3852.0,,,,,,,,,,,,,,,,,,,,,,,,Bromsgrove,10.1,,,,,Bromsgrove,,7.6555,,,,,Bromsgrove,,17.59259,,,,,Bromsgrove,,20.85898,,,,,Bromsgrove,,54.37882,,,,,Bromsgrove,21.09301,,,,,,,,,Bromsgrove,7.38,,"coefficient of variation is less than or equal to 5%, estimate is considered precise.",,,,,,Bromsgrove,7.68,,"coefficient of variation is less than or equal to 5%, estimate is considered precise.",,,,,,Bromsgrove,7.65,,"coefficient of variation is less than or equal to 5%, estimate is considered precise.",,,,,,Bromsgrove,3.59,,"coefficient of variation is greater than 10% but less than or equal to 20%, estimate is considered acceptable.",,,,,Bromsgrove,4.0,,,,,,,,,,
E07000235,,,Malvern Hills,34.2,,,,,,Malvern Hills,574.9,,,,,,Malvern Hills,,83.1,,,,,,,,,Malvern Hills,,2.9,,,,,,Malvern Hills,24148.0,,,,,,Malvern Hills,355.0,,,,,,Malvern Hills,400.0,,,,,,Malvern Hills,4025.0,,,,,,Malvern Hills,10.0,,,,,,,,,,,,,,,,,,,,,,,,,,,,Malvern Hills,17.5207551133006,,,,,Malvern Hills,8.57834205029084,,,,,Malvern Hills,13.0434385900189,,,Malvern Hills,60.8,,,Malvern Hills,99.14,,,,,,,,,,Malvern Hills,80.53097345,,,,,,,,,,,,,,,,,,,,,,,,,,,,Malvern Hills,84.4,,,,,Malvern Hills,76.5,,,,,Malvern Hills,82.6,,,,,,,,,,,Malvern Hills,,858.0,,,,,,Malvern Hills,,425,,,,,,,Malvern Hills,,68.4,,,,,,,,Malvern Hills,,3738.0,,,,,,,,,,,,,,,,,,,,,,,,Malvern Hills,11.7,,,,,Malvern Hills,,10.56911,,,,,Malvern Hills,,18.36735,,,,,Malvern Hills,,21.58385,,,,,Malvern Hills,,58.33333,,,,,Malvern Hills,22.3968,,,,,,,,,Malvern Hills,7.9,,"coefficient of variation is less than or equal to 5%, estimate is considered precise.",,,,,,Malvern Hills,8.21,,"coefficient of variation is less than or equal to 5%, estimate is considered precise.",,,,,,Malvern Hills,8.06,,"coefficient of variation is less than or equal to 5%, estimate is considered precise.",,,,,,Malvern Hills,2.5,,"coefficient of variation is greater than 10% but less than or equal to 20%, estimate is considered acceptable.",,,,,Malvern Hills,6.0,,,,,,,,,,
E07000236,,,Redditch,32.93,,,,,,Redditch,542.4,,,,,,Redditch,,79.5,,,,,,,,,Redditch,,3.5,,,,,,Redditch,19385.0,,,,,,Redditch,475.0,,,,,,Redditch,395.0,,,,,,Redditch,3350.0,,,,,,Redditch,15.0,,,,,,,,,,,,,,,,,,,,,,,,,,,,Redditch,10.0667960714197,,,,,Redditch,7.52890921041266,,,,,Redditch,9.16902580165344,,,Redditch,85.2,,,Redditch,100.0,,,,,,,,,,Redditch,69.80609418,,,,,,,,,,,,,,,,,,,,,,,,,,,,Redditch,82.5,,,,,Redditch,71.8,,,,,Redditch,79.7,,,,,,,,,,,Redditch,,1033.0,,,,,,Redditch,,489,,,,,,,Redditch,,46,,,,,,,,Redditch,,4370.0,,,,,,,,,,,,,,,,,,,,,,,,Redditch,13.6,,,,,Redditch,,10.75269,,,,,Redditch,,24.51923,,,,,Redditch,,33.47231,,,,,Redditch,,50.53476,,,,,Redditch,35.25318,,,,,,,,,Redditch,7.46,,"coefficient of variation is less than or equal to 5%, estimate is considered precise.",,,,,,Redditch,7.82,,"coefficient of variation is less than or equal to 5%, estimate is considered precise.",,,,,,Redditch,7.55,,"coefficient of variation is less than or equal to 5%, estimate is considered precise.",,,,,,Redditch,4.13,,"coefficient of variation is greater than 10% but less than or equal to 20%, estimate is considered acceptable.",,,,,Redditch,3.0,,,,,,,,,,
E07000237,,,Worcester,35.3,,,,,,Worcester,579,,,,,,Worcester,,82.4,,,,,,,,,Worcester,,3.1,,,,,,Worcester,18190.0,,,,,,Worcester,470.0,,,,,,Worcester,590.0,,,,,,Worcester,3955.0,,,,,,Worcester,5.0,,,,,,,,,,,,,,,,,,,,,,,,,,,,Worcester,8.21016655815279,,,,,Worcester,6.91716551222072,,,,,Worcester,8.13174429554503,,,Worcester,76.2,,,Worcester,100.0,,,,,,,,,,Worcester,73.24902724,,,,,,,,,,,,,,,,,,,,,,,,,,,,Worcester,75.7,,,,,Worcester,66.5,,,,,Worcester,74.1,,,,,,,,,,,Worcester,,982.0,,,,,,Worcester,,493,,,,,,,Worcester,,60.9,,,,,,,,Worcester,,4375.0,,,,,,,,,,,,,,,,,,,,,,,,Worcester,15.2,,,,,Worcester,,10.05025,,,,,Worcester,,25.11628,,,,,Worcester,,25.81404,,,,,Worcester,,57.42794,,,,,Worcester,25.71721,,,,,,,,,Worcester,7.5,,"coefficient of variation is less than or equal to 5%, estimate is considered precise.",,,,,,Worcester,7.99,,"coefficient of variation is less than or equal to 5%, estimate is considered precise.",,,,,,Worcester,7.5,,"coefficient of variation is less than or equal to 5%, estimate is considered precise.",,,,,,Worcester,3.85,,"coefficient of variation is greater than 10% but less than or equal to 20%, estimate is considered acceptable.",,,,,Worcester,6.0,,,,,,,,,,
E07000238,,,Wychavon,34.27,,,,,,Wychavon,549.4,,,,,,Wychavon,,74.7,,,,,,,,,Wychavon,,3.1,,,,,,Wychavon,23732.0,,,,,,Wychavon,635.0,,,,,,Wychavon,1165.0,,,,,,Wychavon,7495.0,,,,,,Wychavon,30.0,,,,,,,,,,,,,,,,,,,,,,,,,,,,Wychavon,14.1939855401862,,,,,Wychavon,8.3293764053899,,,,,Wychavon,12.2068274810943,,,Wychavon,63.3,,,Wychavon,99.97,,,,,,,,,,Wychavon,74.97393118,,,,,,,,,,,,,,,,,,,,,,,,,,,,Wychavon,79.4,,,,,Wychavon,71.3,,,,,Wychavon,79.6,,,,,,,,,,,Wychavon,,931.0,,,,,,Wychavon,,455,,,,,,,Wychavon,,64.7,,,,,,,,Wychavon,,3838.0,,,,,,,,,,,,,,,,,,,,,,,,Wychavon,10.2,,,,,Wychavon,,8.01688,,,,,Wychavon,,21.51899,,,,,Wychavon,,25.97491,,,,,Wychavon,,56.01926,,,,,Wychavon,27.7836,,,,,,,,,Wychavon,7.24,,"coefficient of variation is less than or equal to 5%, estimate is considered precise.",,,,,,Wychavon,7.81,,"coefficient of variation is less than or equal to 5%, estimate is considered precise.",,,,,,Wychavon,7.24,,"coefficient of variation is less than or equal to 5%, estimate is considered precise.",,,,,,Wychavon,3.25,,"coefficient of variation is greater than 10% but less than or equal to 20%, estimate is considered acceptable.",,,,,Wychavon,11.0,,,,,,,,,,
E07000239,,,Wyre Forest,23.84,,,,,,Wyre Forest,522.4,,,,,,Wyre Forest,,80.8,,,,,,,,,Wyre Forest,,3.3,,,,,,Wyre Forest,19746.0,,,,,,Wyre Forest,465.0,,,,,,Wyre Forest,1015.0,,,,,,Wyre Forest,5130.0,,,,,,Wyre Forest,10.0,,,,,,,,,,,,,,,,,,,,,,,,,,,,Wyre Forest,11.1348449606452,,,,,Wyre Forest,7.57737641635725,,,,,Wyre Forest,9.47261293254878,,,Wyre Forest,75.0,,,Wyre Forest,99.11,,,,,,,,,,Wyre Forest,68.8,,,,,,,,,,,,,,,,,,,,,,,,,,,,Wyre Forest,79.4,,,,,Wyre Forest,66.9,,,,,Wyre Forest,75.8,,,,,,,,,,,Wyre Forest,,985.0,,,,,,Wyre Forest,,505,,,,,,,Wyre Forest,,61.4,,,,,,,,Wyre Forest,,4119.0,,,,,,,,,,,,,,,,,,,,,,,,Wyre Forest,8.7,,,,,Wyre Forest,,8.24742,,,,,Wyre Forest,,24.01961,,,,,Wyre Forest,,32.08039,,,,,Wyre Forest,,52.85714,,,,,Wyre Forest,31.73656,,,,,,,,,Wyre Forest,7.6,,"coefficient of variation is less than or equal to 5%, estimate is considered precise.",,,,,,Wyre Forest,8.08,,"coefficient of variation is less than or equal to 5%, estimate is considered precise.",,,,,,Wyre Forest,7.71,,"coefficient of variation is less than or equal to 5%, estimate is considered precise.",,,,,,Wyre Forest,3.25,,"coefficient of variation is greater than 10% but less than or equal to 20%, estimate is considered acceptable.",,,,,Wyre Forest,11.0,,,,,,,,,,
E07000240,,,St Albans,36.3,,,,,,St Albans,746,,,,,,St Albans,,86.5,,,,,,,,,St Albans,,2.7,,,,,,St Albans,32898.0,,,,,,St Albans,935.0,,,,,,St Albans,1050.0,,,,,,St Albans,9460.0,,,,,,St Albans,30.0,,,,,,,,,,,,,,,,,,,,,,,,,,,,,,,,,,,,,,,,,,,,St Albans,89.1,,,St Albans,100.0,,,,,,,,,,St Albans,86.33852336,,,,,,,,,,,,,,,,,,,,,,,,,,,,St Albans,86.0,,,,,St Albans,76.5,,,,,St Albans,83.7,,,,,,,,,,,St Albans,,563.0,,,,,,St Albans,,306,,,,,,,St Albans,,75.8,,,,,,,,St Albans,,3628.0,,,,,,,,,,,,,,,,,,,,,,,,St Albans,6.6,,,,,St Albans,,5.47112,,,,,St Albans,,12.69841,,,,,St Albans,,18.53869,,,,,St Albans,,60.53097,,,,,St Albans,19.7398,,,,,,,,,St Albans,7.97,,"coefficient of variation is less than or equal to 5%, estimate is considered precise.",,,,,,St Albans,8.02,,"coefficient of variation is less than or equal to 5%, estimate is considered precise.",,,,,,St Albans,7.6,,"coefficient of variation is less than or equal to 5%, estimate is considered precise.",,,,,,St Albans,3.03,,"coefficient of variation is greater than 5% but less than or equal to 10%, estimate is considered reasonably precise.",,,,,St Albans,6.0,,,,,,,,,,
E07000241,,,Welwyn Hatfield,37.87,,,,,,Welwyn Hatfield,622.1,,,,,,Welwyn Hatfield,,76.4,,,,,,,,,Welwyn Hatfield,,3.6,,,,,,Welwyn Hatfield,23372.0,,,,,,Welwyn Hatfield,620.0,,,,,,Welwyn Hatfield,655.0,,,,,,Welwyn Hatfield,5655.0,,,,,,Welwyn Hatfield,25.0,,,,,,,,,,,,,,,,,,,,,,,,,,,,,,,,,,,,,,,,,,,,Welwyn Hatfield,77.4,,,Welwyn Hatfield,99.98,,,,,,,,,,Welwyn Hatfield,77.6169265,,,,,,,,,,,,,,,,,,,,,,,,,,,,Welwyn Hatfield,82.1,,,,,Welwyn Hatfield,71.4,,,,,Welwyn Hatfield,80.7,,,,,,,,,,,Welwyn Hatfield,,763.0,,,,,,Welwyn Hatfield,,275,,,,,,,Welwyn Hatfield,,60.3,,,,,,,,Welwyn Hatfield,,3506.0,,,,,,,,,,,,,,,,,,,,,,,,Welwyn Hatfield,15.6,,,,,Welwyn Hatfield,,8.8,,,,,Welwyn Hatfield,,19.76285,,,,,Welwyn Hatfield,,26.41989,,,,,Welwyn Hatfield,,57.9235,,,,,Welwyn Hatfield,21.52994,,,,,,,,,Welwyn Hatfield,7.95,,"coefficient of variation is less than or equal to 5%, estimate is considered precise.",,,,,,Welwyn Hatfield,8.3,,"coefficient of variation is less than or equal to 5%, estimate is considered precise.",,,,,,Welwyn Hatfield,7.85,,"coefficient of variation is less than or equal to 5%, estimate is considered precise.",,,,,,Welwyn Hatfield,3.14,,"coefficient of variation is greater than 10% but less than or equal to 20%, estimate is considered acceptable.",,,,,Welwyn Hatfield,9.0,,,,,,,,,,
E07000242,,,East Hertfordshire,33.36,,,,,,East Hertfordshire,733.4,,,,,,East Hertfordshire,,80.1,,,,,,,,,East Hertfordshire,,3.6,,,,,,East Hertfordshire,27855.0,,,,,,East Hertfordshire,835.0,,,,,,East Hertfordshire,950.0,,,,,,East Hertfordshire,8640.0,,,,,,East Hertfordshire,30.0,,,,,,,,,,,,,,,,,,,,,,,,,,,,,,,,,,,,,,,,,,,,East Hertfordshire,73.1,,,East Hertfordshire,99.92,,,,,,,,,,East Hertfordshire,83.48940365,,,,,,,,,,,,,,,,,,,,,,,,,,,,East Hertfordshire,81.9,,,,,East Hertfordshire,70.4,,,,,East Hertfordshire,79.4,,,,,,,,,,,East Hertfordshire,,770.0,,,,,,East Hertfordshire,,477,,,,,,,East Hertfordshire,,65.5,,,,,,,,East Hertfordshire,,3251.0,,,,,,,,,,,,,,,,,,,,,,,,East Hertfordshire,10.9,,,,,East Hertfordshire,,6.19195,,,,,East Hertfordshire,,13.05732,,,,,East Hertfordshire,,16.81833,,,,,East Hertfordshire,,60.15326,,,,,East Hertfordshire,22.47201,,,,,,,,,East Hertfordshire,7.45,,"coefficient of variation is less than or equal to 5%, estimate is considered precise.",,,,,,East Hertfordshire,7.77,,"coefficient of variation is less than or equal to 5%, estimate is considered precise.",,,,,,East Hertfordshire,7.23,,"coefficient of variation is less than or equal to 5%, estimate is considered precise.",,,,,,East Hertfordshire,3.58,,"coefficient of variation is greater than 5% but less than or equal to 10%, estimate is considered reasonably precise.",,,,,East Hertfordshire,13.0,,,,,,,,,,
E07000243,,,Stevenage,34.61,,,,,,Stevenage,583.7,,,,,,Stevenage,,71.7,,,,,,,,,Stevenage,,3.9,,,,,,Stevenage,19990.0,,,,,,Stevenage,455.0,,,,,,Stevenage,390.0,,,,,,Stevenage,3430.0,,,,,,Stevenage,20.0,,,,,,,,,,,,,,,,,,,,,,,,,,,,,,,,,,,,,,,,,,,,Stevenage,90.6,,,Stevenage,100.0,,,,,,,,,,Stevenage,71.08013937,,,,,,,,,,,,,,,,,,,,,,,,,,,,Stevenage,73.5,,,,,Stevenage,66.0,,,,,Stevenage,73.5,,,,,,,,,,,Stevenage,,942.0,,,,,,Stevenage,,424,,,,,,,Stevenage,,60.5,,,,,,,,Stevenage,,4469.0,,,,,,,,,,,,,,,,,,,,,,,,Stevenage,13.9,,,,,Stevenage,,7.692310000000001,,,,,Stevenage,,23.52941,,,,,Stevenage,,29.65298,,,,,Stevenage,,58.65103000000001,,,,,Stevenage,29.46355,,,,,,,,,Stevenage,7.42,,"coefficient of variation is less than or equal to 5%, estimate is considered precise.",,,,,,Stevenage,8.05,,"coefficient of variation is less than or equal to 5%, estimate is considered precise.",,,,,,Stevenage,7.21,,"coefficient of variation is greater than 5% but less than or equal to 10%, estimate is considered reasonably precise.",,,,,,Stevenage,3.41,,"coefficient of variation is greater than 10% but less than or equal to 20%, estimate is considered acceptable.",,,,,Stevenage,4.0,,,,,,,,,,
E07000244,,,East Suffolk,33.76,,,,,,East Suffolk,536.7,,,,,,East Suffolk,,83.2,,,,,,,,,East Suffolk,,na,,,,,,East Suffolk,21069.0,,,,,,East Suffolk,845.0,,,,,,East Suffolk,930.0,,,,,,East Suffolk,9575.0,,,,,,East Suffolk,35.0,,,,,,,,,,,,,,,,,,,,,,,,,,,,,,,,,,,,,,,,,,,,East Suffolk,52.7,,,East Suffolk,99.96,,,,,,,,,,East Suffolk,74.9886929,,,,,,,,,,,,,,,,,,,,,,,,,,,,East Suffolk,82.2,,,,,East Suffolk,71.8,,,,,East Suffolk,78.2,,,,,,,,,,,East Suffolk,,981.0,,,,,,East Suffolk,,472,,,,,,,East Suffolk,,55.1,,,,,,,,East Suffolk,,4180.0,,,,,,,,,,,,,,,,,,,,,,,,East Suffolk,15.2,,,,,East Suffolk,,9.11271,,,,,East Suffolk,,21.60494,,,,,East Suffolk,,25.68191,,,,,East Suffolk,,54.15473000000001,,,,,East Suffolk,27.46988,,,,,,,,,East Suffolk,7.78,,"coefficient of variation is less than or equal to 5%, estimate is considered precise.",,,,,,East Suffolk,8.11,,"coefficient of variation is less than or equal to 5%, estimate is considered precise.",,,,,,East Suffolk,7.86,,"coefficient of variation is less than or equal to 5%, estimate is considered precise.",,,,,,East Suffolk,2.76,,"coefficient of variation is greater than 5% but less than or equal to 10%, estimate is considered reasonably precise.",,,,,East Suffolk,7.0,,,,,,,,,,
E07000245,,,West Suffolk,35.52,,,,,,West Suffolk,571.2,,,,,,West Suffolk,,72,,,,,,,,,West Suffolk,,na,,,,,,West Suffolk,20047.0,,,,,,West Suffolk,760.0,,,,,,West Suffolk,755.0,,,,,,West Suffolk,7575.0,,,,,,West Suffolk,20.0,,,,,,,,,,,,,,,,,,,,,,,,,,,,,,,,,,,,,,,,,,,,West Suffolk,62.7,,,West Suffolk,99.9,,,,,,,,,,West Suffolk,72.00504414,,,,,,,,,,,,,,,,,,,,,,,,,,,,West Suffolk,78.9,,,,,West Suffolk,65.5,,,,,West Suffolk,75.3,,,,,,,,,,,West Suffolk,,942.0,,,,,,West Suffolk,,530,,,,,,,West Suffolk,,47.4,,,,,,,,West Suffolk,,3919.0,,,,,,,,,,,,,,,,,,,,,,,,West Suffolk,12.9,,,,,West Suffolk,,7.39645,,,,,West Suffolk,,20.34884,,,,,West Suffolk,,29.62901,,,,,West Suffolk,,60.29233000000001,,,,,West Suffolk,24.98875,,,,,,,,,West Suffolk,7.54,,"coefficient of variation is less than or equal to 5%, estimate is considered precise.",,,,,,West Suffolk,7.63,,"coefficient of variation is less than or equal to 5%, estimate is considered precise.",,,,,,West Suffolk,7.4,,"coefficient of variation is less than or equal to 5%, estimate is considered precise.",,,,,,West Suffolk,3.59,,"coefficient of variation is greater than 5% but less than or equal to 10%, estimate is considered reasonably precise.",,,,,West Suffolk,12.0,,,,,,,,,,
E07000246,,,Somerset West and Taunton,29.23,Obsolete code since 2023 (replaced by E06000066 Somerset),,,,,,,,,,,,Somerset West and Taunton,,84.3,Obsolete code since 2023 (replaced by E06000066 Somerset),,,,,,,,Somerset West and Taunton,,na,Obsolete code since 2023 (replaced by E06000066 Somerset),,,,,Somerset West and Taunton,20220.0,Obsolete code since 2023 (replaced by E06000066 Somerset),,,,,Somerset West and Taunton,615.0,Obsolete code since 2023 (replaced by E06000066 Somerset),,,,,Somerset West and Taunton,620.0,Obsolete code since 2023 (replaced by E06000066 Somerset),,,,,Somerset West and Taunton,6265.0,Obsolete code since 2023 (replaced by E06000066 Somerset),,,,,Somerset West and Taunton,20.0,Obsolete code since 2023 (replaced by E06000066 Somerset),,,,,,,,,,,,,,,,,,,,,,,,,,,,,,,,,,,,,,,,,,,Somerset West and Taunton,58.1,Obsolete code since 2023 (replaced by E06000066 Somerset),,Somerset West and Taunton,92.48,Obsolete code since 2023 (replaced by E06000066 Somerset),,,,,,,,,Somerset West and Taunton,74.39393939,Obsolete code since 2023 (replaced by E06000066 Somerset),,,,,,,,,,,,,,,,,,,,,,,,,,,Somerset West and Taunton,80.0,Obsolete code since 2023 (replaced by E06000066 Somerset),,,,Somerset West and Taunton,69.3,Obsolete code since 2023 (replaced by E06000066 Somerset),,,,Somerset West and Taunton,77.2,Obsolete code since 2023 (replaced by E06000066 Somerset),,,,,,,,,,,,,,,,,,,,,,,,,,,Somerset West and Taunton,,62.1,Obsolete code since 2023 (replaced by E06000066 Somerset),,,,,,,,,,,,,,,,,,,,,,,,,,,,,,,,,Somerset West and Taunton,13.4,Obsolete code since 2023 (replaced by E06000066 Somerset),,,,,,,,,,,,,,,,,,Somerset West and Taunton,,27.01741,Obsolete code since 2023 (replaced by E06000066 Somerset),,,,,,,,,,,,,,,,,,,,,Somerset West and Taunton,7.7,,"coefficient of variation is less than or equal to 5%, estimate is considered precise.",Obsolete code since 2023 (replaced by E06000066 Somerset),,,,,Somerset West and Taunton,7.98,,"coefficient of variation is less than or equal to 5%, estimate is considered precise.",Obsolete code since 2023 (replaced by E06000066 Somerset),,,,,Somerset West and Taunton,7.5,,"coefficient of variation is less than or equal to 5%, estimate is considered precise.",Obsolete code since 2023 (replaced by E06000066 Somerset),,,,,Somerset West and Taunton,2.69,,"coefficient of variation is greater than 5% but less than or equal to 10%, estimate is considered reasonably precise.",Obsolete code since 2023 (replaced by E06000066 Somerset),,,,Somerset West and Taunton,13.0,Obsolete code since 2023 (replaced by E06000066 Somerset),,,,,,,,,
E08000001,,,Bolton,31.94,,,,,,Bolton,534.8,,,,,,Bolton,,68.5,,,,,,,,,Bolton,,4.9,,,,,,Bolton,16967.0,,,,,,Bolton,1535.0,,,,,,Bolton,1895.0,,,,,,Bolton,12015.0,,,,,,Bolton,40.0,,,,,,,,,,,,,,,,,,,,,,,,,,,,Bolton,10.0680212402635,,,,,Bolton,7.25597176508101,,,,,Bolton,8.9705367987513,,,Bolton,90.5,,,Bolton,99.97,,,,,Bolton,64.0,,,,Bolton,71.27625202,,,,,Bolton,92.24806201550388,,,,Bolton,20.28644,,,,,Bolton,30.81264,,,,,Bolton,17.9,,,,,Bolton,75.2,,,,,Bolton,66.1,,,,,Bolton,72.1,,,,,Bolton,5540.0,,,,,Bolton,,1000.0,,,,,,Bolton,,445,,,,,,,Bolton,,53.5,,,,,,,,Bolton,,5550.0,,,,,,Bolton,,,62.39,,,,,,Bolton,,,60.26,,,,,,Bolton,14.2,,,,,Bolton,,11.02719,,,,,Bolton,,22.26463,,,,,Bolton,,27.06778,,,,,Bolton,,52.06897,,,,,Bolton,42.71623,,,,,,,,,Bolton,7.46,,"coefficient of variation is less than or equal to 5%, estimate is considered precise.",,,,,,Bolton,7.92,,"coefficient of variation is less than or equal to 5%, estimate is considered precise.",,,,,,Bolton,7.61,,"coefficient of variation is less than or equal to 5%, estimate is considered precise.",,,,,,Bolton,3.42,,"coefficient of variation is greater than 5% but less than or equal to 10%, estimate is considered reasonably precise.",,,,,Bolton,6.0,,,,,,,,,,
E08000002,,,Bury,31.03,,,,,,Bury,574.9,,,,,,Bury,,77.6,,,,,,,,,Bury,,3,,,,,,Bury,19505.0,,,,,,Bury,1050.0,,,,,,Bury,1280.0,,,,,,Bury,9000.0,,,,,,Bury,30.0,,,,,,,,,,,,,,,,,,,,,,,,,,,,Bury,9.45218744610504,,,,,Bury,7.12554592175408,,,,,Bury,8.65899052030328,,,Bury,82.7,,,Bury,100.0,,,,,Bury,58.0,,,,Bury,77.0339377,,,,,Bury,83.95061728395062,,,,Bury,20.7843,,,,,Bury,34.64938,,,,,Bury,23.4,,,,,Bury,79.5,,,,,Bury,68.0,,,,,Bury,75.9,,,,,Bury,3470.0,,,,,Bury,,1026.0,,,,,,Bury,,506,,,,,,,Bury,,61.9,,,,,,,,Bury,,5658.0,,,,,,Bury,,,62.24,,,,,,Bury,,,63.4,,,,,,Bury,11.7,,,,,Bury,,9.17647,,,,,Bury,,24.72648,,,,,Bury,,24.84527,,,,,Bury,,53.61653,,,,,Bury,36.2713,,,,,,,,,Bury,7.49,,"coefficient of variation is less than or equal to 5%, estimate is considered precise.",,,,,,Bury,7.89,,"coefficient of variation is less than or equal to 5%, estimate is considered precise.",,,,,,Bury,7.5,,"coefficient of variation is less than or equal to 5%, estimate is considered precise.",,,,,,Bury,3.43,,"coefficient of variation is less than or equal to 5%, estimate is considered precise.",,,,,Bury,3.0,,,,,,,,,,
E08000003,,,Manchester,36.7,,,,,,Manchester,536.5,,,,,,Manchester,,73.6,,,,,,,,,Manchester,,4.7,,,,,,Manchester,16894.0,,,,,,Manchester,3935.0,,,,,,Manchester,3620.0,,,,,,Manchester,26580.0,,,,,,Manchester,160.0,,,,,,,,,,,,,,,,,,,,,,,,,,,,Manchester,7.96739592175027,,,,,Manchester,6.72287531913528,,,,,Manchester,7.78894472700652,,,Manchester,82.0,,,Manchester,100.0,,,,,Manchester,53.0,,,,Manchester,69.15314602,,,,,Manchester,89.56043956043956,,,,Manchester,21.6875,,,,,Manchester,28.80068,,,,,Manchester,21.7,,,,,Manchester,69.7,,,,,Manchester,60.2,,,,,Manchester,67.4,,,,,Manchester,13330.0,,,,,Manchester,,756.0,,,,,,Manchester,,358,,,,,,,Manchester,,61.6,,,,,,,,Manchester,,6277.0,,,,,,Manchester,,,59.7,,,,,,Manchester,,,61.24,,,,,,Manchester,17.3,,,,,Manchester,,11.66811,,,,,Manchester,,29.15735,,,,,Manchester,,25.35505,,,,,Manchester,,54.88281,,,,,Manchester,51.56884,,,,,,,,,Manchester,6.97,,"coefficient of variation is less than or equal to 5%, estimate is considered precise.",,,,,,Manchester,7.29,,"coefficient of variation is less than or equal to 5%, estimate is considered precise.",,,,,,Manchester,6.85,,"coefficient of variation is less than or equal to 5%, estimate is considered precise.",,,,,,Manchester,3.73,,"coefficient of variation is greater than 5% but less than or equal to 10%, estimate is considered reasonably precise.",,,,,Manchester,8.0,,,,,,,,,,
E08000004,,,Oldham ,30.11,,,,,,Oldham ,512.3,,,,,,Oldham ,,75.4,,,,,,,,,Oldham ,,4.3,,,,,,Oldham ,15714.0,,,,,,Oldham ,1355.0,,,,,,Oldham ,965.0,,,,,,Oldham ,8370.0,,,,,,Oldham ,25.0,,,,,,,,,,,,,,,,,,,,,,,,,,,,Oldham ,9.12034864381478,,,,,Oldham ,6.97955435413818,,,,,Oldham ,8.52429269733068,,,Oldham ,91.2,,,Oldham ,98.83,,,,,Oldham ,55.0,,,,Oldham ,71.64080555,,,,,Oldham ,86.53846153846153,,,,Oldham ,24.07967,,,,,Oldham ,34.18647,,,,,Oldham ,19.3,,,,,Oldham ,75.4,,,,,Oldham ,64.4,,,,,Oldham ,71.2,,,,,Oldham ,5470.0,,,,,Oldham ,,995.0,,,,,,Oldham ,,499,,,,,,,Oldham ,,51.9,,,,,,,,Oldham ,,6913.0,,,,,,Oldham ,,,58.18,,,,,,Oldham ,,,56.63,,,,,,Oldham ,10.9,,,,,Oldham ,,9.21986,,,,,Oldham ,,25.31847,,,,,Oldham ,,31.85832,,,,,Oldham ,,51.47368,,,,,Oldham ,44.18653,,,,,,,,,Oldham ,7.21,,"coefficient of variation is less than or equal to 5%, estimate is considered precise.",,,,,,Oldham ,7.57,,"coefficient of variation is less than or equal to 5%, estimate is considered precise.",,,,,,Oldham ,7.31,,"coefficient of variation is less than or equal to 5%, estimate is considered precise.",,,,,,Oldham ,3.35,,"coefficient of variation is greater than 5% but less than or equal to 10%, estimate is considered reasonably precise.",,,,,Oldham ,4.0,,,,,,,,,,
E08000005,,,Rochdale,30.66,,,,,,Rochdale,551.7,,,,,,Rochdale,,72.5,,,,,,,,,Rochdale,,4.4,,,,,,Rochdale,16297.0,,,,,,Rochdale,1040.0,,,,,,Rochdale,1045.0,,,,,,Rochdale,7845.0,,,,,,Rochdale,15.0,,,,,,,,,,,,,,,,,,,,,,,,,,,,Rochdale,9.51224487699645,,,,,Rochdale,7.27671111140586,,,,,Rochdale,8.9109328505122,,,Rochdale,73.1,,,Rochdale,99.99,,,,,Rochdale,57.0,,,,Rochdale,71.78301093,,,,,Rochdale,82.02247191011236,,,,Rochdale,25.35663,,,,,Rochdale,37.21046,,,,,Rochdale,19.2,,,,,Rochdale,74.3,,,,,Rochdale,64.2,,,,,Rochdale,72.3,,,,,Rochdale,4620.0,,,,,Rochdale,,1123.0,,,,,,Rochdale,,500,,,,,,,Rochdale,,54.8,,,,,,,,Rochdale,,6956.0,,,,,,Rochdale,,,58.53,,,,,,Rochdale,,,57.35,,,,,,Rochdale,15.3,,,,,Rochdale,,10.39427,,,,,Rochdale,,25.27132,,,,,Rochdale,,31.61462,,,,,Rochdale,,59.32755,,,,,Rochdale,48.03209,,,,,,,,,Rochdale,7.15,,"coefficient of variation is less than or equal to 5%, estimate is considered precise.",,,,,,Rochdale,7.63,,"coefficient of variation is less than or equal to 5%, estimate is considered precise.",,,,,,Rochdale,7.45,,"coefficient of variation is less than or equal to 5%, estimate is considered precise.",,,,,,Rochdale,3.17,,"coefficient of variation is greater than 5% but less than or equal to 10%, estimate is considered reasonably precise.",,,,,Rochdale,6.0,,,,,,,,,,
E08000006,,,Salford,38.85,,,,,,Salford,536.2,,,,,,Salford,,72.4,,,,,,,,,Salford,,5.1,,,,,,Salford,18113.0,,,,,,Salford,1685.0,,,,,,Salford,1485.0,,,,,,Salford,11320.0,,,,,,Salford,55.0,,,,,,,,,,,,,,,,,,,,,,,,,,,,Salford,7.76564844982461,,,,,Salford,6.79401342966611,,,,,Salford,7.78278294781332,,,Salford,87.2,,,Salford,100.0,,,,,Salford,55.0,,,,Salford,62.71106942,,,,,Salford,83.83838383838385,,,,Salford,26.02135,,,,,Salford,39.71192,,,,,Salford,19,,,,,Salford,75.4,,,,,Salford,64.1,,,,,Salford,74.0,,,,,Salford,5230.0,,,,,Salford,,1052.0,,,,,,Salford,,470,,,,,,,Salford,,58.8,,,,,,,,Salford,,5450.0,,,,,,Salford,,,57.41,,,,,,Salford,,,58.65,,,,,,Salford,15.1,,,,,Salford,,10.8291,,,,,Salford,,25.99338,,,,,Salford,,28.41983,,,,,Salford,,52.28758,,,,,Salford,42.46912,,,,,,,,,Salford,7.37,,"coefficient of variation is less than or equal to 5%, estimate is considered precise.",,,,,,Salford,7.69,,"coefficient of variation is less than or equal to 5%, estimate is considered precise.",,,,,,Salford,7.22,,"coefficient of variation is less than or equal to 5%, estimate is considered precise.",,,,,,Salford,3.5,,"coefficient of variation is greater than 5% but less than or equal to 10%, estimate is considered reasonably precise.",,,,,Salford,17.0,,,,,,,,,,
E08000007,,,Stockport,31.86,,,,,,Stockport,589,,,,,,Stockport,,75.9,,,,,,,,,Stockport,,3.2,,,,,,Stockport,21949.0,,,,,,Stockport,1665.0,,,,,,Stockport,1445.0,,,,,,Stockport,13520.0,,,,,,Stockport,45.0,,,,,,,,,,,,,,,,,,,,,,,,,,,,Stockport,10.3592097755769,,,,,Stockport,7.51856956460681,,,,,Stockport,9.02718547586365,,,Stockport,90.8,,,Stockport,100.0,,,,,Stockport,62.0,,,,Stockport,76.73985858,,,,,Stockport,85.96491228070175,,,,Stockport,20.07933,,,,,Stockport,39.83664,,,,,Stockport,21,,,,,Stockport,80.5,,,,,Stockport,69.5,,,,,Stockport,77.8,,,,,Stockport,3790.0,,,,,Stockport,,1036.0,,,,,,Stockport,,525,,,,,,,Stockport,,62.1,,,,,,,,Stockport,,4150.0,,,,,,Stockport,,,62.16,,,,,,Stockport,,,65.11,,,,,,Stockport,11.8,,,,,Stockport,,7.61035,,,,,Stockport,,19.96997,,,,,Stockport,,23.27729,,,,,Stockport,,54.06204,,,,,Stockport,31.19889,,,,,,,,,Stockport,7.53,,"coefficient of variation is less than or equal to 5%, estimate is considered precise.",,,,,,Stockport,7.75,,"coefficient of variation is less than or equal to 5%, estimate is considered precise.",,,,,,Stockport,7.27,,"coefficient of variation is less than or equal to 5%, estimate is considered precise.",,,,,,Stockport,3.65,,"coefficient of variation is less than or equal to 5%, estimate is considered precise.",,,,,Stockport,4.0,,,,,,,,,,
E08000008,,,Tameside,30.02,,,,,,Tameside,535.9,,,,,,Tameside,,73.3,,,,,,,,,Tameside,,3.3,,,,,,Tameside,16659.0,,,,,,Tameside,955.0,,,,,,Tameside,840.0,,,,,,Tameside,7345.0,,,,,,Tameside,20.0,,,,,,,,,,,,,,,,,,,,,,,,,,,,Tameside,10.0175128083367,,,,,Tameside,7.2936700663894,,,,,Tameside,8.8789846106797,,,Tameside,75.8,,,Tameside,99.52,,,,,Tameside,57.0,,,,Tameside,73.88,,,,,Tameside,87.75510204081633,,,,Tameside,20.09465,,,,,Tameside,31.33316,,,,,Tameside,19.2,,,,,Tameside,76.3,,,,,Tameside,64.2,,,,,Tameside,73.2,,,,,Tameside,3970.0,,,,,Tameside,,1141.0,,,,,,Tameside,,570,,,,,,,Tameside,,48.9,,,,,,,,Tameside,,5236.0,,,,,,Tameside,,,58.16,,,,,,Tameside,,,61.64,,,,,,Tameside,20.2,,,,,Tameside,,10.37528,,,,,Tameside,,24.22481,,,,,Tameside,,31.82772,,,,,Tameside,,54.77387,,,,,Tameside,43.05767,,,,,,,,,Tameside,7.32,,"coefficient of variation is less than or equal to 5%, estimate is considered precise.",,,,,,Tameside,7.74,,"coefficient of variation is less than or equal to 5%, estimate is considered precise.",,,,,,Tameside,7.36,,"coefficient of variation is less than or equal to 5%, estimate is considered precise.",,,,,,Tameside,3.2,,"coefficient of variation is greater than 5% but less than or equal to 10%, estimate is considered reasonably precise.",,,,,Tameside,4.0,,,,,,,,,,
E08000009,,,Trafford,37.27,,,,,,Trafford,610.4,,,,,,Trafford,,74.1,,,,,,,,,Trafford,,3.2,,,,,,Trafford,24360.0,,,,,,Trafford,1415.0,,,,,,Trafford,1615.0,,,,,,Trafford,12825.0,,,,,,Trafford,65.0,,,,,,,,,,,,,,,,,,,,,,,,,,,,Trafford,9.87887134804864,,,,,Trafford,7.13497474517023,,,,,Trafford,8.53104502831391,,,Trafford,82.5,,,Trafford,100.0,,,,,Trafford,69.0,,,,Trafford,85.46689304,,,,,Trafford,93.4065934065934,,,,Trafford,17.62781,,,,,Trafford,34.71743,,,,,Trafford,25.1,,,,,Trafford,83.7,,,,,Trafford,75.0,,,,,Trafford,81.8,,,,,Trafford,2760.0,,,,,Trafford,,850.0,,,,,,Trafford,,465,,,,,,,Trafford,,69.4,,,,,,,,Trafford,,3963.0,,,,,,Trafford,,,66.9,,,,,,Trafford,,,66.34,,,,,,Trafford,8,,,,,Trafford,,6.54206,,,,,Trafford,,18.25273,,,,,Trafford,,22.16184,,,,,Trafford,,56.90020999999999,,,,,Trafford,31.51718,,,,,,,,,Trafford,7.46,,"coefficient of variation is less than or equal to 5%, estimate is considered precise.",,,,,,Trafford,7.71,,"coefficient of variation is less than or equal to 5%, estimate is considered precise.",,,,,,Trafford,7.28,,"coefficient of variation is less than or equal to 5%, estimate is considered precise.",,,,,,Trafford,3.55,,"coefficient of variation is greater than 5% but less than or equal to 10%, estimate is considered reasonably precise.",,,,,Trafford,9.0,,,,,,,,,,
E08000010,,,Wigan,30.67,,,,,,Wigan,545.9,,,,,,Wigan,,71.3,,,,,,,,,Wigan,,3.2,,,,,,Wigan,17223.0,,,,,,Wigan,1435.0,,,,,,Wigan,1340.0,,,,,,Wigan,10595.0,,,,,,Wigan,35.0,,,,,,,,,,,,,,,,,,,,,,,,,,,,Wigan,10.7011683015886,,,,,Wigan,7.51040444980726,,,,,Wigan,9.24418479265513,,,Wigan,89.5,,,Wigan,100.0,,,,,Wigan,64.0,,,,Wigan,73.83928571,,,,,Wigan,93.7007874015748,,,,Wigan,22.85958,,,,,Wigan,36.90783,,,,,Wigan,19,,,,,Wigan,75.7,,,,,Wigan,66.0,,,,,Wigan,73.4,,,,,Wigan,5070.0,,,,,Wigan,,1310.0,,,,,,Wigan,,596,,,,,,,Wigan,,52.4,,,,,,,,Wigan,,4852.0,,,,,,Wigan,,,61.38,,,,,,Wigan,,,59.16,,,,,,Wigan,14.7,,,,,Wigan,,11.47541,,,,,Wigan,,23.2267,,,,,Wigan,,29.42274,,,,,Wigan,,53.03536,,,,,Wigan,35.042,,,,,,,,,Wigan,7.59,,"coefficient of variation is less than or equal to 5%, estimate is considered precise.",,,,,,Wigan,7.78,,"coefficient of variation is less than or equal to 5%, estimate is considered precise.",,,,,,Wigan,7.3,,"coefficient of variation is less than or equal to 5%, estimate is considered precise.",,,,,,Wigan,2.99,,"coefficient of variation is greater than 5% but less than or equal to 10%, estimate is considered reasonably precise.",,,,,Wigan,9.0,,,,,,,,,,
E08000011,,,Knowsley ,33.68,,,,,,Knowsley ,579.9,,,,,,Knowsley ,,72.5,,,,,,,,,Knowsley ,,3.6,,,,,,Knowsley ,17262.0,,,,,,Knowsley ,540.0,,,,,,Knowsley ,520.0,,,,,,Knowsley ,3885.0,,,,,,Knowsley ,20.0,,,,,,,,,,,,,,,,,,,,,,,,,,,,Knowsley ,13.090486483372,,,,,Knowsley ,7.94037715211286,,,,,Knowsley ,10.2162112867003,,,Knowsley ,92.9,,,Knowsley ,100.0,,,,,Knowsley ,60.0,,,,Knowsley ,53.15315315,,,,,Knowsley ,86.88524590163935,,,,Knowsley ,28.70582,,,,,Knowsley ,41.94725,,,,,Knowsley ,13.8,,,,,Knowsley ,77.6,,,,,Knowsley ,65.0,,,,,Knowsley ,72.8,,,,,Knowsley ,2990.0,,,,,Knowsley ,,1159.0,,,,,,Knowsley ,,500,,,,,,,Knowsley ,,48.9,,,,,,,,Knowsley ,,6874.0,,,,,,Knowsley ,,,60,,,,,,Knowsley ,,,58.72,,,,,,Knowsley ,14.8,,,,,Knowsley ,,14.13613,,,,,Knowsley ,,30.74866,,,,,Knowsley ,,33.15707,,,,,Knowsley ,,49.46071,,,,,Knowsley ,42.33721,,,,,,,,,Knowsley ,7.21,,"coefficient of variation is less than or equal to 5%, estimate is considered precise.",,,,,,Knowsley ,7.49,,"coefficient of variation is less than or equal to 5%, estimate is considered precise.",,,,,,Knowsley ,7.24,,"coefficient of variation is less than or equal to 5%, estimate is considered precise.",,,,,,Knowsley ,3.49,,"coefficient of variation is greater than 5% but less than or equal to 10%, estimate is considered reasonably precise.",,,,,Knowsley ,10.0,,,,,,,,,,
E08000012,,,Liverpool,33.44,,,,,,Liverpool,548.1,,,,,,Liverpool,,69.8,,,,,,,,,Liverpool,,5.7,,,,,,Liverpool,16976.0,,,,,,Liverpool,2730.0,,,,,,Liverpool,2560.0,,,,,,Liverpool,17120.0,,,,,,Liverpool,95.0,,,,,,,,,,,,,,,,,,,,,,,,,,,,Liverpool,8.81691153425563,,,,,Liverpool,6.92440589856512,,,,,Liverpool,8.07436597243327,,,Liverpool,85.3,,,Liverpool,100.0,,,,,Liverpool,55.0,,,,Liverpool,69.96811902,,,,,Liverpool,87.57396449704143,,,,Liverpool,24.61186,,,,,Liverpool,36.39051,,,,,Liverpool,17.6,,,,,Liverpool,75.6,,,,,Liverpool,63.5,,,,,Liverpool,71.0,,,,,Liverpool,12700.0,,,,,Liverpool,,823.0,,,,,,Liverpool,,400,,,,,,,Liverpool,,62.8,,,,,,,,Liverpool,,6988.0,,,,,,Liverpool,,,57.87,,,,,,Liverpool,,,58.34,,,,,,Liverpool,17.3,,,,,Liverpool,,12.21591,,,,,Liverpool,,28.05825,,,,,Liverpool,,28.02555,,,,,Liverpool,,51.79514,,,,,Liverpool,41.48058,,,,,,,,,Liverpool,7.1,,"coefficient of variation is less than or equal to 5%, estimate is considered precise.",,,,,,Liverpool,7.59,,"coefficient of variation is less than or equal to 5%, estimate is considered precise.",,,,,,Liverpool,7.34,,"coefficient of variation is less than or equal to 5%, estimate is considered precise.",,,,,,Liverpool,3.28,,"coefficient of variation is greater than 5% but less than or equal to 10%, estimate is considered reasonably precise.",,,,,Liverpool,4.0,,,,,,,,,,
E08000013,,,St. Helens,26.5,,,,,,St. Helens,566.5,,,,,,St. Helens,,77.6,,,,,,,,,St. Helens,,3.1,,,,,,St. Helens,17590.0,,,,,,St. Helens,660.0,,,,,,St. Helens,735.0,,,,,,St. Helens,5470.0,,,,,,St. Helens,25.0,,,,,,,,,,,,,,,,,,,,,,,,,,,,St. Helens,11.2510734571748,,,,,St. Helens,7.6169031837922,,,,,St. Helens,10.0292344144984,,,St. Helens,89.6,,,St. Helens,100.0,,,,,St. Helens,61.0,,,,St. Helens,74.12790698,,,,,St. Helens,90,,,,St. Helens,25.97735,,,,,St. Helens,43.11177,,,,,St. Helens,20.1,,,,,St. Helens,76.8,,,,,St. Helens,66.0,,,,,St. Helens,73.3,,,,,St. Helens,3230.0,,,,,St. Helens,,1211.0,,,,,,St. Helens,,573,,,,,,,St. Helens,,58.4,,,,,,,,St. Helens,,5868.0,,,,,,St. Helens,,,61.89,,,,,,St. Helens,,,59.32,,,,,,St. Helens,11.9,,,,,St. Helens,,11.37566,,,,,St. Helens,,25.77566,,,,,St. Helens,,32.13196,,,,,St. Helens,,51.77143,,,,,St. Helens,38.8847,,,,,,,,,St. Helens,7.26,,"coefficient of variation is less than or equal to 5%, estimate is considered precise.",,,,,,St. Helens,7.72,,"coefficient of variation is less than or equal to 5%, estimate is considered precise.",,,,,,St. Helens,7.07,,"coefficient of variation is less than or equal to 5%, estimate is considered precise.",,,,,,St. Helens,3.45,,"coefficient of variation is greater than 5% but less than or equal to 10%, estimate is considered reasonably precise.",,,,,St. Helens,5.0,,,,,,,,,,
E08000014,,,Sefton,32.06,,,,,,Sefton,520.4,,,,,,Sefton,,77.8,,,,,,,,,Sefton,,3,,,,,,Sefton,19113.0,,,,,,Sefton,1135.0,,,,,,Sefton,1120.0,,,,,,Sefton,9035.0,,,,,,Sefton,35.0,,,,,,,,,,,,,,,,,,,,,,,,,,,,Sefton,9.79672674988549,,,,,Sefton,7.13080375594744,,,,,Sefton,8.65823678465592,,,Sefton,67.3,,,Sefton,100.0,,,,,Sefton,58.0,,,,Sefton,75.19944502,,,,,Sefton,90.29126213592232,,,,Sefton,25.29271,,,,,Sefton,42.32318,,,,,Sefton,19.8,,,,,Sefton,76.4,,,,,Sefton,67.3,,,,,Sefton,75.3,,,,,Sefton,4390.0,,,,,Sefton,,991.0,,,,,,Sefton,,499,,,,,,,Sefton,,60.2,,,,,,,,Sefton,,5909.0,,,,,,Sefton,,,63.75,,,,,,Sefton,,,63.56,,,,,,Sefton,7.9,,,,,Sefton,,10.26616,,,,,Sefton,,23.85009,,,,,Sefton,,28.52963,,,,,Sefton,,56.37255,,,,,Sefton,34.14525,,,,,,,,,Sefton,7.42,,"coefficient of variation is less than or equal to 5%, estimate is considered precise.",,,,,,Sefton,7.72,,"coefficient of variation is less than or equal to 5%, estimate is considered precise.",,,,,,Sefton,7.42,,"coefficient of variation is less than or equal to 5%, estimate is considered precise.",,,,,,Sefton,3.19,,"coefficient of variation is greater than 5% but less than or equal to 10%, estimate is considered reasonably precise.",,,,,Sefton,5.0,,,,,,,,,,
E08000015,,,Wirral,34.4,,,,,,Wirral,586.5,,,,,,Wirral,,75.4,,,,,,,,,Wirral,,2.6,,,,,,Wirral,19359.0,,,,,,Wirral,1315.0,,,,,,Wirral,1375.0,,,,,,Wirral,10135.0,,,,,,Wirral,30.0,,,,,,,,,,,,,,,,,,,,,,,,,,,,Wirral,11.0092305909026,,,,,Wirral,7.42689987863397,,,,,Wirral,9.42066801506685,,,Wirral,89.1,,,Wirral,100.0,,,,,Wirral,56.0,,,,Wirral,76.92757009,,,,,Wirral,84,,,,Wirral,24.38,,,,,Wirral,40.3169,,,,,Wirral,19.9,,,,,Wirral,75.6,,,,,Wirral,67.7,,,,,Wirral,76.1,,,,,Wirral,5430.0,,,,,Wirral,,1125.0,,,,,,Wirral,,501,,,,,,,Wirral,,59.6,,,,,,,,Wirral,,5940.0,,,,,,Wirral,,,63.05,,,,,,Wirral,,,60.83,,,,,,Wirral,10.8,,,,,Wirral,,8.70918,,,,,Wirral,,23.45679,,,,,Wirral,,29.1906,,,,,Wirral,,55.68708,,,,,Wirral,31.82671,,,,,,,,,Wirral,7.32,,"coefficient of variation is less than or equal to 5%, estimate is considered precise.",,,,,,Wirral,7.62,,"coefficient of variation is less than or equal to 5%, estimate is considered precise.",,,,,,Wirral,7.25,,"coefficient of variation is less than or equal to 5%, estimate is considered precise.",,,,,,Wirral,3.34,,"coefficient of variation is greater than 5% but less than or equal to 10%, estimate is considered reasonably precise.",,,,,Wirral,5.0,,,,,,,,,,
E08000016,,,Barnsley,28.74,,,,,,Barnsley,533.2,,,,,,Barnsley,,71.9,,,,,,,,,Barnsley,,3,,,,,,Barnsley,17805.0,,,,,,Barnsley,960.0,,,,,,Barnsley,970.0,,,,,,Barnsley,7550.0,,,,,,Barnsley,25.0,,,,,,,,,,,,,,,,,,,,,,,,,,,,Barnsley,11.2473359911485,,,,,Barnsley,7.54446558030487,,,,,Barnsley,9.74324236477491,,,Barnsley,67.0,,,Barnsley,99.66,,,,,Barnsley,61.0,,,,Barnsley,71.23222749,,,,,Barnsley,87.77777777777779,,,,Barnsley,24.64076,,,,,Barnsley,38.51667,,,,,Barnsley,13.8,,,,,Barnsley,78.4,,,,,Barnsley,70.2,,,,,Barnsley,76.4,,,,,Barnsley,4150.0,,,,,Barnsley,,1096.0,,,,,,Barnsley,,568,,,,,,,Barnsley,,51.6,,,,,,,,Barnsley,,5247.0,,,,,,Barnsley,,,60.06,,,,,,Barnsley,,,55.94,,,,,,Barnsley,15.8,,,,,Barnsley,,9.81964,,,,,Barnsley,,26.34315,,,,,Barnsley,,38.31467,,,,,Barnsley,,51.39373,,,,,Barnsley,40.27359000000001,,,,,,,,,Barnsley,7.37,,"coefficient of variation is less than or equal to 5%, estimate is considered precise.",,,,,,Barnsley,7.54,,"coefficient of variation is less than or equal to 5%, estimate is considered precise.",,,,,,Barnsley,7.29,,"coefficient of variation is less than or equal to 5%, estimate is considered precise.",,,,,,Barnsley,3.17,,"coefficient of variation is greater than 5% but less than or equal to 10%, estimate is considered reasonably precise.",,,,,Barnsley,6.0,,,,,,,,,,
E08000017,,,Doncaster,28.19,,,,,,Doncaster,546.2,,,,,,Doncaster,,73.6,,,,,,,,,Doncaster,,3.7,,,,,,Doncaster,17397.0,,,,,,Doncaster,1985.0,,,,,,Doncaster,1635.0,,,,,,Doncaster,11465.0,,,,,,Doncaster,35.0,,,,,,,,,,,,,,,,,,,,,,,,,,,,Doncaster,13.0445329808919,,,,,Doncaster,8.21894614172442,,,,,Doncaster,11.3350528581411,,,Doncaster,76.5,,,Doncaster,100.0,,,,,Doncaster,55.0,,,,Doncaster,72.27558794,,,,,Doncaster,81.25,,,,Doncaster,26.08527,,,,,Doncaster,41.22588,,,,,Doncaster,10.9,,,,,Doncaster,80.2,,,,,Doncaster,68.5,,,,,Doncaster,74.6,,,,,Doncaster,5860.0,,,,,Doncaster,,1111.0,,,,,,Doncaster,,490,,,,,,,Doncaster,,52.4,,,,,,,,Doncaster,,5435.0,,,,,,Doncaster,,,56.06,,,,,,Doncaster,,,57.38,,,,,,Doncaster,12.4,,,,,Doncaster,,11.21076,,,,,Doncaster,,27.70919,,,,,Doncaster,,36.41315,,,,,Doncaster,,54.55975,,,,,Doncaster,39.9556,,,,,,,,,Doncaster,7.49,,"coefficient of variation is less than or equal to 5%, estimate is considered precise.",,,,,,Doncaster,7.94,,"coefficient of variation is less than or equal to 5%, estimate is considered precise.",,,,,,Doncaster,7.59,,"coefficient of variation is less than or equal to 5%, estimate is considered precise.",,,,,,Doncaster,3.48,,"coefficient of variation is greater than 5% but less than or equal to 10%, estimate is considered reasonably precise.",,,,,Doncaster,9.0,,,,,,,,,,
E08000018,,,Rotherham ,28.13,,,,,,Rotherham ,498.7,,,,,,Rotherham ,,68.8,,,,,,,,,Rotherham ,,3.7,,,,,,Rotherham ,17182.0,,,,,,Rotherham ,1175.0,,,,,,Rotherham ,965.0,,,,,,Rotherham ,8465.0,,,,,,Rotherham ,25.0,,,,,,,,,,,,,,,,,,,,,,,,,,,,Rotherham ,12.3676675992008,,,,,Rotherham ,7.82729799199157,,,,,Rotherham ,10.5033020149349,,,Rotherham ,85.3,,,Rotherham ,100.0,,,,,Rotherham ,55.0,,,,Rotherham ,67.82443953,,,,,Rotherham ,87.60330578512396,,,,Rotherham ,25.82753,,,,,Rotherham ,40.71487,,,,,Rotherham ,13.2,,,,,Rotherham ,79.3,,,,,Rotherham ,70.2,,,,,Rotherham ,76.2,,,,,Rotherham ,4480.0,,,,,Rotherham ,,1084.0,,,,,,Rotherham ,,561,,,,,,,Rotherham ,,54.1,,,,,,,,Rotherham ,,6239.0,,,,,,Rotherham ,,,56.5,,,,,,Rotherham ,,,58.72,,,,,,Rotherham ,14,,,,,Rotherham ,,9.63855,,,,,Rotherham ,,27.63359,,,,,Rotherham ,,32.06783,,,,,Rotherham ,,54.74814,,,,,Rotherham ,40.83702,,,,,,,,,Rotherham ,7.37,,"coefficient of variation is less than or equal to 5%, estimate is considered precise.",,,,,,Rotherham ,7.74,,"coefficient of variation is less than or equal to 5%, estimate is considered precise.",,,,,,Rotherham ,7.26,,"coefficient of variation is less than or equal to 5%, estimate is considered precise.",,,,,,Rotherham ,3.53,,"coefficient of variation is greater than 5% but less than or equal to 10%, estimate is considered reasonably precise.",,,,,Rotherham ,6.0,,,,,,,,,,
E08000019,,,Sheffield,32.24,,,,,,Sheffield,541.3,,,,,,Sheffield,,75.1,,,,,,,,,Sheffield,,3.6,,,,,,Sheffield,17224.0,,,,,,Sheffield,2425.0,,,,,,Sheffield,2050.0,,,,,,Sheffield,19025.0,,,,,,Sheffield,75.0,,,,,,,,,,,,,,,,,,,,,,,,,,,,Sheffield,10.8541920189658,,,,,Sheffield,7.51743400171882,,,,,Sheffield,9.29799250529554,,,Sheffield,79.2,,,Sheffield,94.7,,,,,Sheffield,57.0,,,,Sheffield,69.76127321,,,,,Sheffield,90.96045197740114,,,,Sheffield,23.77998,,,,,Sheffield,37.8201,,,,,Sheffield,27.5,,,,,Sheffield,79.8,,,,,Sheffield,67.1,,,,,Sheffield,75.0,,,,,Sheffield,9710.0,,,,,Sheffield,,766.0,,,,,,Sheffield,,420,,,,,,,Sheffield,,62.2,,,,,,,,Sheffield,,4738.0,,,,,,Sheffield,,,64.29,,,,,,Sheffield,,,62.54,,,,,,Sheffield,12,,,,,Sheffield,,10.41838,,,,,Sheffield,,24.44102,,,,,Sheffield,,25.33827,,,,,Sheffield,,52.72636,,,,,Sheffield,32.88882,,,,,,,,,Sheffield,7.28,,"coefficient of variation is less than or equal to 5%, estimate is considered precise.",,,,,,Sheffield,7.62,,"coefficient of variation is less than or equal to 5%, estimate is considered precise.",,,,,,Sheffield,7.33,,"coefficient of variation is less than or equal to 5%, estimate is considered precise.",,,,,,Sheffield,3.28,,"coefficient of variation is greater than 5% but less than or equal to 10%, estimate is considered reasonably precise.",,,,,Sheffield,7.0,,,,,,,,,,
E08000020,,,,,,,,,,,,,,,,,,,,,,,,,,,,,,,,,,,,,,,,,,,,,,,,,,,,,,,,,,,,,,,,,,,,,,,,,,,,,,,,,,,,,,,,,,,,,Gateshead,13.0940456539661,Obsolete code since 2013 (replaced by E08000037 Gateshead),,,,Gateshead,8.07016519767218,Obsolete code since 2013 (replaced by E08000037 Gateshead),,,,Gateshead,10.895581724147,Obsolete code since 2013 (replaced by E08000037 Gateshead),,,,,,,,,,,,,,,,,,,,,,,,,,,,,,,,,,,,,,,,,,,,,,,,,,,,,,,,,,,,,,,,,,,,,,,,,,,,,,,,,,,,,,,,,,,,,,,,,,,,,,,,,,,,,,,,,,,,,,,,,,,,,,,,,,,,,,,,,,,,,,,,,,,,,,,,,,,,,,,,,,,,,,,,,,,,,,,,,,,,,,,,,,,,,,,,,,,,,,,,,,,,,,,,,,,,,
E08000021,,,Newcastle upon Tyne,33.23,,,,,,Newcastle upon Tyne,536.6,,,,,,Newcastle upon Tyne,,71.3,,,,,,,,,Newcastle upon Tyne,,5.2,,,,,,Newcastle upon Tyne,17431.0,,,,,,Newcastle upon Tyne,1360.0,,,,,,Newcastle upon Tyne,1145.0,,,,,,Newcastle upon Tyne,9800.0,,,,,,Newcastle upon Tyne,65.0,,,,,,,,,,,,,,,,,,,,,,,,,,,,Newcastle upon Tyne,7.6280148133291,,,,,Newcastle upon Tyne,6.65650915450074,,,,,Newcastle upon Tyne,7.78925220175274,,,Newcastle upon Tyne,85.9,,,Newcastle upon Tyne,100.0,,,,,Newcastle upon Tyne,61.0,,,,Newcastle upon Tyne,64.65863454,,,,,Newcastle upon Tyne,87.75510204081633,,,,Newcastle upon Tyne,26.04556,,,,,Newcastle upon Tyne,37.45507,,,,,Newcastle upon Tyne,16.9,,,,,Newcastle upon Tyne,78.2,,,,,Newcastle upon Tyne,65.8,,,,,Newcastle upon Tyne,73.8,,,,,Newcastle upon Tyne,7800.0,,,,,Newcastle upon Tyne,,761.0,,,,,,Newcastle upon Tyne,,378,,,,,,,Newcastle upon Tyne,,62.9,,,,,,,,Newcastle upon Tyne,,6129.0,,,,,,Newcastle upon Tyne,,,60.71,,,,,,Newcastle upon Tyne,,,60.84,,,,,,Newcastle upon Tyne,12.1,,,,,Newcastle upon Tyne,,13.54724,,,,,Newcastle upon Tyne,,29.08163,,,,,Newcastle upon Tyne,,24.66129,,,,,Newcastle upon Tyne,,49.81618,,,,,Newcastle upon Tyne,37.64003,,,,,,,,,Newcastle upon Tyne,7.5,,"coefficient of variation is less than or equal to 5%, estimate is considered precise.",,,,,,Newcastle upon Tyne,7.56,,"coefficient of variation is less than or equal to 5%, estimate is considered precise.",,,,,,Newcastle upon Tyne,7.28,,"coefficient of variation is less than or equal to 5%, estimate is considered precise.",,,,,,Newcastle upon Tyne,3.18,,"coefficient of variation is greater than 5% but less than or equal to 10%, estimate is considered reasonably precise.",,,,,Newcastle upon Tyne,10.0,,,,,,,,,,
E08000022,,,North Tyneside,36.5,,,,,,North Tyneside,569.5,,,,,,North Tyneside,,73.6,,,,,,,,,North Tyneside,,3.5,,,,,,North Tyneside,18717.0,,,,,,North Tyneside,830.0,,,,,,North Tyneside,750.0,,,,,,North Tyneside,6120.0,,,,,,North Tyneside,25.0,,,,,,,,,,,,,,,,,,,,,,,,,,,,North Tyneside,9.78214639243023,,,,,North Tyneside,7.16543494577841,,,,,North Tyneside,8.800326294431,,,North Tyneside,87.6,,,North Tyneside,100.0,,,,,North Tyneside,61.0,,,,North Tyneside,72.66046056,,,,,North Tyneside,89.87341772151898,,,,North Tyneside,20.53479,,,,,North Tyneside,34.97346,,,,,North Tyneside,15.9,,,,,North Tyneside,80.6,,,,,North Tyneside,68.5,,,,,North Tyneside,77.8,,,,,North Tyneside,4270.0,,,,,North Tyneside,,1148.0,,,,,,North Tyneside,,608,,,,,,,North Tyneside,,61.8,,,,,,,,North Tyneside,,5992.0,,,,,,North Tyneside,,,57.22,,,,,,North Tyneside,,,61.62,,,,,,North Tyneside,11.2,,,,,North Tyneside,,8.06452,,,,,North Tyneside,,22.39468,,,,,North Tyneside,,35.83059,,,,,North Tyneside,,48.07056,,,,,North Tyneside,33.41834,,,,,,,,,North Tyneside,7.51,,"coefficient of variation is less than or equal to 5%, estimate is considered precise.",,,,,,North Tyneside,7.75,,"coefficient of variation is less than or equal to 5%, estimate is considered precise.",,,,,,North Tyneside,7.47,,"coefficient of variation is less than or equal to 5%, estimate is considered precise.",,,,,,North Tyneside,3.31,,"coefficient of variation is less than or equal to 5%, estimate is considered precise.",,,,,North Tyneside,6.0,,,,,,,,,,
E08000023,,,South Tyneside,28.23,,,,,,South Tyneside,508.5,,,,,,South Tyneside,,62.4,,,,,,,,,South Tyneside,,6.7,,,,,,South Tyneside,16910.0,,,,,,South Tyneside,525.0,,,,,,South Tyneside,585.0,,,,,,South Tyneside,3905.0,,,,,,South Tyneside,25.0,,,,,,,,,,,,,,,,,,,,,,,,,,,,South Tyneside,9.89619325786375,,,,,South Tyneside,7.28578069460591,,,,,South Tyneside,9.06179079461753,,,South Tyneside,85.9,,,South Tyneside,100.0,,,,,South Tyneside,63.0,,,,South Tyneside,70.08491182,,,,,South Tyneside,91.93548387096774,,,,South Tyneside,23.34017,,,,,South Tyneside,34.94275,,,,,South Tyneside,12.9,,,,,South Tyneside,79.3,,,,,South Tyneside,71.4,,,,,South Tyneside,77.1,,,,,South Tyneside,3800.0,,,,,South Tyneside,,1177.0,,,,,,South Tyneside,,603,,,,,,,South Tyneside,,49,,,,,,,,South Tyneside,,7597.0,,,,,,South Tyneside,,,58.92,,,,,,South Tyneside,,,57.26,,,,,,South Tyneside,15.2,,,,,South Tyneside,,12.38095,,,,,South Tyneside,,26.09971,,,,,South Tyneside,,37.82553,,,,,South Tyneside,,52.10191,,,,,South Tyneside,39.51828,,,,,,,,,South Tyneside,7.28,,"coefficient of variation is less than or equal to 5%, estimate is considered precise.",,,,,,South Tyneside,7.53,,"coefficient of variation is less than or equal to 5%, estimate is considered precise.",,,,,,South Tyneside,7.29,,"coefficient of variation is less than or equal to 5%, estimate is considered precise.",,,,,,South Tyneside,3.3,,"coefficient of variation is greater than 5% but less than or equal to 10%, estimate is considered reasonably precise.",,,,,South Tyneside,2.0,,,,,,,,,,
E08000024,,,Sunderland,35.79,,,,,,Sunderland,507.6,,,,,,Sunderland,,73.1,,,,,,,,,Sunderland,,4,,,,,,Sunderland,16538.0,,,,,,Sunderland,1030.0,,,,,,Sunderland,900.0,,,,,,Sunderland,6915.0,,,,,,Sunderland,35.0,,,,,,,,,,,,,,,,,,,,,,,,,,,,Sunderland,11.1011050304938,,,,,Sunderland,7.58420336947475,,,,,Sunderland,9.57761354643867,,,Sunderland,84.8,,,Sunderland,100.0,,,,,Sunderland,62.0,,,,Sunderland,68.75224739,,,,,Sunderland,93.9655172413793,,,,Sunderland,26.04583,,,,,Sunderland,39.77563,,,,,Sunderland,14.6,,,,,Sunderland,78.4,,,,,Sunderland,67.8,,,,,Sunderland,75.2,,,,,Sunderland,7340.0,,,,,Sunderland,,1145.0,,,,,,Sunderland,,621,,,,,,,Sunderland,,43.4,,,,,,,,Sunderland,,7518.0,,,,,,Sunderland,,,56.87,,,,,,Sunderland,,,56.12,,,,,,Sunderland,13.2,,,,,Sunderland,,11.22807,,,,,Sunderland,,26.97161,,,,,Sunderland,,35.35909,,,,,Sunderland,,48.81285,,,,,Sunderland,35.72705,,,,,,,,,Sunderland,7.3,,"coefficient of variation is less than or equal to 5%, estimate is considered precise.",,,,,,Sunderland,7.72,,"coefficient of variation is less than or equal to 5%, estimate is considered precise.",,,,,,Sunderland,7.33,,"coefficient of variation is less than or equal to 5%, estimate is considered precise.",,,,,,Sunderland,3.4,,"coefficient of variation is less than or equal to 5%, estimate is considered precise.",,,,,Sunderland,8.0,,,,,,,,,,
E08000025,,,Birmingham,32.77,,,,,,Birmingham,527,,,,,,Birmingham,,66.9,,,,,,,,,Birmingham,,7.3,,,,,,Birmingham,16183.0,,,,,,Birmingham,6670.0,,,,,,Birmingham,6175.0,,,,,,Birmingham,43400.0,,,,,,Birmingham,150.0,,,,,,,,,,,,,,,,,,,,,,,,,,,,Birmingham,9.44533470389621,,,,,Birmingham,7.11774249826019,,,,,Birmingham,8.32029274896652,,,Birmingham,91.5,,,Birmingham,100.0,,,,,Birmingham,59.0,,,,Birmingham,73.67023295,,,,,Birmingham,89.24485125858124,,,,Birmingham,24.90018,,,,,Birmingham,31.98207,,,,,Birmingham,18.3,,,,,Birmingham,75.8,,,,,Birmingham,67.0,,,,,Birmingham,72.6,,,,,Birmingham,27390.0,,,,,Birmingham,,832.0,,,,,,Birmingham,,360,,,,,,,Birmingham,,57.8,,,,,,,,Birmingham,,6540.0,,,,,,Birmingham,,,60.23,,,,,,Birmingham,,,59.17,,,,,,Birmingham,13.6,,,,,Birmingham,,10.21352,,,,,Birmingham,,26.98309,,,,,Birmingham,,27.71623,,,,,Birmingham,,52.45021,,,,,Birmingham,40.88763,,,,,,,,,Birmingham,7.24,,"coefficient of variation is less than or equal to 5%, estimate is considered precise.",,,,,,Birmingham,7.65,,"coefficient of variation is less than or equal to 5%, estimate is considered precise.",,,,,,Birmingham,7.18,,"coefficient of variation is less than or equal to 5%, estimate is considered precise.",,,,,,Birmingham,3.43,,"coefficient of variation is less than or equal to 5%, estimate is considered precise.",,,,,Birmingham,7.0,,,,,,,,,,
E08000026,,,Coventry,38.38,,,,,,Coventry,574.7,,,,,,Coventry,,72.4,,,,,,,,,Coventry,,5.4,,,,,,Coventry,17175.0,,,,,,Coventry,2030.0,,,,,,Coventry,1750.0,,,,,,Coventry,12125.0,,,,,,Coventry,35.0,,,,,,,,,,,,,,,,,,,,,,,,,,,,Coventry,10.622459329768,,,,,Coventry,7.27226481705923,,,,,Coventry,9.00149133307371,,,Coventry,96.6,,,Coventry,100.0,,,,,Coventry,56.0,,,,Coventry,68.12604573,,,,,Coventry,86.44067796610169,,,,Coventry,23.45471,,,,,Coventry,34.34828,,,,,Coventry,16.1,,,,,Coventry,76.1,,,,,Coventry,65.9,,,,,Coventry,73.3,,,,,Coventry,6590.0,,,,,Coventry,,1006.0,,,,,,Coventry,,443,,,,,,,Coventry,,58.9,,,,,,,,Coventry,,5970.0,,,,,,Coventry,,,63.95,,,,,,Coventry,,,61.07,,,,,,Coventry,18.4,,,,,Coventry,,9.76563,,,,,Coventry,,25.5814,,,,,Coventry,,25.70126,,,,,Coventry,,54.66238000000001,,,,,Coventry,40.3576,,,,,,,,,Coventry,7.35,,"coefficient of variation is less than or equal to 5%, estimate is considered precise.",,,,,,Coventry,7.61,,"coefficient of variation is less than or equal to 5%, estimate is considered precise.",,,,,,Coventry,7.45,,"coefficient of variation is less than or equal to 5%, estimate is considered precise.",,,,,,Coventry,3.31,,"coefficient of variation is less than or equal to 5%, estimate is considered precise.",,,,,Coventry,10.0,,,,,,,,,,
E08000027,,,Dudley ,30.78,,,,,,Dudley ,519.2,,,,,,Dudley ,,77.5,,,,,,,,,Dudley ,,4,,,,,,Dudley ,16893.0,,,,,,Dudley ,1390.0,,,,,,Dudley ,1375.0,,,,,,Dudley ,11455.0,,,,,,Dudley ,45.0,,,,,,,,,,,,,,,,,,,,,,,,,,,,Dudley ,10.9106967059132,,,,,Dudley ,7.49794956877715,,,,,Dudley ,9.11102872680775,,,Dudley ,88.6,,,Dudley ,100.0,,,,,Dudley ,55.0,,,,Dudley ,69.55340978,,,,,Dudley ,84.11214953271028,,,,Dudley ,25.95104,,,,,Dudley ,41.03135,,,,,Dudley ,10.9,,,,,Dudley ,75.8,,,,,Dudley ,65.5,,,,,Dudley ,73.0,,,,,Dudley ,5700.0,,,,,Dudley ,,1133.0,,,,,,Dudley ,,588,,,,,,,Dudley ,,53.4,,,,,,,,Dudley ,,6015.0,,,,,,Dudley ,,,62.67,,,,,,Dudley ,,,62.92,,,,,,Dudley ,12.3,,,,,Dudley ,,11.5007,,,,,Dudley ,,26.32944,,,,,Dudley ,,34.86168,,,,,Dudley ,,60.51364,,,,,Dudley ,33.91683,,,,,,,,,Dudley ,7.44,,"coefficient of variation is less than or equal to 5%, estimate is considered precise.",,,,,,Dudley ,7.84,,"coefficient of variation is less than or equal to 5%, estimate is considered precise.",,,,,,Dudley ,7.49,,"coefficient of variation is less than or equal to 5%, estimate is considered precise.",,,,,,Dudley ,3.01,,"coefficient of variation is greater than 5% but less than or equal to 10%, estimate is considered reasonably precise.",,,,,Dudley ,2.0,,,,,,,,,,
E08000028,,,Sandwell ,31.68,,,,,,Sandwell ,517.1,,,,,,Sandwell ,,70.2,,,,,,,,,Sandwell ,,5.6,,,,,,Sandwell ,14614.0,,,,,,Sandwell ,1635.0,,,,,,Sandwell ,1515.0,,,,,,Sandwell ,11530.0,,,,,,Sandwell ,45.0,,,,,,,,,,,,,,,,,,,,,,,,,,,,Sandwell ,10.0267654485683,,,,,Sandwell ,7.25504453905957,,,,,Sandwell ,8.83196244737801,,,Sandwell ,88.4,,,Sandwell ,100.0,,,,,Sandwell ,56.0,,,,Sandwell ,65.41291905,,,,,Sandwell ,85,,,,Sandwell ,23.311,,,,,Sandwell ,34.83257,,,,,Sandwell ,14.3,,,,,Sandwell ,75.2,,,,,Sandwell ,62.3,,,,,Sandwell ,68.6,,,,,Sandwell ,7220.0,,,,,Sandwell ,,976.0,,,,,,Sandwell ,,416,,,,,,,Sandwell ,,41.2,,,,,,,,Sandwell ,,6373.0,,,,,,Sandwell ,,,60.49,,,,,,Sandwell ,,,61.55,,,,,,Sandwell ,21,,,,,Sandwell ,,11.74334,,,,,Sandwell ,,30.50661,,,,,Sandwell ,,34.31303,,,,,Sandwell ,,54.30955,,,,,Sandwell ,47.94612,,,,,,,,,Sandwell ,7.41,,"coefficient of variation is less than or equal to 5%, estimate is considered precise.",,,,,,Sandwell ,7.75,,"coefficient of variation is less than or equal to 5%, estimate is considered precise.",,,,,,Sandwell ,7.52,,"coefficient of variation is less than or equal to 5%, estimate is considered precise.",,,,,,Sandwell ,2.82,,"coefficient of variation is greater than 5% but less than or equal to 10%, estimate is considered reasonably precise.",,,,,Sandwell ,3.0,,,,,,,,,,
E08000029,,,Solihull,43.5,,,,,,Solihull,638.5,,,,,,Solihull,,77.9,,,,,,,,,Solihull,,3.6,,,,,,Solihull,22984.0,,,,,,Solihull,930.0,,,,,,Solihull,1030.0,,,,,,Solihull,8860.0,,,,,,Solihull,30.0,,,,,,,,,,,,,,,,,,,,,,,,,,,,Solihull,11.8115897737927,,,,,Solihull,7.64673922002344,,,,,Solihull,9.51123120437619,,,Solihull,92.3,,,Solihull,100.0,,,,,Solihull,62.0,,,,Solihull,78.21513403,,,,,Solihull,86.58536585365854,,,,Solihull,23.46891,,,,,Solihull,42.13387,,,,,Solihull,18.5,,,,,Solihull,82.5,,,,,Solihull,72.7,,,,,Solihull,79.6,,,,,Solihull,2660.0,,,,,Solihull,,1047.0,,,,,,Solihull,,495,,,,,,,Solihull,,62,,,,,,,,Solihull,,4504.0,,,,,,Solihull,,,65.68,,,,,,Solihull,,,67.44,,,,,,Solihull,10.6,,,,,Solihull,,8.42333,,,,,Solihull,,19.40299,,,,,Solihull,,24.71767,,,,,Solihull,,56.11285,,,,,Solihull,24.96324,,,,,,,,,Solihull,7.6,,"coefficient of variation is less than or equal to 5%, estimate is considered precise.",,,,,,Solihull,7.8,,"coefficient of variation is less than or equal to 5%, estimate is considered precise.",,,,,,Solihull,7.6,,"coefficient of variation is less than or equal to 5%, estimate is considered precise.",,,,,,Solihull,3.02,,"coefficient of variation is greater than 5% but less than or equal to 10%, estimate is considered reasonably precise.",,,,,Solihull,6.0,,,,,,,,,,
E08000030,,,Walsall,30.36,,,,,,Walsall,521,,,,,,Walsall,,70.2,,,,,,,,,Walsall,,6,,,,,,Walsall,16106.0,,,,,,Walsall,1270.0,,,,,,Walsall,1345.0,,,,,,Walsall,9545.0,,,,,,Walsall,20.0,,,,,,,,,,,,,,,,,,,,,,,,,,,,Walsall,10.5416630915774,,,,,Walsall,7.40665947479331,,,,,Walsall,9.1019785605919,,,Walsall,86.8,,,Walsall,100.0,,,,,Walsall,59.0,,,,Walsall,68.24368114,,,,,Walsall,88.52459016393442,,,,Walsall,24.89461,,,,,Walsall,36.18117,,,,,Walsall,16.6,,,,,Walsall,74.3,,,,,Walsall,65.1,,,,,Walsall,71.5,,,,,Walsall,5010.0,,,,,Walsall,,1025.0,,,,,,Walsall,,507,,,,,,,Walsall,,48.9,,,,,,,,Walsall,,5574.0,,,,,,Walsall,,,58.35,,,,,,Walsall,,,59.01,,,,,,Walsall,13.8,,,,,Walsall,,11.43271,,,,,Walsall,,28.45953,,,,,Walsall,,32.72845,,,,,Walsall,,53.62035,,,,,Walsall,42.53747,,,,,,,,,Walsall,7.35,,"coefficient of variation is less than or equal to 5%, estimate is considered precise.",,,,,,Walsall,7.87,,"coefficient of variation is less than or equal to 5%, estimate is considered precise.",,,,,,Walsall,7.29,,"coefficient of variation is less than or equal to 5%, estimate is considered precise.",,,,,,Walsall,3.36,,"coefficient of variation is greater than 5% but less than or equal to 10%, estimate is considered reasonably precise.",,,,,Walsall,4.0,,,,,,,,,,
E08000031,,,Wolverhampton,32.14,,,,,,Wolverhampton,528,,,,,,Wolverhampton,,68.4,,,,,,,,,Wolverhampton,,6.2,,,,,,Wolverhampton,16008.0,,,,,,Wolverhampton,1510.0,,,,,,Wolverhampton,1510.0,,,,,,Wolverhampton,10485.0,,,,,,Wolverhampton,20.0,,,,,,,,,,,,,,,,,,,,,,,,,,,,Wolverhampton,11.0131212489004,,,,,Wolverhampton,7.56497584963635,,,,,Wolverhampton,9.2339935071949,,,Wolverhampton,93.9,,,Wolverhampton,100.0,,,,,Wolverhampton,63.0,,,,Wolverhampton,68.32298137,,,,,Wolverhampton,90.82568807339449,,,,Wolverhampton,21.34854,,,,,Wolverhampton,29.57659,,,,,Wolverhampton,18.9,,,,,Wolverhampton,74.3,,,,,Wolverhampton,65.0,,,,,Wolverhampton,71.8,,,,,Wolverhampton,6640.0,,,,,Wolverhampton,,963.0,,,,,,Wolverhampton,,425,,,,,,,Wolverhampton,,55.6,,,,,,,,Wolverhampton,,6870.0,,,,,,Wolverhampton,,,59.33,,,,,,Wolverhampton,,,60.04,,,,,,Wolverhampton,15.1,,,,,Wolverhampton,,12.64881,,,,,Wolverhampton,,29.7486,,,,,Wolverhampton,,33.24885,,,,,Wolverhampton,,51.3253,,,,,Wolverhampton,44.9319,,,,,,,,,Wolverhampton,7.25,,"coefficient of variation is less than or equal to 5%, estimate is considered precise.",,,,,,Wolverhampton,7.62,,"coefficient of variation is less than or equal to 5%, estimate is considered precise.",,,,,,Wolverhampton,7.49,,"coefficient of variation is less than or equal to 5%, estimate is considered precise.",,,,,,Wolverhampton,3.11,,"coefficient of variation is greater than 5% but less than or equal to 10%, estimate is considered reasonably precise.",,,,,Wolverhampton,6.0,,,,,,,,,,
E08000032,,,Bradford ,30.62,,,,,,Bradford ,512.4,,,,,,Bradford ,,68.1,,,,,,,,,Bradford ,,5.4,,,,,,Bradford ,15704.0,,,,,,Bradford ,2575.0,,,,,,Bradford ,2255.0,,,,,,Bradford ,18770.0,,,,,,Bradford ,60.0,,,,,,,,,,,,,,,,,,,,,,,,,,,,Bradford ,10.5174219649312,,,,,Bradford ,7.33175955575827,,,,,Bradford ,9.30140552376252,,,Bradford ,87.4,,,Bradford ,99.92,,,,,Bradford ,57.0,,,,Bradford ,68.37815811,,,,,Bradford ,86.47342995169082,,,,Bradford ,28.62011,,,,,Bradford ,41.33164,,,,,Bradford ,20,,,,,Bradford ,76.0,,,,,Bradford ,63.8,,,,,Bradford ,70.7,,,,,Bradford ,12760.0,,,,,Bradford ,,1011.0,,,,,,Bradford ,,473,,,,,,,Bradford ,,54.4,,,,,,,,Bradford ,,6570.0,,,,,,Bradford ,,,63.35,,,,,,Bradford ,,,60.87,,,,,,Bradford ,15.6,,,,,Bradford ,,9.70213,,,,,Bradford ,,26.14865,,,,,Bradford ,,30.05946,,,,,Bradford ,,51.48064,,,,,Bradford ,46.02731,,,,,,,,,Bradford ,7.2,,"coefficient of variation is less than or equal to 5%, estimate is considered precise.",,,,,,Bradford ,7.64,,"coefficient of variation is less than or equal to 5%, estimate is considered precise.",,,,,,Bradford ,7.24,,"coefficient of variation is less than or equal to 5%, estimate is considered precise.",,,,,,Bradford ,3.42,,"coefficient of variation is greater than 5% but less than or equal to 10%, estimate is considered reasonably precise.",,,,,Bradford ,5.0,,,,,,,,,,
E08000033,,,Calderdale,33.57,,,,,,Calderdale,548.5,,,,,,Calderdale,,75.1,,,,,,,,,Calderdale,,3.3,,,,,,Calderdale,18340.0,,,,,,Calderdale,1235.0,,,,,,Calderdale,980.0,,,,,,Calderdale,9305.0,,,,,,Calderdale,25.0,,,,,,,,,,,,,,,,,,,,,,,,,,,,Calderdale,11.1848595915573,,,,,Calderdale,7.62134374039514,,,,,Calderdale,9.87517570048121,,,Calderdale,55.5,,,Calderdale,98.58,,,,,Calderdale,60.0,,,,Calderdale,77.64751856,,,,,Calderdale,87,,,,Calderdale,22.34647,,,,,Calderdale,36.24375,,,,,Calderdale,14,,,,,Calderdale,80.7,,,,,Calderdale,69.0,,,,,Calderdale,76.5,,,,,Calderdale,3190.0,,,,,Calderdale,,1169.0,,,,,,Calderdale,,625,,,,,,,Calderdale,,58.3,,,,,,,,Calderdale,,6525.0,,,,,,Calderdale,,,63.42,,,,,,Calderdale,,,59.02,,,,,,Calderdale,11.5,,,,,Calderdale,,8.95197,,,,,Calderdale,,23.46154,,,,,Calderdale,,24.29045,,,,,Calderdale,,46.49610999999999,,,,,Calderdale,37.91325,,,,,,,,,Calderdale,7.28,,"coefficient of variation is less than or equal to 5%, estimate is considered precise.",,,,,,Calderdale,7.58,,"coefficient of variation is less than or equal to 5%, estimate is considered precise.",,,,,,Calderdale,7.11,,"coefficient of variation is less than or equal to 5%, estimate is considered precise.",,,,,,Calderdale,3.57,,"coefficient of variation is greater than 5% but less than or equal to 10%, estimate is considered reasonably precise.",,,,,Calderdale,3.0,,,,,,,,,,
E08000034,,,Kirklees ,31.17,,,,,,Kirklees ,533.8,,,,,,Kirklees ,,73,,,,,,,,,Kirklees ,,4,,,,,,Kirklees ,17668.0,,,,,,Kirklees ,2155.0,,,,,,Kirklees ,1925.0,,,,,,Kirklees ,17055.0,,,,,,Kirklees ,60.0,,,,,,,,,,,,,,,,,,,,,,,,,,,,Kirklees ,10.6279026370812,,,,,Kirklees ,7.39216661213655,,,,,Kirklees ,9.27580117546707,,,Kirklees ,82.3,,,Kirklees ,99.53,,,,,Kirklees ,58.0,,,,Kirklees ,72.89640592,,,,,Kirklees ,85.6353591160221,,,,Kirklees ,22.44093,,,,,Kirklees ,36.63641,,,,,Kirklees ,19.6,,,,,Kirklees ,77.9,,,,,Kirklees ,67.5,,,,,Kirklees ,75.0,,,,,Kirklees ,8140.0,,,,,Kirklees ,,1164.0,,,,,,Kirklees ,,532,,,,,,,Kirklees ,,56.1,,,,,,,,Kirklees ,,5856.0,,,,,,Kirklees ,,,61.21,,,,,,Kirklees ,,,62.82,,,,,,Kirklees ,13.4,,,,,Kirklees ,,10.92612,,,,,Kirklees ,,23.17073,,,,,Kirklees ,,22.46636,,,,,Kirklees ,,51.92621,,,,,Kirklees ,35.00797,,,,,,,,,Kirklees ,7.27,,"coefficient of variation is less than or equal to 5%, estimate is considered precise.",,,,,,Kirklees ,7.73,,"coefficient of variation is less than or equal to 5%, estimate is considered precise.",,,,,,Kirklees ,7.22,,"coefficient of variation is less than or equal to 5%, estimate is considered precise.",,,,,,Kirklees ,3.48,,"coefficient of variation is greater than 5% but less than or equal to 10%, estimate is considered reasonably precise.",,,,,Kirklees ,5.0,,,,,,,,,,
E08000035,,,Leeds ,34.5,,,,,,Leeds ,572.3,,,,,,Leeds ,,77.3,,,,,,,,,Leeds ,,3.8,,,,,,Leeds ,19061.0,,,,,,Leeds ,4320.0,,,,,,Leeds ,4470.0,,,,,,Leeds ,33500.0,,,,,,Leeds ,180.0,,,,,,,,,,,,,,,,,,,,,,,,,,,,Leeds ,10.1726579890503,,,,,Leeds ,7.36260762762143,,,,,Leeds ,9.15048787808425,,,Leeds ,91.4,,,Leeds ,99.99,,,,,Leeds ,58.0,,,,Leeds ,72.29219144,,,,,Leeds ,90.51094890510949,,,,Leeds ,21.81772,,,,,Leeds ,37.02925,,,,,Leeds ,19.1,,,,,Leeds ,77.7,,,,,Leeds ,65.3,,,,,Leeds ,73.7,,,,,Leeds ,13920.0,,,,,Leeds ,,966.0,,,,,,Leeds ,,500,,,,,,,Leeds ,,65.3,,,,,,,,Leeds ,,5252.0,,,,,,Leeds ,,,63.93,,,,,,Leeds ,,,61.39,,,,,,Leeds ,12.4,,,,,Leeds ,,9.4362,,,,,Leeds ,,23.31118,,,,,Leeds ,,27.26572,,,,,Leeds ,,53.35404,,,,,Leeds ,30.77117,,,,,,,,,Leeds ,7.46,,"coefficient of variation is less than or equal to 5%, estimate is considered precise.",,,,,,Leeds ,7.68,,"coefficient of variation is less than or equal to 5%, estimate is considered precise.",,,,,,Leeds ,7.28,,"coefficient of variation is less than or equal to 5%, estimate is considered precise.",,,,,,Leeds ,3.15,,"coefficient of variation is greater than 5% but less than or equal to 10%, estimate is considered reasonably precise.",,,,,Leeds ,7.0,,,,,,,,,,
E08000036,,,Wakefield,33.2,,,,,,Wakefield,523.2,,,,,,Wakefield,,73.5,,,,,,,,,Wakefield,,3.2,,,,,,Wakefield,18026.0,,,,,,Wakefield,1380.0,,,,,,Wakefield,1295.0,,,,,,Wakefield,11045.0,,,,,,Wakefield,45.0,,,,,,,,,,,,,,,,,,,,,,,,,,,,Wakefield,11.5343794723108,,,,,Wakefield,7.73560503700551,,,,,Wakefield,10.0693247745217,,,Wakefield,84.3,,,Wakefield,100.0,,,,,Wakefield,59.0,,,,Wakefield,74.09638554,,,,,Wakefield,87.94326241134752,,,,Wakefield,23.81753,,,,,Wakefield,40.79881,,,,,Wakefield,17.1,,,,,Wakefield,80.4,,,,,Wakefield,70.0,,,,,Wakefield,76.8,,,,,Wakefield,4980.0,,,,,Wakefield,,1195.0,,,,,,Wakefield,,568,,,,,,,Wakefield,,47.5,,,,,,,,Wakefield,,5233.0,,,,,,Wakefield,,,56.72,,,,,,Wakefield,,,58.04,,,,,,Wakefield,12.5,,,,,Wakefield,,10.31746,,,,,Wakefield,,24.83912,,,,,Wakefield,,33.30196,,,,,Wakefield,,52.54545,,,,,Wakefield,36.65914,,,,,,,,,Wakefield,7.39,,"coefficient of variation is less than or equal to 5%, estimate is considered precise.",,,,,,Wakefield,7.68,,"coefficient of variation is less than or equal to 5%, estimate is considered precise.",,,,,,Wakefield,7.17,,"coefficient of variation is less than or equal to 5%, estimate is considered precise.",,,,,,Wakefield,3.35,,"coefficient of variation is greater than 5% but less than or equal to 10%, estimate is considered reasonably precise.",,,,,Wakefield,8.0,,,,,,,,,,
E08000037,,,Gateshead,30.85,,,,,,Gateshead,514.4,,,,,,Gateshead,,72,,,,,,,,,Gateshead,,4.1,,,,,,Gateshead,16833.0,,,,,,Gateshead,700.0,,,,,,Gateshead,680.0,,,,,,Gateshead,6190.0,,,,,,Gateshead,30.0,,,,,,,,,,,,,,,,,,,,,,,,,,,,,,,,,,,,,,,,,,,,Gateshead,77.9,,,Gateshead,100.0,,,,,Gateshead,63.0,,,,Gateshead,74.36452136,,,,,Gateshead,92.85714285714286,,,,Gateshead,24.30644,,,,,Gateshead,39.9974,,,,,Gateshead,18.6,,,,,Gateshead,85.0,,,,,Gateshead,69.8,,,,,Gateshead,76.3,,,,,Gateshead,4890.0,,,,,Gateshead,,1136.0,,,,,,Gateshead,,587,,,,,,,Gateshead,,55.1,,,,,,,,Gateshead,,7405.0,,,,,,Gateshead,,,58.47,,,,,,Gateshead,,,57.91,,,,,,Gateshead,11.1,,,,,Gateshead,,10.24259,,,,,Gateshead,,24.13793,,,,,Gateshead,,32.69671,,,,,Gateshead,,49.44276,,,,,Gateshead,35.4844,,,,,,,,,Gateshead,7.35,,"coefficient of variation is less than or equal to 5%, estimate is considered precise.",,,,,,Gateshead,7.69,,"coefficient of variation is less than or equal to 5%, estimate is considered precise.",,,,,,Gateshead,7.36,,"coefficient of variation is less than or equal to 5%, estimate is considered precise.",,,,,,Gateshead,3.41,,"coefficient of variation is greater than 5% but less than or equal to 10%, estimate is considered reasonably precise.",,,,,Gateshead,5.0,,,,,,,,,,
E09000001,,,City of London,74.14,,,,,,City of London,na,,,,,,City of London,,na,,,,,,,,,City of London,,na,,,,,,City of London,192005.0,,,,,,City of London,1875.0,,,,,,City of London,1510.0,,,,,,City of London,22535.0,,,,,,City of London,395.0,,,,,,,,,,,,,,,,,,,,,,,,,,,,City of London,7.85183101725118,,,,,City of London,6.99790154905694,,,,,City of London,7.69353425418704,,,City of London,52.8,,,City of London,100.0,,,,,City of London,76.0,,,,City of London,na,,,,,City of London,na,,,,City of London,10.04785,,,,,City of London,26.08696,,,,,City of London,na,,,,,City of London,87.7,,,,,City of London,84.2,,,,,City of London,87.7,,,,,City of London,160.0,,,,,City of London,,1042.0,,,,,,City of London,,499,,,,,,,City of London,,na,,,,,,,,City of London,,7063.0,,,,,,City of London,,,na,,,,,,City of London,,,na,,,,,,City of London,15.8,,,,,,,,,,,,,,,,,,,City of London,,25.22979,,,,,City of London,,na,Value not published for data quality reasons,,,,,,,,,,,,,,City of London,na,Value suppressed with due to low reliability of estimate,,,,,,,City of London,na,Value suppressed with due to low reliability of estimate,,,,,,,City of London,na,Value suppressed with due to low reliability of estimate,,,,,,,City of London,na,Value suppressed with due to low reliability of estimate,,,,,,City of London,1.0,,,,,,,,,,
E09000002,,,Barking and Dagenham,32.83,,,,,,Barking and Dagenham,552.1,,,,,,Barking and Dagenham,,73.7,,,,,,,,,Barking and Dagenham,,6.8,,,,,,Barking and Dagenham,18667.0,,,,,,Barking and Dagenham,1615.0,,,,,,Barking and Dagenham,1455.0,,,,,,Barking and Dagenham,9490.0,,,,,,Barking and Dagenham,15.0,,,,,,,,,,,,,,,,,,,,,,,,,,,,Barking and Dagenham,8.38106029663824,,,,,Barking and Dagenham,7.0183836944814,,,,,Barking and Dagenham,7.9328129334724,,,Barking and Dagenham,92.5,,,Barking and Dagenham,100.0,,,,,Barking and Dagenham,61.0,,,,Barking and Dagenham,70.95970087,,,,,Barking and Dagenham,96.61016949152543,,,,Barking and Dagenham,20.67797,,,,,Barking and Dagenham,29.09238,,,,,Barking and Dagenham,13.3,,,,,Barking and Dagenham,74.4,,,,,Barking and Dagenham,66.9,,,,,Barking and Dagenham,73.1,,,,,Barking and Dagenham,5310.0,,,,,Barking and Dagenham,,784.0,,,,,,Barking and Dagenham,,348,,,,,,,Barking and Dagenham,,55.2,,,,,,,,Barking and Dagenham,,6428.0,,,,,,Barking and Dagenham,,,60.14,,,,,,Barking and Dagenham,,,58.12,,,,,,Barking and Dagenham,13.7,,,,,Barking and Dagenham,,12.74659,,,,,Barking and Dagenham,,31.65266,,,,,Barking and Dagenham,,30.3836,,,,,Barking and Dagenham,,na,Value not published for data quality reasons,,,,Barking and Dagenham,48.87576,,,,,,,,,Barking and Dagenham,7.48,,"coefficient of variation is less than or equal to 5%, estimate is considered precise.",,,,,,Barking and Dagenham,7.9,,"coefficient of variation is less than or equal to 5%, estimate is considered precise.",,,,,,Barking and Dagenham,7.48,,"coefficient of variation is less than or equal to 5%, estimate is considered precise.",,,,,,Barking and Dagenham,2.98,,"coefficient of variation is greater than 10% but less than or equal to 20%, estimate is considered acceptable.",,,,,Barking and Dagenham,16.0,,,,,,,,,,
E09000003,,,Barnet,39.64,,,,,,Barnet,623.4,,,,,,Barnet,,65.5,,,,,,,,,Barnet,,5.5,,,,,,Barnet,31645.0,,,,,,Barnet,3650.0,,,,,,Barnet,4080.0,,,,,,Barnet,29800.0,,,,,,Barnet,50.0,,,,,,,,,,,,,,,,,,,,,,,,,,,,Barnet,7.52157496649399,,,,,Barnet,6.78891262324452,,,,,Barnet,7.61107963060159,,,Barnet,67.6,,,Barnet,100.0,,,,,Barnet,69.0,,,,Barnet,85.84070796,,,,,Barnet,95.34883720930233,,,,Barnet,18.44971,,,,,Barnet,27.82971,,,,,Barnet,24.5,,,,,Barnet,81.6,,,,,Barnet,72.4,,,,,Barnet,79.5,,,,,Barnet,6920.0,,,,,Barnet,,488.0,,,,,,Barnet,,212,,,,,,,Barnet,,67.1,,,,,,,,Barnet,,5055.0,,,,,,Barnet,,,67.12,,,,,,Barnet,,,62.86,,,,,,Barnet,8.4,,,,,Barnet,,7.71144,,,,,Barnet,,21.23687,,,,,Barnet,,15.93438,,,,,Barnet,,na,Value not published for data quality reasons,,,,Barnet,23.92696,,,,,,,,,Barnet,6.95,,"coefficient of variation is less than or equal to 5%, estimate is considered precise.",,,,,,Barnet,7.44,,"coefficient of variation is less than or equal to 5%, estimate is considered precise.",,,,,,Barnet,6.95,,"coefficient of variation is less than or equal to 5%, estimate is considered precise.",,,,,,Barnet,3.33,,"coefficient of variation is greater than 5% but less than or equal to 10%, estimate is considered reasonably precise.",,,,,Barnet,14.0,,,,,,,,,,
E09000004,,,Bexley,48.97,,,,,,Bexley,682.9,,,,,,Bexley,,77.7,,,,,,,,,Bexley,,4.1,,,,,,Bexley,23022.0,,,,,,Bexley,1185.0,,,,,,Bexley,1385.0,,,,,,Bexley,9980.0,,,,,,Bexley,25.0,,,,,,,,,,,,,,,,,,,,,,,,,,,,Bexley,10.3135612483122,,,,,Bexley,7.29576151522327,,,,,Bexley,8.68268421476938,,,Bexley,89.5,,,Bexley,100.0,,,,,Bexley,66.0,,,,Bexley,76.78799489,,,,,Bexley,92.40506329113924,,,,Bexley,20.13137,,,,,Bexley,38.19697,,,,,Bexley,32.5,,,,,Bexley,80.9,,,,,Bexley,74.2,,,,,Bexley,79.5,,,,,Bexley,3400.0,,,,,Bexley,,925.0,,,,,,Bexley,,476,,,,,,,Bexley,,60.4,,,,,,,,Bexley,,4561.0,,,,,,Bexley,,,63.94,,,,,,Bexley,,,66.39,,,,,,Bexley,13.5,,,,,Bexley,,9.457089999999999,,,,,Bexley,,24.07108,,,,,Bexley,,28.0034,,,,,Bexley,,55.54071999999999,,,,,Bexley,26.76369,,,,,,,,,Bexley,7.29,,"coefficient of variation is less than or equal to 5%, estimate is considered precise.",,,,,,Bexley,7.65,,"coefficient of variation is less than or equal to 5%, estimate is considered precise.",,,,,,Bexley,7.39,,"coefficient of variation is less than or equal to 5%, estimate is considered precise.",,,,,,Bexley,3.08,,"coefficient of variation is greater than 5% but less than or equal to 10%, estimate is considered reasonably precise.",,,,,Bexley,6.0,,,,,,,,,,
E09000005,,,Brent ,44.91,,,,,,Brent ,620.4,,,,,,Brent ,,59.5,,,,,,,,,Brent ,,6.7,,,,,,Brent ,25842.0,,,,,,Brent ,2445.0,,,,,,Brent ,2565.0,,,,,,Brent ,18215.0,,,,,,Brent ,45.0,,,,,,,,,,,,,,,,,,,,,,,,,,,,Brent ,7.52448785634642,,,,,Brent ,6.87042639234219,,,,,Brent ,7.52613719894242,,,Brent ,81.5,,,Brent ,100.0,,,,,Brent ,64.0,,,,Brent ,78.67647059,,,,,Brent ,96.55172413793103,,,,Brent ,18.42066,,,,,Brent ,26.13556,,,,,Brent ,21.6,,,,,Brent ,75.1,,,,,Brent ,68.7,,,,,Brent ,74.7,,,,,Brent ,8080.0,,,,,Brent ,,537.0,,,,,,Brent ,,193,,,,,,,Brent ,,63.8,,,,,,,,Brent ,,5871.0,,,,,,Brent ,,,68.58,,,,,,Brent ,,,62.57,,,,,,Brent ,13.8,,,,,Brent ,,8.89894,,,,,Brent ,,26.25698,,,,,Brent ,,19.42687,,,,,Brent ,,na,Value not published for data quality reasons,,,,Brent ,34.33025,,,,,,,,,Brent ,7.09,,"coefficient of variation is less than or equal to 5%, estimate is considered precise.",,,,,,Brent ,7.31,,"coefficient of variation is less than or equal to 5%, estimate is considered precise.",,,,,,Brent ,7.27,,"coefficient of variation is less than or equal to 5%, estimate is considered precise.",,,,,,Brent ,3.82,,"coefficient of variation is greater than 10% but less than or equal to 20%, estimate is considered acceptable.",,,,,Brent ,17.0,,,,,,,,,,
E09000006,,,Bromley,41.44,,,,,,Bromley,730.4,,,,,,Bromley,,78.2,,,,,,,,,Bromley,,4.9,,,,,,Bromley,29032.0,,,,,,Bromley,1870.0,,,,,,Bromley,2005.0,,,,,,Bromley,16445.0,,,,,,Bromley,35.0,,,,,,,,,,,,,,,,,,,,,,,,,,,,Bromley,9.78143807484479,,,,,Bromley,7.22188194511994,,,,,Bromley,8.47464211401751,,,Bromley,90.5,,,Bromley,99.97,,,,,Bromley,70.0,,,,Bromley,78.71763998,,,,,Bromley,98,,,,Bromley,19.14677,,,,,Bromley,38.6216,,,,,Bromley,16,,,,,Bromley,82.7,,,,,Bromley,75.3,,,,,Bromley,81.6,,,,,Bromley,4300.0,,,,,Bromley,,737.0,,,,,,Bromley,,371,,,,,,,Bromley,,71.6,,,,,,,,Bromley,,4895.0,,,,,,Bromley,,,67.61,,,,,,Bromley,,,67.44,,,,,,Bromley,6.5,,,,,Bromley,,7.68116,,,,,Bromley,,18.80342,,,,,Bromley,,19.89506,,,,,Bromley,,na,Value not published for data quality reasons,,,,Bromley,24.80704,,,,,,,,,Bromley,7.33,,"coefficient of variation is less than or equal to 5%, estimate is considered precise.",,,,,,Bromley,7.55,,"coefficient of variation is less than or equal to 5%, estimate is considered precise.",,,,,,Bromley,7.35,,"coefficient of variation is less than or equal to 5%, estimate is considered precise.",,,,,,Bromley,3.38,,"coefficient of variation is greater than 5% but less than or equal to 10%, estimate is considered reasonably precise.",,,,,Bromley,3.0,,,,,,,,,,
E09000007,,,Camden,51.15,,,,,,Camden,727.9,,,,,,Camden,,74.8,,,,,,,,,Camden,,4.3,,,,,,Camden,58604.0,,,,,,Camden,4935.0,,,,,,Camden,4275.0,,,,,,Camden,39080.0,,,,,,Camden,220.0,,,,,,,,,,,,,,,,,,,,,,,,,,,,Camden,5.73005338596238,,,,,Camden,6.65734088097399,,,,,Camden,6.92211795842402,,,Camden,93.8,,,Camden,100.0,,,,,Camden,70.0,,,,Camden,80.28876334,,,,,Camden,96.49122807017544,,,,Camden,24.14828,,,,,Camden,30.79653,,,,,Camden,23.3,,,,,Camden,79.7,,,,,Camden,69.8,,,,,Camden,77.6,,,,,Camden,4190.0,,,,,Camden,,447.0,,,,,,Camden,,187,,,,,,,Camden,,79.8,,,,,,,,Camden,,6310.0,,,,,,Camden,,,66.76,,,,,,Camden,,,64.6,,,,,,Camden,9.1,,,,,Camden,,8.71369,,,,,Camden,,22.34848,,,,,Camden,,17.97042,,,,,Camden,,na,Value not published for data quality reasons,,,,Camden,30.65872,,,,,,,,,Camden,7.29,,"coefficient of variation is less than or equal to 5%, estimate is considered precise.",,,,,,Camden,7.46,,"coefficient of variation is less than or equal to 5%, estimate is considered precise.",,,,,,Camden,7.28,,"coefficient of variation is less than or equal to 5%, estimate is considered precise.",,,,,,Camden,3.37,,"coefficient of variation is greater than 5% but less than or equal to 10%, estimate is considered reasonably precise.",,,,,Camden,3.0,,,,,,,,,,
E09000008,,,Croydon,52.19,,,,,,Croydon,670.8,,,,,,Croydon,,75.2,,,,,,,,,Croydon,,5.5,,,,,,Croydon,24323.0,,,,,,Croydon,2315.0,,,,,,Croydon,2400.0,,,,,,Croydon,17140.0,,,,,,Croydon,50.0,,,,,,,,,,,,,,,,,,,,,,,,,,,,Croydon,9.92424065940626,,,,,Croydon,7.34478226220853,,,,,Croydon,8.58354878107137,,,Croydon,86.2,,,Croydon,100.0,,,,,Croydon,63.0,,,,Croydon,73.53260870000001,,,,,Croydon,94.3089430894309,,,,Croydon,21.16603,,,,,Croydon,31.11598,,,,,Croydon,23.4,,,,,Croydon,78.9,,,,,Croydon,71.2,,,,,Croydon,78.4,,,,,Croydon,8740.0,,,,,Croydon,,752.0,,,,,,Croydon,,326,,,,,,,Croydon,,64.9,,,,,,,,Croydon,,6116.0,,,,,,Croydon,,,62.43,,,,,,Croydon,,,63.23,,,,,,Croydon,13.5,,,,,Croydon,,9.0799,,,,,Croydon,,26.30966,,,,,Croydon,,26.35393,,,,,Croydon,,55.51866999999999,,,,,Croydon,29.80552,,,,,,,,,Croydon,6.97,,"coefficient of variation is less than or equal to 5%, estimate is considered precise.",,,,,,Croydon,7.64,,"coefficient of variation is less than or equal to 5%, estimate is considered precise.",,,,,,Croydon,7.11,,"coefficient of variation is less than or equal to 5%, estimate is considered precise.",,,,,,Croydon,3.95,,"coefficient of variation is greater than 5% but less than or equal to 10%, estimate is considered reasonably precise.",,,,,Croydon,18.0,,,,,,,,,,
E09000009,,,Ealing,41.62,,,,,,Ealing,622.8,,,,,,Ealing,,77.5,,,,,,,,,Ealing,,5,,,,,,Ealing,26673.0,,,,,,Ealing,2535.0,,,,,,Ealing,2550.0,,,,,,Ealing,20400.0,,,,,,Ealing,45.0,,,,,,,,,,,,,,,,,,,,,,,,,,,,Ealing,8.30744560501529,,,,,Ealing,7.11600073269119,,,,,Ealing,7.88750546139852,,,Ealing,91.8,,,Ealing,100.0,,,,,Ealing,68.0,,,,Ealing,81.18779031,,,,,Ealing,97.84946236559139,,,,Ealing,18.86261,,,,,Ealing,26.47323,,,,,Ealing,21.7,,,,,Ealing,77.2,,,,,Ealing,71.0,,,,,Ealing,77.4,,,,,Ealing,7950.0,,,,,Ealing,,497.0,,,,,,Ealing,,229,,,,,,,Ealing,,74.6,,,,,,,,Ealing,,5113.0,,,,,,Ealing,,,65.3,,,,,,Ealing,,,61.37,,,,,,Ealing,15.9,,,,,Ealing,,9.28962,,,,,Ealing,,23.03797,,,,,Ealing,,20.23813,,,,,Ealing,,na,Value not published for data quality reasons,,,,Ealing,30.96094,,,,,,,,,Ealing,7.28,,"coefficient of variation is less than or equal to 5%, estimate is considered precise.",,,,,,Ealing,7.48,,"coefficient of variation is less than or equal to 5%, estimate is considered precise.",,,,,,Ealing,7.25,,"coefficient of variation is less than or equal to 5%, estimate is considered precise.",,,,,,Ealing,3.64,,"coefficient of variation is greater than 5% but less than or equal to 10%, estimate is considered reasonably precise.",,,,,Ealing,12.0,,,,,,,,,,
E09000010,,,Enfield,43.37,,,,,,Enfield,574.9,,,,,,Enfield,,60.9,,,,,,,,,Enfield,,6.3,,,,,,Enfield,24595.0,,,,,,Enfield,2260.0,,,,,,Enfield,2390.0,,,,,,Enfield,17355.0,,,,,,Enfield,20.0,,,,,,,,,,,,,,,,,,,,,,,,,,,,Enfield,8.28715760223075,,,,,Enfield,6.81273547712703,,,,,Enfield,7.80993416750994,,,Enfield,87.7,,,Enfield,100.0,,,,,Enfield,62.0,,,,Enfield,73.56070941,,,,,Enfield,96.875,,,,Enfield,21.02073,,,,,Enfield,29.42611,,,,,Enfield,17.2,,,,,Enfield,75.0,,,,,Enfield,67.0,,,,,Enfield,73.7,,,,,Enfield,7540.0,,,,,Enfield,,621.0,,,,,,Enfield,,271,,,,,,,Enfield,,68.5,,,,,,,,Enfield,,5984.0,,,,,,Enfield,,,62.05,,,,,,Enfield,,,64.31,,,,,,Enfield,13.5,,,,,Enfield,,10.83333,,,,,Enfield,,27.98054,,,,,Enfield,,21.18791,,,,,Enfield,,na,Value not published for data quality reasons,,,,Enfield,29.11562,,,,,,,,,Enfield,7.41,,"coefficient of variation is less than or equal to 5%, estimate is considered precise.",,,,,,Enfield,7.8,,"coefficient of variation is less than or equal to 5%, estimate is considered precise.",,,,,,Enfield,7.41,,"coefficient of variation is less than or equal to 5%, estimate is considered precise.",,,,,,Enfield,2.33,,"coefficient of variation is greater than 5% but less than or equal to 10%, estimate is considered reasonably precise.",,,,,Enfield,7.0,,,,,,,,,,
E09000011,,,Greenwich,37.08,,,,,,Greenwich,714.7,,,,,,Greenwich,,80.1,,,,,,,,,Greenwich,,4.5,,,,,,Greenwich,24736.0,,,,,,Greenwich,1735.0,,,,,,Greenwich,1710.0,,,,,,Greenwich,11615.0,,,,,,Greenwich,25.0,,,,,,,,,,,,,,,,,,,,,,,,,,,,Greenwich,8.35239178200466,,,,,Greenwich,6.94283466594142,,,,,Greenwich,7.91426982289992,,,Greenwich,85.3,,,Greenwich,100.0,,,,,Greenwich,67.0,,,,Greenwich,74.11273486,,,,,Greenwich,95.45454545454545,,,,Greenwich,18.92766,,,,,Greenwich,28.99313,,,,,Greenwich,14.4,,,,,Greenwich,78.7,,,,,Greenwich,71.6,,,,,Greenwich,77.5,,,,,Greenwich,5700.0,,,,,Greenwich,,641.0,,,,,,Greenwich,,327,,,,,,,Greenwich,,70.7,,,,,,,,Greenwich,,5891.0,,,,,,Greenwich,,,67.16,,,,,,Greenwich,,,60.11,,,,,,Greenwich,13.5,,,,,Greenwich,,10.63174,,,,,Greenwich,,27.23214,,,,,Greenwich,,21.01845,,,,,Greenwich,,48.02632,,,,,Greenwich,36.43935,,,,,,,,,Greenwich,7.48,,"coefficient of variation is less than or equal to 5%, estimate is considered precise.",,,,,,Greenwich,7.74,,"coefficient of variation is less than or equal to 5%, estimate is considered precise.",,,,,,Greenwich,7.42,,"coefficient of variation is less than or equal to 5%, estimate is considered precise.",,,,,,Greenwich,3.39,,"coefficient of variation is greater than 5% but less than or equal to 10%, estimate is considered reasonably precise.",,,,,Greenwich,10.0,,,,,,,,,,
E09000012,,,Hackney,41.2,,,,,,Hackney,642.7,,,,,,Hackney,,78.7,,,,,,,,,Hackney,,4.1,,,,,,Hackney,29655.0,,,,,,Hackney,4465.0,,,,,,Hackney,3615.0,,,,,,Hackney,28630.0,,,,,,Hackney,180.0,,,,,,,,,,,,,,,,,,,,,,,,,,,,Hackney,4.80184615296035,,,,,Hackney,6.10769880179149,,,,,Hackney,6.62080138914545,,,Hackney,82.5,,,Hackney,100.0,,,,,Hackney,70.0,,,,Hackney,78.38320679,,,,,Hackney,97.53086419753086,,,,Hackney,18.55878,,,,,Hackney,23.61977,,,,,Hackney,18.8,,,,,Hackney,79.2,,,,,Hackney,73.9,,,,,Hackney,79.1,,,,,Hackney,6220.0,,,,,Hackney,,492.0,,,,,,Hackney,,195,,,,,,,Hackney,,78.2,,,,,,,,Hackney,,6053.0,,,,,,Hackney,,,61.54,,,,,,Hackney,,,60.17,,,,,,Hackney,14.3,,,,,,,,,,,,,,,,,,,Hackney,,20.19152,,,,,Hackney,,52.8169,,,,,,,,,,,,,,,Hackney,7.14,,"coefficient of variation is less than or equal to 5%, estimate is considered precise.",,,,,,Hackney,7.35,,"coefficient of variation is less than or equal to 5%, estimate is considered precise.",,,,,,Hackney,7.05,,"coefficient of variation is less than or equal to 5%, estimate is considered precise.",,,,,,Hackney,3.37,,"coefficient of variation is greater than 5% but less than or equal to 10%, estimate is considered reasonably precise.",,,,,Hackney,7.0,,,,,,,,,,
E09000013,,,Hammersmith and Fulham ,48.08,,,,,,Hammersmith and Fulham ,766.6,,,,,,Hammersmith and Fulham ,,74.9,,,,,,,,,Hammersmith and Fulham ,,4.8,,,,,,Hammersmith and Fulham ,44040.0,,,,,,Hammersmith and Fulham ,1605.0,,,,,,Hammersmith and Fulham ,1625.0,,,,,,Hammersmith and Fulham ,13600.0,,,,,,Hammersmith and Fulham ,85.0,,,,,,,,,,,,,,,,,,,,,,,,,,,,Hammersmith and Fulham ,5.11027337329839,,,,,Hammersmith and Fulham ,6.42762791144706,,,,,Hammersmith and Fulham ,6.73815700672546,,,Hammersmith and Fulham ,83.6,,,Hammersmith and Fulham ,100.0,,,,,Hammersmith and Fulham ,74.0,,,,Hammersmith and Fulham ,80.80291971,,,,,Hammersmith and Fulham ,100,,,,Hammersmith and Fulham ,19.95567,,,,,Hammersmith and Fulham ,28.50531,,,,,Hammersmith and Fulham ,8.6,,,,,Hammersmith and Fulham ,77.4,,,,,Hammersmith and Fulham ,71.7,,,,,Hammersmith and Fulham ,78.3,,,,,Hammersmith and Fulham ,3800.0,,,,,Hammersmith and Fulham ,,480.0,,,,,,Hammersmith and Fulham ,,202,,,,,,,Hammersmith and Fulham ,,82.6,,,,,,,,Hammersmith and Fulham ,,4839.0,,,,,,Hammersmith and Fulham ,,,62.62,,,,,,Hammersmith and Fulham ,,,66.09,,,,,,Hammersmith and Fulham ,8.4,,,,,Hammersmith and Fulham ,,7.8341,,,,,Hammersmith and Fulham ,,19.29825,,,,,Hammersmith and Fulham ,,16.79354,,,,,Hammersmith and Fulham ,,na,Value not published for data quality reasons,,,,Hammersmith and Fulham ,30.70752,,,,,,,,,Hammersmith and Fulham ,7.51,,"coefficient of variation is less than or equal to 5%, estimate is considered precise.",,,,,,Hammersmith and Fulham ,7.82,,"coefficient of variation is less than or equal to 5%, estimate is considered precise.",,,,,,Hammersmith and Fulham ,7.66,,"coefficient of variation is less than or equal to 5%, estimate is considered precise.",,,,,,Hammersmith and Fulham ,3.34,,"coefficient of variation is greater than 5% but less than or equal to 10%, estimate is considered reasonably precise.",,,,,Hammersmith and Fulham ,15.0,,,,,,,,,,
E09000014,,,Haringey,30.51,,,,,,Haringey,658,,,,,,Haringey,,75.3,,,,,,,,,Haringey,,4.3,,,,,,Haringey,31874.0,,,,,,Haringey,2225.0,,,,,,Haringey,2125.0,,,,,,Haringey,15365.0,,,,,,Haringey,30.0,,,,,,,,,,,,,,,,,,,,,,,,,,,,Haringey,7.46109658463334,,,,,Haringey,6.80490306292018,,,,,Haringey,7.52809972366082,,,Haringey,84.3,,,Haringey,100.0,,,,,Haringey,67.0,,,,Haringey,71.56001673,,,,,Haringey,97.64705882352942,,,,Haringey,20.84144,,,,,Haringey,28.14001,,,,,Haringey,20.7,,,,,Haringey,81.2,,,,,Haringey,75.4,,,,,Haringey,80.5,,,,,Haringey,7690.0,,,,,Haringey,,486.0,,,,,,Haringey,,194,,,,,,,Haringey,,69.3,,,,,,,,Haringey,,6746.0,,,,,,Haringey,,,64.95,,,,,,Haringey,,,62.61,,,,,,Haringey,15.9,,,,,Haringey,,9.47867,,,,,Haringey,,24.40087,,,,,Haringey,,16.98449,,,,,Haringey,,na,Value not published for data quality reasons,,,,Haringey,36.70176,,,,,,,,,Haringey,6.97,,"coefficient of variation is less than or equal to 5%, estimate is considered precise.",,,,,,Haringey,7.23,,"coefficient of variation is less than or equal to 5%, estimate is considered precise.",,,,,,Haringey,7.17,,"coefficient of variation is less than or equal to 5%, estimate is considered precise.",,,,,,Haringey,3.27,,"coefficient of variation is greater than 5% but less than or equal to 10%, estimate is considered reasonably precise.",,,,,Haringey,8.0,,,,,,,,,,
E09000015,,,Harrow,41.8,,,,,,Harrow,622.8,,,,,,Harrow,,73.4,,,,,,,,,Harrow,,4.8,,,,,,Harrow,27535.0,,,,,,Harrow,2065.0,,,,,,Harrow,2330.0,,,,,,Harrow,17495.0,,,,,,Harrow,30.0,,,,,,,,,,,,,,,,,,,,,,,,,,,,Harrow,8.6682004567687,,,,,Harrow,6.89825285985249,,,,,Harrow,7.90704014253218,,,Harrow,82.7,,,Harrow,100.0,,,,,Harrow,68.0,,,,Harrow,81.18942731,,,,,Harrow,95,,,,Harrow,17.78558,,,,,Harrow,29.87149,,,,,Harrow,20.3,,,,,Harrow,77.4,,,,,Harrow,70.0,,,,,Harrow,77.4,,,,,Harrow,4630.0,,,,,Harrow,,541.0,,,,,,Harrow,,237,,,,,,,Harrow,,71.5,,,,,,,,Harrow,,5334.0,,,,,,Harrow,,,60.89,,,,,,Harrow,,,64.81,,,,,,Harrow,7.6,,,,,Harrow,,8.33333,,,,,Harrow,,23.71134,,,,,Harrow,,16.91138,,,,,Harrow,,na,Value not published for data quality reasons,,,,Harrow,21.26346,,,,,,,,,Harrow,7.55,,"coefficient of variation is less than or equal to 5%, estimate is considered precise.",,,,,,Harrow,7.96,,"coefficient of variation is less than or equal to 5%, estimate is considered precise.",,,,,,Harrow,7.6,,"coefficient of variation is less than or equal to 5%, estimate is considered precise.",,,,,,Harrow,3.5,,"coefficient of variation is greater than 5% but less than or equal to 10%, estimate is considered reasonably precise.",,,,,Harrow,7.0,,,,,,,,,,
E09000016,,,Havering,38.36,,,,,,Havering,648.1,,,,,,Havering,,82.8,,,,,,,,,Havering,,4.3,,,,,,Havering,23702.0,,,,,,Havering,1680.0,,,,,,Havering,1515.0,,,,,,Havering,11985.0,,,,,,Havering,20.0,,,,,,,,,,,,,,,,,,,,,,,,,,,,Havering,9.98875487628642,,,,,Havering,7.36820145220084,,,,,Havering,8.62473978580056,,,Havering,86.2,,,Havering,100.0,,,,,Havering,63.0,,,,Havering,77.73864037,,,,,Havering,97.53086419753086,,,,Havering,19.69263,,,,,Havering,36.36798,,,,,Havering,15.4,,,,,Havering,79.1,,,,,Havering,67.1,,,,,Havering,75.1,,,,,Havering,3780.0,,,,,Havering,,925.0,,,,,,Havering,,437,,,,,,,Havering,,58.6,,,,,,,,Havering,,4539.0,,,,,,Havering,,,63.84,,,,,,Havering,,,64.6,,,,,,Havering,15.9,,,,,Havering,,9.73054,,,,,Havering,,25.22936,,,,,Havering,,24.90813,,,,,Havering,,55.60209,,,,,Havering,24.77959,,,,,,,,,Havering,7.47,,"coefficient of variation is less than or equal to 5%, estimate is considered precise.",,,,,,Havering,7.95,,"coefficient of variation is less than or equal to 5%, estimate is considered precise.",,,,,,Havering,7.54,,"coefficient of variation is less than or equal to 5%, estimate is considered precise.",,,,,,Havering,3.18,,"coefficient of variation is greater than 5% but less than or equal to 10%, estimate is considered reasonably precise.",,,,,Havering,10.0,,,,,,,,,,
E09000017,,,Hillingdon,41.22,,,,,,Hillingdon,692.9,,,,,,Hillingdon,,64.8,,,,,,,,,Hillingdon,,6.9,,,,,,Hillingdon,22994.0,,,,,,Hillingdon,2130.0,,,,,,Hillingdon,2140.0,,,,,,Hillingdon,16220.0,,,,,,Hillingdon,50.0,,,,,,,,,,,,,,,,,,,,,,,,,,,,Hillingdon,9.22257398462836,,,,,Hillingdon,7.11952536223226,,,,,Hillingdon,8.27911702740405,,,Hillingdon,88.8,,,Hillingdon,100.0,,,,,Hillingdon,63.0,,,,Hillingdon,76.45072152,,,,,Hillingdon,92.92929292929293,,,,Hillingdon,20.36844,,,,,Hillingdon,33.27937,,,,,Hillingdon,32,,,,,Hillingdon,80.2,,,,,Hillingdon,71.1,,,,,Hillingdon,77.2,,,,,Hillingdon,5580.0,,,,,Hillingdon,,694.0,,,,,,Hillingdon,,323,,,,,,,Hillingdon,,65.6,,,,,,,,Hillingdon,,4938.0,,,,,,Hillingdon,,,63.41,,,,,,Hillingdon,,,64.99,,,,,,Hillingdon,8.1,,,,,Hillingdon,,8.771930000000001,,,,,Hillingdon,,23.68421,,,,,Hillingdon,,22.67664,,,,,Hillingdon,,54.96183000000001,,,,,Hillingdon,29.51941,,,,,,,,,Hillingdon,7.56,,"coefficient of variation is less than or equal to 5%, estimate is considered precise.",,,,,,Hillingdon,7.82,,"coefficient of variation is less than or equal to 5%, estimate is considered precise.",,,,,,Hillingdon,7.69,,"coefficient of variation is less than or equal to 5%, estimate is considered precise.",,,,,,Hillingdon,3,,"coefficient of variation is greater than 10% but less than or equal to 20%, estimate is considered acceptable.",,,,,Hillingdon,6.0,,,,,,,,,,
E09000018,,,Hounslow,59.81,,,,,,Hounslow,624.6,,,,,,Hounslow,,80.5,,,,,,,,,Hounslow,,4.7,,,,,,Hounslow,25174.0,,,,,,Hounslow,1875.0,,,,,,Hounslow,1980.0,,,,,,Hounslow,15085.0,,,,,,Hounslow,45.0,,,,,,,,,,,,,,,,,,,,,,,,,,,,Hounslow,7.40900914938377,,,,,Hounslow,6.83201300794632,,,,,Hounslow,7.71297683440534,,,Hounslow,88.1,,,Hounslow,100.0,,,,,Hounslow,63.0,,,,Hounslow,81.56028369,,,,,Hounslow,98.63013698630137,,,,Hounslow,20.47585,,,,,Hounslow,30.61485,,,,,Hounslow,16,,,,,Hounslow,77.0,,,,,Hounslow,68.5,,,,,Hounslow,75.7,,,,,Hounslow,6370.0,,,,,Hounslow,,614.0,,,,,,Hounslow,,251,,,,,,,Hounslow,,69.4,,,,,,,,Hounslow,,5429.0,,,,,,Hounslow,,,62.61,,,,,,Hounslow,,,62.05,,,,,,Hounslow,16.3,,,,,Hounslow,,10.06494,,,,,Hounslow,,26.20791,,,,,Hounslow,,23.43276,,,,,Hounslow,,na,Value not published for data quality reasons,,,,Hounslow,31.00328,,,,,,,,,Hounslow,7.62,,"coefficient of variation is less than or equal to 5%, estimate is considered precise.",,,,,,Hounslow,7.71,,"coefficient of variation is less than or equal to 5%, estimate is considered precise.",,,,,,Hounslow,7.49,,"coefficient of variation is less than or equal to 5%, estimate is considered precise.",,,,,,Hounslow,3.42,,"coefficient of variation is greater than 5% but less than or equal to 10%, estimate is considered reasonably precise.",,,,,Hounslow,11.0,,,,,,,,,,
E09000019,,,Islington,51.29,,,,,,Islington,766.5,,,,,,Islington,,81.3,,,,,,,,,Islington,,4.4,,,,,,Islington,37422.0,,,,,,Islington,3665.0,,,,,,Islington,3365.0,,,,,,Islington,25030.0,,,,,,Islington,185.0,,,,,,,,,,,,,,,,,,,,,,,,,,,,Islington,4.80426915924211,,,,,Islington,6.20918867483065,,,,,Islington,6.64380274942896,,,Islington,89.6,,,Islington,100.0,,,,,Islington,65.0,,,,Islington,73.22515213,,,,,Islington,95.52238805970148,,,,Islington,22.23747,,,,,Islington,29.47217,,,,,Islington,20.5,,,,,Islington,79.4,,,,,Islington,68.6,,,,,Islington,75.4,,,,,Islington,4830.0,,,,,Islington,,488.0,,,,,,Islington,,234,,,,,,,Islington,,76.5,,,,,,,,Islington,,5780.0,,,,,,Islington,,,63.75,,,,,,Islington,,,62.96,,,,,,Islington,7.9,,,,,Islington,,9.090910000000001,,,,,Islington,,23.4375,,,,,Islington,,17.28145,,,,,Islington,,na,Value not published for data quality reasons,,,,Islington,33.50675,,,,,,,,,Islington,7.25,,"coefficient of variation is less than or equal to 5%, estimate is considered precise.",,,,,,Islington,7.31,,"coefficient of variation is less than or equal to 5%, estimate is considered precise.",,,,,,Islington,7.2,,"coefficient of variation is less than or equal to 5%, estimate is considered precise.",,,,,,Islington,3.8,,"coefficient of variation is greater than 5% but less than or equal to 10%, estimate is considered reasonably precise.",,,,,Islington,4.0,,,,,,,,,,
E09000020,,,Kensington and Chelsea,42.0,,,,,,Kensington and Chelsea,834.3,,,,,,Kensington and Chelsea,,63.4,,,,,,,,,Kensington and Chelsea,,4.9,,,,,,Kensington and Chelsea,90917.0,,,,,,Kensington and Chelsea,1500.0,,,,,,Kensington and Chelsea,1650.0,,,,,,Kensington and Chelsea,14755.0,,,,,,Kensington and Chelsea,75.0,,,,,,,,,,,,,,,,,,,,,,,,,,,,Kensington and Chelsea,3.22467965616833,,,,,Kensington and Chelsea,5.96162067781873,,,,,Kensington and Chelsea,6.08251136862129,,,Kensington and Chelsea,91.0,,,Kensington and Chelsea,100.0,,,,,Kensington and Chelsea,74.0,,,,Kensington and Chelsea,83.06451613,,,,,Kensington and Chelsea,95,,,,Kensington and Chelsea,20.9716,,,,,Kensington and Chelsea,29.02451,,,,,Kensington and Chelsea,26.1,,,,,Kensington and Chelsea,78.6,,,,,Kensington and Chelsea,73.7,,,,,Kensington and Chelsea,78.8,,,,,Kensington and Chelsea,2060.0,,,,,Kensington and Chelsea,,264.0,,,,,,Kensington and Chelsea,,111,,,,,,,Kensington and Chelsea,,75,,,,,,,,Kensington and Chelsea,,4301.0,,,,,,Kensington and Chelsea,,,70.02,,,,,,Kensington and Chelsea,,,67.41,,,,,,Kensington and Chelsea,11.3,,,,,Kensington and Chelsea,,6.837610000000001,,,,,Kensington and Chelsea,,21.73913,,,,,Kensington and Chelsea,,11.57992,,,,,Kensington and Chelsea,,na,Value not published for data quality reasons,,,,Kensington and Chelsea,23.69522,,,,,,,,,Kensington and Chelsea,7.24,,"coefficient of variation is less than or equal to 5%, estimate is considered precise.",,,,,,Kensington and Chelsea,7.68,,"coefficient of variation is less than or equal to 5%, estimate is considered precise.",,,,,,Kensington and Chelsea,7.23,,"coefficient of variation is less than or equal to 5%, estimate is considered precise.",,,,,,Kensington and Chelsea,3.48,,"coefficient of variation is greater than 5% but less than or equal to 10%, estimate is considered reasonably precise.",,,,,Kensington and Chelsea,3.0,,,,,,,,,,
E09000021,,,Kingston upon Thames,39.41,,,,,,Kingston upon Thames,677.7,,,,,,Kingston upon Thames,,85.5,,,,,,,,,Kingston upon Thames,,3.6,,,,,,Kingston upon Thames,29942.0,,,,,,Kingston upon Thames,1220.0,,,,,,Kingston upon Thames,1205.0,,,,,,Kingston upon Thames,9815.0,,,,,,Kingston upon Thames,25.0,,,,,,,,,,,,,,,,,,,,,,,,,,,,Kingston upon Thames,8.50910170936246,,,,,Kingston upon Thames,6.89063300423986,,,,,Kingston upon Thames,7.92183676851941,,,Kingston upon Thames,87.8,,,Kingston upon Thames,100.0,,,,,Kingston upon Thames,69.0,,,,Kingston upon Thames,86.20689655,,,,,Kingston upon Thames,100,,,,Kingston upon Thames,17.83715,,,,,Kingston upon Thames,35.82962,,,,,Kingston upon Thames,34.2,,,,,Kingston upon Thames,86.2,,,,,Kingston upon Thames,75.0,,,,,Kingston upon Thames,83.4,,,,,Kingston upon Thames,2520.0,,,,,Kingston upon Thames,,536.0,,,,,,Kingston upon Thames,,257,,,,,,,Kingston upon Thames,,77.6,,,,,,,,Kingston upon Thames,,4526.0,,,,,,Kingston upon Thames,,,69.63,,,,,,Kingston upon Thames,,,69.41,,,,,,Kingston upon Thames,6.2,,,,,Kingston upon Thames,,7.692310000000001,,,,,Kingston upon Thames,,16.85083,,,,,Kingston upon Thames,,18.48117,,,,,Kingston upon Thames,,58.3682,,,,,Kingston upon Thames,20.86422,,,,,,,,,Kingston upon Thames,7.58,,"coefficient of variation is less than or equal to 5%, estimate is considered precise.",,,,,,Kingston upon Thames,7.52,,"coefficient of variation is less than or equal to 5%, estimate is considered precise.",,,,,,Kingston upon Thames,7.25,,"coefficient of variation is less than or equal to 5%, estimate is considered precise.",,,,,,Kingston upon Thames,3.62,,"coefficient of variation is greater than 5% but less than or equal to 10%, estimate is considered reasonably precise.",,,,,Kingston upon Thames,4.0,,,,,,,,,,
E09000022,,,Lambeth ,47.84,,,,,,Lambeth ,761.6,,,,,,Lambeth ,,80.5,,,,,,,,,Lambeth ,,3.8,,,,,,Lambeth ,31534.0,,,,,,Lambeth ,1855.0,,,,,,Lambeth ,2015.0,,,,,,Lambeth ,15280.0,,,,,,Lambeth ,80.0,,,,,,,,,,,,,,,,,,,,,,,,,,,,Lambeth ,6.11983558345968,,,,,Lambeth ,6.52266039220525,,,,,Lambeth ,7.10624199610627,,,Lambeth ,85.9,,,Lambeth ,100.0,,,,,Lambeth ,64.0,,,,Lambeth ,67.99462847,,,,,Lambeth ,90.9090909090909,,,,Lambeth ,19.60473,,,,,Lambeth ,27.18743,,,,,Lambeth ,20.7,,,,,Lambeth ,77.5,,,,,Lambeth ,69.9,,,,,Lambeth ,77.5,,,,,Lambeth ,7610.0,,,,,Lambeth ,,561.0,,,,,,Lambeth ,,239,,,,,,,Lambeth ,,85.7,,,,,,,,Lambeth ,,6008.0,,,,,,Lambeth ,,,59.48,,,,,,Lambeth ,,,60.92,,,,,,Lambeth ,13.4,,,,,Lambeth ,,10.39261,,,,,Lambeth ,,25.2588,,,,,Lambeth ,,14.23595,,,,,Lambeth ,,na,Value not published for data quality reasons,,,,Lambeth ,33.31636,,,,,,,,,Lambeth ,7.63,,"coefficient of variation is less than or equal to 5%, estimate is considered precise.",,,,,,Lambeth ,7.75,,"coefficient of variation is less than or equal to 5%, estimate is considered precise.",,,,,,Lambeth ,7.5,,"coefficient of variation is less than or equal to 5%, estimate is considered precise.",,,,,,Lambeth ,3.45,,"coefficient of variation is greater than 5% but less than or equal to 10%, estimate is considered reasonably precise.",,,,,Lambeth ,3.0,,,,,,,,,,
E09000023,,,Lewisham ,29.75,,,,,,Lewisham ,653.9,,,,,,Lewisham ,,79.1,,,,,,,,,Lewisham ,,4.6,,,,,,Lewisham ,25892.0,,,,,,Lewisham ,1595.0,,,,,,Lewisham ,1695.0,,,,,,Lewisham ,11525.0,,,,,,Lewisham ,25.0,,,,,,,,,,,,,,,,,,,,,,,,,,,,Lewisham ,8.76061272437319,,,,,Lewisham ,7.15825545256455,,,,,Lewisham ,7.99555367461692,,,Lewisham ,81.0,,,Lewisham ,100.0,,,,,Lewisham ,61.0,,,,Lewisham ,68.86964448,,,,,Lewisham ,97.64705882352942,,,,Lewisham ,17.43819,,,,,Lewisham ,27.38604,,,,,Lewisham ,16.8,,,,,Lewisham ,80.7,,,,,Lewisham ,72.2,,,,,Lewisham ,79.3,,,,,Lewisham ,7050.0,,,,,Lewisham ,,642.0,,,,,,Lewisham ,,275,,,,,,,Lewisham ,,73.5,,,,,,,,Lewisham ,,6221.0,,,,,,Lewisham ,,,63.22,,,,,,Lewisham ,,,64.59,,,,,,Lewisham ,15.3,,,,,Lewisham ,,9.028960000000001,,,,,Lewisham ,,26.47059,,,,,Lewisham ,,19.69509,,,,,Lewisham ,,48.12594,,,,,Lewisham ,36.92307,,,,,,,,,Lewisham ,7.48,,"coefficient of variation is less than or equal to 5%, estimate is considered precise.",,,,,,Lewisham ,7.59,,"coefficient of variation is less than or equal to 5%, estimate is considered precise.",,,,,,Lewisham ,7.27,,"coefficient of variation is less than or equal to 5%, estimate is considered precise.",,,,,,Lewisham ,3.58,,"coefficient of variation is greater than 5% but less than or equal to 10%, estimate is considered reasonably precise.",,,,,Lewisham ,2.0,,,,,,,,,,
E09000024,,,Merton,42.53,,,,,,Merton,723.3,,,,,,Merton,,75.4,,,,,,,,,Merton,,4.8,,,,,,Merton,32084.0,,,,,,Merton,1505.0,,,,,,Merton,1605.0,,,,,,Merton,12685.0,,,,,,Merton,30.0,,,,,,,,,,,,,,,,,,,,,,,,,,,,Merton,8.04140775737272,,,,,Merton,6.90640312675366,,,,,Merton,7.81019107041548,,,Merton,91.8,,,Merton,100.0,,,,,Merton,65.0,,,,Merton,79.26829268,,,,,Merton,94.73684210526315,,,,Merton,19.50947,,,,,Merton,31.21559,,,,,Merton,13.2,,,,,Merton,79.6,,,,,Merton,71.2,,,,,Merton,78.6,,,,,Merton,4100.0,,,,,Merton,,540.0,,,,,,Merton,,250,,,,,,,Merton,,76.9,,,,,,,,Merton,,5431.0,,,,,,Merton,,,67.06,,,,,,Merton,,,66.64,,,,,,Merton,14.9,,,,,Merton,,7.98122,,,,,Merton,,22.69327,,,,,Merton,,19.98401,,,,,Merton,,na,Value not published for data quality reasons,,,,Merton,21.69926,,,,,,,,,Merton,7.47,,"coefficient of variation is less than or equal to 5%, estimate is considered precise.",,,,,,Merton,7.55,,"coefficient of variation is less than or equal to 5%, estimate is considered precise.",,,,,,Merton,7.39,,"coefficient of variation is less than or equal to 5%, estimate is considered precise.",,,,,,Merton,3.69,,"coefficient of variation is greater than 5% but less than or equal to 10%, estimate is considered reasonably precise.",,,,,Merton,6.0,,,,,,,,,,
E09000025,,,Newham ,33.33,,,,,,Newham ,613.3,,,,,,Newham ,,70.7,,,,,,,,,Newham ,,5.2,,,,,,Newham ,22217.0,,,,,,Newham ,2875.0,,,,,,Newham ,2805.0,,,,,,Newham ,16440.0,,,,,,Newham ,20.0,,,,,,,,,,,,,,,,,,,,,,,,,,,,Newham ,7.02636978524889,,,,,Newham ,6.61819312435861,,,,,Newham ,7.34754446662367,,,Newham ,86.2,,,Newham ,100.0,,,,,Newham ,71.0,,,,Newham ,77.37975952,,,,,Newham ,96,,,,Newham ,20.37319,,,,,Newham ,25.6329,,,,,Newham ,13.8,,,,,Newham ,77.8,,,,,Newham ,72.3,,,,,Newham ,77.0,,,,,Newham ,11840.0,,,,,Newham ,,642.0,,,,,,Newham ,,248,,,,,,,Newham ,,69.1,,,,,,,,Newham ,,7193.0,,,,,,Newham ,,,64.6,,,,,,Newham ,,,59.48,,,,,,Newham ,10.7,,,,,Newham ,,11.56069,,,,,Newham ,,29.92214,,,,,Newham ,,20.72181,,,,,Newham ,,na,Value not published for data quality reasons,,,,Newham ,39.55727,,,,,,,,,Newham ,7.91,,"coefficient of variation is less than or equal to 5%, estimate is considered precise.",,,,,,Newham ,8.08,,"coefficient of variation is less than or equal to 5%, estimate is considered precise.",,,,,,Newham ,8,,"coefficient of variation is less than or equal to 5%, estimate is considered precise.",,,,,,Newham ,1.86,,"coefficient of variation is greater than 10% but less than or equal to 20%, estimate is considered acceptable.",,,,,Newham ,15.0,,,,,,,,,,
E09000026,,,Redbridge,38.05,,,,,,Redbridge,623.1,,,,,,Redbridge,,70,,,,,,,,,Redbridge,,5,,,,,,Redbridge,24430.0,,,,,,Redbridge,2575.0,,,,,,Redbridge,2545.0,,,,,,Redbridge,17245.0,,,,,,Redbridge,30.0,,,,,,,,,,,,,,,,,,,,,,,,,,,,Redbridge,7.70084365751109,,,,,Redbridge,6.7518322255256,,,,,Redbridge,7.63275793667258,,,Redbridge,89.7,,,Redbridge,100.0,,,,,Redbridge,70.0,,,,Redbridge,84.54545455,,,,,Redbridge,94.9367088607595,,,,Redbridge,19.40521,,,,,Redbridge,27.63336,,,,,Redbridge,23.8,,,,,Redbridge,79.7,,,,,Redbridge,71.9,,,,,Redbridge,76.9,,,,,Redbridge,6420.0,,,,,Redbridge,,611.0,,,,,,Redbridge,,263,,,,,,,Redbridge,,66.3,,,,,,,,Redbridge,,5889.0,,,,,,Redbridge,,,63.95,,,,,,Redbridge,,,60.57,,,,,,Redbridge,11.4,,,,,Redbridge,,9.853530000000001,,,,,Redbridge,,26.72634,,,,,Redbridge,,24.14654,,,,,Redbridge,,56.51613,,,,,Redbridge,31.5233,,,,,,,,,Redbridge,7.59,,"coefficient of variation is less than or equal to 5%, estimate is considered precise.",,,,,,Redbridge,7.89,,"coefficient of variation is less than or equal to 5%, estimate is considered precise.",,,,,,Redbridge,7.63,,"coefficient of variation is less than or equal to 5%, estimate is considered precise.",,,,,,Redbridge,3.09,,"coefficient of variation is greater than 5% but less than or equal to 10%, estimate is considered reasonably precise.",,,,,Redbridge,2.0,,,,,,,,,,
E09000027,,,Richmond upon Thames,52.38,,,,,,Richmond upon Thames,748.3,,,,,,Richmond upon Thames,,79.2,,,,,,,,,Richmond upon Thames,,3.9,,,,,,Richmond upon Thames,42567.0,,,,,,Richmond upon Thames,1355.0,,,,,,Richmond upon Thames,1730.0,,,,,,Richmond upon Thames,14280.0,,,,,,Richmond upon Thames,55.0,,,,,,,,,,,,,,,,,,,,,,,,,,,,Richmond upon Thames,6.83889040708237,,,,,Richmond upon Thames,6.60805814872693,,,,,Richmond upon Thames,7.317088180502,,,Richmond upon Thames,87.8,,,Richmond upon Thames,100.0,,,,,Richmond upon Thames,74.0,,,,Richmond upon Thames,83.48968105,,,,,Richmond upon Thames,100,,,,Richmond upon Thames,18.05723,,,,,Richmond upon Thames,39.25456,,,,,Richmond upon Thames,26.1,,,,,Richmond upon Thames,88.7,,,,,Richmond upon Thames,78.1,,,,,Richmond upon Thames,87.1,,,,,Richmond upon Thames,2780.0,,,,,Richmond upon Thames,,434.0,,,,,,Richmond upon Thames,,231,,,,,,,Richmond upon Thames,,81.2,,,,,,,,Richmond upon Thames,,5118.0,,,,,,Richmond upon Thames,,,68.87,,,,,,Richmond upon Thames,,,70.23,,,,,,Richmond upon Thames,6.4,,,,,Richmond upon Thames,,5.665719999999999,,,,,Richmond upon Thames,,12.04188,,,,,Richmond upon Thames,,15.03951,,,,,Richmond upon Thames,,na,Value not published for data quality reasons,,,,Richmond upon Thames,18.91547,,,,,,,,,Richmond upon Thames,7.33,,"coefficient of variation is less than or equal to 5%, estimate is considered precise.",,,,,,Richmond upon Thames,7.67,,"coefficient of variation is less than or equal to 5%, estimate is considered precise.",,,,,,Richmond upon Thames,7.21,,"coefficient of variation is less than or equal to 5%, estimate is considered precise.",,,,,,Richmond upon Thames,3.67,,"coefficient of variation is greater than 5% but less than or equal to 10%, estimate is considered reasonably precise.",,,,,Richmond upon Thames,2.0,,,,,,,,,,
E09000028,,,Southwark,43.19,,,,,,Southwark,723.2,,,,,,Southwark,,78.2,,,,,,,,,Southwark,,3.9,,,,,,Southwark,31054.0,,,,,,Southwark,2045.0,,,,,,Southwark,2410.0,,,,,,Southwark,18145.0,,,,,,Southwark,175.0,,,,,,,,,,,,,,,,,,,,,,,,,,,,Southwark,6.12206345336499,,,,,Southwark,6.5343468010618,,,,,Southwark,7.12039215573117,,,Southwark,84.8,,,Southwark,100.0,,,,,Southwark,67.0,,,,Southwark,76.63257278,,,,,Southwark,98.0952380952381,,,,Southwark,18.00672,,,,,Southwark,24.92273,,,,,Southwark,21.1,,,,,Southwark,78.1,,,,,Southwark,71.8,,,,,Southwark,78.3,,,,,Southwark,7600.0,,,,,Southwark,,574.0,,,,,,Southwark,,253,,,,,,,Southwark,,68.4,,,,,,,,Southwark,,6300.0,,,,,,Southwark,,,61.96,,,,,,Southwark,,,63.41,,,,,,Southwark,11.6,,,,,Southwark,,10.77236,,,,,Southwark,,27.67528,,,,,Southwark,,15.42123,,,,,Southwark,,57.07899,,,,,Southwark,33.67551,,,,,,,,,Southwark,7.23,,"coefficient of variation is less than or equal to 5%, estimate is considered precise.",,,,,,Southwark,7.4,,"coefficient of variation is less than or equal to 5%, estimate is considered precise.",,,,,,Southwark,7.12,,"coefficient of variation is less than or equal to 5%, estimate is considered precise.",,,,,,Southwark,3.82,,"coefficient of variation is greater than 5% but less than or equal to 10%, estimate is considered reasonably precise.",,,,,Southwark,10.0,,,,,,,,,,
E09000029,,,Sutton,33.99,,,,,,Sutton,629.9,,,,,,Sutton,,78.3,,,,,,,,,Sutton,,4.6,,,,,,Sutton,24426.0,,,,,,Sutton,1040.0,,,,,,Sutton,1195.0,,,,,,Sutton,9410.0,,,,,,Sutton,20.0,,,,,,,,,,,,,,,,,,,,,,,,,,,,Sutton,8.98359711524699,,,,,Sutton,6.96097031668342,,,,,Sutton,8.06092810862448,,,Sutton,88.8,,,Sutton,100.0,,,,,Sutton,68.0,,,,Sutton,84.2345773,,,,,Sutton,98.41269841269842,,,,Sutton,21.01689,,,,,Sutton,38.47714000000001,,,,,Sutton,23.7,,,,,Sutton,82.0,,,,,Sutton,71.2,,,,,Sutton,79.3,,,,,Sutton,3240.0,,,,,Sutton,,705.0,,,,,,Sutton,,348,,,,,,,Sutton,,70.5,,,,,,,,Sutton,,4841.0,,,,,,Sutton,,,68.45,,,,,,Sutton,,,66.32,,,,,,Sutton,6.9,,,,,Sutton,,6.86016,,,,,Sutton,,17.81473,,,,,Sutton,,21.35611,,,,,Sutton,,52.61438,,,,,Sutton,24.55606,,,,,,,,,Sutton,7.46,,"coefficient of variation is less than or equal to 5%, estimate is considered precise.",,,,,,Sutton,7.79,,"coefficient of variation is less than or equal to 5%, estimate is considered precise.",,,,,,Sutton,7.41,,"coefficient of variation is less than or equal to 5%, estimate is considered precise.",,,,,,Sutton,3.47,,"coefficient of variation is greater than 5% but less than or equal to 10%, estimate is considered reasonably precise.",,,,,Sutton,6.0,,,,,,,,,,
E09000030,,,Tower Hamlets,71.9,,,,,,Tower Hamlets,763.6,,,,,,Tower Hamlets,,70.3,,,,,,,,,Tower Hamlets,,5.8,,,,,,Tower Hamlets,29716.0,,,,,,Tower Hamlets,2555.0,,,,,,Tower Hamlets,2545.0,,,,,,Tower Hamlets,18905.0,,,,,,Tower Hamlets,115.0,,,,,,,,,,,,,,,,,,,,,,,,,,,,Tower Hamlets,4.35089142886322,,,,,Tower Hamlets,6.15065956304002,,,,,Tower Hamlets,6.57872853485517,,,Tower Hamlets,79.7,,,Tower Hamlets,100.0,,,,,Tower Hamlets,68.0,,,,Tower Hamlets,80.10714286,,,,,Tower Hamlets,96.73913043478261,,,,Tower Hamlets,18.04404,,,,,Tower Hamlets,22.12812,,,,,Tower Hamlets,11.3,,,,,Tower Hamlets,75.3,,,,,Tower Hamlets,67.7,,,,,Tower Hamlets,74.0,,,,,Tower Hamlets,8440.0,,,,,Tower Hamlets,,645.0,,,,,,Tower Hamlets,,273,,,,,,,Tower Hamlets,,64.8,,,,,,,,Tower Hamlets,,6147.0,,,,,,Tower Hamlets,,,57.8,,,,,,Tower Hamlets,,,65.3,,,,,,Tower Hamlets,11.7,,,,,Tower Hamlets,,10.54422,,,,,Tower Hamlets,,28.04878,,,,,Tower Hamlets,,18.20726,,,,,Tower Hamlets,,na,Value not published for data quality reasons,,,,Tower Hamlets,40.53562,,,,,,,,,Tower Hamlets,7.32,,"coefficient of variation is less than or equal to 5%, estimate is considered precise.",,,,,,Tower Hamlets,7.3,,"coefficient of variation is less than or equal to 5%, estimate is considered precise.",,,,,,Tower Hamlets,6.87,,"coefficient of variation is less than or equal to 5%, estimate is considered precise.",,,,,,Tower Hamlets,3.26,,"coefficient of variation is greater than 5% but less than or equal to 10%, estimate is considered reasonably precise.",,,,,Tower Hamlets,19.0,,,,,,,,,,
E09000031,,,Waltham Forest,36.73,,,,,,Waltham Forest,678.1,,,,,,Waltham Forest,,71.3,,,,,,,,,Waltham Forest,,5.5,,,,,,Waltham Forest,24476.0,,,,,,Waltham Forest,2075.0,,,,,,Waltham Forest,2065.0,,,,,,Waltham Forest,14075.0,,,,,,Waltham Forest,25.0,,,,,,,,,,,,,,,,,,,,,,,,,,,,Waltham Forest,7.24801941780039,,,,,Waltham Forest,6.72771808493202,,,,,Waltham Forest,7.46374605684633,,,Waltham Forest,90.5,,,Waltham Forest,100.0,,,,,Waltham Forest,70.0,,,,Waltham Forest,77.26775956,,,,,Waltham Forest,96.15384615384616,,,,Waltham Forest,20.39027,,,,,Waltham Forest,29.00986,,,,,Waltham Forest,30.2,,,,,Waltham Forest,82.8,,,,,Waltham Forest,76.4,,,,,Waltham Forest,81.4,,,,,Waltham Forest,6810.0,,,,,Waltham Forest,,633.0,,,,,,Waltham Forest,,273,,,,,,,Waltham Forest,,71.5,,,,,,,,Waltham Forest,,6458.0,,,,,,Waltham Forest,,,67.96,,,,,,Waltham Forest,,,63.22,,,,,,Waltham Forest,11.8,,,,,Waltham Forest,,8.10373,,,,,Waltham Forest,,25.72347,,,,,Waltham Forest,,21.59116,,,,,Waltham Forest,,47.26368,,,,,Waltham Forest,31.10425,,,,,,,,,Waltham Forest,7.16,,"coefficient of variation is less than or equal to 5%, estimate is considered precise.",,,,,,Waltham Forest,7.5,,"coefficient of variation is less than or equal to 5%, estimate is considered precise.",,,,,,Waltham Forest,6.82,,"coefficient of variation is less than or equal to 5%, estimate is considered precise.",,,,,,Waltham Forest,3.36,,"coefficient of variation is greater than 5% but less than or equal to 10%, estimate is considered reasonably precise.",,,,,Waltham Forest,11.0,,,,,,,,,,
E09000032,,,Wandsworth,34.75,,,,,,Wandsworth,846.8,,,,,,Wandsworth,,85.5,,,,,,,,,Wandsworth,,3.4,,,,,,Wandsworth,41584.0,,,,,,Wandsworth,1980.0,,,,,,Wandsworth,2320.0,,,,,,Wandsworth,17660.0,,,,,,Wandsworth,50.0,,,,,,,,,,,,,,,,,,,,,,,,,,,,Wandsworth,6.24784594785723,,,,,Wandsworth,6.59596578297487,,,,,Wandsworth,7.12142300379532,,,Wandsworth,82.7,,,Wandsworth,100.0,,,,,Wandsworth,66.0,,,,Wandsworth,78.00875274,,,,,Wandsworth,96.47058823529412,,,,Wandsworth,18.18384,,,,,Wandsworth,28.35596,,,,,Wandsworth,24.2,,,,,Wandsworth,80.9,,,,,Wandsworth,75.9,,,,,Wandsworth,82.7,,,,,Wandsworth,5470.0,,,,,Wandsworth,,513.0,,,,,,Wandsworth,,242,,,,,,,Wandsworth,,80.2,,,,,,,,Wandsworth,,4300.0,,,,,,Wandsworth,,,70.14,,,,,,Wandsworth,,,65.44,,,,,,Wandsworth,7.8,,,,,Wandsworth,,7.852189999999999,,,,,Wandsworth,,21.81818,,,,,Wandsworth,,14.36877,,,,,Wandsworth,,na,Value not published for data quality reasons,,,,Wandsworth,23.56537,,,,,,,,,Wandsworth,7.45,,"coefficient of variation is less than or equal to 5%, estimate is considered precise.",,,,,,Wandsworth,7.4,,"coefficient of variation is less than or equal to 5%, estimate is considered precise.",,,,,,Wandsworth,7.35,,"coefficient of variation is less than or equal to 5%, estimate is considered precise.",,,,,,Wandsworth,3.44,,"coefficient of variation is greater than 5% but less than or equal to 10%, estimate is considered reasonably precise.",,,,,Wandsworth,14.0,,,,,,,,,,
E09000033,,,Westminster,58.63,,,,,,Westminster,765.3,,,,,,Westminster,,69.6,,,,,,,,,Westminster,,4.6,,,,,,Westminster,67389.0,,,,,,Westminster,6540.0,,,,,,Westminster,5705.0,,,,,,Westminster,57630.0,,,,,,Westminster,435.0,,,,,,,,,,,,,,,,,,,,,,,,,,,,Westminster,5.08266707038003,,,,,Westminster,6.46227953278718,,,,,Westminster,6.73570489515515,,,Westminster,76.8,,,Westminster,100.0,,,,,Westminster,68.0,,,,Westminster,82.54990341,,,,,Westminster,96.42857142857142,,,,Westminster,23.08434,,,,,Westminster,29.39058,,,,,Westminster,28.6,,,,,Westminster,76.1,,,,,Westminster,68.6,,,,,Westminster,77.0,,,,,Westminster,3750.0,,,,,Westminster,,456.0,,,,,,Westminster,,244,,,,,,,Westminster,,79.7,,,,,,,,Westminster,,4789.0,,,,,,Westminster,,,65.21,,,,,,Westminster,,,66.33,,,,,,Westminster,12.3,,,,,Westminster,,10.86957,,,,,Westminster,,28.64078,,,,,Westminster,,16.33908,,,,,Westminster,,na,Value not published for data quality reasons,,,,Westminster,25.81272,,,,,,,,,Westminster,7,,"coefficient of variation is less than or equal to 5%, estimate is considered precise.",,,,,,Westminster,7.25,,"coefficient of variation is less than or equal to 5%, estimate is considered precise.",,,,,,Westminster,7.01,,"coefficient of variation is less than or equal to 5%, estimate is considered precise.",,,,,,Westminster,3.73,,"coefficient of variation is greater than 5% but less than or equal to 10%, estimate is considered reasonably precise.",,,,,Westminster,16.0,,,,,,,,,,
E10000002,,,,,,,,,Buckinghamshire,,640.5,Obsolete code since 2020 (replaced by E06000060 Buckinghamshire),,,,,,,,,,,,,,,,,,,,,,,,,,,,,,,,,,,,,,,,,,,,,,,,,,,,,,,,,,,,,,,,,,,,,,,,,,,,,,,,Buckinghamshire,,12.4856926579155,Obsolete code since 2020 (replaced by E06000060 Buckinghamshire),,,Buckinghamshire,,7.73906544611018,Obsolete code since 2020 (replaced by E06000060 Buckinghamshire),,,Buckinghamshire,,10.2822877639976,Obsolete code since 2020 (replaced by E06000060 Buckinghamshire),,,,,,,,,,,,,,,,,,,,,,,,,,,Buckinghamshire,,22.86371,Obsolete code since 2020 (replaced by E06000060 Buckinghamshire),,,Buckinghamshire,,41.21207,Obsolete code since 2020 (replaced by E06000060 Buckinghamshire),,,,,,,,,,,,,,,,,,,,,,,,,,,,,,,,,,,,,,,,,,,,,,,,,,,,,,,,,,,,,,,,,,,,,,,,,,,,,,,,,,,,,,Buckinghamshire,,na,Obsolete code since 2020 (replaced by E06000060 Buckinghamshire),,,,,,,,,,,,,,,,,,,,,,,,,,,,,,,,,,,,,,,,,,,,,,,,,,,,,,,,,,,,,,,,,,,,,,,,,,,,,,,,,,,,,,,,
E10000003,,,,,,,,,Cambridgeshire,,644.2,,,,,,,,,,,,,,,,,,,,,,,,,,,,,,,Cambridgeshire,,2880.0,,,,,Cambridgeshire,,3135.0,,,,,Cambridgeshire,,29655.0,,,,,Cambridgeshire,,140.0,,,,,,,,,,,,,,,,,,,,,,,,,,,Cambridgeshire,,13.6109938219216,,,,Cambridgeshire,,7.8785080800631,,,,Cambridgeshire,,10.8050984739517,,,,,,,,,,,,Cambridgeshire,,58.0,,,Cambridgeshire,,77.35227863,,,,Cambridgeshire,,89.69465648854963,,,Cambridgeshire,,21.22177,,,,Cambridgeshire,,39.09334,,,,Cambridgeshire,,17.5,,,,Cambridgeshire,,80.0,,,,Cambridgeshire,,68.9,,,,Cambridgeshire,,78.6,,,,Cambridgeshire,,6890.0,,,,Cambridgeshire,,,735.0,,,,,Cambridgeshire,,,393,,,,,,Cambridgeshire,,,65.7,,,,,,,Cambridgeshire,,,3406.0,,,,,Cambridgeshire,,,,67.65,,,,,Cambridgeshire,,,,64.24,,,,,Cambridgeshire,,11.3,,,,Cambridgeshire,,,7.003889999999999,,,,Cambridgeshire,,,17.81896,,,,Cambridgeshire,,,24.9619,,,,Cambridgeshire,,,56.39391,,,,Cambridgeshire,,23.21066,,,,,,,,Cambridgeshire,,7.32,,"coefficient of variation is less than or equal to 5%, estimate is considered precise.",,,,,Cambridgeshire,,7.75,,"coefficient of variation is less than or equal to 5%, estimate is considered precise.",,,,,Cambridgeshire,,7.31,,"coefficient of variation is less than or equal to 5%, estimate is considered precise.",,,,,Cambridgeshire,,3.02,,"coefficient of variation is less than or equal to 5%, estimate is considered precise.",,,,Cambridgeshire,,17.0,,,,,,,,,,
E10000006,,,,,,,,,,,,,,,,,,,,,,,,,,,,,,,,,,,,,,,,,,Cumbria ,,1770.0,Obsolete code since 2023 (replaced by E06000063 Cumberland and E06000064 Westmorland and Furness),,,,Cumbria ,,2080.0,Obsolete code since 2023 (replaced by E06000063 Cumberland and E06000064 Westmorland and Furness),,,,Cumbria ,,19320.0,Obsolete code since 2023 (replaced by E06000063 Cumberland and E06000064 Westmorland and Furness),,,,Cumbria ,,65.0,Obsolete code since 2023 (replaced by E06000063 Cumberland and E06000064 Westmorland and Furness),,,,,,,,,,,,,,,,,,,,,,,,,,Cumbria ,,19.5312653112035,Obsolete code since 2023 (replaced by E06000063 Cumberland and E06000064 Westmorland and Furness),,,Cumbria ,,8.93087397874813,Obsolete code since 2023 (replaced by E06000063 Cumberland and E06000064 Westmorland and Furness),,,Cumbria ,,13.4270227309716,Obsolete code since 2023 (replaced by E06000063 Cumberland and E06000064 Westmorland and Furness),,,,,,,,,,,,,,,,Cumbria ,,73.75529127,Obsolete code since 2023 (replaced by E06000063 Cumberland and E06000064 Westmorland and Furness),,,,,,,,Cumbria ,,22.93356,Obsolete code since 2023 (replaced by E06000063 Cumberland and E06000064 Westmorland and Furness),,,Cumbria ,,38.87145,Obsolete code since 2023 (replaced by E06000063 Cumberland and E06000064 Westmorland and Furness),,,Cumbria ,,14.9,Obsolete code since 2023 (replaced by E06000063 Cumberland and E06000064 Westmorland and Furness),,,,,,,,,,,,,,,,,,,,,Cumbria ,,6960.0,Obsolete code since 2023 (replaced by E06000063 Cumberland and E06000064 Westmorland and Furness),,,Cumbria ,,,1334.0,,Obsolete code since 2023 (replaced by E06000063 Cumberland and E06000064 Westmorland and Furness),,,Cumbria ,,,751,,Obsolete code since 2023 (replaced by E06000063 Cumberland and E06000064 Westmorland and Furness),,,,Cumbria ,,,55.1,Obsolete code since 2023 (replaced by E06000063 Cumberland and E06000064 Westmorland and Furness),,,,,,Cumbria ,,,5558.0,Obsolete code since 2023 (replaced by E06000063 Cumberland and E06000064 Westmorland and Furness),,,,Cumbria ,,,,65.15,Obsolete code since 2023 (replaced by E06000063 Cumberland and E06000064 Westmorland and Furness),,,,Cumbria ,,,,61.73,Obsolete code since 2023 (replaced by E06000063 Cumberland and E06000064 Westmorland and Furness),,,,Cumbria ,,13.1,Obsolete code since 2023 (replaced by E06000063 Cumberland and E06000064 Westmorland and Furness),,,,,,,,,,,,,,,,,Cumbria ,,,26.29173,Obsolete code since 2023 (replaced by E06000063 Cumberland and E06000064 Westmorland and Furness),,,,,,,,,,,,,,,,,,,,Cumbria ,,7.73,,"coefficient of variation is less than or equal to 5%, estimate is considered precise.",Obsolete code since 2023 (replaced by E06000063 Cumberland and E06000064 Westmorland and Furness),,,,Cumbria ,,7.94,,"coefficient of variation is less than or equal to 5%, estimate is considered precise.",Obsolete code since 2023 (replaced by E06000063 Cumberland and E06000064 Westmorland and Furness),,,,Cumbria ,,7.52,,"coefficient of variation is less than or equal to 5%, estimate is considered precise.",Obsolete code since 2023 (replaced by E06000063 Cumberland and E06000064 Westmorland and Furness),,,,Cumbria ,,3.34,,"coefficient of variation is greater than 5% but less than or equal to 10%, estimate is considered reasonably precise.",Obsolete code since 2023 (replaced by E06000063 Cumberland and E06000064 Westmorland and Furness),,,Cumbria ,,6.0,Obsolete code since 2023 (replaced by E06000063 Cumberland and E06000064 Westmorland and Furness),,,,,,,,,
E10000007,,,,,,,,,Derbyshire,,564.2,,,,,,,,,,,,,,,,,,,,,,,,,,,,,,,Derbyshire,,3750.0,,,,,Derbyshire,,3155.0,,,,,Derbyshire,,31240.0,,,,,Derbyshire,,110.0,,,,,,,,,,,,,,,,,,,,,,,,,,,Derbyshire,,11.9979798416753,,,,Derbyshire,,7.8922298023784,,,,Derbyshire,,10.664314833733,,,,,,,,,,,,Derbyshire,,59.0,,,Derbyshire,,75.46181417,,,,Derbyshire,,84.65227817745803,,,Derbyshire,,22.08904,,,,Derbyshire,,36.82163,,,,Derbyshire,,21.5,,,,Derbyshire,,81.1,,,,Derbyshire,,69.6,,,,Derbyshire,,77.4,,,,Derbyshire,,11010.0,,,,Derbyshire,,,1157.0,,,,,Derbyshire,,,551,,,,,,Derbyshire,,,57.3,,,,,,,Derbyshire,,,5020.0,,,,,Derbyshire,,,,62.62,,,,,Derbyshire,,,,61.51,,,,,Derbyshire,,14,,,,Derbyshire,,,8.42886,,,,Derbyshire,,,20.64753,,,,Derbyshire,,,30.30402,,,,Derbyshire,,,52.15232,,,,Derbyshire,,29.8284,,,,,,,,Derbyshire,,7.54,,"coefficient of variation is less than or equal to 5%, estimate is considered precise.",,,,,Derbyshire,,7.83,,"coefficient of variation is less than or equal to 5%, estimate is considered precise.",,,,,Derbyshire,,7.47,,"coefficient of variation is less than or equal to 5%, estimate is considered precise.",,,,,Derbyshire,,3.05,,"coefficient of variation is less than or equal to 5%, estimate is considered precise.",,,,Derbyshire,,11.0,,,,,,,,,,
E10000008,,,,,,,,,Devon,,519.6,,,,,,,,,,,,,,,,,,,,,,,,,,,,,,,Devon,,3290.0,,,,,Devon,,3195.0,,,,,Devon,,34215.0,,,,,Devon,,135.0,,,,,,,,,,,,,,,,,,,,,,,,,,,Devon,,18.4800866039334,,,,Devon,,9.16641862308481,,,,Devon,,13.7554345670555,,,,,,,,,,,,Devon,,55.0,,,Devon,,74.69000729,,,,Devon,,86.68478260869566,,,Devon,,24.06794,,,,Devon,,42.38022,,,,Devon,,25.2,,,,Devon,,80.6,,,,Devon,,70.7,,,,Devon,,79.1,,,,Devon,,10650.0,,,,Devon,,,1143.0,,,,,Devon,,,632,,,,,,Devon,,,61.6,,,,,,,Devon,,,4615.0,,,,,Devon,,,,68.66,,,,,Devon,,,,66.61,,,,,Devon,,13.9,,,,Devon,,,6.99523,,,,Devon,,,17.1831,,,,Devon,,,24.17702,,,,Devon,,,na,Value not published for data quality reasons,,,Devon,,22.0183,,,,,,,,Devon,,7.54,,"coefficient of variation is less than or equal to 5%, estimate is considered precise.",,,,,Devon,,7.79,,"coefficient of variation is less than or equal to 5%, estimate is considered precise.",,,,,Devon,,7.49,,"coefficient of variation is less than or equal to 5%, estimate is considered precise.",,,,,Devon,,3.16,,"coefficient of variation is less than or equal to 5%, estimate is considered precise.",,,,Devon,,11.0,,,,,,,,,,
E10000009,,,,,,,,,,,,,,,,,,,,,,,,,,,,,,,,,,,,,,,,,,,,,,,,,,,,,,,,,,,,,,,,,,,,,,,,,,,,,,,,,,,,,,,,,,,,Dorset,,15.3761987093525,Obsolete code since 2019 (replaced by E06000059 Dorset),,,Dorset,,8.39223857129137,Obsolete code since 2019 (replaced by E06000059 Dorset),,,Dorset,,12.0577944984373,Obsolete code since 2019 (replaced by E06000059 Dorset),,,,,,,,,,,,,,,,,,,,,,,,,,,,,,,,,,,,,,,,,,,,,,,,,,,,,,,,,,,,,,,,,,,,,,,,,,,,,,,,,,,,,,,,,,,,,,,,,,,,,,,,,,,,,,,,,,,,,,,,,,,,,,,,,,,,,,,,,,,,,,,,,,,,,,,,,,,,,,,,,,,,,,,,,,,,,,,,,,,,,,,,,,,,,,,,,,,,,,,,,,,,,,,,,,,,,
E10000011,,,,,,,,,East Sussex,,533.1,,,,,,,,,,,,,,,,,,,,,,,,,,,,,,,East Sussex,,2185.0,,,,,East Sussex,,2335.0,,,,,East Sussex,,24015.0,,,,,East Sussex,,80.0,,,,,,,,,,,,,,,,,,,,,,,,,,,East Sussex,,12.1782016087093,,,,East Sussex,,7.83813176587402,,,,East Sussex,,10.5741151505248,,,,,,,,,,,,East Sussex,,56.0,,,East Sussex,,74.0632806,,,,East Sussex,,88.35978835978837,,,East Sussex,,23.03639,,,,East Sussex,,38.41113,,,,East Sussex,,17.5,,,,East Sussex,,84.3,,,,East Sussex,,71.6,,,,East Sussex,,79.6,,,,East Sussex,,7700.0,,,,East Sussex,,,809.0,,,,,East Sussex,,,393,,,,,,East Sussex,,,57.8,,,,,,,East Sussex,,,5482.0,,,,,East Sussex,,,,63.28,,,,,East Sussex,,,,63.1,,,,,East Sussex,,11.5,,,,East Sussex,,,8.56553,,,,East Sussex,,,19.25643,,,,East Sussex,,,24.61769,,,,East Sussex,,,54.60777,,,,East Sussex,,23.74663,,,,,,,,East Sussex,,7.27,,"coefficient of variation is less than or equal to 5%, estimate is considered precise.",,,,,East Sussex,,7.71,,"coefficient of variation is less than or equal to 5%, estimate is considered precise.",,,,,East Sussex,,7.17,,"coefficient of variation is less than or equal to 5%, estimate is considered precise.",,,,,East Sussex,,3.49,,"coefficient of variation is less than or equal to 5%, estimate is considered precise.",,,,East Sussex,,9.0,,,,,,,,,,
E10000012,,,,,,,,,Essex,,594.1,,,,,,,,,,,,,,,,,,,,,,,,,,,,,,,Essex,,7600.0,,,,,Essex,,7715.0,,,,,Essex,,71995.0,,,,,Essex,,205.0,,,,,,,,,,,,,,,,,,,,,,,,,,,Essex,,12.5475517500986,,,,Essex,,8.0331570251512,,,,Essex,,10.6515405456092,,,,,,,,,,,,Essex,,61.0,,,Essex,,73.91843483,,,,Essex,,91.81818181818181,,,Essex,,22.67712,,,,Essex,,40.95798,,,,Essex,,21.6,,,,Essex,,80.8,,,,Essex,,71.5,,,,Essex,,78.8,,,,Essex,,17250.0,,,,Essex,,,915.0,,,,,Essex,,,434,,,,,,Essex,,,53.6,,,,,,,Essex,,,4312.0,,,,,Essex,,,,65.92,,,,,Essex,,,,64.22,,,,,Essex,,13.2,,,,Essex,,,8.3231,,,,Essex,,,20.22202,,,,Essex,,,27.47003,,,,Essex,,,53.9075,,,,Essex,,25.23407,,,,,,,,Essex,,7.49,,"coefficient of variation is less than or equal to 5%, estimate is considered precise.",,,,,Essex,,7.77,,"coefficient of variation is less than or equal to 5%, estimate is considered precise.",,,,,Essex,,7.47,,"coefficient of variation is less than or equal to 5%, estimate is considered precise.",,,,,Essex,,3.23,,"coefficient of variation is less than or equal to 5%, estimate is considered precise.",,,,Essex,,9.0,,,,,,,,,,
E10000013,,,,,,,,,Gloucestershire,,573.4,,,,,,,,,,,,,,,,,,,,,,,,,,,,,,,Gloucestershire,,2600.0,,,,,Gloucestershire,,2985.0,,,,,Gloucestershire,,29420.0,,,,,Gloucestershire,,125.0,,,,,,,,,,,,,,,,,,,,,,,,,,,Gloucestershire,,13.6768676613346,,,,Gloucestershire,,8.08031088443942,,,,Gloucestershire,,11.3028320352502,,,,,,,,,,,,Gloucestershire,,58.0,,,Gloucestershire,,78.21202532,,,,Gloucestershire,,88.88888888888889,,,Gloucestershire,,21.41484,,,,Gloucestershire,,39.80398,,,,Gloucestershire,,17.1,,,,Gloucestershire,,82.7,,,,Gloucestershire,,72.1,,,,Gloucestershire,,78.9,,,,Gloucestershire,,9210.0,,,,Gloucestershire,,,964.0,,,,,Gloucestershire,,,477,,,,,,Gloucestershire,,,65.2,,,,,,,Gloucestershire,,,4849.0,,,,,Gloucestershire,,,,66.38,,,,,Gloucestershire,,,,67.43,,,,,Gloucestershire,,11.5,,,,Gloucestershire,,,8.63025,,,,Gloucestershire,,,20.31019,,,,Gloucestershire,,,25.72158,,,,Gloucestershire,,,55.45227,,,,Gloucestershire,,27.87291,,,,,,,,Gloucestershire,,7.44,,"coefficient of variation is less than or equal to 5%, estimate is considered precise.",,,,,Gloucestershire,,7.73,,"coefficient of variation is less than or equal to 5%, estimate is considered precise.",,,,,Gloucestershire,,7.36,,"coefficient of variation is less than or equal to 5%, estimate is considered precise.",,,,,Gloucestershire,,3.11,,"coefficient of variation is less than or equal to 5%, estimate is considered precise.",,,,Gloucestershire,,12.0,,,,,,,,,,
E10000014,,,,,,,,,Hampshire,,615.2,,,,,,,,,,,,,,,,,,,,,,,,,,,,,,,Hampshire,,5700.0,,,,,Hampshire,,6775.0,,,,,Hampshire,,63600.0,,,,,Hampshire,,240.0,,,,,,,,,,,,,,,,,,,,,,,,,,,Hampshire,,12.4294655404996,,,,Hampshire,,7.74351155053357,,,,Hampshire,,10.1329831100106,,,,,,,,,,,,Hampshire,,61.0,,,Hampshire,,78.86525924,,,,Hampshire,,91.52542372881355,,,Hampshire,,19.98132,,,,Hampshire,,38.032,,,,Hampshire,,18.1,,,,Hampshire,,86.0,,,,Hampshire,,74.5,,,,Hampshire,,82.4,,,,Hampshire,,17450.0,,,,Hampshire,,,1243.0,,,,,Hampshire,,,593,,,,,,Hampshire,,,60.6,,,,,,,Hampshire,,,5372.0,,,,,Hampshire,,,,66.11,,,,,Hampshire,,,,66.65,,,,,Hampshire,,10.5,,,,Hampshire,,,7.960380000000001,,,,Hampshire,,,18.70432,,,,Hampshire,,,25.88826,,,,Hampshire,,,56.04689,,,,Hampshire,,20.81919,,,,,,,,Hampshire,,7.58,,"coefficient of variation is less than or equal to 5%, estimate is considered precise.",,,,,Hampshire,,7.79,,"coefficient of variation is less than or equal to 5%, estimate is considered precise.",,,,,Hampshire,,7.43,,"coefficient of variation is less than or equal to 5%, estimate is considered precise.",,,,,Hampshire,,3.25,,"coefficient of variation is less than or equal to 5%, estimate is considered precise.",,,,Hampshire,,9.0,,,,,,,,,,
E10000015,,,,,,,,,Hertfordshire ,,651.6,,,,,,,,,,,,,,,,,,,,,,,,,,,,,,,Hertfordshire ,,7120.0,,,,,Hertfordshire ,,7680.0,,,,,Hertfordshire ,,67770.0,,,,,Hertfordshire ,,235.0,,,,,,,,,,,,,,,,,,,,,,,,,,,Hertfordshire ,,11.859867235239,,,,Hertfordshire ,,7.73886778333436,,,,Hertfordshire ,,9.96456264254221,,,,,,,,,,,,Hertfordshire ,,61.0,,,Hertfordshire ,,80.38199814,,,,Hertfordshire ,,91.30434782608697,,,Hertfordshire ,,20.77145,,,,Hertfordshire ,,39.4379,,,,Hertfordshire ,,21.4,,,,Hertfordshire ,,81.2,,,,Hertfordshire ,,70.7,,,,Hertfordshire ,,78.7,,,,Hertfordshire ,,13190.0,,,,Hertfordshire ,,,744.0,,,,,Hertfordshire ,,,365,,,,,,Hertfordshire ,,,63.8,,,,,,,Hertfordshire ,,,3859.0,,,,,Hertfordshire ,,,,66.27,,,,,Hertfordshire ,,,,66.27,,,,,Hertfordshire ,,11.6,,,,Hertfordshire ,,,7.33182,,,,Hertfordshire ,,,18.02239,,,,Hertfordshire ,,,22.38658,,,,Hertfordshire ,,,57.82103000000001,,,,Hertfordshire ,,22.89052,,,,,,,,Hertfordshire ,,7.53,,"coefficient of variation is less than or equal to 5%, estimate is considered precise.",,,,,Hertfordshire ,,7.8,,"coefficient of variation is less than or equal to 5%, estimate is considered precise.",,,,,Hertfordshire ,,7.37,,"coefficient of variation is less than or equal to 5%, estimate is considered precise.",,,,,Hertfordshire ,,3.31,,"coefficient of variation is less than or equal to 5%, estimate is considered precise.",,,,Hertfordshire ,,9.0,,,,,,,,,,
E10000016,,,,,,,,,Kent,,582.2,,,,,,,,,,,,,,,,,,,,,,,,,,,,,,,Kent,,7165.0,,,,,Kent,,7515.0,,,,,Kent,,69500.0,,,,,Kent,,265.0,,,,,,,,,,,,,,,,,,,,,,,,,,,Kent,,11.5121705665134,,,,Kent,,7.73584529421824,,,,Kent,,10.1643822495428,,,,,,,,,,,,Kent,,59.0,,,Kent,,73.5144632,,,,Kent,,91.37055837563452,,,Kent,,24.12099,,,,Kent,,42.29647,,,,Kent,,17.2,,,,Kent,,80.7,,,,Kent,,70.8,,,,Kent,,79.2,,,,Kent,,19400.0,,,,Kent,,,905.0,,,,,Kent,,,401,,,,,,Kent,,,59.4,,,,,,,Kent,,,5185.0,,,,,Kent,,,,63.63,,,,,Kent,,,,64.59,,,,,Kent,,11.6,,,,Kent,,,8.966569999999999,,,,Kent,,,21.24532,,,,Kent,,,27.32926,,,,Kent,,,54.63336,,,,Kent,,26.24684,,,,,,,,Kent,,7.59,,"coefficient of variation is less than or equal to 5%, estimate is considered precise.",,,,,Kent,,7.87,,"coefficient of variation is less than or equal to 5%, estimate is considered precise.",,,,,Kent,,7.58,,"coefficient of variation is less than or equal to 5%, estimate is considered precise.",,,,,Kent,,3.02,,"coefficient of variation is less than or equal to 5%, estimate is considered precise.",,,,Kent,,11.0,,,,,,,,,,
E10000017,,,,,,,,,Lancashire,,542.1,,,,,,,,,,,,,,,,,,,,,,,,,,,,,,,Lancashire,,5315.0,,,,,Lancashire,,5565.0,,,,,Lancashire,,47665.0,,,,,Lancashire,,185.0,,,,,,,,,,,,,,,,,,,,,,,,,,,Lancashire,,10.7310576907186,,,,Lancashire,,7.43376425851405,,,,Lancashire,,9.76170251779045,,,,,,,,,,,,Lancashire,,59.0,,,Lancashire,,76.88462469,,,,Lancashire,,90.89456869009584,,,Lancashire,,21.16792,,,,Lancashire,,36.61654,,,,Lancashire,,17.4,,,,Lancashire,,78.1,,,,Lancashire,,67.5,,,,Lancashire,,75.3,,,,Lancashire,,21850.0,,,,Lancashire,,,1148.0,,,,,Lancashire,,,576,,,,,,Lancashire,,,57.6,,,,,,,Lancashire,,,6173.0,,,,,Lancashire,,,,63.97,,,,,Lancashire,,,,61.43,,,,,Lancashire,,13.4,,,,Lancashire,,,9.094669999999999,,,,Lancashire,,,22.12687,,,,Lancashire,,,26.70979,,,,Lancashire,,,52.86635,,,,Lancashire,,36.66862,,,,,,,,Lancashire,,7.52,,"coefficient of variation is less than or equal to 5%, estimate is considered precise.",,,,,Lancashire,,7.77,,"coefficient of variation is less than or equal to 5%, estimate is considered precise.",,,,,Lancashire,,7.5,,"coefficient of variation is less than or equal to 5%, estimate is considered precise.",,,,,Lancashire,,3.17,,"coefficient of variation is less than or equal to 5%, estimate is considered precise.",,,,Lancashire,,11.0,,,,,,,,,,
E10000018,,,,,,,,,Leicestershire,,573,,,,,,,,,,,,,,,,,,,,,,,,,,,,,,,Leicestershire,,3285.0,,,,,Leicestershire,,3445.0,,,,,Leicestershire,,30950.0,,,,,Leicestershire,,115.0,,,,,,,,,,,,,,,,,,,,,,,,,,,Leicestershire,,12.4674707449103,,,,Leicestershire,,7.78090387325798,,,,Leicestershire,,10.3554983618486,,,,,,,,,,,,Leicestershire,,62.0,,,Leicestershire,,76.03603604,,,,Leicestershire,,88.65248226950355,,,Leicestershire,,19.60181,,,,Leicestershire,,38.55453,,,,Leicestershire,,16,,,,Leicestershire,,81.0,,,,Leicestershire,,71.7,,,,Leicestershire,,78.8,,,,Leicestershire,,9740.0,,,,Leicestershire,,,990.0,,,,,Leicestershire,,,475,,,,,,Leicestershire,,,62.4,,,,,,,Leicestershire,,,4778.0,,,,,Leicestershire,,,,63.63,,,,,Leicestershire,,,,62.87,,,,,Leicestershire,,9.4,,,,Leicestershire,,,7.54052,,,,Leicestershire,,,18.46154,,,,Leicestershire,,,25.6041,,,,Leicestershire,,,52.56714,,,,Leicestershire,,25.72663,,,,,,,,Leicestershire,,7.38,,"coefficient of variation is less than or equal to 5%, estimate is considered precise.",,,,,Leicestershire,,7.73,,"coefficient of variation is less than or equal to 5%, estimate is considered precise.",,,,,Leicestershire,,7.26,,"coefficient of variation is less than or equal to 5%, estimate is considered precise.",,,,,Leicestershire,,3.45,,"coefficient of variation is less than or equal to 5%, estimate is considered precise.",,,,Leicestershire,,13.0,,,,,,,,,,
E10000019,,,,,,,,,Lincolnshire ,,537.5,,,,,,,,,,,,,,,,,,,,,,,,,,,,,,,Lincolnshire ,,2940.0,,,,,Lincolnshire ,,2820.0,,,,,Lincolnshire ,,27920.0,,,,,Lincolnshire ,,95.0,,,,,,,,,,,,,,,,,,,,,,,,,,,Lincolnshire ,,15.7905646578705,,,,Lincolnshire ,,9.06660483166228,,,,Lincolnshire ,,13.9382932859,,,,,,,,,,,,Lincolnshire ,,56.0,,,Lincolnshire ,,75.27622514,,,,Lincolnshire ,,84.40111420612814,,,Lincolnshire ,,24.53225,,,,Lincolnshire ,,38.53753,,,,Lincolnshire ,,20.3,,,,Lincolnshire ,,79.6,,,,Lincolnshire ,,70.0,,,,Lincolnshire ,,76.7,,,,Lincolnshire ,,11210.0,,,,Lincolnshire ,,,987.0,,,,,Lincolnshire ,,,486,,,,,,Lincolnshire ,,,50.8,,,,,,,Lincolnshire ,,,5955.0,,,,,Lincolnshire ,,,,60.67,,,,,Lincolnshire ,,,,62.53,,,,,Lincolnshire ,,16,,,,Lincolnshire ,,,9.44767,,,,Lincolnshire ,,,23.20303,,,,Lincolnshire ,,,31.36239,,,,Lincolnshire ,,,49.95914,,,,Lincolnshire ,,33.39125,,,,,,,,Lincolnshire ,,7.53,,"coefficient of variation is less than or equal to 5%, estimate is considered precise.",,,,,Lincolnshire ,,7.91,,"coefficient of variation is less than or equal to 5%, estimate is considered precise.",,,,,Lincolnshire ,,7.53,,"coefficient of variation is less than or equal to 5%, estimate is considered precise.",,,,,Lincolnshire ,,2.67,,"coefficient of variation is greater than 5% but less than or equal to 10%, estimate is considered reasonably precise.",,,,Lincolnshire ,,10.0,,,,,,,,,,
E10000020,,,,,,,,,Norfolk ,,535.3,,,,,,,,,,,,,,,,,,,,,,,,,,,,,,,Norfolk ,,3270.0,,,,,Norfolk ,,3425.0,,,,,Norfolk ,,33565.0,,,,,Norfolk ,,140.0,,,,,,,,,,,,,,,,,,,,,,,,,,,Norfolk ,,16.5166613949873,,,,Norfolk ,,9.12332046692555,,,,Norfolk ,,13.9925229384561,,,,,,,,,,,,Norfolk ,,52.0,,,Norfolk ,,71.79786958,,,,Norfolk ,,85.78313253012048,,,Norfolk ,,25.50159,,,,Norfolk ,,40.6534,,,,Norfolk ,,21.4,,,,Norfolk ,,81.7,,,,Norfolk ,,70.4,,,,Norfolk ,,78.0,,,,Norfolk ,,10500.0,,,,Norfolk ,,,893.0,,,,,Norfolk ,,,436,,,,,,Norfolk ,,,56.6,,,,,,,Norfolk ,,,4560.0,,,,,Norfolk ,,,,63.9,,,,,Norfolk ,,,,62.89,,,,,Norfolk ,,13.2,,,,Norfolk ,,,8.8015,,,,Norfolk ,,,21.97361,,,,Norfolk ,,,26.59843,,,,Norfolk ,,,54.72135,,,,Norfolk ,,25.04141,,,,,,,,Norfolk ,,7.59,,"coefficient of variation is less than or equal to 5%, estimate is considered precise.",,,,,Norfolk ,,7.86,,"coefficient of variation is less than or equal to 5%, estimate is considered precise.",,,,,Norfolk ,,7.42,,"coefficient of variation is less than or equal to 5%, estimate is considered precise.",,,,,Norfolk ,,3.25,,"coefficient of variation is less than or equal to 5%, estimate is considered precise.",,,,Norfolk ,,10.0,,,,,,,,,,
E10000021,,,,,,,,,,,,,,,,,,,,,,,,,,,,,,,,,,,,,,,,,,,,,,,,,,,,,,,,,,,,,,,,,,,,,,,,,,,,,,,,,,,,,,,,,,,,Northamptonshire ,,12.5654641955656,Obsolete code since 2021 (replaced by E06000061 North Northamptonshire and E06000062 West Northamptonshire),,,Northamptonshire ,,7.6889495778967,Obsolete code since 2021 (replaced by E06000061 North Northamptonshire and E06000062 West Northamptonshire),,,Northamptonshire ,,10.1730905990958,Obsolete code since 2021 (replaced by E06000061 North Northamptonshire and E06000062 West Northamptonshire),,,,,,,,,,,,,,,,,,,,,,,,,,,,,,,,,,,,,,,,,,,,,,,,,,,,,,,,,,,,,,,,,,,,,,,,,,,,,,,,,,,,,,,,,,,,,,,,,,,,,,,,,,,,,,,,,,,,,,,,,,Northamptonshire ,,na,Obsolete code since 2021 (replaced by E06000061 North Northamptonshire and E06000062 West Northamptonshire),,,,,,,,,,,,,,,,,,,,,,,,,,,,,,,,,,,,,,,,,,,,,,,,,,,,,,,,,,,,,,,,,,,,,,,,,,,,,,,,,,,,,,,,
E10000023,,,,,,,,,,,,,,,,,,,,,,,,,,,,,,,,,,,,,,,,,,North Yorkshire,,2740.0,Obsolete code since 2023 (replaced by E06000065 North Yorkshire),,,,North Yorkshire,,2655.0,Obsolete code since 2023 (replaced by E06000065 North Yorkshire),,,,North Yorkshire,,29080.0,Obsolete code since 2023 (replaced by E06000065 North Yorkshire),,,,North Yorkshire,,110.0,Obsolete code since 2023 (replaced by E06000065 North Yorkshire),,,,,,,,,,,,,,,,,,,,,,,,,,North Yorkshire,,18.1719091352823,Obsolete code since 2023 (replaced by E06000065 North Yorkshire),,,North Yorkshire,,8.8906972019528,Obsolete code since 2023 (replaced by E06000065 North Yorkshire),,,North Yorkshire,,13.6063783073737,Obsolete code since 2023 (replaced by E06000065 North Yorkshire),,,,,,,,,,,,,,,,North Yorkshire,,77.85540211,Obsolete code since 2023 (replaced by E06000065 North Yorkshire),,,,,,,,North Yorkshire,,22.17654,Obsolete code since 2023 (replaced by E06000065 North Yorkshire),,,North Yorkshire,,40.10248,Obsolete code since 2023 (replaced by E06000065 North Yorkshire),,,North Yorkshire,,18.6,Obsolete code since 2023 (replaced by E06000065 North Yorkshire),,,North Yorkshire,,83.6,Obsolete code since 2023 (replaced by E06000065 North Yorkshire),,,North Yorkshire,,73.0,Obsolete code since 2023 (replaced by E06000065 North Yorkshire),,,North Yorkshire,,81.2,Obsolete code since 2023 (replaced by E06000065 North Yorkshire),,,North Yorkshire,,9940.0,Obsolete code since 2023 (replaced by E06000065 North Yorkshire),,,,,,,,,,,,,,,,,,,,North Yorkshire,,,64.5,Obsolete code since 2023 (replaced by E06000065 North Yorkshire),,,,,,,,,,,,,,North Yorkshire,,,,66.4,Obsolete code since 2023 (replaced by E06000065 North Yorkshire),,,,North Yorkshire,,,,67.25,Obsolete code since 2023 (replaced by E06000065 North Yorkshire),,,,North Yorkshire,,9.6,Obsolete code since 2023 (replaced by E06000065 North Yorkshire),,,,,,,,,,,,,,,,,North Yorkshire,,,23.43669,Obsolete code since 2023 (replaced by E06000065 North Yorkshire),,,,,,,,,,,,,,,,,,,,North Yorkshire,,7.62,,"coefficient of variation is less than or equal to 5%, estimate is considered precise.",Obsolete code since 2023 (replaced by E06000065 North Yorkshire),,,,North Yorkshire,,7.85,,"coefficient of variation is less than or equal to 5%, estimate is considered precise.",Obsolete code since 2023 (replaced by E06000065 North Yorkshire),,,,North Yorkshire,,7.57,,"coefficient of variation is less than or equal to 5%, estimate is considered precise.",Obsolete code since 2023 (replaced by E06000065 North Yorkshire),,,,North Yorkshire,,2.92,,"coefficient of variation is greater than 5% but less than or equal to 10%, estimate is considered reasonably precise.",Obsolete code since 2023 (replaced by E06000065 North Yorkshire),,,North Yorkshire,,11.0,Obsolete code since 2023 (replaced by E06000065 North Yorkshire),,,,,,,,,
E10000024,,,,,,,,,Nottinghamshire,,538.9,,,,,,,,,,,,,,,,,,,,,,,,,,,,,,,Nottinghamshire,,3565.0,,,,,Nottinghamshire,,3470.0,,,,,Nottinghamshire,,30105.0,,,,,Nottinghamshire,,105.0,,,,,,,,,,,,,,,,,,,,,,,,,,,Nottinghamshire,,11.6951509043348,,,,Nottinghamshire,,7.67291715644301,,,,Nottinghamshire,,10.1566241584966,,,,,,,,,,,,Nottinghamshire,,60.0,,,Nottinghamshire,,73.94201109999999,,,,Nottinghamshire,,90.20771513353115,,,Nottinghamshire,,21.25334,,,,Nottinghamshire,,38.09673,,,,Nottinghamshire,,19.2,,,,Nottinghamshire,,80.4,,,,Nottinghamshire,,69.7,,,,Nottinghamshire,,77.0,,,,Nottinghamshire,,13060.0,,,,Nottinghamshire,,,1075.0,,,,,Nottinghamshire,,,508,,,,,,Nottinghamshire,,,54.1,,,,,,,Nottinghamshire,,,5634.0,,,,,Nottinghamshire,,,,59.95,,,,,Nottinghamshire,,,,62.42,,,,,Nottinghamshire,,12.6,,,,Nottinghamshire,,,8.462010000000001,,,,Nottinghamshire,,,22.13944,,,,Nottinghamshire,,,26.62509,,,,Nottinghamshire,,,56.14465,,,,Nottinghamshire,,31.77685,,,,,,,,Nottinghamshire,,7.35,,"coefficient of variation is less than or equal to 5%, estimate is considered precise.",,,,,Nottinghamshire,,7.65,,"coefficient of variation is less than or equal to 5%, estimate is considered precise.",,,,,Nottinghamshire,,7.26,,"coefficient of variation is less than or equal to 5%, estimate is considered precise.",,,,,Nottinghamshire,,2.88,,"coefficient of variation is less than or equal to 5%, estimate is considered precise.",,,,Nottinghamshire,,12.0,,,,,,,,,,
E10000025,,,,,,,,,Oxfordshire ,,636.3,,,,,,,,,,,,,,,,,,,,,,,,,,,,,,,Oxfordshire ,,3090.0,,,,,Oxfordshire ,,3345.0,,,,,Oxfordshire ,,33405.0,,,,,Oxfordshire ,,175.0,,,,,,,,,,,,,,,,,,,,,,,,,,,Oxfordshire ,,13.051005069315,,,,Oxfordshire ,,7.81696594693436,,,,Oxfordshire ,,10.4442974932432,,,,,,,,,,,,Oxfordshire ,,60.0,,,Oxfordshire ,,76.79522349999999,,,,Oxfordshire ,,92.10526315789474,,,Oxfordshire ,,22.10229,,,,Oxfordshire ,,41.22777,,,,Oxfordshire ,,21.6,,,,Oxfordshire ,,83.0,,,,Oxfordshire ,,72.2,,,,Oxfordshire ,,80.5,,,,Oxfordshire ,,7720.0,,,,Oxfordshire ,,,782.0,,,,,Oxfordshire ,,,393,,,,,,Oxfordshire ,,,72.9,,,,,,,Oxfordshire ,,,3797.0,,,,,Oxfordshire ,,,,69.39,,,,,Oxfordshire ,,,,67.97,,,,,Oxfordshire ,,11.2,,,,Oxfordshire ,,,7.610239999999999,,,,Oxfordshire ,,,17.90634,,,,Oxfordshire ,,,21.19018,,,,Oxfordshire ,,,57.2054,,,,Oxfordshire ,,19.63407,,,,,,,,Oxfordshire ,,7.77,,"coefficient of variation is less than or equal to 5%, estimate is considered precise.",,,,,Oxfordshire ,,7.95,,"coefficient of variation is less than or equal to 5%, estimate is considered precise.",,,,,Oxfordshire ,,7.58,,"coefficient of variation is less than or equal to 5%, estimate is considered precise.",,,,,Oxfordshire ,,3.08,,"coefficient of variation is less than or equal to 5%, estimate is considered precise.",,,,Oxfordshire ,,16.0,,,,,,,,,,
E10000027,,,,,,,,,,,,,,,,,,,,,,,,,,,,,,,,,,,,,,,,,,Somerset ,,2650.0,Obsolete code since 2023 (replaced by E06000066 Somerset),,,,Somerset ,,2320.0,Obsolete code since 2023 (replaced by E06000066 Somerset),,,,Somerset ,,23640.0,Obsolete code since 2023 (replaced by E06000066 Somerset),,,,Somerset ,,80.0,Obsolete code since 2023 (replaced by E06000066 Somerset),,,,,,,,,,,,,,,,,,,,,,,,,,Somerset ,,14.7607305651231,Obsolete code since 2023 (replaced by E06000066 Somerset),,,Somerset ,,8.37085298368755,Obsolete code since 2023 (replaced by E06000066 Somerset),,,Somerset ,,12.1205063589313,Obsolete code since 2023 (replaced by E06000066 Somerset),,,,,,,,,,,,,,,,Somerset ,,73.13674005,Obsolete code since 2023 (replaced by E06000066 Somerset),,,,,,,,Somerset ,,24.1631,Obsolete code since 2023 (replaced by E06000066 Somerset),,,Somerset ,,40.77791,Obsolete code since 2023 (replaced by E06000066 Somerset),,,Somerset ,,28.1,Obsolete code since 2023 (replaced by E06000066 Somerset),,,Somerset ,,81.1,Obsolete code since 2023 (replaced by E06000066 Somerset),,,Somerset ,,70.7,Obsolete code since 2023 (replaced by E06000066 Somerset),,,Somerset ,,78.2,Obsolete code since 2023 (replaced by E06000066 Somerset),,,Somerset ,,9100.0,Obsolete code since 2023 (replaced by E06000066 Somerset),,,,,,,,,,,,,,,,,,,,Somerset ,,,60.4,Obsolete code since 2023 (replaced by E06000066 Somerset),,,,,,,,,,,,,,Somerset ,,,,65.68,Obsolete code since 2023 (replaced by E06000066 Somerset),,,,Somerset ,,,,64.17,Obsolete code since 2023 (replaced by E06000066 Somerset),,,,Somerset ,,12.6,Obsolete code since 2023 (replaced by E06000066 Somerset),,,,,,,,,,,,,,,,,Somerset ,,,26.27266,Obsolete code since 2023 (replaced by E06000066 Somerset),,,,,,,,,,,,,,,,,,,,Somerset ,,7.51,,"coefficient of variation is less than or equal to 5%, estimate is considered precise.",Obsolete code since 2023 (replaced by E06000066 Somerset),,,,Somerset ,,7.78,,"coefficient of variation is less than or equal to 5%, estimate is considered precise.",Obsolete code since 2023 (replaced by E06000066 Somerset),,,,Somerset ,,7.48,,"coefficient of variation is less than or equal to 5%, estimate is considered precise.",Obsolete code since 2023 (replaced by E06000066 Somerset),,,,Somerset ,,3.01,,"coefficient of variation is less than or equal to 5%, estimate is considered precise.",Obsolete code since 2023 (replaced by E06000066 Somerset),,,Somerset ,,11.0,Obsolete code since 2023 (replaced by E06000066 Somerset),,,,,,,,,
E10000028,,,,,,,,,Staffordshire,,586.4,,,,,,,,,,,,,,,,,,,,,,,,,,,,,,,Staffordshire,,3415.0,,,,,Staffordshire,,3760.0,,,,,Staffordshire,,33875.0,,,,,Staffordshire,,125.0,,,,,,,,,,,,,,,,,,,,,,,,,,,Staffordshire,,13.9834274156721,,,,Staffordshire,,8.05668181499883,,,,Staffordshire,,10.9384875789425,,,,,,,,,,,,Staffordshire,,60.0,,,Staffordshire,,72.35695785,,,,Staffordshire,,89.9497487437186,,,Staffordshire,,22.43737,,,,Staffordshire,,38.60071,,,,Staffordshire,,16.6,,,,Staffordshire,,81.6,,,,Staffordshire,,71.4,,,,Staffordshire,,78.7,,,,Staffordshire,,12280.0,,,,Staffordshire,,,1187.0,,,,,Staffordshire,,,596,,,,,,Staffordshire,,,60.2,,,,,,,Staffordshire,,,5051.0,,,,,Staffordshire,,,,60.65,,,,,Staffordshire,,,,63.07,,,,,Staffordshire,,9.3,,,,Staffordshire,,,9.800469999999999,,,,Staffordshire,,,23.64146,,,,Staffordshire,,,29.01239,,,,Staffordshire,,,54.05195,,,,Staffordshire,,28.44436,,,,,,,,Staffordshire,,7.61,,"coefficient of variation is less than or equal to 5%, estimate is considered precise.",,,,,Staffordshire,,7.9,,"coefficient of variation is less than or equal to 5%, estimate is considered precise.",,,,,Staffordshire,,7.49,,"coefficient of variation is less than or equal to 5%, estimate is considered precise.",,,,,Staffordshire,,3.29,,"coefficient of variation is greater than 5% but less than or equal to 10%, estimate is considered reasonably precise.",,,,Staffordshire,,11.0,,,,,,,,,,
E10000029,,,,,,,,,Suffolk,,552.8,,,,,,,,,,,,,,,,,,,,,,,,,,,,,,,Suffolk,,3275.0,,,,,Suffolk,,3145.0,,,,,Suffolk,,31265.0,,,,,Suffolk,,105.0,,,,,,,,,,,,,,,,,,,,,,,,,,,Suffolk,,13.9493107372283,,,,Suffolk,,8.28285876741904,,,,Suffolk,,11.7878015970258,,,,,,,,,,,,Suffolk,,56.0,,,Suffolk,,73.63169897,,,,Suffolk,,87.10691823899371,,,Suffolk,,24.26041,,,,Suffolk,,39.36905,,,,Suffolk,,22.7,,,,Suffolk,,80.4,,,,Suffolk,,69.4,,,,Suffolk,,77.2,,,,Suffolk,,9210.0,,,,Suffolk,,,981.0,,,,,Suffolk,,,483,,,,,,Suffolk,,,54.5,,,,,,,Suffolk,,,4428.0,,,,,Suffolk,,,,64.37,,,,,Suffolk,,,,66.99,,,,,Suffolk,,14,,,,Suffolk,,,7.83476,,,,Suffolk,,,20.93628,,,,Suffolk,,,27.57576,,,,Suffolk,,,56.53439,,,,Suffolk,,24.87513,,,,,,,,Suffolk,,7.71,,"coefficient of variation is less than or equal to 5%, estimate is considered precise.",,,,,Suffolk,,7.95,,"coefficient of variation is less than or equal to 5%, estimate is considered precise.",,,,,Suffolk,,7.61,,"coefficient of variation is less than or equal to 5%, estimate is considered precise.",,,,,Suffolk,,3.01,,"coefficient of variation is less than or equal to 5%, estimate is considered precise.",,,,Suffolk,,11.0,,,,,,,,,,
E10000030,,,,,,,,,Surrey,,682.3,,,,,,,,,,,,,,,,,,,,,,,,,,,,,,,Surrey,,6520.0,,,,,Surrey,,7570.0,,,,,Surrey,,68170.0,,,,,Surrey,,230.0,,,,,,,,,,,,,,,,,,,,,,,,,,,Surrey,,11.0419390479924,,,,Surrey,,7.53924869260391,,,,Surrey,,9.38736896069647,,,,,,,,,,,,Surrey,,65.0,,,Surrey,,82.07582583,,,,Surrey,,92.67676767676768,,,Surrey,,19.55526,,,,Surrey,,41.47879,,,,Surrey,,23.4,,,,Surrey,,84.8,,,,Surrey,,76.4,,,,Surrey,,84.1,,,,Surrey,,11290.0,,,,Surrey,,,697.0,,,,,Surrey,,,341,,,,,,Surrey,,,69,,,,,,,Surrey,,,3982.0,,,,,Surrey,,,,69.69,,,,,Surrey,,,,67.76,,,,,Surrey,,11.9,,,,Surrey,,,6.3757,,,,Surrey,,,12.93426,,,,Surrey,,,20.28257,,,,Surrey,,,57.61803,,,,Surrey,,20.86692,,,,,,,,Surrey,,7.62,,"coefficient of variation is less than or equal to 5%, estimate is considered precise.",,,,,Surrey,,7.75,,"coefficient of variation is less than or equal to 5%, estimate is considered precise.",,,,,Surrey,,7.48,,"coefficient of variation is less than or equal to 5%, estimate is considered precise.",,,,,Surrey,,3.36,,"coefficient of variation is less than or equal to 5%, estimate is considered precise.",,,,Surrey,,10.0,,,,,,,,,,
E10000031,,,,,,,,,Warwickshire,,593.6,,,,,,,,,,,,,,,,,,,,,,,,,,,,,,,Warwickshire,,3190.0,,,,,Warwickshire,,3675.0,,,,,Warwickshire,,29100.0,,,,,Warwickshire,,115.0,,,,,,,,,,,,,,,,,,,,,,,,,,,Warwickshire,,13.0501460083693,,,,Warwickshire,,7.94684660249204,,,,Warwickshire,,10.7592065413458,,,,,,,,,,,,Warwickshire,,60.0,,,Warwickshire,,77.9989431,,,,Warwickshire,,88.11475409836066,,,Warwickshire,,23.66145,,,,Warwickshire,,42.99824,,,,Warwickshire,,23.7,,,,Warwickshire,,81.0,,,,Warwickshire,,71.4,,,,Warwickshire,,79.2,,,,Warwickshire,,7200.0,,,,Warwickshire,,,1023.0,,,,,Warwickshire,,,466,,,,,,Warwickshire,,,62.7,,,,,,,Warwickshire,,,4500.0,,,,,Warwickshire,,,,64.09,,,,,Warwickshire,,,,62.12,,,,,Warwickshire,,13.9,,,,Warwickshire,,,7.8926,,,,Warwickshire,,,21.30638,,,,Warwickshire,,,25.99205,,,,Warwickshire,,,54.31287,,,,Warwickshire,,28.86145,,,,,,,,Warwickshire,,7.4,,"coefficient of variation is less than or equal to 5%, estimate is considered precise.",,,,,Warwickshire,,7.61,,"coefficient of variation is less than or equal to 5%, estimate is considered precise.",,,,,Warwickshire,,7.31,,"coefficient of variation is less than or equal to 5%, estimate is considered precise.",,,,,Warwickshire,,3.13,,"coefficient of variation is greater than 5% but less than or equal to 10%, estimate is considered reasonably precise.",,,,Warwickshire,,17.0,,,,,,,,,,
E10000032,,,,,,,,,West Sussex,,570.6,,,,,,,,,,,,,,,,,,,,,,,,,,,,,,,West Sussex,,3745.0,,,,,West Sussex,,4120.0,,,,,West Sussex,,39605.0,,,,,West Sussex,,125.0,,,,,,,,,,,,,,,,,,,,,,,,,,,West Sussex,,11.1068121453301,,,,West Sussex,,7.43123761559754,,,,West Sussex,,9.51749567792134,,,,,,,,,,,,West Sussex,,56.0,,,West Sussex,,77.92143212,,,,West Sussex,,91.31944444444444,,,West Sussex,,21.14113,,,,West Sussex,,40.63853,,,,West Sussex,,18.4,,,,West Sussex,,82.8,,,,West Sussex,,70.9,,,,West Sussex,,80.0,,,,West Sussex,,9840.0,,,,West Sussex,,,868.0,,,,,West Sussex,,,394,,,,,,West Sussex,,,60.6,,,,,,,West Sussex,,,4173.0,,,,,West Sussex,,,,63.94,,,,,West Sussex,,,,63.83,,,,,West Sussex,,12.5,,,,West Sussex,,,7.00824,,,,West Sussex,,,18.5226,,,,West Sussex,,,23.1004,,,,West Sussex,,,56.25633000000001,,,,West Sussex,,24.10279,,,,,,,,West Sussex,,7.54,,"coefficient of variation is less than or equal to 5%, estimate is considered precise.",,,,,West Sussex,,7.9,,"coefficient of variation is less than or equal to 5%, estimate is considered precise.",,,,,West Sussex,,7.38,,"coefficient of variation is less than or equal to 5%, estimate is considered precise.",,,,,West Sussex,,3.36,,"coefficient of variation is greater than 5% but less than or equal to 10%, estimate is considered reasonably precise.",,,,West Sussex,,10.0,,,,,,,,,,
E10000034,,,,,,,,,Worcestershire,,572.1,,,,,,,,,,,,,,,,,,,,,,,,,,,,,,,Worcestershire,,2900.0,,,,,Worcestershire,,4175.0,,,,,Worcestershire,,29470.0,,,,,Worcestershire,,85.0,,,,,,,,,,,,,,,,,,,,,,,,,,,Worcestershire,,12.328283699855,,,,Worcestershire,,7.80663091687638,,,,Worcestershire,,10.421793716401,,,,,,,,,,,,Worcestershire,,57.0,,,Worcestershire,,74.54346238,,,,Worcestershire,,85.18518518518518,,,Worcestershire,,24.65613,,,,Worcestershire,,44.09548,,,,Worcestershire,,21.2,,,,Worcestershire,,80.0,,,,Worcestershire,,70.8,,,,Worcestershire,,78.5,,,,Worcestershire,,6620.0,,,,Worcestershire,,,978.0,,,,,Worcestershire,,,468,,,,,,Worcestershire,,,61.7,,,,,,,Worcestershire,,,4053.0,,,,,Worcestershire,,,,66.23,,,,,Worcestershire,,,,65.34,,,,,Worcestershire,,11.5,,,,Worcestershire,,,9.05923,,,,Worcestershire,,,21.92339,,,,Worcestershire,,,26.69364,,,,Worcestershire,,,54.98458,,,,Worcestershire,,27.18994,,,,,,,,Worcestershire,,7.49,,"coefficient of variation is less than or equal to 5%, estimate is considered precise.",,,,,Worcestershire,,7.92,,"coefficient of variation is less than or equal to 5%, estimate is considered precise.",,,,,Worcestershire,,7.58,,"coefficient of variation is less than or equal to 5%, estimate is considered precise.",,,,,Worcestershire,,3.43,,"coefficient of variation is less than or equal to 5%, estimate is considered precise.",,,,Worcestershire,,7.0,,,,,,,,,,
E11000001,,,,,,,,,Greater Manchester (Met County),,547,,,,,,,,,,,,,,,,,,,,,,,,,,,,,,,Greater Manchester (Met County),,16070.0,,,,,Greater Manchester (Met County),,15530.0,,,,,Greater Manchester (Met County),,119415.0,,,,,Greater Manchester (Met County),,490.0,,,,,,,,,,,,,,,,,,,,,,,,,,,Greater Manchester (Met County),,9.34990126833411,,,,Greater Manchester (Met County),,7.12453146390452,,,,Greater Manchester (Met County),,8.55279184454055,,,,,,,,,,,,,,,,,,,,,,,,,,,,,,,,,,,,,,,,,,,,,,,,,,,,,,,,,,,,,,,,,,,,,,,,,,,,,,,,,,,,,,,Greater Manchester (Met County),,,57.9,,,,,,,,,,,,,,,Greater Manchester (Met County),,,,60.87,,,,,Greater Manchester (Met County),,,,61.39,,,,,,,,,,,,,,,,,,,,,,,,,,,,,,,,,,,,,,,,,,,,,,,,,Greater Manchester (Met County),,7.32,,"coefficient of variation is less than or equal to 5%, estimate is considered precise.",,,,,Greater Manchester (Met County),,7.66,,"coefficient of variation is less than or equal to 5%, estimate is considered precise.",,,,,Greater Manchester (Met County),,7.26,,"coefficient of variation is less than or equal to 5%, estimate is considered precise.",,,,,Greater Manchester (Met County),,3.43,,"coefficient of variation is less than or equal to 5%, estimate is considered precise.",,,,Greater Manchester (Met County),,7.0,,,,,,,,,,
E11000002,,,,,,,,,Merseyside (Met County),,555.5,,,,,,,,,,,,,,,,,,,,,,,,,,,,,,,Merseyside (Met County),,6380.0,,,,,Merseyside (Met County),,6310.0,,,,,Merseyside (Met County),,45645.0,,,,,Merseyside (Met County),,205.0,,,,,,,,,,,,,,,,,,,,,,,,,,,Merseyside (Met County),,10.2348317833406,,,,Merseyside (Met County),,7.26661523672233,,,,Merseyside (Met County),,8.9490791304767,,,,,,,,,,,,,,,,,,,,,,,,,,,,,,,,,,,,,,,,,,,,,,,,,,,,,,,,,,,,,,,,,,,,,,,,,,,,,,,,,,,,,,,Merseyside (Met County),,,59.6,,,,,,,,,,,,,,,Merseyside (Met County),,,,61.21,,,,,Merseyside (Met County),,,,60.11,,,,,,,,,,,,,,,,,,,,,,,,,,,,,,,,,,,,,,,,,,,,,,,,,Merseyside (Met County),,7.25,,"coefficient of variation is less than or equal to 5%, estimate is considered precise.",,,,,Merseyside (Met County),,7.63,,"coefficient of variation is less than or equal to 5%, estimate is considered precise.",,,,,Merseyside (Met County),,7.29,,"coefficient of variation is less than or equal to 5%, estimate is considered precise.",,,,,Merseyside (Met County),,3.32,,"coefficient of variation is less than or equal to 5%, estimate is considered precise.",,,,Merseyside (Met County),,5.0,,,,,,,,,,
E11000003,,,,,,,,,South Yorkshire (Met County),,536.4,,,,,,,,,,,,,,,,,,,,,,,,,,,,,,,South Yorkshire (Met County),,6545.0,,,,,South Yorkshire (Met County),,5620.0,,,,,South Yorkshire (Met County),,46505.0,,,,,South Yorkshire (Met County),,160.0,,,,,,,,,,,,,,,,,,,,,,,,,,,South Yorkshire (Met County),,11.6816776667797,,,,South Yorkshire (Met County),,7.73285464930008,,,,South Yorkshire (Met County),,10.044080935128,,,,,,,,,,,,,,,,,,,,,,,,,,,,,,,,,,,,,,,,,,,,,,,,,,,,,,,,,,,,,,,,,,,,,,,,,,,,,,,,,,,,,,,South Yorkshire (Met County),,,56.8,,,,,,,,,,,,,,,South Yorkshire (Met County),,,,60.18,,,,,South Yorkshire (Met County),,,,59.47,,,,,,,,,,,,,,,,,,,,,,,,,,,,,,,,,,,,,,,,,,,,,,,,,South Yorkshire (Met County),,7.36,,"coefficient of variation is less than or equal to 5%, estimate is considered precise.",,,,,South Yorkshire (Met County),,7.7,,"coefficient of variation is less than or equal to 5%, estimate is considered precise.",,,,,South Yorkshire (Met County),,7.37,,"coefficient of variation is less than or equal to 5%, estimate is considered precise.",,,,,South Yorkshire (Met County),,3.35,,"coefficient of variation is less than or equal to 5%, estimate is considered precise.",,,,South Yorkshire (Met County),,7.0,,,,,,,,,,
E11000004,,,,,,,,,Tyne and Wear (Met County),,531.7,Obsolete code since 2013 (replaced by E11000007 Tyne and Wear),,,,,,,,,,,,,,,,,,,,,,,,,,,,,,,,,,,,,,,,,,,,,,,,,,,,,,,,,,,,,,,,,,,,,,,,,,,,,,,,Tyne and Wear (Met County),,10.1113330280923,Obsolete code since 2013 (replaced by E11000007 Tyne and Wear),,,Tyne and Wear (Met County),,7.30280629515579,Obsolete code since 2013 (replaced by E11000007 Tyne and Wear),,,Tyne and Wear (Met County),,9.11522169770723,Obsolete code since 2013 (replaced by E11000007 Tyne and Wear),,,,,,,,,,,,,,,,,,,,,,,,,,,,,,,,,,,,,,,,,,,,,,,,,,,,,,,,,,,,,,,,,,,,,,,,,,,,,,,,,,,,,,,,,,,,,,,,,,,,,,,,,,,,,,,,,,,,,,,,,,,,,,,,,,,,,,,,,,,,,,,,,,,,,,,,,,,,,,,,,,,,,,,,,,,,,,,,,,,,,,,,,,,,,,,,,,,,,,,,,,,,,,,,,,,,,
E11000005,,,,,,,,,West Midlands (Met County),,536.6,,,,,,,,,,,,,,,,,,,,,,,,,,,,,,,West Midlands (Met County),,15435.0,,,,,West Midlands (Met County),,14700.0,,,,,West Midlands (Met County),,107400.0,,,,,West Midlands (Met County),,345.0,,,,,,,,,,,,,,,,,,,,,,,,,,,West Midlands (Met County),,10.2427062456933,,,,West Midlands (Met County),,7.30100783653543,,,,West Midlands (Met County),,8.79651440217269,,,,,,,,,,,,,,,,,,,,,,,,,,,,,,,,,,,,,,,,,,,,,,,,,,,,,,,,,,,,,,,,,,,,,,,,,,,,,,,,,,,,,,,West Midlands (Met County),,,54.9,,,,,,,,,,,,,,,West Midlands (Met County),,,,61.31,,,,,West Midlands (Met County),,,,60.77,,,,,,,,,,,,,,,,,,,,,,,,,,,,,,,,,,,,,,,,,,,,,,,,,,,,,,,,,,,,,,,,,,,,,,,,,,,,,,,,,,,,West Midlands (Met County),,6.0,,,,,,,,,,
E11000006,,,,,,,,,West Yorkshire (Met County),,541.2,,,,,,,,,,,,,,,,,,,,,,,,,,,,,,,West Yorkshire (Met County),,11665.0,,,,,West Yorkshire (Met County),,10925.0,,,,,West Yorkshire (Met County),,89675.0,,,,,West Yorkshire (Met County),,370.0,,,,,,,,,,,,,,,,,,,,,,,,,,,West Yorkshire (Met County),,10.631930245228,,,,West Yorkshire (Met County),,7.4408062222764,,,,West Yorkshire (Met County),,9.41171593617077,,,,,,,,,,,,,,,,,,,,,,,,,,,,,,,,,,,,,,,,,,,,,,,,,,,,,,,,,,,,,,,,,,,,,,,,,,,,,,,,,,,,,,,West Yorkshire (Met County),,,57.9,,,,,,,,,,,,,,,West Yorkshire (Met County),,,,62.03,,,,,West Yorkshire (Met County),,,,60.73,,,,,,,,,,,,,,,,,,,,,,,,,,,,,,,,,,,,,,,,,,,,,,,,,West Yorkshire (Met County),,7.34,,"coefficient of variation is less than or equal to 5%, estimate is considered precise.",,,,,West Yorkshire (Met County),,7.67,,"coefficient of variation is less than or equal to 5%, estimate is considered precise.",,,,,West Yorkshire (Met County),,7.23,,"coefficient of variation is less than or equal to 5%, estimate is considered precise.",,,,,West Yorkshire (Met County),,3.34,,"coefficient of variation is less than or equal to 5%, estimate is considered precise.",,,,West Yorkshire (Met County),,6.0,,,,,,,,,,
E11000007,,,,,,,,,,,,,,,,,,,,,,,,,,,,,,,,,,,,,,,,,,Tyne and Wear (Met County),,4445.0,,,,,Tyne and Wear (Met County),,4060.0,,,,,Tyne and Wear (Met County),,32930.0,,,,,Tyne and Wear (Met County),,180.0,,,,,,,,,,,,,,,,,,,,,,,,,,,,,,,,,,,,,,,,,,,,,,,,,,,,,,,,,,,,,,,,,,,,,,,,,,,,,,,,,,,,,,,,,,,,,,,,,,,,,,,,,,,,,,,,,,,,,,,,,,,,,,,,Tyne and Wear (Met County),,,54.8,,,,,,,,,,,,,,,Tyne and Wear (Met County),,,,58.4,,,,,Tyne and Wear (Met County),,,,58.7,,,,,,,,,,,,,,,,,,,,,,,,,,,,,,,,,,,,,,,,,,,,,,,,,Tyne and Wear (Met County),,7.4,,"coefficient of variation is less than or equal to 5%, estimate is considered precise.",,,,,Tyne and Wear (Met County),,7.65,,"coefficient of variation is less than or equal to 5%, estimate is considered precise.",,,,,Tyne and Wear (Met County),,7.34,,"coefficient of variation is less than or equal to 5%, estimate is considered precise.",,,,,Tyne and Wear (Met County),,3.32,,"coefficient of variation is less than or equal to 5%, estimate is considered precise.",,,,Tyne and Wear (Met County),,7.0,,,,,,,,,,
E12000001,,,,,,,,North East,,,528.2,,,,North East,,,,71.6,,,,,,,North East,,,,4.2,,,,North East,,,17663.0,,,,North East,,,9720.0,,,,North East,,,9485.0,,,,North East,,,78190.0,,,,North East,,,340.0,,,,,,,,,,,,,,,,,,,,,,,North East,408.0,,North East,,,12.6564368935009,,,North East,,,8.06923811625563,,,North East,,,11.1334197543324,,,,,,,,,,,North East,,,61.0,,North East,,,71.03308047,,,North East,,,90.86115992970123,,North East,,,24.65614,,,North East,,,37.98465,,,North East,,,16.1,,,North East,,,78.9,,,North East,,,68.4,,,North East,,,75.6,,,,,,,,,North East,,,,1129.0,,,,North East,,,,575,,,,,North East,,,,54.6,,,,,,North East,,,,7141.0,,,,North East,,,,,59.66,,,,North East,,,,,59.07,,,,North East,,,13.1,,,North East,,,,11.34565,,,North East,,,,25.78445,,,North East,,,,32.36640999999999,,,North East,,,,51.43832,,,North East,,,34.71196,,,,,,,North East,,,7.44,,"coefficient of variation is less than or equal to 5%, estimate is considered precise.",,,,North East,,,7.68,,"coefficient of variation is less than or equal to 5%, estimate is considered precise.",,,,North East,,,7.36,,"coefficient of variation is less than or equal to 5%, estimate is considered precise.",,,,North East,,,3.19,,"coefficient of variation is less than or equal to 5%, estimate is considered precise.",,,North East,,,7.0,,,,North East,,10.78463620725914,,,North East,56.9427967350418
E12000002,,,,,,,,North West ,,,551.1,,,,North West ,,,,74.4,,,,,,,North West ,,,,3.6,,,,North West ,,,18864.0,,,,North West ,,,36220.0,,,,North West ,,,36525.0,,,,North West ,,,290845.0,,,,North West ,,,1210.0,,,,,,,,,,,,,,,,,,,,,,,North West ,1120.0,,North West ,,,10.8960267413866,,,North West ,,,7.40749160962212,,,North West ,,,9.37819965305788,,,,,,,,,,,North West ,,,59.0,,North West ,,,74.28732788,,,North West ,,,89.36103242052252,,North West ,,,22.57276,,,North West ,,,36.24394,,,North West ,,,19,,,North West ,,,77.1,,,North West ,,,66.7,,,North West ,,,74.3,,,,,,,,,North West ,,,,1050.0,,,,North West ,,,,512,,,,,North West ,,,,58.2,,,,,,North West ,,,,5808.0,,,,North West ,,,,,62.43,,,,North West ,,,,,61.53,,,,North West ,,,13.4,,,North West ,,,,10.06129,,,North West ,,,,23.80078,,,North West ,,,,27.53157,,,North West ,,,,53.46091,,,North West ,,,37.21988,,,,,,,North West ,,,7.4,,"coefficient of variation is less than or equal to 5%, estimate is considered precise.",,,,North West ,,,7.71,,"coefficient of variation is less than or equal to 5%, estimate is considered precise.",,,,North West ,,,7.35,,"coefficient of variation is less than or equal to 5%, estimate is considered precise.",,,,North West ,,,3.32,,"coefficient of variation is less than or equal to 5%, estimate is considered precise.",,,North West ,,,8.0,,,,North West ,,11.66033961932188,,,North West ,59.5517828380575
E12000003,,,,,,,,Yorkshire and The Humber,,,539.1,,,,Yorkshire and The Humber,,,,74.7,,,,,,,Yorkshire and The Humber,,,,3.5,,,,Yorkshire and The Humber,,,18363.0,,,,Yorkshire and The Humber,,,25895.0,,,,Yorkshire and The Humber,,,23640.0,,,,Yorkshire and The Humber,,,205115.0,,,,Yorkshire and The Humber,,,805.0,,,,,,,,,,,,,,,,,,,,,,,Yorkshire and The Humber,788.0,,Yorkshire and The Humber,,,12.2030256123898,,,Yorkshire and The Humber,,,7.80604328320756,,,Yorkshire and The Humber,,,10.3787270438849,,,,,,,,,,,Yorkshire and The Humber,,,58.0,,Yorkshire and The Humber,,,72.80722736,,,Yorkshire and The Humber,,,87.78625954198473,,Yorkshire and The Humber,,,23.96806,,,Yorkshire and The Humber,,,38.67848,,,Yorkshire and The Humber,,,18.1,,,Yorkshire and The Humber,,,79.3,,,Yorkshire and The Humber,,,68.2,,,Yorkshire and The Humber,,,75.6,,,,,,,,,Yorkshire and The Humber,,,,1123.0,,,,Yorkshire and The Humber,,,,566,,,,,Yorkshire and The Humber,,,,58.2,,,,,,Yorkshire and The Humber,,,,5590.0,,,,Yorkshire and The Humber,,,,,62.07,,,,Yorkshire and The Humber,,,,,61.09,,,,Yorkshire and The Humber,,,13.1,,,Yorkshire and The Humber,,,,9.87006,,,Yorkshire and The Humber,,,,24.06141,,,Yorkshire and The Humber,,,,28.76839,,,Yorkshire and The Humber,,,,52.64153,,,Yorkshire and The Humber,,,34.97938,,,,,,,Yorkshire and The Humber,,,7.41,,"coefficient of variation is less than or equal to 5%, estimate is considered precise.",,,,Yorkshire and The Humber,,,7.72,,"coefficient of variation is less than or equal to 5%, estimate is considered precise.",,,,Yorkshire and The Humber,,,7.35,,"coefficient of variation is less than or equal to 5%, estimate is considered precise.",,,,Yorkshire and The Humber,,,3.28,,"coefficient of variation is less than or equal to 5%, estimate is considered precise.",,,Yorkshire and The Humber,,,7.0,,,,Yorkshire and The Humber,,10.67364529002356,,,Yorkshire and The Humber,67.9415466508654
E12000004,,,,,,,,East Midlands,,,542.2,,,,East Midlands,,,,75.1,,,,,,,East Midlands,,,,3.5,,,,East Midlands,,,18956.0,,,,East Midlands,,,22685.0,,,,East Midlands,,,26000.0,,,,East Midlands,,,197205.0,,,,East Midlands,,,670.0,,,,,,,,,,,,,,,,,,,,,,,East Midlands,651.0,,East Midlands,,,12.1715235065731,,,East Midlands,,,7.85204013084703,,,East Midlands,,,10.5371315789476,,,,,,,,,,,East Midlands,,,58.0,,East Midlands,,,73.53425004,,,East Midlands,,,87.6937984496124,,East Midlands,,,21.98097,,,East Midlands,,,36.81351,,,East Midlands,,,18.8,,,East Midlands,,,79.3,,,East Midlands,,,69.1,,,East Midlands,,,76.3,,,,,,,,,East Midlands,,,,1002.0,,,,East Midlands,,,,468,,,,,East Midlands,,,,55.9,,,,,,East Midlands,,,,5511.0,,,,East Midlands,,,,,61.85,,,,East Midlands,,,,,61.98,,,,East Midlands,,,14,,,East Midlands,,,,8.8278,,,East Midlands,,,,22.55075,,,East Midlands,,,,28.53433,,,East Midlands,,,,52.87338,,,East Midlands,,,31.79854,,,,,,,East Midlands,,,7.42,,"coefficient of variation is less than or equal to 5%, estimate is considered precise.",,,,East Midlands,,,7.73,,"coefficient of variation is less than or equal to 5%, estimate is considered precise.",,,,East Midlands,,,7.34,,"coefficient of variation is less than or equal to 5%, estimate is considered precise.",,,,East Midlands,,,3.08,,"coefficient of variation is less than or equal to 5%, estimate is considered precise.",,,East Midlands,,,12.0,,,,East Midlands,,9.298655093122955,,,East Midlands,0.0
E12000005,,,,,,,,West Midlands,,,553.2,,,,West Midlands,,,,74.8,,,,,,,West Midlands,,,,4.5,,,,West Midlands,,,18566.0,,,,West Midlands,,,28695.0,,,,West Midlands,,,30105.0,,,,West Midlands,,,236535.0,,,,West Midlands,,,805.0,,,,,,,,,,,,,,,,,,,,,,,West Midlands,747.0,,West Midlands,,,12.2558554310892,,,West Midlands,,,7.74843900057244,,,West Midlands,,,10.1012286876295,,,,,,,,,,,West Midlands,,,59.0,,West Midlands,,,72.36125339,,,West Midlands,,,88.17384036773925,,West Midlands,,,23.97984,,,West Midlands,,,36.13762,,,West Midlands,,,17.6,,,West Midlands,,,78.1,,,West Midlands,,,68.2,,,West Midlands,,,75.1,,,,,,,,,West Midlands,,,,1031.0,,,,West Midlands,,,,486,,,,,West Midlands,,,,57.2,,,,,,West Midlands,,,,5577.0,,,,West Midlands,,,,,62.62,,,,West Midlands,,,,,61.86,,,,West Midlands,,,13.4,,,West Midlands,,,,10.1051,,,West Midlands,,,,25.18678,,,West Midlands,,,,28.75636,,,West Midlands,,,,54.72353,,,West Midlands,,,34.02525,,,,,,,West Midlands,,,7.43,,"coefficient of variation is less than or equal to 5%, estimate is considered precise.",,,,West Midlands,,,7.77,,"coefficient of variation is less than or equal to 5%, estimate is considered precise.",,,,West Midlands,,,7.43,,"coefficient of variation is less than or equal to 5%, estimate is considered precise.",,,,West Midlands,,,3.2,,"coefficient of variation is less than or equal to 5%, estimate is considered precise.",,,West Midlands,,,9.0,,,,West Midlands,,13.15023064105584,,,West Midlands,48.9757215026603
E12000006,,,,,,,,East of England,,,595,,,,East of England,,,,77.7,,,,,,,East of England,,,,3.8,,,,East of England,,,22337.0,,,,East of England,,,31850.0,,,,East of England,,,32615.0,,,,East of England,,,290480.0,,,,East of England,,,985.0,,,,,,,,,,,,,,,,,,,,,,,East of England,1277.0,,East of England,,,12.9470508159387,,,East of England,,,8.07168211449897,,,East of England,,,10.9756536280687,,,,,,,,,,,East of England,,,58.0,,East of England,,,74.90173052,,,East of England,,,88.97668905570922,,East of England,,,22.72193,,,East of England,,,39.15647,,,East of England,,,20.6,,,East of England,,,80.5,,,East of England,,,70.0,,,East of England,,,77.9,,,,,,,,,East of England,,,,859.0,,,,East of England,,,,415,,,,,East of England,,,,58.2,,,,,,East of England,,,,4349.0,,,,East of England,,,,,64.99,,,,East of England,,,,,64.63,,,,East of England,,,13.2,,,East of England,,,,8.096739999999999,,,East of England,,,,20.61287,,,East of England,,,,26.4839,,,East of England,,,,55.43601999999999,,,East of England,,,25.42435,,,,,,,East of England,,,7.5,,"coefficient of variation is less than or equal to 5%, estimate is considered precise.",,,,East of England,,,7.8,,"coefficient of variation is less than or equal to 5%, estimate is considered precise.",,,,East of England,,,7.43,,"coefficient of variation is less than or equal to 5%, estimate is considered precise.",,,,East of England,,,3.2,,"coefficient of variation is less than or equal to 5%, estimate is considered precise.",,,East of England,,,11.0,,,,East of England,,9.280080365495966,,,East of England,14.1263774208834
E12000007,,,,,,,,London,,,682.6,,,,London,,,,74.6,,,,,,,London,,,,4.8,,,,London,,,31094.0,,,,London,,,76845.0,,,,London,,,76510.0,,,,London,,,603315.0,,,,London,,,2710.0,,,,,,,,,,,,,,,,,,,,,,,London,2737.0,,London,,,7.39730079816966,,,London,,,6.77950865710353,,,London,,,7.5636993497965,,,,,,,,,,,London,,,67.0,,London,,,78.11308097,,,London,,,96.32237871674491,,,,,,,,,,,,,,London,,,20.1,,,London,,,79.2,,,London,,,71.4,,,London,,,78.0,,,,,,,,,London,,,,596.0,,,,London,,,,267,,,,,London,,,,71.4,,,,,,London,,,,5619.0,,,,London,,,,,64.97,,,,London,,,,,63.76,,,,London,,,11.7,,,London,,,,9.318010000000001,,,London,,,,24.79508,,,London,,,,19.74222,,,London,,,,na,Value not published for data quality reasons,,London,,,29.70262,,,,,,,London,,,7.35,,"coefficient of variation is less than or equal to 5%, estimate is considered precise.",,,,London,,,7.6,,"coefficient of variation is less than or equal to 5%, estimate is considered precise.",,,,London,,,7.32,,"coefficient of variation is less than or equal to 5%, estimate is considered precise.",,,,London,,,3.34,,"coefficient of variation is less than or equal to 5%, estimate is considered precise.",,,London,,,9.0,,,,London,,14.06240035999745,,,London,100.0
E12000008,,,,,,,,South East,,,609.1,,,,South East,,,,78.5,,,,,,,South East,,,,3.3,,,,South East,,,24623.0,,,,South East,,,44160.0,,,,South East,,,49310.0,,,,South East,,,442295.0,,,,South East,,,1680.0,,,,,,,,,,,,,,,,,,,,,,,South East,2690.0,,South East,,,11.3668706967536,,,South East,,,7.590483058484,,,South East,,,9.73152782908022,,,,,,,,,,,South East,,,60.0,,South East,,,77.19360978,,,South East,,,90.79299079299079,,South East,,,21.96934,,,South East,,,39.73823,,,South East,,,20.2,,,South East,,,82.8,,,South East,,,72.4,,,South East,,,80.4,,,,,,,,,South East,,,,897.0,,,,South East,,,,419,,,,,South East,,,,63.8,,,,,,South East,,,,4771.0,,,,South East,,,,,65.94,,,,South East,,,,,65.48,,,,South East,,,11.5,,,South East,,,,8.009889999999999,,,South East,,,,19.38992,,,South East,,,,24.21665,,,South East,,,,56.18214,,,South East,,,24.00489,,,,,,,South East,,,7.53,,"coefficient of variation is less than or equal to 5%, estimate is considered precise.",,,,South East,,,7.79,,"coefficient of variation is less than or equal to 5%, estimate is considered precise.",,,,South East,,,7.43,,"coefficient of variation is less than or equal to 5%, estimate is considered precise.",,,,South East,,,3.28,,"coefficient of variation is less than or equal to 5%, estimate is considered precise.",,,South East,,,10.0,,,,South East,,5.97008247812801,,,South East,0.0
E12000009,,,,,,,,South West,,,550.7,,,,South West,,,,78.9,,,,,,,South West,,,,2.5,,,,South West,,,21221.0,,,,South West,,,24510.0,,,,South West,,,24710.0,,,,South West,,,237100.0,,,,South West,,,985.0,,,,,,,,,,,,,,,,,,,,,,,South West,1168.0,,South West,,,13.5286124555636,,,South West,,,8.10698221213694,,,South West,,,11.1954642603065,,,,,,,,,,,South West,,,57.0,,South West,,,75.23794724,,,South West,,,86.94539249146759,,South West,,,23.75589,,,South West,,,41.22227,,,South West,,,22.2,,,South West,,,81.6,,,South West,,,71.2,,,South West,,,78.9,,,,,,,,,South West,,,,1096.0,,,,South West,,,,560,,,,,South West,,,,62.7,,,,,,South West,,,,5038.0,,,,South West,,,,,65.49,,,,South West,,,,,64.66,,,,South West,,,11.9,,,South West,,,,8.193480000000001,,,South West,,,,19.37173,,,South West,,,,25.72197,,,South West,,,,55.27544,,,South West,,,24.98536,,,,,,,South West,,,7.49,,"coefficient of variation is less than or equal to 5%, estimate is considered precise.",,,,South West,,,7.73,,"coefficient of variation is less than or equal to 5%, estimate is considered precise.",,,,South West,,,7.43,,"coefficient of variation is less than or equal to 5%, estimate is considered precise.",,,,South West,,,3.15,,"coefficient of variation is less than or equal to 5%, estimate is considered precise.",,,South West,,,10.0,,,,South West,,8.37000184315635,,,South West,16.7040561261999
E13000001,,,,,,,,,Inner London,,728.3,,,,,,,,,,,,,,,,,,,,,,,,,,,,,,,Inner London,,39715.0,,,,,Inner London,,37660.0,,,,,Inner London,,314580.0,,,,,Inner London,,2070.0,,,,,,Inner London,,162264,,,,,,,,,,,,,,,,,,,Inner London,,5.90699669939351,,,,Inner London,,6.50354988284007,,,,Inner London,,7.01761445187996,,,,,,,,,,,,Inner London,,68.0,,,,,,,,,,,,,,Inner London,,19.71393,,,,Inner London,,26.5119,,,,Inner London,,18.7,,,,Inner London,,78.6,,,,Inner London,,71.8,,,,Inner London,,78.1,,,,,,,,,,,,,,,,,,,,,,,,,,,Inner London,,,75.4,,,,,,,,,,,,,,,,,,,,,,,,,,,,,,,,,,,,,,,,,,,,,,,,,,,,,,,,,,,,,,,,,,,,,,,,,,,,,Inner London,,7.36,,"coefficient of variation is less than or equal to 5%, estimate is considered precise.",,,,,Inner London,,7.51,,"coefficient of variation is less than or equal to 5%, estimate is considered precise.",,,,,Inner London,,7.3,,"coefficient of variation is less than or equal to 5%, estimate is considered precise.",,,,,Inner London,,3.32,,"coefficient of variation is less than or equal to 5%, estimate is considered precise.",,,,,,,,,,,,,,,,
E13000002,,,,,,,,,Outer London,,653.8,,,,,,,,,,,,,,,,,,,,,,,,,,,,,,,Outer London,,37130.0,,,,,Outer London,,38850.0,,,,,Outer London,,288735.0,,,,,Outer London,,640.0,,,,,,Outer London,,na,,,,,,,,,,,,,,,,,,,Outer London,,8.48535861492972,,,,Outer London,,6.98098371289078,,,,Outer London,,7.96239109484413,,,,,,,,,,,,Outer London,,66.0,,,,,,,,,,,,,,Outer London,,19.62667,,,,Outer London,,31.03578,,,,Outer London,,21,,,,Outer London,,79.4,,,,Outer London,,71.2,,,,Outer London,,77.9,,,,,,,,,,,,,,,,,,,,,,,,,,,Outer London,,,68.4,,,,,,,,,,,,,,,,,,,,,,,,,,,,,,,,,,,,,,,,,,,,,,,,,,,,,,,,,,,,,,,,,,,,,,,,,,,,,Outer London,,7.34,,"coefficient of variation is less than or equal to 5%, estimate is considered precise.",,,,,Outer London,,7.66,,"coefficient of variation is less than or equal to 5%, estimate is considered precise.",,,,,Outer London,,7.34,,"coefficient of variation is less than or equal to 5%, estimate is considered precise.",,,,,Outer London,,3.36,,"coefficient of variation is less than or equal to 5%, estimate is considered precise.",,,,,,,,,,,,,,,,
E23000001,,,,,,,,,,,,,,,,,,,,,,,,,,,,,,,,,,,,,,,,,,,,,,,,,,,,,,,,,,,,,,,,,,,,,,,,,,,,,,,,,,,,,,,,,,,,,,,,,,,,,,,,,,,,,,,,,,,,,,,,,,,,,,,,,,,,,,,,,,,,,,,,,,,,,,,,,,,,,,,,,,,,,,,,,,,,,,,,,,,,,,,,,,,,,,,,,,,,,,,,,,,,,,,,,,,,,,,,,,,,,,,,,,,,,,,,,,,,,,,,,,,,,,,,,,,,,,,,,,,,,,,,,,,,,,,,,,,,,,,,,,,,,,,,,,,,,,,,,,,,,,,,,,,,,,,,,,,Metropolitan Police,14.03967318049788,,,,
E23000002,,,,,,,,,,,,,,,,,,,,,,,,,,,,,,,,,,,,,,,,,,,,,,,,,,,,,,,,,,,,,,,,,,,,,,,,,,,,,,,,,,,,,,,,,,,,,,,,,,,,,,,,,,,,,,,,,,,,,,,,,,,,,,,,,,,,,,,,,,,,,,,,,,,,,,,,,,,,,,,,,,,,,,,,,,,,,,,,,,,,,,,,,,,,,,,,,,,,,,,,,,,,,,,,,,,,,,,,,,,,,,,,,,,,,,,,,,,,,,,,,,,,,,,,,,,,,,,,,,,,,,,,,,,,,,,,,,,,,,,,,,,,,,,,,,,,,,,,,,,,,,,,,,,,,,,,,,,Cumbria,8.65845268122308,,,,
E23000003,,,,,,,,,,,,,,,,,,,,,,,,,,,,,,,,,,,,,,,,,,,,,,,,,,,,,,,,,,,,,,,,,,,,,,,,,,,,,,,,,,,,,,,,,,,,,,,,,,,,,,,,,,,,,,,,,,,,,,,,,,,,,,,,,,,,,,,,,,,,,,,,,,,,,,,,,,,,,,,,,,,,,,,,,,,,,,,,,,,,,,,,,,,,,,,,,,,,,,,,,,,,,,,,,,,,,,,,,,,,,,,,,,,,,,,,,,,,,,,,,,,,,,,,,,,,,,,,,,,,,,,,,,,,,,,,,,,,,,,,,,,,,,,,,,,,,,,,,,,,,,,,,,,,,,,,,,,Lancashire,10.91867790533463,,,,
E23000004,,,,,,,,,,,,,,,,,,,,,,,,,,,,,,,,,,,,,,,,,,,,,,,,,,,,,,,,,,,,,,,,,,,,,,,,,,,,,,,,,,,,,,,,,,,,,,,,,,,,,,,,,,,,,,,,,,,,,,,,,,,,,,,,,,,,,,,,,,,,,,,,,,,,,,,,,,,,,,,,,,,,,,,,,,,,,,,,,,,,,,,,,,,,,,,,,,,,,,,,,,,,,,,,,,,,,,,,,,,,,,,,,,,,,,,,,,,,,,,,,,,,,,,,,,,,,,,,,,,,,,,,,,,,,,,,,,,,,,,,,,,,,,,,,,,,,,,,,,,,,,,,,,,,,,,,,,,Merseyside,13.31605827854671,,,,
E23000005,,,,,,,,,,,,,,,,,,,,,,,,,,,,,,,,,,,,,,,,,,,,,,,,,,,,,,,,,,,,,,,,,,,,,,,,,,,,,,,,,,,,,,,,,,,,,,,,,,,,,,,,,,,,,,,,,,,,,,,,,,,,,,,,,,,,,,,,,,,,,,,,,,,,,,,,,,,,,,,,,,,,,,,,,,,,,,,,,,,,,,,,,,,,,,,,,,,,,,,,,,,,,,,,,,,,,,,,,,,,,,,,,,,,,,,,,,,,,,,,,,,,,,,,,,,,,,,,,,,,,,,,,,,,,,,,,,,,,,,,,,,,,,,,,,,,,,,,,,,,,,,,,,,,,,,,,,,Greater Manchester,14.44369637486517,,,,
E23000006,,,,,,,,,,,,,,,,,,,,,,,,,,,,,,,,,,,,,,,,,,,,,,,,,,,,,,,,,,,,,,,,,,,,,,,,,,,,,,,,,,,,,,,,,,,,,,,,,,,,,,,,,,,,,,,,,,,,,,,,,,,,,,,,,,,,,,,,,,,,,,,,,,,,,,,,,,,,,,,,,,,,,,,,,,,,,,,,,,,,,,,,,,,,,,,,,,,,,,,,,,,,,,,,,,,,,,,,,,,,,,,,,,,,,,,,,,,,,,,,,,,,,,,,,,,,,,,,,,,,,,,,,,,,,,,,,,,,,,,,,,,,,,,,,,,,,,,,,,,,,,,,,,,,,,,,,,,Cheshire,4.593184693793811,,,,
E23000007,,,,,,,,,,,,,,,,,,,,,,,,,,,,,,,,,,,,,,,,,,,,,,,,,,,,,,,,,,,,,,,,,,,,,,,,,,,,,,,,,,,,,,,,,,,,,,,,,,,,,,,,,,,,,,,,,,,,,,,,,,,,,,,,,,,,,,,,,,,,,,,,,,,,,,,,,,,,,,,,,,,,,,,,,,,,,,,,,,,,,,,,,,,,,,,,,,,,,,,,,,,,,,,,,,,,,,,,,,,,,,,,,,,,,,,,,,,,,,,,,,,,,,,,,,,,,,,,,,,,,,,,,,,,,,,,,,,,,,,,,,,,,,,,,,,,,,,,,,,,,,,,,,,,,,,,,,,Northumbria,10.53849414082636,,,,
E23000008,,,,,,,,,,,,,,,,,,,,,,,,,,,,,,,,,,,,,,,,,,,,,,,,,,,,,,,,,,,,,,,,,,,,,,,,,,,,,,,,,,,,,,,,,,,,,,,,,,,,,,,,,,,,,,,,,,,,,,,,,,,,,,,,,,,,,,,,,,,,,,,,,,,,,,,,,,,,,,,,,,,,,,,,,,,,,,,,,,,,,,,,,,,,,,,,,,,,,,,,,,,,,,,,,,,,,,,,,,,,,,,,,,,,,,,,,,,,,,,,,,,,,,,,,,,,,,,,,,,,,,,,,,,,,,,,,,,,,,,,,,,,,,,,,,,,,,,,,,,,,,,,,,,,,,,,,,,Durham,6.8432325956855,,,,
E23000009,,,,,,,,,,,,,,,,,,,,,,,,,,,,,,,,,,,,,,,,,,,,,,,,,,,,,,,,,,,,,,,,,,,,,,,,,,,,,,,,,,,,,,,,,,,,,,,,,,,,,,,,,,,,,,,,,,,,,,,,,,,,,,,,,,,,,,,,,,,,,,,,,,,,,,,,,,,,,,,,,,,,,,,,,,,,,,,,,,,,,,,,,,,,,,,,,,,,,,,,,,,,,,,,,,,,,,,,,,,,,,,,,,,,,,,,,,,,,,,,,,,,,,,,,,,,,,,,,,,,,,,,,,,,,,,,,,,,,,,,,,,,,,,,,,,,,,,,,,,,,,,,,,,,,,,,,,,North Yorkshire,7.279609812914027,,,,
E23000010,,,,,,,,,,,,,,,,,,,,,,,,,,,,,,,,,,,,,,,,,,,,,,,,,,,,,,,,,,,,,,,,,,,,,,,,,,,,,,,,,,,,,,,,,,,,,,,,,,,,,,,,,,,,,,,,,,,,,,,,,,,,,,,,,,,,,,,,,,,,,,,,,,,,,,,,,,,,,,,,,,,,,,,,,,,,,,,,,,,,,,,,,,,,,,,,,,,,,,,,,,,,,,,,,,,,,,,,,,,,,,,,,,,,,,,,,,,,,,,,,,,,,,,,,,,,,,,,,,,,,,,,,,,,,,,,,,,,,,,,,,,,,,,,,,,,,,,,,,,,,,,,,,,,,,,,,,,West Yorkshire,10.6455323042936,,,,
E23000011,,,,,,,,,,,,,,,,,,,,,,,,,,,,,,,,,,,,,,,,,,,,,,,,,,,,,,,,,,,,,,,,,,,,,,,,,,,,,,,,,,,,,,,,,,,,,,,,,,,,,,,,,,,,,,,,,,,,,,,,,,,,,,,,,,,,,,,,,,,,,,,,,,,,,,,,,,,,,,,,,,,,,,,,,,,,,,,,,,,,,,,,,,,,,,,,,,,,,,,,,,,,,,,,,,,,,,,,,,,,,,,,,,,,,,,,,,,,,,,,,,,,,,,,,,,,,,,,,,,,,,,,,,,,,,,,,,,,,,,,,,,,,,,,,,,,,,,,,,,,,,,,,,,,,,,,,,,South Yorkshire,13.21029980655317,,,,
E23000012,,,,,,,,,,,,,,,,,,,,,,,,,,,,,,,,,,,,,,,,,,,,,,,,,,,,,,,,,,,,,,,,,,,,,,,,,,,,,,,,,,,,,,,,,,,,,,,,,,,,,,,,,,,,,,,,,,,,,,,,,,,,,,,,,,,,,,,,,,,,,,,,,,,,,,,,,,,,,,,,,,,,,,,,,,,,,,,,,,,,,,,,,,,,,,,,,,,,,,,,,,,,,,,,,,,,,,,,,,,,,,,,,,,,,,,,,,,,,,,,,,,,,,,,,,,,,,,,,,,,,,,,,,,,,,,,,,,,,,,,,,,,,,,,,,,,,,,,,,,,,,,,,,,,,,,,,,,Humberside,9.971776311689236,,,,
E23000013,,,,,,,,,,,,,,,,,,,,,,,,,,,,,,,,,,,,,,,,,,,,,,,,,,,,,,,,,,,,,,,,,,,,,,,,,,,,,,,,,,,,,,,,,,,,,,,,,,,,,,,,,,,,,,,,,,,,,,,,,,,,,,,,,,,,,,,,,,,,,,,,,,,,,,,,,,,,,,,,,,,,,,,,,,,,,,,,,,,,,,,,,,,,,,,,,,,,,,,,,,,,,,,,,,,,,,,,,,,,,,,,,,,,,,,,,,,,,,,,,,,,,,,,,,,,,,,,,,,,,,,,,,,,,,,,,,,,,,,,,,,,,,,,,,,,,,,,,,,,,,,,,,,,,,,,,,,Cleveland,15.79252136377196,,,,
E23000014,,,,,,,,,,,,,,,,,,,,,,,,,,,,,,,,,,,,,,,,,,,,,,,,,,,,,,,,,,,,,,,,,,,,,,,,,,,,,,,,,,,,,,,,,,,,,,,,,,,,,,,,,,,,,,,,,,,,,,,,,,,,,,,,,,,,,,,,,,,,,,,,,,,,,,,,,,,,,,,,,,,,,,,,,,,,,,,,,,,,,,,,,,,,,,,,,,,,,,,,,,,,,,,,,,,,,,,,,,,,,,,,,,,,,,,,,,,,,,,,,,,,,,,,,,,,,,,,,,,,,,,,,,,,,,,,,,,,,,,,,,,,,,,,,,,,,,,,,,,,,,,,,,,,,,,,,,,West Midlands,14.36357233899718,,,,
E23000015,,,,,,,,,,,,,,,,,,,,,,,,,,,,,,,,,,,,,,,,,,,,,,,,,,,,,,,,,,,,,,,,,,,,,,,,,,,,,,,,,,,,,,,,,,,,,,,,,,,,,,,,,,,,,,,,,,,,,,,,,,,,,,,,,,,,,,,,,,,,,,,,,,,,,,,,,,,,,,,,,,,,,,,,,,,,,,,,,,,,,,,,,,,,,,,,,,,,,,,,,,,,,,,,,,,,,,,,,,,,,,,,,,,,,,,,,,,,,,,,,,,,,,,,,,,,,,,,,,,,,,,,,,,,,,,,,,,,,,,,,,,,,,,,,,,,,,,,,,,,,,,,,,,,,,,,,,,Staffordshire,9.96605678307412,,,,
E23000016,,,,,,,,,,,,,,,,,,,,,,,,,,,,,,,,,,,,,,,,,,,,,,,,,,,,,,,,,,,,,,,,,,,,,,,,,,,,,,,,,,,,,,,,,,,,,,,,,,,,,,,,,,,,,,,,,,,,,,,,,,,,,,,,,,,,,,,,,,,,,,,,,,,,,,,,,,,,,,,,,,,,,,,,,,,,,,,,,,,,,,,,,,,,,,,,,,,,,,,,,,,,,,,,,,,,,,,,,,,,,,,,,,,,,,,,,,,,,,,,,,,,,,,,,,,,,,,,,,,,,,,,,,,,,,,,,,,,,,,,,,,,,,,,,,,,,,,,,,,,,,,,,,,,,,,,,,,West Mercia,14.5983681585516,,,,
E23000017,,,,,,,,,,,,,,,,,,,,,,,,,,,,,,,,,,,,,,,,,,,,,,,,,,,,,,,,,,,,,,,,,,,,,,,,,,,,,,,,,,,,,,,,,,,,,,,,,,,,,,,,,,,,,,,,,,,,,,,,,,,,,,,,,,,,,,,,,,,,,,,,,,,,,,,,,,,,,,,,,,,,,,,,,,,,,,,,,,,,,,,,,,,,,,,,,,,,,,,,,,,,,,,,,,,,,,,,,,,,,,,,,,,,,,,,,,,,,,,,,,,,,,,,,,,,,,,,,,,,,,,,,,,,,,,,,,,,,,,,,,,,,,,,,,,,,,,,,,,,,,,,,,,,,,,,,,,Warwickshire,10.10048863919483,,,,
E23000018,,,,,,,,,,,,,,,,,,,,,,,,,,,,,,,,,,,,,,,,,,,,,,,,,,,,,,,,,,,,,,,,,,,,,,,,,,,,,,,,,,,,,,,,,,,,,,,,,,,,,,,,,,,,,,,,,,,,,,,,,,,,,,,,,,,,,,,,,,,,,,,,,,,,,,,,,,,,,,,,,,,,,,,,,,,,,,,,,,,,,,,,,,,,,,,,,,,,,,,,,,,,,,,,,,,,,,,,,,,,,,,,,,,,,,,,,,,,,,,,,,,,,,,,,,,,,,,,,,,,,,,,,,,,,,,,,,,,,,,,,,,,,,,,,,,,,,,,,,,,,,,,,,,,,,,,,,,Derbyshire,8.490664828490143,,,,
E23000019,,,,,,,,,,,,,,,,,,,,,,,,,,,,,,,,,,,,,,,,,,,,,,,,,,,,,,,,,,,,,,,,,,,,,,,,,,,,,,,,,,,,,,,,,,,,,,,,,,,,,,,,,,,,,,,,,,,,,,,,,,,,,,,,,,,,,,,,,,,,,,,,,,,,,,,,,,,,,,,,,,,,,,,,,,,,,,,,,,,,,,,,,,,,,,,,,,,,,,,,,,,,,,,,,,,,,,,,,,,,,,,,,,,,,,,,,,,,,,,,,,,,,,,,,,,,,,,,,,,,,,,,,,,,,,,,,,,,,,,,,,,,,,,,,,,,,,,,,,,,,,,,,,,,,,,,,,,Nottinghamshire,7.509847287255413,,,,
E23000020,,,,,,,,,,,,,,,,,,,,,,,,,,,,,,,,,,,,,,,,,,,,,,,,,,,,,,,,,,,,,,,,,,,,,,,,,,,,,,,,,,,,,,,,,,,,,,,,,,,,,,,,,,,,,,,,,,,,,,,,,,,,,,,,,,,,,,,,,,,,,,,,,,,,,,,,,,,,,,,,,,,,,,,,,,,,,,,,,,,,,,,,,,,,,,,,,,,,,,,,,,,,,,,,,,,,,,,,,,,,,,,,,,,,,,,,,,,,,,,,,,,,,,,,,,,,,,,,,,,,,,,,,,,,,,,,,,,,,,,,,,,,,,,,,,,,,,,,,,,,,,,,,,,,,,,,,,,Lincolnshire,12.14602471455757,,,,
E23000021,,,,,,,,,,,,,,,,,,,,,,,,,,,,,,,,,,,,,,,,,,,,,,,,,,,,,,,,,,,,,,,,,,,,,,,,,,,,,,,,,,,,,,,,,,,,,,,,,,,,,,,,,,,,,,,,,,,,,,,,,,,,,,,,,,,,,,,,,,,,,,,,,,,,,,,,,,,,,,,,,,,,,,,,,,,,,,,,,,,,,,,,,,,,,,,,,,,,,,,,,,,,,,,,,,,,,,,,,,,,,,,,,,,,,,,,,,,,,,,,,,,,,,,,,,,,,,,,,,,,,,,,,,,,,,,,,,,,,,,,,,,,,,,,,,,,,,,,,,,,,,,,,,,,,,,,,,,Leicestershire,9.26053438063007,,,,
E23000022,,,,,,,,,,,,,,,,,,,,,,,,,,,,,,,,,,,,,,,,,,,,,,,,,,,,,,,,,,,,,,,,,,,,,,,,,,,,,,,,,,,,,,,,,,,,,,,,,,,,,,,,,,,,,,,,,,,,,,,,,,,,,,,,,,,,,,,,,,,,,,,,,,,,,,,,,,,,,,,,,,,,,,,,,,,,,,,,,,,,,,,,,,,,,,,,,,,,,,,,,,,,,,,,,,,,,,,,,,,,,,,,,,,,,,,,,,,,,,,,,,,,,,,,,,,,,,,,,,,,,,,,,,,,,,,,,,,,,,,,,,,,,,,,,,,,,,,,,,,,,,,,,,,,,,,,,,,Northamptonshire,10.29659778957787,,,,
E23000023,,,,,,,,,,,,,,,,,,,,,,,,,,,,,,,,,,,,,,,,,,,,,,,,,,,,,,,,,,,,,,,,,,,,,,,,,,,,,,,,,,,,,,,,,,,,,,,,,,,,,,,,,,,,,,,,,,,,,,,,,,,,,,,,,,,,,,,,,,,,,,,,,,,,,,,,,,,,,,,,,,,,,,,,,,,,,,,,,,,,,,,,,,,,,,,,,,,,,,,,,,,,,,,,,,,,,,,,,,,,,,,,,,,,,,,,,,,,,,,,,,,,,,,,,,,,,,,,,,,,,,,,,,,,,,,,,,,,,,,,,,,,,,,,,,,,,,,,,,,,,,,,,,,,,,,,,,,Cambridgeshire,10.17584615929646,,,,
E23000024,,,,,,,,,,,,,,,,,,,,,,,,,,,,,,,,,,,,,,,,,,,,,,,,,,,,,,,,,,,,,,,,,,,,,,,,,,,,,,,,,,,,,,,,,,,,,,,,,,,,,,,,,,,,,,,,,,,,,,,,,,,,,,,,,,,,,,,,,,,,,,,,,,,,,,,,,,,,,,,,,,,,,,,,,,,,,,,,,,,,,,,,,,,,,,,,,,,,,,,,,,,,,,,,,,,,,,,,,,,,,,,,,,,,,,,,,,,,,,,,,,,,,,,,,,,,,,,,,,,,,,,,,,,,,,,,,,,,,,,,,,,,,,,,,,,,,,,,,,,,,,,,,,,,,,,,,,,Norfolk,8.361273923695014,,,,
E23000025,,,,,,,,,,,,,,,,,,,,,,,,,,,,,,,,,,,,,,,,,,,,,,,,,,,,,,,,,,,,,,,,,,,,,,,,,,,,,,,,,,,,,,,,,,,,,,,,,,,,,,,,,,,,,,,,,,,,,,,,,,,,,,,,,,,,,,,,,,,,,,,,,,,,,,,,,,,,,,,,,,,,,,,,,,,,,,,,,,,,,,,,,,,,,,,,,,,,,,,,,,,,,,,,,,,,,,,,,,,,,,,,,,,,,,,,,,,,,,,,,,,,,,,,,,,,,,,,,,,,,,,,,,,,,,,,,,,,,,,,,,,,,,,,,,,,,,,,,,,,,,,,,,,,,,,,,,,Suffolk,8.741274023206334,,,,
E23000026,,,,,,,,,,,,,,,,,,,,,,,,,,,,,,,,,,,,,,,,,,,,,,,,,,,,,,,,,,,,,,,,,,,,,,,,,,,,,,,,,,,,,,,,,,,,,,,,,,,,,,,,,,,,,,,,,,,,,,,,,,,,,,,,,,,,,,,,,,,,,,,,,,,,,,,,,,,,,,,,,,,,,,,,,,,,,,,,,,,,,,,,,,,,,,,,,,,,,,,,,,,,,,,,,,,,,,,,,,,,,,,,,,,,,,,,,,,,,,,,,,,,,,,,,,,,,,,,,,,,,,,,,,,,,,,,,,,,,,,,,,,,,,,,,,,,,,,,,,,,,,,,,,,,,,,,,,,Bedfordshire,13.36791804702356,,,,
E23000027,,,,,,,,,,,,,,,,,,,,,,,,,,,,,,,,,,,,,,,,,,,,,,,,,,,,,,,,,,,,,,,,,,,,,,,,,,,,,,,,,,,,,,,,,,,,,,,,,,,,,,,,,,,,,,,,,,,,,,,,,,,,,,,,,,,,,,,,,,,,,,,,,,,,,,,,,,,,,,,,,,,,,,,,,,,,,,,,,,,,,,,,,,,,,,,,,,,,,,,,,,,,,,,,,,,,,,,,,,,,,,,,,,,,,,,,,,,,,,,,,,,,,,,,,,,,,,,,,,,,,,,,,,,,,,,,,,,,,,,,,,,,,,,,,,,,,,,,,,,,,,,,,,,,,,,,,,,Hertfordshire,5.282308824903139,,,,
E23000028,,,,,,,,,,,,,,,,,,,,,,,,,,,,,,,,,,,,,,,,,,,,,,,,,,,,,,,,,,,,,,,,,,,,,,,,,,,,,,,,,,,,,,,,,,,,,,,,,,,,,,,,,,,,,,,,,,,,,,,,,,,,,,,,,,,,,,,,,,,,,,,,,,,,,,,,,,,,,,,,,,,,,,,,,,,,,,,,,,,,,,,,,,,,,,,,,,,,,,,,,,,,,,,,,,,,,,,,,,,,,,,,,,,,,,,,,,,,,,,,,,,,,,,,,,,,,,,,,,,,,,,,,,,,,,,,,,,,,,,,,,,,,,,,,,,,,,,,,,,,,,,,,,,,,,,,,,,Essex,10.57014464436748,,,,
E23000029,,,,,,,,,,,,,,,,,,,,,,,,,,,,,,,,,,,,,,,,,,,,,,,,,,,,,,,,,,,,,,,,,,,,,,,,,,,,,,,,,,,,,,,,,,,,,,,,,,,,,,,,,,,,,,,,,,,,,,,,,,,,,,,,,,,,,,,,,,,,,,,,,,,,,,,,,,,,,,,,,,,,,,,,,,,,,,,,,,,,,,,,,,,,,,,,,,,,,,,,,,,,,,,,,,,,,,,,,,,,,,,,,,,,,,,,,,,,,,,,,,,,,,,,,,,,,,,,,,,,,,,,,,,,,,,,,,,,,,,,,,,,,,,,,,,,,,,,,,,,,,,,,,,,,,,,,,,Thames Valley,7.225958533435514,,,,
E23000030,,,,,,,,,,,,,,,,,,,,,,,,,,,,,,,,,,,,,,,,,,,,,,,,,,,,,,,,,,,,,,,,,,,,,,,,,,,,,,,,,,,,,,,,,,,,,,,,,,,,,,,,,,,,,,,,,,,,,,,,,,,,,,,,,,,,,,,,,,,,,,,,,,,,,,,,,,,,,,,,,,,,,,,,,,,,,,,,,,,,,,,,,,,,,,,,,,,,,,,,,,,,,,,,,,,,,,,,,,,,,,,,,,,,,,,,,,,,,,,,,,,,,,,,,,,,,,,,,,,,,,,,,,,,,,,,,,,,,,,,,,,,,,,,,,,,,,,,,,,,,,,,,,,,,,,,,,,Hampshire,5.998590331272151,,,,
E23000031,,,,,,,,,,,,,,,,,,,,,,,,,,,,,,,,,,,,,,,,,,,,,,,,,,,,,,,,,,,,,,,,,,,,,,,,,,,,,,,,,,,,,,,,,,,,,,,,,,,,,,,,,,,,,,,,,,,,,,,,,,,,,,,,,,,,,,,,,,,,,,,,,,,,,,,,,,,,,,,,,,,,,,,,,,,,,,,,,,,,,,,,,,,,,,,,,,,,,,,,,,,,,,,,,,,,,,,,,,,,,,,,,,,,,,,,,,,,,,,,,,,,,,,,,,,,,,,,,,,,,,,,,,,,,,,,,,,,,,,,,,,,,,,,,,,,,,,,,,,,,,,,,,,,,,,,,,,Surrey,2.769237756230646,,,,
E23000032,,,,,,,,,,,,,,,,,,,,,,,,,,,,,,,,,,,,,,,,,,,,,,,,,,,,,,,,,,,,,,,,,,,,,,,,,,,,,,,,,,,,,,,,,,,,,,,,,,,,,,,,,,,,,,,,,,,,,,,,,,,,,,,,,,,,,,,,,,,,,,,,,,,,,,,,,,,,,,,,,,,,,,,,,,,,,,,,,,,,,,,,,,,,,,,,,,,,,,,,,,,,,,,,,,,,,,,,,,,,,,,,,,,,,,,,,,,,,,,,,,,,,,,,,,,,,,,,,,,,,,,,,,,,,,,,,,,,,,,,,,,,,,,,,,,,,,,,,,,,,,,,,,,,,,,,,,,Kent,7.341235486959369,,,,
E23000033,,,,,,,,,,,,,,,,,,,,,,,,,,,,,,,,,,,,,,,,,,,,,,,,,,,,,,,,,,,,,,,,,,,,,,,,,,,,,,,,,,,,,,,,,,,,,,,,,,,,,,,,,,,,,,,,,,,,,,,,,,,,,,,,,,,,,,,,,,,,,,,,,,,,,,,,,,,,,,,,,,,,,,,,,,,,,,,,,,,,,,,,,,,,,,,,,,,,,,,,,,,,,,,,,,,,,,,,,,,,,,,,,,,,,,,,,,,,,,,,,,,,,,,,,,,,,,,,,,,,,,,,,,,,,,,,,,,,,,,,,,,,,,,,,,,,,,,,,,,,,,,,,,,,,,,,,,,Sussex,4.868690444961304,,,,
E23000034,,,,,,,,,,,,,,,,,,,,,,,,,,,,,,,,,,,,,,,,,,,,,,,,,,,,,,,,,,,,,,,,,,,,,,,,,,,,,,,,,,,,,,,,,,,,,,,,,,,,,,,,,,,,,,,,,,,,,,,,,,,,,,,,,,,,,,,,,,,,,,,,,,,,,,,,,,,,,,,,,,,,,,,,,,,,,,,,,,,,,,,,,,,,,,,,,,,,,,,,,,,,,,,,,,,,,,,,,,,,,,,,,,,,,,,,,,,,,,,,,,,,,,,,,,,,,,,,,,,,,,,,,,,,,,,,,,,,,,,,,,,,,,,,,,,,,,,,,,,,,,,,,,,,,,,,,,,"London, City of",na,Data suppressed due to the small population size of the police force area,,,
E23000035,,,,,,,,,,,,,,,,,,,,,,,,,,,,,,,,,,,,,,,,,,,,,,,,,,,,,,,,,,,,,,,,,,,,,,,,,,,,,,,,,,,,,,,,,,,,,,,,,,,,,,,,,,,,,,,,,,,,,,,,,,,,,,,,,,,,,,,,,,,,,,,,,,,,,,,,,,,,,,,,,,,,,,,,,,,,,,,,,,,,,,,,,,,,,,,,,,,,,,,,,,,,,,,,,,,,,,,,,,,,,,,,,,,,,,,,,,,,,,,,,,,,,,,,,,,,,,,,,,,,,,,,,,,,,,,,,,,,,,,,,,,,,,,,,,,,,,,,,,,,,,,,,,,,,,,,,,,Devon and Cornwall,8.005829733502685,,,,
E23000036,,,,,,,,,,,,,,,,,,,,,,,,,,,,,,,,,,,,,,,,,,,,,,,,,,,,,,,,,,,,,,,,,,,,,,,,,,,,,,,,,,,,,,,,,,,,,,,,,,,,,,,,,,,,,,,,,,,,,,,,,,,,,,,,,,,,,,,,,,,,,,,,,,,,,,,,,,,,,,,,,,,,,,,,,,,,,,,,,,,,,,,,,,,,,,,,,,,,,,,,,,,,,,,,,,,,,,,,,,,,,,,,,,,,,,,,,,,,,,,,,,,,,,,,,,,,,,,,,,,,,,,,,,,,,,,,,,,,,,,,,,,,,,,,,,,,,,,,,,,,,,,,,,,,,,,,,,,Avon and Somerset,9.77188960753792,,,,
E23000037,,,,,,,,,,,,,,,,,,,,,,,,,,,,,,,,,,,,,,,,,,,,,,,,,,,,,,,,,,,,,,,,,,,,,,,,,,,,,,,,,,,,,,,,,,,,,,,,,,,,,,,,,,,,,,,,,,,,,,,,,,,,,,,,,,,,,,,,,,,,,,,,,,,,,,,,,,,,,,,,,,,,,,,,,,,,,,,,,,,,,,,,,,,,,,,,,,,,,,,,,,,,,,,,,,,,,,,,,,,,,,,,,,,,,,,,,,,,,,,,,,,,,,,,,,,,,,,,,,,,,,,,,,,,,,,,,,,,,,,,,,,,,,,,,,,,,,,,,,,,,,,,,,,,,,,,,,,Gloucestershire,12.41012997542794,,,,
E23000038,,,,,,,,,,,,,,,,,,,,,,,,,,,,,,,,,,,,,,,,,,,,,,,,,,,,,,,,,,,,,,,,,,,,,,,,,,,,,,,,,,,,,,,,,,,,,,,,,,,,,,,,,,,,,,,,,,,,,,,,,,,,,,,,,,,,,,,,,,,,,,,,,,,,,,,,,,,,,,,,,,,,,,,,,,,,,,,,,,,,,,,,,,,,,,,,,,,,,,,,,,,,,,,,,,,,,,,,,,,,,,,,,,,,,,,,,,,,,,,,,,,,,,,,,,,,,,,,,,,,,,,,,,,,,,,,,,,,,,,,,,,,,,,,,,,,,,,,,,,,,,,,,,,,,,,,,,,Wiltshire,4.502072979503412,,,,
E23000039,,,,,,,,,,,,,,,,,,,,,,,,,,,,,,,,,,,,,,,,,,,,,,,,,,,,,,,,,,,,,,,,,,,,,,,,,,,,,,,,,,,,,,,,,,,,,,,,,,,,,,,,,,,,,,,,,,,,,,,,,,,,,,,,,,,,,,,,,,,,,,,,,,,,,,,,,,,,,,,,,,,,,,,,,,,,,,,,,,,,,,,,,,,,,,,,,,,,,,,,,,,,,,,,,,,,,,,,,,,,,,,,,,,,,,,,,,,,,,,,,,,,,,,,,,,,,,,,,,,,,,,,,,,,,,,,,,,,,,,,,,,,,,,,,,,,,,,,,,,,,,,,,,,,,,,,,,,Dorset,6.411401694832667,,,,
E47000001,,,,,,,,,,,,,,,,,,Greater Manchester,73.3,,,,,,,,,,Greater Manchester,4.3,,,,,,,,,,,,,,,,,,,,,,,,,,,,,,,,,,,,,,,,,Greater Manchester,,15631,,,,Greater Manchester,41792.0,,,,,Greater Manchester,38487.0,,,,,,,,,,,,,,,,,,,,,,,,,,,,,,,,,,,,,,,,,,,,,,,,,,,,,,,,,,,,,,,,,,,,,,,,,,,,,,,,,,,,,,,,,,,,,,Greater Manchester,1002.0,,,,,,,Greater Manchester,478,,,,,,,,Greater Manchester,57.9,,,,,,,,,Greater Manchester,5548.0,,,,,,,,Greater Manchester,60.87,,,,,,,,Greater Manchester,61.39,,,,,,,,,,,,,Greater Manchester,10.05898,,,,,,Greater Manchester,24.27531,,,,,,Greater Manchester,27.07432,,,,,,Greater Manchester,54.16704,,,,,,,,,,,,,,,,,,,,,,,,,,,,,,,,,,,,,,,,,,,,,,,,,,,,,,,,,,,,,
E47000002,,,,,,,,,,,,,,,,,,South Yorkshire,73.1,,,,,,,,,,South Yorkshire,3.6,,,,,,,,,,,,,,,,,,,,,,,,,,,,,,,,,,,,,,,,,South Yorkshire,,5596,,,,South Yorkshire,13624.0,Sheffield City Region renamed to South Yorkshire Combined Authority as of 2021,,,,South Yorkshire,8513.0,Sheffield City Region renamed to South Yorkshire Combined Authority as of 2021,,,,,,,,,,,,,,,,,,,,,,,,,,,,,,,,,,,,,,,,,,,,,,,,,,,,,,,,,,,,,,,,,,,,,,,,,,,,,,,,,,,,,,,,,,,,,South Yorkshire,961.0,,,,,,,South Yorkshire,488,,,,,,,,South Yorkshire,56.8,,,,,,,,,South Yorkshire,5264.0,,,,,,,,South Yorkshire,60.18,,,,,,,,South Yorkshire,59.47,,,,,,,,,,,,,South Yorkshire,10.34367,,,,,,South Yorkshire,26.15904,,,,,,South Yorkshire,31.6064,,,,,,South Yorkshire,53.30373,,,,,,,,,,,,,,,,,,,,,,,,,,,,,,,,,,,,,,,,,,,,,,,,,,,,,,,,,,,,,
E47000003,,,,,,,,,,,,,,,,,,West Yorkshire,73.7,,,,,,,,,,West Yorkshire,4.2,,,,,,,,,,,,,,,,,,,,,,,,,,,,,,,,,,,,,,,,,West Yorkshire,,12728,,,,West Yorkshire,41616.0,,,,,West Yorkshire,37288.0,,,,,,,,,,,,,,,,,,,,,,,,,,,,,,,,,,,,,,,,,,,,,,,,,,,,,,,,,,,,,,,,,,,,,,,,,,,,,,,,,,,,,,,,,,,,,,West Yorkshire,1063.0,,,,,,,West Yorkshire,520,,,,,,,,West Yorkshire,57.9,,,,,,,,,West Yorkshire,5765.0,,,,,,,,West Yorkshire,62.03,,,,,,,,West Yorkshire,60.73,,,,,,,,,,,,,West Yorkshire,9.853,,,,,,West Yorkshire,24.25637,,,,,,West Yorkshire,27.34688,,,,,,West Yorkshire,51.92143,,,,,,,,,,,,,,,,,,,,,,,,,,,,,,,,,,,,,,,,,,,,,,,,,,,,,,,,,,,,,
E47000004,,,,,,,,,,,,,,,,,,Liverpool City Region,73.9,,,,,,,,,,Liverpool City Region,3.9,,,,,,,,,,,,,,,,,,,,,,,,,,,,,,,,,,,,,,,,,Liverpool City Region,,9876,,,,Liverpool City Region,10067.0,,,,,Liverpool City Region,22359.0,,,,,,,,,,,,,,,,,,,,,,,,,,,,,,,,,,,,,,,,,,,,,,,,,,,,,,,,,,,,,,,,,,,,,,,,,,,,,,,,,,,,,,,,,,,,,,Liverpool City Region,1009.0,,,,,,,Liverpool City Region,477,,,,,,,,Liverpool City Region,58.8,,,,,,,,,Liverpool City Region,6406.0,,,,,,,,Liverpool City Region,60.93,,,,,,,,Liverpool City Region,60.2,,,,,,,,,,,,,Liverpool City Region,11.28883,,,,,,Liverpool City Region,26.37395,,,,,,Liverpool City Region,30.16019,,,,,,Liverpool City Region,53.48084,,,,,,,,,,,,,,,,,,,,,,,,,,,,,,,,,,,,,,,,,,,,,,,,,,,,,,,,,,,,,
E47000005,,,,,,,,,,,,,,,,,,,,,,,,,,,,,,,,,,,,,,,,,,,,,,,,,,,,,,,,,,,,,,,,,,,,,,,,,,,,,,,,,,,,,,,,,,,,,,,,,,,,,,,,,,,,,,,,,,,,,,,,,,,,,,,,,,,,,,,,,,,,,,,,,,,,,,,,,,,,,,,,,,,,,,,,,,,,,,,,,,North East,1174.0,,Obsolete code since 2018 (replaced by E47000010 North East and E47000011 North of Tyne),,,,,North East,618,,Obsolete code since 2018 (replaced by E47000010 North East and E47000011 North of Tyne),,,,,,,,,,,,,,,,North East,7393.0,Obsolete code since 2018 (replaced by E47000010 North East and E47000011 North of Tyne),,,,,,,,,,,,,,,,,,,,,,,,,,,,,,,,,,,,,,,,,,,,,,,,,,,,,,,,,,,,,,,,,,,,,,,,,,,,,,,,,,,,,,,,,,,,,,,,,,,,,,,,,,,,,,,,,
E47000006,,,,,,,,,,,,,,,,,,Tees Valley,73.6,,,,,,,,,,Tees Valley,4.2,,,,,,,,,,,,,,,,,,,,,,,,,,,,,,,,,,,,,,,,,Tees Valley,,na,,,,Tees Valley,5549.0,,,,,Tees Valley,3249.0,,,,,,,,,,,,,,,,,,,,,,,,,,,,,,,,,,,,,,,,,,,,,,,,,,,,,,,,,,,,,,,,,,,,,,,,,,,,,,,,,,,,,,,,,,,,,,Tees Valley,1215.0,,,,,,,Tees Valley,557,,,,,,,,Tees Valley,55.5,,,,,,,,,Tees Valley,8605.0,,,,,,,,Tees Valley,60.08,,,,,,,,Tees Valley,58.82,,,,,,,,,,,,,Tees Valley,11.20805,,,,,,Tees Valley,26.35336,,,,,,Tees Valley,33.6571,,,,,,Tees Valley,51.56144,,,,,,,,,,,,,,,,,,,,,,,,,,,,,,,,,,,,,,,,,,,,,,,,,,,,,,,,,,,,,
E47000007,,,,,,,,,,,,,,,,,,West Midlands,70.3,,,,,,,,,,West Midlands,6.5,,,,,,,,,,,,,,,,,,,,,,,,,,,,,,,,,,,,,,,,,West Midlands,,20296,,,,West Midlands,60642.0,,,,,West Midlands,66497.0,,,,,,,,,,,,,,,,,,,,,,,,,,,,,,,,,,,,,,,,,,,,,,,,,,,,,,,,,,,,,,,,,,,,,,,,,,,,,,,,,,,,,,,,,,,,,,West Midlands,947.0,,,,,,,West Midlands,430,,,,,,,,West Midlands,54.9,,,,,,,,,West Midlands,6190.0,,,,,,,,West Midlands,61.31,,,,,,,,West Midlands,60.77,,,,,,,,,,,,,West Midlands,10.73178,,,,,,West Midlands,27.04048,,,,,,West Midlands,29.36754,,,,,,West Midlands,54.39681,,,,,,,,,,,,,,,,,,,,,,,,,,,,,,,,,,,,,,,,,,,,,,,,,,,,,,,,,,,,,
E47000008,,,,,,,,,,,,,,,,,,Cambridgeshire and Peterborough,79.6,,,,,,,,,,Cambridgeshire and Peterborough,4.2,,,,,,,,,,,,,,,,,,,,,,,,,,,,,,,,,,,,,,,,,Cambridgeshire and Peterborough,,16330,,,,Cambridgeshire and Peterborough,19607.0,,,,,Cambridgeshire and Peterborough,8517.0,,,,,,,,,,,,,,,,,,,,,,,,,,,,,,,,,,,,,,,,,,,,,,,,,,,,,,,,,,,,,,,,,,,,,,,,,,,,,,,,,,,,,,,,,,,,,,Cambridgeshire and Peterborough,760.0,,,,,,,Cambridgeshire and Peterborough,382,,,,,,,,Cambridgeshire and Peterborough,64,,,,,,,,,Cambridgeshire and Peterborough,3929.0,,,,,,,,Cambridgeshire and Peterborough,65.52,,,,,,,,Cambridgeshire and Peterborough,63.88,,,,,,,,,,,,,Cambridgeshire and Peterborough,7.87615,,,,,,Cambridgeshire and Peterborough,20.0699,,,,,,Cambridgeshire and Peterborough,26.54023,,,,,,Cambridgeshire and Peterborough,55.91154,,,,,,,,,,,,,,,,,,,,,,,,,,,,,,,,,,,,,,,,,,,,,,,,,,,,,,,,,,,,,
E47000009,,,,,,,,,,,,,,,,,,West of England,79.3,,,,,,,,,,West of England,3.3,,,,,,,,,,,,,,,,,,,,,,,,,,,,,,,,,,,,,,,,,West of England,,7357,,,,West of England,42821.0,,,,,West of England,38691.0,,,,,,,,,,,,,,,,,,,,,,,,,,,,,,,,,,,,,,,,,,,,,,,,,,,,,,,,,,,,,,,,,,,,,,,,,,,,,,,,,,,,,,,,,,,,,,West of England,921.0,,,,,,,West of England,459,,,,,,,,West of England,70.2,,,,,,,,,West of England,4021.0,,,,,,,,West of England,64.69,,,,,,,,West of England,62.68,,,,,,,,,,,,,West of England,7.82331,,,,,,West of England,19.85409,,,,,,West of England,22.81247,,,,,,West of England,55.13221,,,,,,,,,,,,,,,,,,,,,,,,,,,,,,,,,,,,,,,,,,,,,,,,,,,,,,,,,,,,,
E47000010,,,,,,,,,,,,,,,,,,North East,70.5,,,,,,,,,,North East,4.3,,,,,,,,,,,,,,,,,,,,,,,,,,,,,,,,,,,,,,,,,,,,,,,,,,,,,,,,,,,,,,,,,,,,,,,,,,,,,,,,,,,,,,,,,,,,,,,,,,,,,,,,,,,,,,,,,,,,,,,,,,,,,,,,,,,,,,,,,,,,,,,,,,,,,,,,,,,,,,,,,,,,,North East,50.3,,,,,,,,,,,,,,,,,,North East,58.77,,,,,,,,North East,57.69,,,,,,,,,,,,,North East,11.48709,,,,,,North East,25.82066,,,,,,North East,34.68422,,,,,,North East,51.42657,,,,,,,,,,,,,,,,,,,,,,,,,,,,,,,,,,,,,,,,,,,,,,,,,,,,,,,,,,,,,
E47000011,,,,,,,,,,,,,,,,,,North of Tyne,71.5,,,,,,,,,,North of Tyne,3.8,,,,,,,,,,,,,,,,,,,,,,,,,,,,,,,,,,,,,,,,,North of Tyne,,4689,,,,North of Tyne,5313.0,,,,,North of Tyne,7025.0,,,,,,,,,,,,,,,,,,,,,,,,,,,,,,,,,,,,,,,,,,,,,,,,,,,,,,,,,,,,,,,,,,,,,,,,,,,,,,,,,,,,,,,,,,,,,,North of Tyne,998.0,,,,,,,North of Tyne,529,,,,,,,,North of Tyne,59.8,,,,,,,,,North of Tyne,5637.0,,,,,,,,North of Tyne,60.55,,,,,,,,North of Tyne,61.21,,,,,,,,,,,,,North of Tyne,11.27389,,,,,,North of Tyne,25.1632,,,,,,North of Tyne,27.66778,,,,,,North of Tyne,51.35728,,,,,,,,,,,,,,,,,,,,,,,,,,,,,,,,,,,,,,,,,,,,,,,,,,,,,,,,,,,,,
E61000001,,,,,,,,,,,,,,,,,,,,,,,,,,,,,,,,,,,,,,,,,,,,,,,,,,,,,,,,,,,,,,,,,,,,,,,,,,,,,,,,,,,,,,,,,,,,,,,,,,,,,,,,,,,,,,,,,,,,,,,,,,,,,,,,,,,,,,,,,,,,,,,,,,,,,,,,,,,,,,,,,,,,,,,,,,,,,,,,,,Greater London Authority,596.0,,,,,,,Greater London Authority,267,,,,,,,,,,,,,,,,,,Greater London Authority,5619.0,,,,,,,,,,,,,,,,,,,,,,,,,,,,,,,,,,,,,,,,,,,,,,,,,,,,,,,,,,,,,,,,,,,,,,,,,,,,,,,,,,,,,,,,,,,,,,,,,,,,,,,,,,,,,,,,,,
E67000001,,,,,,,,,,,,,,,,,,,,,,,,,,,,,,,,,,,,,,,,,,,,,,,,,,,,,,,,,,,,,,,,,,,,,,,,,,,,,,,,,,,,,,,,,,,,,,,,,,,,,,,,,,,,,,,,,,,,,,,,,,,,,,,,,,,,,,,,,,,,,,,,,,,,,,,,,,,,,,,,,,,,,,,,,,,,,,,,,,,,,,,,,,,,,,,,,,,,,,,,,,,,,,,,,,,,,,,,,,,,,,,,,,,,,,,,,,,,"City of London, Hackney",,9.97442,Value for Hackney and City of London combined,,,,"City of London, Hackney",,26.95853,Value for Hackney and City of London combined,,,,,,,,,,,,,,,,,,"City of London, Hackney",39.17908,Value for Hackney and City of London combined,,,,,,,,,,,,,,,,,,,,,,,,,,,,,,,,,,,,,,,,,,,,,,,,,,,,,,
E67000002,,,,,,,,,,,,,,,,,,,,,,,,,,,,,,,,,,,,,,,,,,,,,,,,,,,,,,,,,,,,,,,,,,,,,,,,,,,,,,,,,,,,,,,,,,,,,,,,,,,,,,,,,,,,,,,,,,,,,,,,,,,,,,,,,,,,,,,,,,,,,,,,,,,,,,,,,,,,,,,,,,,,,,,,,,,,,,,,,,,,,,,,,,,,,,,,,,,,,,,,,,,,,,,,,,,,,,,,,,,,,,,,,,,,,,,,,,,"Isles of Scilly, Cornwall",,,8.81427,Value for Cornwall and Isles of Scilly combined,,,"Isles of Scilly, Cornwall",,,18.97342,Value for Cornwall and Isles of Scilly combined,,,,,,,,,,"Isles of Scilly, Cornwall",,,56.24211999999999,,,,"Isles of Scilly, Cornwall",,27.19411,Value for Cornwall and Isles of Scilly combined,,,,,,,,,,,,,,,,,,,,,,,,,,,,,,,,,,,,,,,,,,,,,,,,,,,,,,
E92000001,,,,,,,England,,,,576.9,,,England,,,,,75.9,,,,,,England,,,,,3.8,,,England,,,,22213.0,,,England,,,,300580.0,,,England,,,,308900.0,,,England,,,,2581080.0,,,England,,,,10190.0,,,England,,,,,539232,,,,,,,,,,,,,,England,,11586.0,England,,,,11.3530419654031,,England,,,,7.62171557840027,,England,,,,9.85293398931194,,,,,,,,,,England,,,,60.0,England,,,,74.89243956,,England,,,,89.72335642519613,England,,,,22.50843,,England,,,,36.52231,,England,,,,19.1,,England,,,,79.7,,England,,,,69.7,,England,,,,77.1,,England,,,,944960.0,,England,,,,,947.0,,,England,,,,,456,,,,England,,,,,61.4,,,,,England,,,,,5401.0,,,England,,,,,,63.87,,,England,,,,,,63.14,,,England,,,,12.7,,England,,,,,9.1535,,England,,,,,22.65001,,England,,,,,25.92851,,England,,,,,54.42142,,England,,,,30.11004,,,,,,England,,,,7.44,,"coefficient of variation is less than or equal to 5%, estimate is considered precise.",,,England,,,,7.73,,"coefficient of variation is less than or equal to 5%, estimate is considered precise.",,,England,,,,7.38,,"coefficient of variation is less than or equal to 5%, estimate is considered precise.",,,England,,,,3.24,,"coefficient of variation is less than or equal to 5%, estimate is considered precise.",,England,,,,9.0,,,England,,,10.251488397151,,England,,41.0624097009045
K02000001,,,,,,United Kingdom,,,,,574.9,,United Kingdom,,,,,,75.7,,,,,,,,,,,,,United Kingdom,,,,,21679.0,,United Kingdom,,,,,336925.0,,United Kingdom,,,,,345490.0,,United Kingdom,,,,,2924685.0,,United Kingdom,,,,,11485.0,,United Kingdom,,,,,,654014,United Kingdom,,,,2002355.0,,United Kingdom,,,,1769316.0,,United Kingdom,,,13447.0,,,,,,,,,,,,,,,,,,,,,,,,,,,,,,,,,,,,,,,,,,,,,,,,,,,,,,,,,,,,,,,,,,,,,,,,,,,,,,,,,,,,,,,,,,,,,,,,,,,,,United Kingdom,,,,,,61.4,,,,,,,,,,,,United Kingdom,,,,,,,63.59,,United Kingdom,,,,,,,62.83,,United Kingdom,,,,,12.9,,,,,,,,,,,,,,,,,,,,,,,,,,,,,,,,,,,,,,,United Kingdom,,,,,7.45,,"coefficient of variation is less than or equal to 5%, estimate is considered precise.",,United Kingdom,,,,,7.73,,"coefficient of variation is less than or equal to 5%, estimate is considered precise.",,United Kingdom,,,,,7.39,,"coefficient of variation is less than or equal to 5%, estimate is considered precise.",,United Kingdom,,,,,3.23,,"coefficient of variation is less than or equal to 5%, estimate is considered precise.",,,,,,,,,,,,,,,,
K03000001,,,,,,Great Britain,,,,,575.6,,Great Britain,,,,,,75.8,,,,,Great Britain,,,,,,3.7,,Great Britain,,,,,21797.0,,Great Britain,,,,,331540.0,,Great Britain,,,,,340200.0,,Great Britain,,,,,2859940.0,,Great Britain,,,,,11260.0,,,,,,,,,,,,,,,,,,,,,,,,,,,,,,,,,,,,,,,,,,,,,,,,,,,,,,,,,,,,,,,,,,,,,,,,,,,,,,,,,,,,,,,,,,,,,,,,,,,,,,,,,,,,,,,,,,,,,,,,,,,,,Great Britain,,,,,,61.5,,,,,,,,,,,,,,,,,,,,,,,,,,,,,,,,,,,,,,,,,,,,,,,,,,,,,,,,,,,,,,,,,,,,,,,,,,,,,,,,,,,,,,,,,,,,,,,,,,,,,,,,,,,,,,,,,,,,,,,,,,,,
K04000001,,,,,,England and Wales,,,,,574.9,,England and Wales,,,,,,75.8,,,,,England and Wales,,,,,,3.8,,England and Wales,,,,,21996.0,,England and Wales,,,,,312670.0,,England and Wales,,,,,320560.0,,England and Wales,,,,,2685600.0,,England and Wales,,,,,10590.0,,,,,,,,,,,,,,,,,,,,,,,,,,,,,,,,,,,,,,,,,,,,,,,,,,,,,,,,,,,,,,,,,,,,,,,,,,,,,,,,,,,,,,,,,,,,,,,,,,,,,,,,,,,,,,,,,,,,,,,,,,,,,England and Wales,,,,,,61.2,,,,,,,,,,,,,,,,,,,,,,,,,,,,,,,,,,,,,,,,,,,,,,,,,,,,,,,,,,,,,,,,,,,,,,,,,,,,,,,,,,,,,,,,,,,,,,,,,,,,,,,,,,,,,,,,,,,,England and Wales,,,,10.16149307377877,,,,
K99000001,,,,,,,,,,,,,,,,,,,,,,,,,,,,,,,,,,,,,,,,,,,,,,,,,,,,,,,,,,,,,,,,,,,,,,,,,,,UK not allocated,,,87590.0,,,UK not allocated,,,2597.0,,,,,,,,,,,,,,,,,,,,,,,,,,,,,,,,,,,,,,,,,,,,,,,,,,,,,,,,,,,,,,,,,,,,,,,,,,,,,,,,,,,,,,,,,,,,,,,,,,,,,,,,,,,,,,,,,,,,,,,,,,,,,,,,,,,,,,,,,,,,,,,,,,,,,,,,,,,,,,,,,,,,,,,,,,,,,,,,,,,,,,,,,,,,,,,,,,,,,,,,,,,,,,,,,,,,,,,,,,,,,,,,,,,,,,,,,,,,
K99000002,UK less Extra-Regio,,,38.33,,,,,,,,,,,,,,,,,,,,,,,,,,,,,,,,,,,,,,,,,,,,,,,,,,,,,,,,,,,,,,,,,,,,,,,,,,,,,,,,,,,,,,,,,,,,,,,,,,,,,,,,,,,,,,,,,,,,,,,,,,,,,,,,,,,,,,,,,,,,,,,,,,,,,,,,,,,,,,,,,,,,,,,,,,,,,,,,,,,,,,,,,,,,,,,,,,,,,,,,,,,,,,,,,,,,,,,,,,,,,,,,,,,,,,,,,,,,,,,,,,,,,,,,,,,,,,,,,,,,,,,,,,,,,,,,,,,,,,,,,,,,,,,,,,,,,,,,,,,,,,,,,,,,,,,,,,,,
K99000004,,,,,,,,,,,,,,,,,,,,,,,,,,,,,,,,,,,,,,,,,,,,,,,,,,,,,,,,,,,,,,,,,,,,,,,,,,,,,,,,,,,,,,,,,,,,,,,,,,,,,,,,,,,,,,,,,,,,,,,,,,,,,,,,,,,,,,,,,,,,,,,,,,,,,,,Outside of England and Unknown,,,76.0,,,Outside of England and Unknown,,,60.9,,,Outside of England and Unknown,,,71.2,,,Outside of England and Unknown,,,6050.0,,,,,,,,,,,,,,,,,,,,,,,,,,,,,,,,,,,,,,,,,,,,,,,,,,,,,,,,,,,,,,,,,,,,,,,,,,,,,,,,,,,,,,,,,,,,,,,,,,,,,,,,,,,,,,,,,,,,,,,,,,,,,,,,,,,,,,,,,,,,,,,,,,,,
N09000001,,,Antrim and Newtownabbey,36.15,,,,,,Antrim and Newtownabbey,529.7,,,,,,,,,,,Antrim and Newtownabbey,74.8,,,,,,,,,,,,,Antrim and Newtownabbey,17960.0,,,,,,Antrim and Newtownabbey,305.0,,,,,,Antrim and Newtownabbey,350.0,,,,,,Antrim and Newtownabbey,3745.0,,,,,,Antrim and Newtownabbey,10.0,,,,,,,,,,,,,,,,,,,,,,,,,,,,,,,,,,,,,,,,,,,,Antrim and Newtownabbey,91.6,,,Antrim and Newtownabbey,99.94,,,,,,,,,,,,,,,,,,,,,,,,,,,,,,,,,,,,,,,,,,,,,,,,,,,,,,,,,,,,,,,,,,,,,,,,,,,,,,,,,,,,,Antrim and Newtownabbey,57.5,,,,,,,,,,,,Antrim and Newtownabbey,,,61.19,,,,,,Antrim and Newtownabbey,,,61.38,,,,,,Antrim and Newtownabbey,7.4,,,,,,,,,,,,,,,,,,,,,,,,,,,,,,,,,,,,,Antrim and Newtownabbey,26.35857450228326,,,,,Antrim and Newtownabbey,7.63,,"coefficient of variation is less than or equal to 5%, estimate is considered precise.",,,,,,Antrim and Newtownabbey,7.74,,"coefficient of variation is less than or equal to 5%, estimate is considered precise.",,,,,,Antrim and Newtownabbey,7.53,,"coefficient of variation is less than or equal to 5%, estimate is considered precise.",,,,,,Antrim and Newtownabbey,3.45,,"coefficient of variation is less than or equal to 5%, estimate is considered precise.",,,,,,,,,,,,,,,,
N09000002,,,"Armagh City, Banbridge and Craigavon",29.17,,,,,,"Armagh City, Banbridge and Craigavon",518.5,,,,,,,,,,,"Armagh City, Banbridge and Craigavon",75.2,,,,,,,,,,,,,"Armagh City, Banbridge and Craigavon",17216.0,,,,,,"Armagh City, Banbridge and Craigavon",665.0,,,,,,"Armagh City, Banbridge and Craigavon",575.0,,,,,,"Armagh City, Banbridge and Craigavon",7390.0,,,,,,"Armagh City, Banbridge and Craigavon",20.0,,,,,,,,,,,,,,,,,,,,,,,,,,,,,,,,,,,,,,,,,,,,"Armagh City, Banbridge and Craigavon",91.3,,,"Armagh City, Banbridge and Craigavon",99.25,,,,,,,,,,,,,,,,,,,,,,,,,,,,,,,,,,,,,,,,,,,,,,,,,,,,,,,,,,,,,,,,,,,,,,,,,,,,,,,,,,,,,"Armagh City, Banbridge and Craigavon",56.7,,,,,,,,,,,,"Armagh City, Banbridge and Craigavon",,,64.25,,,,,,"Armagh City, Banbridge and Craigavon",,,61.77,,,,,,"Armagh City, Banbridge and Craigavon",15.4,,,,,,,,,,,,,,,,,,,,,,,,,,,,,,,,,,,,,"Armagh City, Banbridge and Craigavon",25.05366833093914,,,,,"Armagh City, Banbridge and Craigavon",7.79,,"coefficient of variation is less than or equal to 5%, estimate is considered precise.",,,,,,"Armagh City, Banbridge and Craigavon",8.1,,"coefficient of variation is less than or equal to 5%, estimate is considered precise.",,,,,,"Armagh City, Banbridge and Craigavon",7.67,,"coefficient of variation is less than or equal to 5%, estimate is considered precise.",,,,,,"Armagh City, Banbridge and Craigavon",2.85,,"coefficient of variation is greater than 5% but less than or equal to 10%, estimate is considered reasonably precise.",,,,,,,,,,,,,,,,
N09000003,,,Belfast,34.87,,,,,,Belfast,596.8,,,,,,,,,,,Belfast,65.5,,,,,,,,,,,,,Belfast,17507.0,,,,,,Belfast,1055.0,,,,,,Belfast,1030.0,,,,,,Belfast,11525.0,,,,,,Belfast,70.0,,,,,,,,,,,,,,,,,,,,,,,,,,,,,,,,,,,,,,,,,,,,Belfast,95.6,,,Belfast,100.0,,,,,,,,,,,,,,,,,,,,,,,,,,,,,,,,,,,,,,,,,,,,,,,,,,,,,,,,,,,,,,,,,,,,,,,,,,,,,,,,,,,,,Belfast,57.0,,,,,,,,,,,,Belfast,,,60.71,,,,,,Belfast,,,55.48,,,,,,Belfast,18.7,,,,,,,,,,,,,,,,,,,,,,,,,,,,,,,,,,,,,Belfast,33.57767749609974,,,,,Belfast,7.21,,"coefficient of variation is less than or equal to 5%, estimate is considered precise.",,,,,,Belfast,7.43,,"coefficient of variation is less than or equal to 5%, estimate is considered precise.",,,,,,Belfast,7.09,,"coefficient of variation is less than or equal to 5%, estimate is considered precise.",,,,,,Belfast,3.31,,"coefficient of variation is less than or equal to 5%, estimate is considered precise.",,,,,,,,,,,,,,,,
N09000004,,,Causeway Coast and Glens,31.75,,,,,,Causeway Coast and Glens,459.1,,,,,,,,,,,Causeway Coast and Glens,67.6,,,,,,,,,,,,,Causeway Coast and Glens,16918.0,,,,,,Causeway Coast and Glens,335.0,,,,,,Causeway Coast and Glens,375.0,,,,,,Causeway Coast and Glens,4615.0,,,,,,Causeway Coast and Glens,10.0,,,,,,,,,,,,,,,,,,,,,,,,,,,,,,,,,,,,,,,,,,,,Causeway Coast and Glens,86.6,,,Causeway Coast and Glens,96.38,,,,,,,,,,,,,,,,,,,,,,,,,,,,,,,,,,,,,,,,,,,,,,,,,,,,,,,,,,,,,,,,,,,,,,,,,,,,,,,,,,,,,Causeway Coast and Glens,49.8,,,,,,,,,,,,Causeway Coast and Glens,,,59.46,,,,,,Causeway Coast and Glens,,,63.88,,,,,,Causeway Coast and Glens,16.8,,,,,,,,,,,,,,,,,,,,,,,,,,,,,,,,,,,,,Causeway Coast and Glens,27.45767452865352,,,,,Causeway Coast and Glens,7.74,,"coefficient of variation is less than or equal to 5%, estimate is considered precise.",,,,,,Causeway Coast and Glens,8.11,,"coefficient of variation is less than or equal to 5%, estimate is considered precise.",,,,,,Causeway Coast and Glens,7.61,,"coefficient of variation is less than or equal to 5%, estimate is considered precise.",,,,,,Causeway Coast and Glens,3.11,,"coefficient of variation is greater than 5% but less than or equal to 10%, estimate is considered reasonably precise.",,,,,,,,,,,,,,,,
N09000005,,,Derry City and Strabane,34.34,,,,,,Derry City and Strabane,492.3,,,,,,,,,,,Derry City and Strabane,67.6,,,,,,,,,,,,,Derry City and Strabane,16572.0,,,,,,Derry City and Strabane,420.0,,,,,,Derry City and Strabane,365.0,,,,,,Derry City and Strabane,4600.0,,,,,,Derry City and Strabane,10.0,,,,,,,,,,,,,,,,,,,,,,,,,,,,,,,,,,,,,,,,,,,,Derry City and Strabane,92.5,,,Derry City and Strabane,91.93,,,,,,,,,,,,,,,,,,,,,,,,,,,,,,,,,,,,,,,,,,,,,,,,,,,,,,,,,,,,,,,,,,,,,,,,,,,,,,,,,,,,,Derry City and Strabane,57.7,,,,,,,,,,,,Derry City and Strabane,,,62.43,,,,,,Derry City and Strabane,,,59.95,,,,,,Derry City and Strabane,13,,,,,,,,,,,,,,,,,,,,,,,,,,,,,,,,,,,,,Derry City and Strabane,27.48530701640876,,,,,Derry City and Strabane,7.37,,"coefficient of variation is less than or equal to 5%, estimate is considered precise.",,,,,,Derry City and Strabane,7.79,,"coefficient of variation is less than or equal to 5%, estimate is considered precise.",,,,,,Derry City and Strabane,7.28,,"coefficient of variation is less than or equal to 5%, estimate is considered precise.",,,,,,Derry City and Strabane,3.44,,"coefficient of variation is greater than 5% but less than or equal to 10%, estimate is considered reasonably precise.",,,,,,,,,,,,,,,,
N09000006,,,Fermanagh and Omagh,35.45,,,,,,Fermanagh and Omagh,495,,,,,,,,,,,Fermanagh and Omagh,73.3,,,,,,,,,,,,,Fermanagh and Omagh,17132.0,,,,,,Fermanagh and Omagh,385.0,,,,,,Fermanagh and Omagh,360.0,,,,,,Fermanagh and Omagh,5080.0,,,,,,Fermanagh and Omagh,15.0,,,,,,,,,,,,,,,,,,,,,,,,,,,,,,,,,,,,,,,,,,,,Fermanagh and Omagh,84.6,,,Fermanagh and Omagh,97.45,,,,,,,,,,,,,,,,,,,,,,,,,,,,,,,,,,,,,,,,,,,,,,,,,,,,,,,,,,,,,,,,,,,,,,,,,,,,,,,,,,,,,Fermanagh and Omagh,52.2,,,,,,,,,,,,Fermanagh and Omagh,,,63.95,,,,,,Fermanagh and Omagh,,,61.38,,,,,,Fermanagh and Omagh,13.7,,,,,,,,,,,,,,,,,,,,,,,,,,,,,,,,,,,,,Fermanagh and Omagh,24.049714865719,,,,,Fermanagh and Omagh,7.73,,"coefficient of variation is less than or equal to 5%, estimate is considered precise.",,,,,,Fermanagh and Omagh,8.03,,"coefficient of variation is less than or equal to 5%, estimate is considered precise.",,,,,,Fermanagh and Omagh,7.72,,"coefficient of variation is less than or equal to 5%, estimate is considered precise.",,,,,,Fermanagh and Omagh,2.33,,"coefficient of variation is greater than 10% but less than or equal to 20%, estimate is considered acceptable.",,,,,,,,,,,,,,,,
N09000007,,,Lisburn and Castlereagh,33.68,,,,,,Lisburn and Castlereagh,508.3,,,,,,,,,,,Lisburn and Castlereagh,75.0,,,,,,,,,,,,,Lisburn and Castlereagh,19223.0,,,,,,Lisburn and Castlereagh,415.0,,,,,,Lisburn and Castlereagh,405.0,,,,,,Lisburn and Castlereagh,4945.0,,,,,,Lisburn and Castlereagh,15.0,,,,,,,,,,,,,,,,,,,,,,,,,,,,,,,,,,,,,,,,,,,,Lisburn and Castlereagh,93.1,,,Lisburn and Castlereagh,100.0,,,,,,,,,,,,,,,,,,,,,,,,,,,,,,,,,,,,,,,,,,,,,,,,,,,,,,,,,,,,,,,,,,,,,,,,,,,,,,,,,,,,,Lisburn and Castlereagh,62.0,,,,,,,,,,,,Lisburn and Castlereagh,,,68.9,,,,,,Lisburn and Castlereagh,,,63.72,,,,,,Lisburn and Castlereagh,11.2,,,,,,,,,,,,,,,,,,,,,,,,,,,,,,,,,,,,,Lisburn and Castlereagh,26.55141210204276,,,,,Lisburn and Castlereagh,7.67,,"coefficient of variation is less than or equal to 5%, estimate is considered precise.",,,,,,Lisburn and Castlereagh,7.99,,"coefficient of variation is less than or equal to 5%, estimate is considered precise.",,,,,,Lisburn and Castlereagh,7.68,,"coefficient of variation is less than or equal to 5%, estimate is considered precise.",,,,,,Lisburn and Castlereagh,2.66,,"coefficient of variation is greater than 5% but less than or equal to 10%, estimate is considered reasonably precise.",,,,,,,,,,,,,,,,
N09000008,,,Mid and East Antrim,34.77,,,,,,Mid and East Antrim,487.3,,,,,,,,,,,Mid and East Antrim,76.9,,,,,,,,,,,,,Mid and East Antrim,17767.0,,,,,,Mid and East Antrim,330.0,,,,,,Mid and East Antrim,360.0,,,,,,Mid and East Antrim,3975.0,,,,,,Mid and East Antrim,5.0,,,,,,,,,,,,,,,,,,,,,,,,,,,,,,,,,,,,,,,,,,,,Mid and East Antrim,89.4,,,Mid and East Antrim,97.94,,,,,,,,,,,,,,,,,,,,,,,,,,,,,,,,,,,,,,,,,,,,,,,,,,,,,,,,,,,,,,,,,,,,,,,,,,,,,,,,,,,,,Mid and East Antrim,59.7,,,,,,,,,,,,Mid and East Antrim,,,60.11,,,,,,Mid and East Antrim,,,61.01,,,,,,Mid and East Antrim,12.1,,,,,,,,,,,,,,,,,,,,,,,,,,,,,,,,,,,,,Mid and East Antrim,26.77366827009094,,,,,Mid and East Antrim,7.75,,"coefficient of variation is less than or equal to 5%, estimate is considered precise.",,,,,,Mid and East Antrim,8.15,,"coefficient of variation is less than or equal to 5%, estimate is considered precise.",,,,,,Mid and East Antrim,7.88,,"coefficient of variation is less than or equal to 5%, estimate is considered precise.",,,,,,Mid and East Antrim,2.81,,"coefficient of variation is greater than 5% but less than or equal to 10%, estimate is considered reasonably precise.",,,,,,,,,,,,,,,,
N09000009,,,Mid Ulster,37.21,,,,,,Mid Ulster,510.8,,,,,,,,,,,Mid Ulster,73.8,,,,,,,,,,,,,Mid Ulster,17495.0,,,,,,Mid Ulster,455.0,,,,,,Mid Ulster,425.0,,,,,,Mid Ulster,6695.0,,,,,,Mid Ulster,30.0,,,,,,,,,,,,,,,,,,,,,,,,,,,,,,,,,,,,,,,,,,,,Mid Ulster,86.9,,,Mid Ulster,99.17,,,,,,,,,,,,,,,,,,,,,,,,,,,,,,,,,,,,,,,,,,,,,,,,,,,,,,,,,,,,,,,,,,,,,,,,,,,,,,,,,,,,,Mid Ulster,58.8,,,,,,,,,,,,Mid Ulster,,,60.3,,,,,,Mid Ulster,,,63.59,,,,,,Mid Ulster,12,,,,,,,,,,,,,,,,,,,,,,,,,,,,,,,,,,,,,Mid Ulster,24.96813305183173,,,,,Mid Ulster,8.04,,"coefficient of variation is less than or equal to 5%, estimate is considered precise.",,,,,,Mid Ulster,8.35,,"coefficient of variation is less than or equal to 5%, estimate is considered precise.",,,,,,Mid Ulster,7.95,,"coefficient of variation is less than or equal to 5%, estimate is considered precise.",,,,,,Mid Ulster,1.95,,"coefficient of variation is greater than 5% but less than or equal to 10%, estimate is considered reasonably precise.",,,,,,,,,,,,,,,,
N09000010,,,"Newry, Mourne and Down",31.13,,,,,,"Newry, Mourne and Down",481.6,,,,,,,,,,,"Newry, Mourne and Down",74.9,,,,,,,,,,,,,"Newry, Mourne and Down",17275.0,,,,,,"Newry, Mourne and Down",620.0,,,,,,"Newry, Mourne and Down",595.0,,,,,,"Newry, Mourne and Down",7530.0,,,,,,"Newry, Mourne and Down",25.0,,,,,,,,,,,,,,,,,,,,,,,,,,,,,,,,,,,,,,,,,,,,"Newry, Mourne and Down",90.4,,,"Newry, Mourne and Down",93.84,,,,,,,,,,,,,,,,,,,,,,,,,,,,,,,,,,,,,,,,,,,,,,,,,,,,,,,,,,,,,,,,,,,,,,,,,,,,,,,,,,,,,"Newry, Mourne and Down",56.1,,,,,,,,,,,,"Newry, Mourne and Down",,,62.34,,,,,,"Newry, Mourne and Down",,,62.76,,,,,,"Newry, Mourne and Down",13.7,,,,,,,,,,,,,,,,,,,,,,,,,,,,,,,,,,,,,"Newry, Mourne and Down",26.7857429860758,,,,,"Newry, Mourne and Down",7.7,,"coefficient of variation is less than or equal to 5%, estimate is considered precise.",,,,,,"Newry, Mourne and Down",8.12,,"coefficient of variation is less than or equal to 5%, estimate is considered precise.",,,,,,"Newry, Mourne and Down",7.77,,"coefficient of variation is less than or equal to 5%, estimate is considered precise.",,,,,,"Newry, Mourne and Down",2.49,,"coefficient of variation is greater than 5% but less than or equal to 10%, estimate is considered reasonably precise.",,,,,,,,,,,,,,,,
N09000011,,,Ards and North Down,33.93,,,,,,Ards and North Down,450.1,,,,,,,,,,,Ards and North Down,72.8,,,,,,,,,,,,,Ards and North Down,19108.0,,,,,,Ards and North Down,400.0,,,,,,Ards and North Down,450.0,,,,,,Ards and North Down,4645.0,,,,,,Ards and North Down,15.0,,,,,,,,,,,,,,,,,,,,,,,,,,,,,,,,,,,,,,,,,,,,Ards and North Down,93.4,,,Ards and North Down,100.0,,,,,,,,,,,,,,,,,,,,,,,,,,,,,,,,,,,,,,,,,,,,,,,,,,,,,,,,,,,,,,,,,,,,,,,,,,,,,,,,,,,,,Ards and North Down,59.6,,,,,,,,,,,,Ards and North Down,,,62.91,,,,,,Ards and North Down,,,64.23,,,,,,Ards and North Down,12.8,,,,,,,,,,,,,,,,,,,,,,,,,,,,,,,,,,,,,Ards and North Down,20.63927772963955,,,,,Ards and North Down,7.78,,"coefficient of variation is less than or equal to 5%, estimate is considered precise.",,,,,,Ards and North Down,8,,"coefficient of variation is less than or equal to 5%, estimate is considered precise.",,,,,,Ards and North Down,7.66,,"coefficient of variation is less than or equal to 5%, estimate is considered precise.",,,,,,Ards and North Down,3.05,,"coefficient of variation is greater than 5% but less than or equal to 10%, estimate is considered reasonably precise.",,,,,,,,,,,,,,,,
N34000001,,,,,,,,,,,,,,,,,,,,,,,,,,,,,,,,,,,,,,,,,,,,,,,,,,,,,,,,,,,,,,,,,,,,,,,Belfast City Region,,na,,,,,,,,,,,,,,,,,,,,,,,,,,,,,,,,,,,,,,,,,,,,,,,,,,,,,,,,,,,,,,,,,,,,,,,,,,,,,,,,,,,,,,,,,,,,,,,,,,,,,,,,,,,,,,,,,,,,,,,,,,,,,,,,,,,,,,,,,,,,,,,,,,,,,,,,,,,,,,,,,,,,,,,,,,,,,,,,,,,,,,,,,,,,,,,,,,,,,,,,,,,,,,,,,,,,,,,,,,,,,,,,,,,,,,,,,,,,,,,,,,,,,,,
N92000002,,,,,,,Northern Ireland,,,,533,,,Northern Ireland,,,,,73.3,,Northern Ireland,,71.9,,,,,,,,,,Northern Ireland,,,,17636.0,,,Northern Ireland,,,,5385.0,,,Northern Ireland,,,,5290.0,,,Northern Ireland,,,,64745.0,,,Northern Ireland,,,,225.0,,,,,,,,,,,,,,,,,,,,,,Northern Ireland,,218.0,,,,,,,,,,,,,,,,,,,,,,,,,,,,,,,,,,,,,,,,,,,,,,,,,,,,,,,,,,,,,,,,,,,,,,,,,,,,,,,,,,,,,,,,,,,,,,,,,,,,,,Northern Ireland,,,,,59.2,,Northern Ireland,,57.2,,,,,,,,,Northern Ireland,,,,,,62.68,,,Northern Ireland,,,,,,61.47,,,Northern Ireland,,,,14,,,,,,,,,,,,,,,,,,,,,,,,,,,,,,,,,,,,Northern Ireland,,26.82218453344339,,Northern Ireland,,,,7.63,,"coefficient of variation is less than or equal to 5%, estimate is considered precise.",,,Northern Ireland,,,,7.93,,"coefficient of variation is less than or equal to 5%, estimate is considered precise.",,,Northern Ireland,,,,7.57,,"coefficient of variation is less than or equal to 5%, estimate is considered precise.",,,Northern Ireland,,,,2.91,,"coefficient of variation is less than or equal to 5%, estimate is considered precise.",,,,,,,,,,,,,,,,
S12000005,,,Clackmannanshire,49.06,,,,,,Clackmannanshire,630.8,,,,,,Clackmannanshire,,65.9,,,,,,,,,Clackmannanshire,,4.1,,,,,,Clackmannanshire,19695.0,,,,,,Clackmannanshire,140.0,,,,,,Clackmannanshire,135.0,,,,,,Clackmannanshire,1170.0,,,,,,Clackmannanshire,5.0,,,,,,,,,,,,,,,,,,,,,,,,,,,,,,,,,,,,,,,,,,,,Clackmannanshire,64.3,,,Clackmannanshire,97.14,,,,,,,,,,,,,,,,,,,,,,,,,,,,,,,,,,,,,,,,,,,,,,,,,,,,,,,,,,,,,,,,,,,,,,,,,,,,,,,,Clackmannanshire,,55.6,,,,,,,,,,,,,,,,Clackmannanshire,,,62.66,,,,,,Clackmannanshire,,,62.47,,,,,,Clackmannanshire,19.1,,,,,,,,,,,,,,,,,,,,,,,,,,,,,,,,,,,,,,,,,,,Clackmannanshire,7.42,,"coefficient of variation is less than or equal to 5%, estimate is considered precise.",,,,,,Clackmannanshire,7.73,,"coefficient of variation is less than or equal to 5%, estimate is considered precise.",,,,,,Clackmannanshire,7.23,,"coefficient of variation is less than or equal to 5%, estimate is considered precise.",,,,,,Clackmannanshire,3.4,,"coefficient of variation is greater than 5% but less than or equal to 10%, estimate is considered reasonably precise.",,,,,,,,,,,,,,,,
S12000006,,,Dumfries and Galloway,36.0,,,,,,Dumfries and Galloway,509,,,,,,Dumfries and Galloway,,68.4,,,,,,,,,Dumfries and Galloway,,3.9,,,,,,Dumfries and Galloway,19172.0,,,,,,Dumfries and Galloway,400.0,,,,,,Dumfries and Galloway,365.0,,,,,,Dumfries and Galloway,4620.0,,,,,,Dumfries and Galloway,15.0,,,,,,,,,,,,,,,,,,,,,,,,,,,,,,,,,,,,,,,,,,,,Dumfries and Galloway,25.6,,,Dumfries and Galloway,92.48,,,,,,,,,,,,,,,,,,,,,,,,,,,,,,,,,,,,,,,,,,,,,,,,,,,,,,,,,,,,,,,,,,,,,,,,,,,,,,,,Dumfries and Galloway,,61.5,,,,,,,,,,,,,,,,Dumfries and Galloway,,,61.41,,,,,,Dumfries and Galloway,,,63.11,,,,,,Dumfries and Galloway,13,,,,,,,,,,,,,,,,,,,,,,,,,,,,,,,,,,,,,,,,,,,Dumfries and Galloway,7.66,,"coefficient of variation is less than or equal to 5%, estimate is considered precise.",,,,,,Dumfries and Galloway,7.81,,"coefficient of variation is less than or equal to 5%, estimate is considered precise.",,,,,,Dumfries and Galloway,7.63,,"coefficient of variation is less than or equal to 5%, estimate is considered precise.",,,,,,Dumfries and Galloway,3.68,,"coefficient of variation is greater than 5% but less than or equal to 10%, estimate is considered reasonably precise.",,,,,,,,,,,,,,,,
S12000008,,,East Ayrshire,29.3,,,,,,East Ayrshire,564.5,,,,,,East Ayrshire,,70.6,,,,,,,,,East Ayrshire,,3.4,,,,,,East Ayrshire,17429.0,,,,,,East Ayrshire,345.0,,,,,,East Ayrshire,360.0,,,,,,East Ayrshire,3135.0,,,,,,East Ayrshire,10.0,,,,,,,,,,,,,,,,,,,,,,,,,,,,,,,,,,,,,,,,,,,,East Ayrshire,64.9,,,East Ayrshire,91.67,,,,,,,,,,,,,,,,,,,,,,,,,,,,,,,,,,,,,,,,,,,,,,,,,,,,,,,,,,,,,,,,,,,,,,,,,,,,,,,,East Ayrshire,,57.1,,,,,,,,,,,,,,,,East Ayrshire,,,59.13,,,,,,East Ayrshire,,,57.19,,,,,,East Ayrshire,15.2,,,,,,,,,,,,,,,,,,,,,,,,,,,,,,,,,,,,,,,,,,,East Ayrshire,7.3,,"coefficient of variation is less than or equal to 5%, estimate is considered precise.",,,,,,East Ayrshire,7.56,,"coefficient of variation is less than or equal to 5%, estimate is considered precise.",,,,,,East Ayrshire,7.37,,"coefficient of variation is less than or equal to 5%, estimate is considered precise.",,,,,,East Ayrshire,3.39,,"coefficient of variation is greater than 5% but less than or equal to 10%, estimate is considered reasonably precise.",,,,,,,,,,,,,,,,
S12000010,,,East Lothian,34.62,,,,,,East Lothian,584.9,,,,,,East Lothian,,79.7,,,,,,,,,East Lothian,,2.5,,,,,,East Lothian,23135.0,,,,,,East Lothian,305.0,,,,,,East Lothian,360.0,,,,,,East Lothian,3185.0,,,,,,East Lothian,20.0,,,,,,,,,,,,,,,,,,,,,,,,,,,,,,,,,,,,,,,,,,,,East Lothian,77.7,,,East Lothian,93.4,,,,,,,,,,,,,,,,,,,,,,,,,,,,,,,,,,,,,,,,,,,,,,,,,,,,,,,,,,,,,,,,,,,,,,,,,,,,,,,,East Lothian,,65.3,,,,,,,,,,,,,,,,East Lothian,,,65.31,,,,,,East Lothian,,,63.66,,,,,,East Lothian,11.5,,,,,,,,,,,,,,,,,,,,,,,,,,,,,,,,,,,,,,,,,,,East Lothian,7.43,,"coefficient of variation is less than or equal to 5%, estimate is considered precise.",,,,,,East Lothian,7.74,,"coefficient of variation is less than or equal to 5%, estimate is considered precise.",,,,,,East Lothian,7.21,,"coefficient of variation is less than or equal to 5%, estimate is considered precise.",,,,,,East Lothian,2.68,,"coefficient of variation is greater than 5% but less than or equal to 10%, estimate is considered reasonably precise.",,,,,,,,,,,,,,,,
S12000011,,,East Renfrewshire,33.36,,,,,,East Renfrewshire,773,,,,,,East Renfrewshire,,77,,,,,,,,,East Renfrewshire,,2.7,,,,,,East Renfrewshire,23028.0,,,,,,East Renfrewshire,325.0,,,,,,East Renfrewshire,355.0,,,,,,East Renfrewshire,2940.0,,,,,,East Renfrewshire,5.0,,,,,,,,,,,,,,,,,,,,,,,,,,,,,,,,,,,,,,,,,,,,East Renfrewshire,82.8,,,East Renfrewshire,99.1,,,,,,,,,,,,,,,,,,,,,,,,,,,,,,,,,,,,,,,,,,,,,,,,,,,,,,,,,,,,,,,,,,,,,,,,,,,,,,,,East Renfrewshire,,77.3,,,,,,,,,,,,,,,,East Renfrewshire,,,67.03,,,,,,East Renfrewshire,,,68.65,,,,,,East Renfrewshire,9.7,,,,,,,,,,,,,,,,,,,,,,,,,,,,,,,,,,,,,,,,,,,East Renfrewshire,7.73,,"coefficient of variation is less than or equal to 5%, estimate is considered precise.",,,,,,East Renfrewshire,7.87,,"coefficient of variation is less than or equal to 5%, estimate is considered precise.",,,,,,East Renfrewshire,7.75,,"coefficient of variation is less than or equal to 5%, estimate is considered precise.",,,,,,East Renfrewshire,3.3,,"coefficient of variation is greater than 5% but less than or equal to 10%, estimate is considered reasonably precise.",,,,,,,,,,,,,,,,
S12000013,,,Na h-Eileanan Siar,29.09,,,,,,Na h-Eileanan Siar,588.1,,,,,,Na h-Eileanan Siar,,82.7,,,,,,,,,Na h-Eileanan Siar,,2.4,,,,,,Na h-Eileanan Siar,18594.0,,,,,,Na h-Eileanan Siar,70.0,,,,,,Na h-Eileanan Siar,75.0,,,,,,Na h-Eileanan Siar,940.0,,,,,,Na h-Eileanan Siar,5.0,,,,,,,,,,,,,,,,,,,,,,,,,,,,,,,,,,,,,,,,,,,,Na h-Eileanan Siar,5.6,,,Na h-Eileanan Siar,88.56,,,,,,,,,,,,,,,,,,,,,,,,,,,,,,,,,,,,,,,,,,,,,,,,,,,,,,,,,,,,,,,,,,,,,,,,,,,,,,,,Na h-Eileanan Siar,,58,,,,,,,,,,,,,,,,Na h-Eileanan Siar,,,67.52,,,,,,Na h-Eileanan Siar,,,68.33,,,,,,Na h-Eileanan Siar,12.1,,,,,,,,,,,,,,,,,,,,,,,,,,,,,,,,,,,,,,,,,,,Na h-Eileanan Siar,8.24,,"coefficient of variation is less than or equal to 5%, estimate is considered precise.",,,,,,Na h-Eileanan Siar,8.27,,"coefficient of variation is less than or equal to 5%, estimate is considered precise.",,,,,,Na h-Eileanan Siar,8.12,,"coefficient of variation is less than or equal to 5%, estimate is considered precise.",,,,,,Na h-Eileanan Siar,2.33,,"coefficient of variation is greater than 5% but less than or equal to 10%, estimate is considered reasonably precise.",,,,,,,,,,,,,,,,
S12000014,,,Falkirk,37.75,,,,,,Falkirk,611.3,,,,,,Falkirk,,73.7,,,,,,,,,Falkirk,,3.5,,,,,,Falkirk,18236.0,,,,,,Falkirk,450.0,,,,,,Falkirk,445.0,,,,,,Falkirk,3875.0,,,,,,Falkirk,20.0,,,,,,,,,,,,,,,,,,,,,,,,,,,,,,,,,,,,,,,,,,,,Falkirk,89.7,,,Falkirk,99.86,,,,,,,,,,,,,,,,,,,,,,,,,,,,,,,,,,,,,,,,,,,,,,,,,,,,,,,,,,,,,,,,,,,,,,,,,,,,,,,,Falkirk,,61.7,,,,,,,,,,,,,,,,Falkirk,,,59.49,,,,,,Falkirk,,,60.77,,,,,,Falkirk,17.3,,,,,,,,,,,,,,,,,,,,,,,,,,,,,,,,,,,,,,,,,,,Falkirk,7.62,,"coefficient of variation is less than or equal to 5%, estimate is considered precise.",,,,,,Falkirk,7.88,,"coefficient of variation is less than or equal to 5%, estimate is considered precise.",,,,,,Falkirk,7.45,,"coefficient of variation is less than or equal to 5%, estimate is considered precise.",,,,,,Falkirk,3.28,,"coefficient of variation is greater than 5% but less than or equal to 10%, estimate is considered reasonably precise.",,,,,,,,,,,,,,,,
S12000017,,,Highland,36.69,,,,,,Highland,573.8,,,,,,Highland,,76.7,,,,,,,,,Highland,,2.5,,,,,,Highland,19987.0,,,,,,Highland,810.0,,,,,,Highland,895.0,,,,,,Highland,9390.0,,,,,,Highland,30.0,,,,,,,,,,,,,,,,,,,,,,,,,,,,,,,,,,,,,,,,,,,,Highland,36.5,,,Highland,74.99,,,,,,,,,,,,,,,,,,,,,,,,,,,,,,,,,,,,,,,,,,,,,,,,,,,,,,,,,,,,,,,,,,,,,,,,,,,,,,,,Highland,,62.3,,,,,,,,,,,,,,,,Highland,,,65.32,,,,,,Highland,,,64.53,,,,,,Highland,8.7,,,,,,,,,,,,,,,,,,,,,,,,,,,,,,,,,,,,,,,,,,,Highland,7.87,,"coefficient of variation is less than or equal to 5%, estimate is considered precise.",,,,,,Highland,8.1,,"coefficient of variation is less than or equal to 5%, estimate is considered precise.",,,,,,Highland,7.93,,"coefficient of variation is less than or equal to 5%, estimate is considered precise.",,,,,,Highland,2.72,,"coefficient of variation is greater than 5% but less than or equal to 10%, estimate is considered reasonably precise.",,,,,,,,,,,,,,,,
S12000018,,,Inverclyde,27.23,,,,,,Inverclyde,539,,,,,,Inverclyde,,69.9,,,,,,,,,Inverclyde,,3.6,,,,,,Inverclyde,18127.0,,,,,,Inverclyde,195.0,,,,,,Inverclyde,210.0,,,,,,Inverclyde,1710.0,,,,,,Inverclyde,5.0,,,,,,,,,,,,,,,,,,,,,,,,,,,,,,,,,,,,,,,,,,,,Inverclyde,76.2,,,Inverclyde,97.51,,,,,,,,,,,,,,,,,,,,,,,,,,,,,,,,,,,,,,,,,,,,,,,,,,,,,,,,,,,,,,,,,,,,,,,,,,,,,,,,Inverclyde,,62,,,,,,,,,,,,,,,,Inverclyde,,,59.38,,,,,,Inverclyde,,,54.36,,,,,,Inverclyde,15.6,,,,,,,,,,,,,,,,,,,,,,,,,,,,,,,,,,,,,,,,,,,Inverclyde,7.51,,"coefficient of variation is less than or equal to 5%, estimate is considered precise.",,,,,,Inverclyde,7.74,,"coefficient of variation is less than or equal to 5%, estimate is considered precise.",,,,,,Inverclyde,7.56,,"coefficient of variation is less than or equal to 5%, estimate is considered precise.",,,,,,Inverclyde,3.09,,"coefficient of variation is greater than 5% but less than or equal to 10%, estimate is considered reasonably precise.",,,,,,,,,,,,,,,,
S12000019,,,Midlothian,34.52,,,,,,Midlothian,621.5,,,,,,Midlothian,,84.2,,,,,,,,,Midlothian,,2.2,,,,,,Midlothian,19880.0,,,,,,Midlothian,315.0,,,,,,Midlothian,295.0,,,,,,Midlothian,2700.0,,,,,,Midlothian,15.0,,,,,,,,,,,,,,,,,,,,,,,,,,,,,,,,,,,,,,,,,,,,Midlothian,84.2,,,Midlothian,97.52,,,,,,,,,,,,,,,,,,,,,,,,,,,,,,,,,,,,,,,,,,,,,,,,,,,,,,,,,,,,,,,,,,,,,,,,,,,,,,,,Midlothian,,68.2,,,,,,,,,,,,,,,,Midlothian,,,63.67,,,,,,Midlothian,,,58.59,,,,,,Midlothian,11.9,,,,,,,,,,,,,,,,,,,,,,,,,,,,,,,,,,,,,,,,,,,Midlothian,7.46,,"coefficient of variation is less than or equal to 5%, estimate is considered precise.",,,,,,Midlothian,7.87,,"coefficient of variation is less than or equal to 5%, estimate is considered precise.",,,,,,Midlothian,7.37,,"coefficient of variation is less than or equal to 5%, estimate is considered precise.",,,,,,Midlothian,2.67,,"coefficient of variation is greater than 5% but less than or equal to 10%, estimate is considered reasonably precise.",,,,,,,,,,,,,,,,
S12000020,,,Moray,40.29,,,,,,Moray,509.2,,,,,,Moray,,71.4,,,,,,,,,Moray,,3.4,,,,,,Moray,18438.0,,,,,,Moray,240.0,,,,,,Moray,265.0,,,,,,Moray,2770.0,,,,,,Moray,5.0,,,,,,,,,,,,,,,,,,,,,,,,,,,,,,,,,,,,,,,,,,,,Moray,48.3,,,Moray,89.63,,,,,,,,,,,,,,,,,,,,,,,,,,,,,,,,,,,,,,,,,,,,,,,,,,,,,,,,,,,,,,,,,,,,,,,,,,,,,,,,Moray,,65.2,,,,,,,,,,,,,,,,Moray,,,62.56,,,,,,Moray,,,61.56,,,,,,Moray,16.4,,,,,,,,,,,,,,,,,,,,,,,,,,,,,,,,,,,,,,,,,,,Moray,7.44,,"coefficient of variation is less than or equal to 5%, estimate is considered precise.",,,,,,Moray,7.59,,"coefficient of variation is less than or equal to 5%, estimate is considered precise.",,,,,,Moray,7.39,,"coefficient of variation is less than or equal to 5%, estimate is considered precise.",,,,,,Moray,2.65,,"coefficient of variation is greater than 5% but less than or equal to 10%, estimate is considered reasonably precise.",,,,,,,,,,,,,,,,
S12000021,,,North Ayrshire,38.1,,,,,,North Ayrshire,595.6,,,,,,North Ayrshire,,68.7,,,,,,,,,North Ayrshire,,3.8,,,,,,North Ayrshire,17332.0,,,,,,North Ayrshire,335.0,,,,,,North Ayrshire,425.0,,,,,,North Ayrshire,3260.0,,,,,,North Ayrshire,5.0,,,,,,,,,,,,,,,,,,,,,,,,,,,,,,,,,,,,,,,,,,,,North Ayrshire,66.7,,,North Ayrshire,91.41,,,,,,,,,,,,,,,,,,,,,,,,,,,,,,,,,,,,,,,,,,,,,,,,,,,,,,,,,,,,,,,,,,,,,,,,,,,,,,,,North Ayrshire,,50.6,,,,,,,,,,,,,,,,North Ayrshire,,,54.04,,,,,,North Ayrshire,,,57.42,,,,,,North Ayrshire,15.9,,,,,,,,,,,,,,,,,,,,,,,,,,,,,,,,,,,,,,,,,,,North Ayrshire,7.34,,"coefficient of variation is less than or equal to 5%, estimate is considered precise.",,,,,,North Ayrshire,7.64,,"coefficient of variation is less than or equal to 5%, estimate is considered precise.",,,,,,North Ayrshire,7.42,,"coefficient of variation is less than or equal to 5%, estimate is considered precise.",,,,,,North Ayrshire,3.54,,"coefficient of variation is greater than 5% but less than or equal to 10%, estimate is considered reasonably precise.",,,,,,,,,,,,,,,,
S12000023,,,Orkney Islands,41.61,,,,,,Orkney Islands,557.1,,,,,,Orkney Islands,,89.8,,,,,,,,,Orkney Islands,,1.9,,,,,,Orkney Islands,19531.0,,,,,,Orkney Islands,60.0,,,,,,Orkney Islands,45.0,,,,,,Orkney Islands,875.0,,,,,,Orkney Islands,5.0,,,,,,,,,,,,,,,,,,,,,,,,,,,,,,,,,,,,,,,,,,,,Orkney Islands,6.6,,,Orkney Islands,98.55,,,,,,,,,,,,,,,,,,,,,,,,,,,,,,,,,,,,,,,,,,,,,,,,,,,,,,,,,,,,,,,,,,,,,,,,,,,,,,,,Orkney Islands,,58.8,,,,,,,,,,,,,,,,Orkney Islands,,,77.49,,,,,,Orkney Islands,,,71.24,,,,,,Orkney Islands,11.3,,,,,,,,,,,,,,,,,,,,,,,,,,,,,,,,,,,,,,,,,,,Orkney Islands,na,Value suppressed with due to low reliability of estimate,,,,,,,Orkney Islands,na,Value suppressed with due to low reliability of estimate,,,,,,,Orkney Islands,na,Value suppressed with due to low reliability of estimate,,,,,,,Orkney Islands,na,Value suppressed with due to low reliability of estimate,,,,,,,,,,,,,,,,,
S12000026,,,Scottish Borders ,33.26,,,,,,Scottish Borders ,549.7,,,,,,Scottish Borders ,,77.2,,,,,,,,,Scottish Borders ,,3.2,,,,,,Scottish Borders ,20649.0,,,,,,Scottish Borders ,365.0,,,,,,Scottish Borders ,355.0,,,,,,Scottish Borders ,4195.0,,,,,,Scottish Borders ,5.0,,,,,,,,,,,,,,,,,,,,,,,,,,,,,,,,,,,,,,,,,,,,Scottish Borders ,38.0,,,Scottish Borders ,86.5,,,,,,,,,,,,,,,,,,,,,,,,,,,,,,,,,,,,,,,,,,,,,,,,,,,,,,,,,,,,,,,,,,,,,,,,,,,,,,,,Scottish Borders ,,59.8,,,,,,,,,,,,,,,,Scottish Borders ,,,65.3,,,,,,Scottish Borders ,,,64.12,,,,,,Scottish Borders ,10.2,,,,,,,,,,,,,,,,,,,,,,,,,,,,,,,,,,,,,,,,,,,Scottish Borders ,7.58,,"coefficient of variation is less than or equal to 5%, estimate is considered precise.",,,,,,Scottish Borders ,7.91,,"coefficient of variation is less than or equal to 5%, estimate is considered precise.",,,,,,Scottish Borders ,7.34,,"coefficient of variation is less than or equal to 5%, estimate is considered precise.",,,,,,Scottish Borders ,2.86,,"coefficient of variation is greater than 5% but less than or equal to 10%, estimate is considered reasonably precise.",,,,,,,,,,,,,,,,
S12000027,,,Shetland Islands,34.87,,,,,,Shetland Islands,546.3,,,,,,Shetland Islands,,89.1,,,,,,,,,Shetland Islands,,2,,,,,,Shetland Islands,21045.0,,,,,,Shetland Islands,75.0,,,,,,Shetland Islands,65.0,,,,,,Shetland Islands,960.0,,,,,,Shetland Islands,0.0,,,,,,,,,,,,,,,,,,,,,,,,,,,,,,,,,,,,,,,,,,,,Shetland Islands,7.4,,,Shetland Islands,97.48,,,,,,,,,,,,,,,,,,,,,,,,,,,,,,,,,,,,,,,,,,,,,,,,,,,,,,,,,,,,,,,,,,,,,,,,,,,,,,,,Shetland Islands,,64.3,,,,,,,,,,,,,,,,Shetland Islands,,,62.5,,,,,,Shetland Islands,,,63.51,,,,,,Shetland Islands,9.1,,,,,,,,,,,,,,,,,,,,,,,,,,,,,,,,,,,,,,,,,,,Shetland Islands,7.93,,"coefficient of variation is less than or equal to 5%, estimate is considered precise.",,,,,,Shetland Islands,7.97,,"coefficient of variation is less than or equal to 5%, estimate is considered precise.",,,,,,Shetland Islands,8.22,,"coefficient of variation is less than or equal to 5%, estimate is considered precise.",,,,,,Shetland Islands,2.04,,"coefficient of variation is greater than 10% but less than or equal to 20%, estimate is considered acceptable.",,,,,,,,,,,,,,,,
S12000028,,,South Ayrshire,33.18,,,,,,South Ayrshire,576.6,,,,,,South Ayrshire,,61.4,,,,,,,,,South Ayrshire,,4.2,,,,,,South Ayrshire,19134.0,,,,,,South Ayrshire,325.0,,,,,,South Ayrshire,335.0,,,,,,South Ayrshire,3420.0,,,,,,South Ayrshire,5.0,,,,,,,,,,,,,,,,,,,,,,,,,,,,,,,,,,,,,,,,,,,,South Ayrshire,70.0,,,South Ayrshire,87.02,,,,,,,,,,,,,,,,,,,,,,,,,,,,,,,,,,,,,,,,,,,,,,,,,,,,,,,,,,,,,,,,,,,,,,,,,,,,,,,,South Ayrshire,,66.6,,,,,,,,,,,,,,,,South Ayrshire,,,63.66,,,,,,South Ayrshire,,,61.84,,,,,,South Ayrshire,15.5,,,,,,,,,,,,,,,,,,,,,,,,,,,,,,,,,,,,,,,,,,,South Ayrshire,7.58,,"coefficient of variation is less than or equal to 5%, estimate is considered precise.",,,,,,South Ayrshire,7.98,,"coefficient of variation is less than or equal to 5%, estimate is considered precise.",,,,,,South Ayrshire,7.54,,"coefficient of variation is less than or equal to 5%, estimate is considered precise.",,,,,,South Ayrshire,3.22,,"coefficient of variation is greater than 5% but less than or equal to 10%, estimate is considered reasonably precise.",,,,,,,,,,,,,,,,
S12000029,,,South Lanarkshire,35.8,,,,,,South Lanarkshire,633,,,,,,South Lanarkshire,,78.3,,,,,,,,,South Lanarkshire,,2.8,,,,,,South Lanarkshire,19577.0,,,,,,South Lanarkshire,1175.0,,,,,,South Lanarkshire,1100.0,,,,,,South Lanarkshire,9575.0,,,,,,South Lanarkshire,45.0,,,,,,,,,,,,,,,,,,,,,,,,,,,,,,,,,,,,,,,,,,,,South Lanarkshire,81.6,,,South Lanarkshire,94.04,,,,,,,,,,,,,,,,,,,,,,,,,,,,,,,,,,,,,,,,,,,,,,,,,,,,,,,,,,,,,,,,,,,,,,,,,,,,,,,,South Lanarkshire,,60.2,,,,,,,,,,,,,,,,South Lanarkshire,,,62.66,,,,,,South Lanarkshire,,,59.52,,,,,,South Lanarkshire,15,,,,,,,,,,,,,,,,,,,,,,,,,,,,,,,,,,,,,,,,,,,South Lanarkshire,7.39,,"coefficient of variation is less than or equal to 5%, estimate is considered precise.",,,,,,South Lanarkshire,7.74,,"coefficient of variation is less than or equal to 5%, estimate is considered precise.",,,,,,South Lanarkshire,7.43,,"coefficient of variation is less than or equal to 5%, estimate is considered precise.",,,,,,South Lanarkshire,3.27,,"coefficient of variation is greater than 5% but less than or equal to 10%, estimate is considered reasonably precise.",,,,,,,,,,,,,,,,
S12000030,,,Stirling,35.13,,,,,,Stirling,596.2,,,,,,Stirling,,77.7,,,,,,,,,Stirling,,3,,,,,,Stirling,20561.0,,,,,,Stirling,350.0,,,,,,Stirling,360.0,,,,,,Stirling,3725.0,,,,,,Stirling,10.0,,,,,,,,,,,,,,,,,,,,,,,,,,,,,,,,,,,,,,,,,,,,Stirling,51.7,,,Stirling,81.03999999999999,,,,,,,,,,,,,,,,,,,,,,,,,,,,,,,,,,,,,,,,,,,,,,,,,,,,,,,,,,,,,,,,,,,,,,,,,,,,,,,,Stirling,,72.1,,,,,,,,,,,,,,,,Stirling,,,64.71,,,,,,Stirling,,,63.38,,,,,,Stirling,10.6,,,,,,,,,,,,,,,,,,,,,,,,,,,,,,,,,,,,,,,,,,,Stirling,7.56,,"coefficient of variation is less than or equal to 5%, estimate is considered precise.",,,,,,Stirling,7.82,,"coefficient of variation is less than or equal to 5%, estimate is considered precise.",,,,,,Stirling,7.57,,"coefficient of variation is less than or equal to 5%, estimate is considered precise.",,,,,,Stirling,3.24,,"coefficient of variation is greater than 5% but less than or equal to 10%, estimate is considered reasonably precise.",,,,,,,,,,,,,,,,
S12000033,,,Aberdeen City,36.83,,,,,,Aberdeen City,586.3,,,,,,Aberdeen City,,72.3,,,,,,,,,Aberdeen City,,4.1,,,,,,Aberdeen City,20520.0,,,,,,Aberdeen City,895.0,,,,,,Aberdeen City,1205.0,,,,,,Aberdeen City,8630.0,,,,,,Aberdeen City,35.0,,,,,,,,,,,,,,,,,,,,,,,,,,,,,,,,,,,,,,,,,,,,Aberdeen City,85.9,,,Aberdeen City,99.99,,,,,,,,,,,,,,,,,,,,,,,,,,,,,,,,,,,,,,,,,,,,,,,,,,,,,,,,,,,,,,,,,,,,,,,,,,,,,,,,Aberdeen City,,68,,,,,,,,,,,,,,,,Aberdeen City,,,61.25,,,,,,Aberdeen City,,,58.29,,,,,,Aberdeen City,11.5,,,,,,,,,,,,,,,,,,,,,,,,,,,,,,,,,,,,,,,,,,,Aberdeen City,7.35,,"coefficient of variation is less than or equal to 5%, estimate is considered precise.",,,,,,Aberdeen City,7.65,,"coefficient of variation is less than or equal to 5%, estimate is considered precise.",,,,,,Aberdeen City,7.49,,"coefficient of variation is less than or equal to 5%, estimate is considered precise.",,,,,,Aberdeen City,3.42,,"coefficient of variation is greater than 5% but less than or equal to 10%, estimate is considered reasonably precise.",,,,,,,,,,,,,,,,
S12000034,,,Aberdeenshire,37.9,,,,,,Aberdeenshire,583,,,,,,Aberdeenshire,,82,,,,,,,,,Aberdeenshire,,2.1,,,,,,Aberdeenshire,22354.0,,,,,,Aberdeenshire,840.0,,,,,,Aberdeenshire,1265.0,,,,,,Aberdeenshire,11075.0,,,,,,Aberdeenshire,40.0,,,,,,,,,,,,,,,,,,,,,,,,,,,,,,,,,,,,,,,,,,,,Aberdeenshire,29.3,,,Aberdeenshire,90.97,,,,,,,,,,,,,,,,,,,,,,,,,,,,,,,,,,,,,,,,,,,,,,,,,,,,,,,,,,,,,,,,,,,,,,,,,,,,,,,,Aberdeenshire,,62.7,,,,,,,,,,,,,,,,Aberdeenshire,,,65.86,,,,,,Aberdeenshire,,,67.01,,,,,,Aberdeenshire,12.9,,,,,,,,,,,,,,,,,,,,,,,,,,,,,,,,,,,,,,,,,,,Aberdeenshire,7.77,,"coefficient of variation is less than or equal to 5%, estimate is considered precise.",,,,,,Aberdeenshire,7.9,,"coefficient of variation is less than or equal to 5%, estimate is considered precise.",,,,,,Aberdeenshire,7.59,,"coefficient of variation is less than or equal to 5%, estimate is considered precise.",,,,,,Aberdeenshire,3.05,,"coefficient of variation is greater than 5% but less than or equal to 10%, estimate is considered reasonably precise.",,,,,,,,,,,,,,,,
S12000035,,,Argyll and Bute,34.2,,,,,,Argyll and Bute,522.8,,,,,,Argyll and Bute,,72.5,,,,,,,,,Argyll and Bute,,3.1,,,,,,Argyll and Bute,20086.0,,,,,,Argyll and Bute,265.0,,,,,,Argyll and Bute,280.0,,,,,,Argyll and Bute,3360.0,,,,,,Argyll and Bute,5.0,,,,,,,,,,,,,,,,,,,,,,,,,,,,,,,,,,,,,,,,,,,,Argyll and Bute,7.0,,,Argyll and Bute,83.45,,,,,,,,,,,,,,,,,,,,,,,,,,,,,,,,,,,,,,,,,,,,,,,,,,,,,,,,,,,,,,,,,,,,,,,,,,,,,,,,Argyll and Bute,,66.2,,,,,,,,,,,,,,,,Argyll and Bute,,,64.63,,,,,,Argyll and Bute,,,63.39,,,,,,Argyll and Bute,12.3,,,,,,,,,,,,,,,,,,,,,,,,,,,,,,,,,,,,,,,,,,,Argyll and Bute,7.75,,"coefficient of variation is less than or equal to 5%, estimate is considered precise.",,,,,,Argyll and Bute,7.99,,"coefficient of variation is less than or equal to 5%, estimate is considered precise.",,,,,,Argyll and Bute,7.73,,"coefficient of variation is less than or equal to 5%, estimate is considered precise.",,,,,,Argyll and Bute,2.62,,"coefficient of variation is greater than 5% but less than or equal to 10%, estimate is considered reasonably precise.",,,,,,,,,,,,,,,,
S12000036,,,City of Edinburgh,44.1,,,,,,City of Edinburgh,619.4,,,,,,City of Edinburgh,,82.8,,,,,,,,,City of Edinburgh,,2.8,,,,,,City of Edinburgh,24161.0,,,,,,City of Edinburgh,2270.0,,,,,,City of Edinburgh,2250.0,,,,,,City of Edinburgh,19870.0,,,,,,City of Edinburgh,100.0,,,,,,,,,,,,,,,,,,,,,,,,,,,,,,,,,,,,,,,,,,,,City of Edinburgh,90.5,,,City of Edinburgh,99.93,,,,,,,,,,,,,,,,,,,,,,,,,,,,,,,,,,,,,,,,,,,,,,,,,,,,,,,,,,,,,,,,,,,,,,,,,,,,,,,,City of Edinburgh,,79.1,,,,,,,,,,,,,,,,City of Edinburgh,,,66.48,,,,,,City of Edinburgh,,,64.2,,,,,,City of Edinburgh,8.3,,,,,,,,,,,,,,,,,,,,,,,,,,,,,,,,,,,,,,,,,,,City of Edinburgh,7.69,,"coefficient of variation is less than or equal to 5%, estimate is considered precise.",,,,,,City of Edinburgh,7.88,,"coefficient of variation is less than or equal to 5%, estimate is considered precise.",,,,,,City of Edinburgh,7.25,,"coefficient of variation is less than or equal to 5%, estimate is considered precise.",,,,,,City of Edinburgh,3.55,,"coefficient of variation is greater than 5% but less than or equal to 10%, estimate is considered reasonably precise.",,,,,,,,,,,,,,,,
S12000038,,,Renfrewshire,33.6,,,,,,Renfrewshire,625.5,,,,,,Renfrewshire,,78.4,,,,,,,,,Renfrewshire,,2.9,,,,,,Renfrewshire,18620.0,,,,,,Renfrewshire,570.0,,,,,,Renfrewshire,595.0,,,,,,Renfrewshire,5155.0,,,,,,Renfrewshire,20.0,,,,,,,,,,,,,,,,,,,,,,,,,,,,,,,,,,,,,,,,,,,,Renfrewshire,91.9,,,Renfrewshire,99.0,,,,,,,,,,,,,,,,,,,,,,,,,,,,,,,,,,,,,,,,,,,,,,,,,,,,,,,,,,,,,,,,,,,,,,,,,,,,,,,,Renfrewshire,,64.2,,,,,,,,,,,,,,,,Renfrewshire,,,61.59,,,,,,Renfrewshire,,,60.58,,,,,,Renfrewshire,12,,,,,,,,,,,,,,,,,,,,,,,,,,,,,,,,,,,,,,,,,,,Renfrewshire,7.33,,"coefficient of variation is less than or equal to 5%, estimate is considered precise.",,,,,,Renfrewshire,7.7,,"coefficient of variation is less than or equal to 5%, estimate is considered precise.",,,,,,Renfrewshire,7.25,,"coefficient of variation is less than or equal to 5%, estimate is considered precise.",,,,,,Renfrewshire,3.26,,"coefficient of variation is greater than 5% but less than or equal to 10%, estimate is considered reasonably precise.",,,,,,,,,,,,,,,,
S12000039,,,West Dunbartonshire,35.58,,,,,,West Dunbartonshire,580.2,,,,,,West Dunbartonshire,,73.4,,,,,,,,,West Dunbartonshire,,3.7,,,,,,West Dunbartonshire,16978.0,,,,,,West Dunbartonshire,250.0,,,,,,West Dunbartonshire,225.0,,,,,,West Dunbartonshire,1990.0,,,,,,West Dunbartonshire,5.0,,,,,,,,,,,,,,,,,,,,,,,,,,,,,,,,,,,,,,,,,,,,West Dunbartonshire,89.7,,,West Dunbartonshire,96.64,,,,,,,,,,,,,,,,,,,,,,,,,,,,,,,,,,,,,,,,,,,,,,,,,,,,,,,,,,,,,,,,,,,,,,,,,,,,,,,,West Dunbartonshire,,53.3,,,,,,,,,,,,,,,,West Dunbartonshire,,,58.47,,,,,,West Dunbartonshire,,,58.06,,,,,,West Dunbartonshire,16,,,,,,,,,,,,,,,,,,,,,,,,,,,,,,,,,,,,,,,,,,,West Dunbartonshire,7.25,,"coefficient of variation is less than or equal to 5%, estimate is considered precise.",,,,,,West Dunbartonshire,7.68,,"coefficient of variation is less than or equal to 5%, estimate is considered precise.",,,,,,West Dunbartonshire,7.23,,"coefficient of variation is less than or equal to 5%, estimate is considered precise.",,,,,,West Dunbartonshire,2.89,,"coefficient of variation is greater than 5% but less than or equal to 10%, estimate is considered reasonably precise.",,,,,,,,,,,,,,,,
S12000040,,,West Lothian,38.75,,,,,,West Lothian,601.7,,,,,,West Lothian,,75.3,,,,,,,,,West Lothian,,3,,,,,,West Lothian,18584.0,,,,,,West Lothian,620.0,,,,,,West Lothian,645.0,,,,,,West Lothian,5060.0,,,,,,West Lothian,20.0,,,,,,,,,,,,,,,,,,,,,,,,,,,,,,,,,,,,,,,,,,,,West Lothian,86.0,,,West Lothian,99.81,,,,,,,,,,,,,,,,,,,,,,,,,,,,,,,,,,,,,,,,,,,,,,,,,,,,,,,,,,,,,,,,,,,,,,,,,,,,,,,,West Lothian,,59.4,,,,,,,,,,,,,,,,West Lothian,,,60.98,,,,,,West Lothian,,,61.31,,,,,,West Lothian,19.4,,,,,,,,,,,,,,,,,,,,,,,,,,,,,,,,,,,,,,,,,,,West Lothian,7.38,,"coefficient of variation is less than or equal to 5%, estimate is considered precise.",,,,,,West Lothian,7.46,,"coefficient of variation is less than or equal to 5%, estimate is considered precise.",,,,,,West Lothian,7.25,,"coefficient of variation is less than or equal to 5%, estimate is considered precise.",,,,,,West Lothian,3.59,,"coefficient of variation is greater than 5% but less than or equal to 10%, estimate is considered reasonably precise.",,,,,,,,,,,,,,,,
S12000041,,,Angus,37.81,,,,,,Angus,562.3,,,,,,Angus,,72.3,,,,,,,,,Angus,,3.3,,,,,,Angus,19398.0,,,,,,Angus,325.0,,,,,,Angus,400.0,,,,,,Angus,3540.0,,,,,,Angus,5.0,,,,,,,,,,,,,,,,,,,,,,,,,,,,,,,,,,,,,,,,,,,,Angus,40.7,,,Angus,77.56,,,,,,,,,,,,,,,,,,,,,,,,,,,,,,,,,,,,,,,,,,,,,,,,,,,,,,,,,,,,,,,,,,,,,,,,,,,,,,,,Angus,,63.8,,,,,,,,,,,,,,,,Angus,,,62.56,,,,,,Angus,,,62.21,,,,,,Angus,14.6,,,,,,,,,,,,,,,,,,,,,,,,,,,,,,,,,,,,,,,,,,,Angus,7.4,,"coefficient of variation is less than or equal to 5%, estimate is considered precise.",,,,,,Angus,7.72,,"coefficient of variation is less than or equal to 5%, estimate is considered precise.",,,,,,Angus,7.52,,"coefficient of variation is less than or equal to 5%, estimate is considered precise.",,,,,,Angus,3.11,,"coefficient of variation is greater than 5% but less than or equal to 10%, estimate is considered reasonably precise.",,,,,,,,,,,,,,,,
S12000042,,,Dundee City,31.72,,,,,,Dundee City,538.5,,,,,,Dundee City,,62.3,,,,,,,,,Dundee City,,6.9,,,,,,Dundee City,16816.0,,,,,,Dundee City,490.0,,,,,,Dundee City,490.0,,,,,,Dundee City,3945.0,,,,,,Dundee City,25.0,,,,,,,,,,,,,,,,,,,,,,,,,,,,,,,,,,,,,,,,,,,,Dundee City,92.5,,,Dundee City,100.0,,,,,,,,,,,,,,,,,,,,,,,,,,,,,,,,,,,,,,,,,,,,,,,,,,,,,,,,,,,,,,,,,,,,,,,,,,,,,,,,Dundee City,,68.4,,,,,,,,,,,,,,,,Dundee City,,,58.01,,,,,,Dundee City,,,56.14,,,,,,Dundee City,15.8,,,,,,,,,,,,,,,,,,,,,,,,,,,,,,,,,,,,,,,,,,,Dundee City,7.4,,"coefficient of variation is less than or equal to 5%, estimate is considered precise.",,,,,,Dundee City,7.69,,"coefficient of variation is less than or equal to 5%, estimate is considered precise.",,,,,,Dundee City,7.04,,"coefficient of variation is less than or equal to 5%, estimate is considered precise.",,,,,,Dundee City,3.63,,"coefficient of variation is greater than 5% but less than or equal to 10%, estimate is considered reasonably precise.",,,,,,,,,,,,,,,,
S12000045,,,East Dunbartonshire,33.35,,,,,,East Dunbartonshire,710.4,,,,,,East Dunbartonshire,,74.5,,,,,,,,,East Dunbartonshire,,2.6,,,,,,East Dunbartonshire,23442.0,,,,,,East Dunbartonshire,345.0,,,,,,East Dunbartonshire,380.0,,,,,,East Dunbartonshire,3130.0,,,,,,East Dunbartonshire,5.0,,,,,,,,,,,,,,,,,,,,,,,,,,,,,,,,,,,,,,,,,,,,East Dunbartonshire,88.0,,,East Dunbartonshire,97.36,,,,,,,,,,,,,,,,,,,,,,,,,,,,,,,,,,,,,,,,,,,,,,,,,,,,,,,,,,,,,,,,,,,,,,,,,,,,,,,,East Dunbartonshire,,73.6,,,,,,,,,,,,,,,,East Dunbartonshire,,,66.38,,,,,,East Dunbartonshire,,,66.72,,,,,,East Dunbartonshire,5.4,,,,,,,,,,,,,,,,,,,,,,,,,,,,,,,,,,,,,,,,,,,East Dunbartonshire,7.68,,"coefficient of variation is less than or equal to 5%, estimate is considered precise.",,,,,,East Dunbartonshire,8.02,,"coefficient of variation is less than or equal to 5%, estimate is considered precise.",,,,,,East Dunbartonshire,7.63,,"coefficient of variation is less than or equal to 5%, estimate is considered precise.",,,,,,East Dunbartonshire,2.8,,"coefficient of variation is less than or equal to 5%, estimate is considered precise.",,,,,,,,,,,,,,,,
S12000047,,,Fife,37.51,,,,,,Fife,566.9,,,,,,Fife,,75,,,,,,,,,Fife,,3.7,,,,,,Fife,18299.0,,,,,,Fife,1020.0,,,,,,Fife,1135.0,,,,,,Fife,9515.0,,,,,,Fife,35.0,,,,,,,,,,,,,,,,,,,,,,,,,,,,,,,,,,,,,,,,,,,,Fife,72.4,,,Fife,99.91,,,,,,,,,,,,,,,,,,,,,,,,,,,,,,,,,,,,,,,,,,,,,,,,,,,,,,,,,,,,,,,,,,,,,,,,,,,,,,,,Fife,,66.5,,,,,,,,,,,,,,,,Fife,,,58.98,,,,,,Fife,,,57.84,,,,,,Fife,16.6,,,,,,,,,,,,,,,,,,,,,,,,,,,,,,,,,,,,,,,,,,,Fife,7.31,,"coefficient of variation is less than or equal to 5%, estimate is considered precise.",,,,,,Fife,7.72,,"coefficient of variation is less than or equal to 5%, estimate is considered precise.",,,,,,Fife,7.17,,"coefficient of variation is less than or equal to 5%, estimate is considered precise.",,,,,,Fife,3.36,,"coefficient of variation is greater than 5% but less than or equal to 10%, estimate is considered reasonably precise.",,,,,,,,,,,,,,,,
S12000048,,,Perth and Kinross,39.58,,,,,,Perth and Kinross,605.4,,,,,,Perth and Kinross,,76.9,,,,,,,,,Perth and Kinross,,2.8,,,,,,Perth and Kinross,21110.0,,,,,,Perth and Kinross,510.0,,,,,,Perth and Kinross,510.0,,,,,,Perth and Kinross,5730.0,,,,,,Perth and Kinross,15.0,,,,,,,,,,,,,,,,,,,,,,,,,,,,,,,,,,,,,,,,,,,,Perth and Kinross,40.4,,,Perth and Kinross,78.13,,,,,,,,,,,,,,,,,,,,,,,,,,,,,,,,,,,,,,,,,,,,,,,,,,,,,,,,,,,,,,,,,,,,,,,,,,,,,,,,Perth and Kinross,,66,,,,,,,,,,,,,,,,Perth and Kinross,,,62.32,,,,,,Perth and Kinross,,,66.98,,,,,,Perth and Kinross,12.5,,,,,,,,,,,,,,,,,,,,,,,,,,,,,,,,,,,,,,,,,,,Perth and Kinross,7.56,,"coefficient of variation is less than or equal to 5%, estimate is considered precise.",,,,,,Perth and Kinross,7.91,,"coefficient of variation is less than or equal to 5%, estimate is considered precise.",,,,,,Perth and Kinross,7.33,,"coefficient of variation is less than or equal to 5%, estimate is considered precise.",,,,,,Perth and Kinross,3.02,,"coefficient of variation is greater than 5% but less than or equal to 10%, estimate is considered reasonably precise.",,,,,,,,,,,,,,,,
S12000049,,,Glasgow City,34.59,,,,,,Glasgow City,574.9,,,,,,Glasgow City,,73.6,,,,,,,,,Glasgow City,,4.8,,,,,,Glasgow City,17215.0,,,,,,Glasgow City,3050.0,,,,,,Glasgow City,2700.0,,,,,,Glasgow City,22260.0,,,,,,Glasgow City,110.0,,,,,,,,,,,,,,,,,,,,,,,,,,,,,,,,,,,,,,,,,,,,Glasgow City,83.3,,,Glasgow City,100.0,,,,,,,,,,,,,,,,,,,,,,,,,,,,,,,,,,,,,,,,,,,,,,,,,,,,,,,,,,,,,,,,,,,,,,,,,,,,,,,,Glasgow City,,66.6,,,,,,,,,,,,,,,,Glasgow City,,,57.43,,,,,,Glasgow City,,,56.01,,,,,,Glasgow City,17.8,,,,,,,,,,,,,,,,,,,,,,,,,,,,,,,,,,,,,,,,,,,Glasgow City,7.24,,"coefficient of variation is less than or equal to 5%, estimate is considered precise.",,,,,,Glasgow City,7.41,,"coefficient of variation is less than or equal to 5%, estimate is considered precise.",,,,,,Glasgow City,7.14,,"coefficient of variation is less than or equal to 5%, estimate is considered precise.",,,,,,Glasgow City,3.29,,"coefficient of variation is greater than 5% but less than or equal to 10%, estimate is considered reasonably precise.",,,,,,,,,,,,,,,,
S12000050,,,North Lanarkshire,37.21,,,,,,North Lanarkshire,605.8,,,,,,North Lanarkshire,,72.3,,,,,,,,,North Lanarkshire,,3.5,,,,,,North Lanarkshire,17403.0,,,,,,North Lanarkshire,1140.0,,,,,,North Lanarkshire,1115.0,,,,,,North Lanarkshire,8635.0,,,,,,North Lanarkshire,40.0,,,,,,,,,,,,,,,,,,,,,,,,,,,,,,,,,,,,,,,,,,,,North Lanarkshire,88.1,,,North Lanarkshire,99.72,,,,,,,,,,,,,,,,,,,,,,,,,,,,,,,,,,,,,,,,,,,,,,,,,,,,,,,,,,,,,,,,,,,,,,,,,,,,,,,,North Lanarkshire,,51.5,,,,,,,,,,,,,,,,North Lanarkshire,,,55.49,,,,,,North Lanarkshire,,,56.56,,,,,,North Lanarkshire,17.5,,,,,,,,,,,,,,,,,,,,,,,,,,,,,,,,,,,,,,,,,,,North Lanarkshire,7.38,,"coefficient of variation is less than or equal to 5%, estimate is considered precise.",,,,,,North Lanarkshire,7.51,,"coefficient of variation is less than or equal to 5%, estimate is considered precise.",,,,,,North Lanarkshire,7.33,,"coefficient of variation is less than or equal to 5%, estimate is considered precise.",,,,,,North Lanarkshire,3.22,,"coefficient of variation is greater than 5% but less than or equal to 10%, estimate is considered reasonably precise.",,,,,,,,,,,,,,,,
S92000003,,,,,,,Scotland,,,,588,,,Scotland,,,,,75.2,,,,,,Scotland,,,,,3.4,,,Scotland,,,,19630.0,,,Scotland,,,,18870.0,,,Scotland,,,,19640.0,,,Scotland,,,,174340.0,,,Scotland,,,,670.0,,,,,,,,,,,,,,,,,,,,,,Scotland,,1283.0,,,,,,,,,,,,,,,,,,,,,,,,,,,,,,,,,,,,,,,,,,,,,,,,,,,,,,,,,,,,,,,,,,,,,,,,,,,,,,,,,,,,,,,,,,,,,,,,,,,,,,Scotland,,,,,64.8,,,,,,,,,,,,,Scotland,,,,,,61.79,,,Scotland,,,,,,60.93,,,Scotland,,,,13.9,,,,,,,,,,,,,,,,,,,,,,,,,,,,,,,,,,,,,,,,Scotland,,,,7.49,,"coefficient of variation is less than or equal to 5%, estimate is considered precise.",,,Scotland,,,,7.74,,"coefficient of variation is less than or equal to 5%, estimate is considered precise.",,,Scotland,,,,7.39,,"coefficient of variation is less than or equal to 5%, estimate is considered precise.",,,Scotland,,,,3.21,,"coefficient of variation is less than or equal to 5%, estimate is considered precise.",,,,,,,,,,,,,,,,
TLB,England,,,38.91,,,,,,,,,,,,,,,,,,,,,,,,,,,,,,,,,,,,,,,,,,,,,,,,,,,,,,,,,,,,,,,,,,,,,,,England,,,1796063.0,,,England,,,1645150.0,,,,,,,,,,,,,,,,,,,,,,,,,,,,,,,,,,,,,,,,,,,,,,,,,,,,,,,,,,,,,,,,,,,,,,,,,,,,,,,,,,,,,,,,,,,,,,,,,,,,,,,,,,,,,,,,,,,,,,,,,,,,,,,,,,,,,,,,,,,,,,,,,,,,,,,,,,,,,,,,,,,,,,,,,,,,,,,,,,,,,,,,,,,,,,,,,,,,,,,,,,,,,,,,,,,,,,,,,,,,,,,,,,,,,,,,,,,,
TLC,North East,,,32.37,,,,,,,,,,,,,,,,,,,,,,,,,,,,,,,,,,,,,,,,,,,,,,,,,,,,,,,,,,,,,,,,,North East,,,,18630,,North East,,,27934.0,,,North East,,,26878.0,,,,,,,,,,,,,,,,,,,,,,,,,,,,,,,,,,,,,,,,,,,,,,,,,,,,,,,,,,,,,,,,,,,,,,,,,,,,,,,,,,,,,,,,,,,,,,,,,,,,,,,,,,,,,,,,,,,,,,,,,,,,,,,,,,,,,,,,,,,,,,,,,,,,,,,,,,,,,,,,,,,,,,,,,,,,,,,,,,,,,,,,,,,,,,,,,,,,,,,,,,,,,,,,,,,,,,,,,,,,,,,,,,,,,,,,,,,,
TLC1,,,,,,,,,,,,,,,,,,,,,,,,,,,,,,,,,,,,,,,,,,,,,,,,,,,,,,,,,,,,,,,,,,,,,,Tees Valley and Durham,,,na,,,Tees Valley and Durham,,7448.0,,,,Tees Valley and Durham,,16413.0,,,,,,,,,,,,,,,,,,,,,,,,,,,,,,,,,,,,,,,,,,,,,,,,,,,,,,,,,,,,,,,,,,,,,,,,,,,,,,,,,,,,,,,,,,,,,,,,,,,,,,,,,,,,,,,,,,,,,,,,,,,,,,,,,,,,,,,,,,,,,,,,,,,,,,,,,,,,,,,,,,,,,,,,,,,,,,,,,,,,,,,,,,,,,,,,,,,,,,,,,,,,,,,,,,,,,,,,,,,,,,,,,,,,,,,,,,,,
TLC11,,,,,,,,,,,,,,,,,,,,,,,,,,,,,,,,,,,,,,,,,,,,,,,,,,,,,,,,,,,,,,,,,,,,,,,,Hartlepool and Stockton-on-Tees,4529,,,,,,,,,,,,,,,,,,,,,,,,,,,,,,,,,,,,,,,,,,,,,,,,,,,,,,,,,,,,,,,,,,,,,,,,,,,,,,,,,,,,,,,,,,,,,,,,,,,,,,,,,,,,,,,,,,,,,,,,,,,,,,,,,,,,,,,,,,,,,,,,,,,,,,,,,,,,,,,,,,,,,,,,,,,,,,,,,,,,,,,,,,,,,,,,,,,,,,,,,,,,,,,,,,,,,,,,,,,,,,,,,,,,,,,,,,,,,,,,,,,,,,,
TLC12,,,,,,,,,,,,,,,,,,,,,,,,,,,,,,,,,,,,,,,,,,,,,,,,,,,,,,,,,,,,,,,,,,,,,,,,South Teesside,na,,,,,,,,,,,,,,,,,,,,,,,,,,,,,,,,,,,,,,,,,,,,,,,,,,,,,,,,,,,,,,,,,,,,,,,,,,,,,,,,,,,,,,,,,,,,,,,,,,,,,,,,,,,,,,,,,,,,,,,,,,,,,,,,,,,,,,,,,,,,,,,,,,,,,,,,,,,,,,,,,,,,,,,,,,,,,,,,,,,,,,,,,,,,,,,,,,,,,,,,,,,,,,,,,,,,,,,,,,,,,,,,,,,,,,,,,,,,,,,,,,,,,,,
TLC13,,,,,,,,,,,,,,,,,,,,,,,,,,,,,,,,,,,,,,,,,,,,,,,,,,,,,,,,,,,,,,,,,,,,,,,,Darlington,na,,,,,,,,,,,,,,,,,,,,,,,,,,,,,,,,,,,,,,,,,,,,,,,,,,,,,,,,,,,,,,,,,,,,,,,,,,,,,,,,,,,,,,,,,,,,,,,,,,,,,,,,,,,,,,,,,,,,,,,,,,,,,,,,,,,,,,,,,,,,,,,,,,,,,,,,,,,,,,,,,,,,,,,,,,,,,,,,,,,,,,,,,,,,,,,,,,,,,,,,,,,,,,,,,,,,,,,,,,,,,,,,,,,,,,,,,,,,,,,,,,,,,,,
TLC14,,,,,,,,,,,,,,,,,,,,,,,,,,,,,,,,,,,,,,,,,,,,,,,,,,,,,,,,,,,,,,,,,,,,,,,,Durham,3154,,,,,,,,,,,,,,,,,,,,,,,,,,,,,,,,,,,,,,,,,,,,,,,,,,,,,,,,,,,,,,,,,,,,,,,,,,,,,,,,,,,,,,,,,,,,,,,,,,,,,,,,,,,,,,,,,,,,,,,,,,,,,,,,,,,,,,,,,,,,,,,,,,,,,,,,,,,,,,,,,,,,,,,,,,,,,,,,,,,,,,,,,,,,,,,,,,,,,,,,,,,,,,,,,,,,,,,,,,,,,,,,,,,,,,,,,,,,,,,,,,,,,,,
TLC2,,,,,,,,,,,,,,,,,,,,,,,,,,,,,,,,,,,,,,,,,,,,,,,,,,,,,,,,,,,,,,,,,,,,,,"Northumberland, and Tyne and Wear",,,na,,,"Northumberland, and Tyne and Wear",,20486.0,,,,"Northumberland, and Tyne and Wear",,10465.0,,,,,,,,,,,,,,,,,,,,,,,,,,,,,,,,,,,,,,,,,,,,,,,,,,,,,,,,,,,,,,,,,,,,,,,,,,,,,,,,,,,,,,,,,,,,,,,,,,,,,,,,,,,,,,,,,,,,,,,,,,,,,,,,,,,,,,,,,,,,,,,,,,,,,,,,,,,,,,,,,,,,,,,,,,,,,,,,,,,,,,,,,,,,,,,,,,,,,,,,,,,,,,,,,,,,,,,,,,,,,,,,,,,,,,,,,,,,
TLC21,,,,,,,,,,,,,,,,,,,,,,,,,,,,,,,,,,,,,,,,,,,,,,,,,,,,,,,,,,,,,,,,,,,,,,,,Northumberland,na,,,,,,,,,,,,,,,,,,,,,,,,,,,,,,,,,,,,,,,,,,,,,,,,,,,,,,,,,,,,,,,,,,,,,,,,,,,,,,,,,,,,,,,,,,,,,,,,,,,,,,,,,,,,,,,,,,,,,,,,,,,,,,,,,,,,,,,,,,,,,,,,,,,,,,,,,,,,,,,,,,,,,,,,,,,,,,,,,,,,,,,,,,,,,,,,,,,,,,,,,,,,,,,,,,,,,,,,,,,,,,,,,,,,,,,,,,,,,,,,,,,,,,,
TLC22,,,,,,,,,,,,,,,,,,,,,,,,,,,,,,,,,,,,,,,,,,,,,,,,,,,,,,,,,,,,,,,,,,,,,,,,Tyneside,4655,,,,,,,,,,,,,,,,,,,,,,,,,,,,,,,,,,,,,,,,,,,,,,,,,,,,,,,,,,,,,,,,,,,,,,,,,,,,,,,,,,,,,,,,,,,,,,,,,,,,,,,,,,,,,,,,,,,,,,,,,,,,,,,,,,,,,,,,,,,,,,,,,,,,,,,,,,,,,,,,,,,,,,,,,,,,,,,,,,,,,,,,,,,,,,,,,,,,,,,,,,,,,,,,,,,,,,,,,,,,,,,,,,,,,,,,,,,,,,,,,,,,,,,
TLC23,,,,,,,,,,,,,,,,,,,,,,,,,,,,,,,,,,,,,,,,,,,,,,,,,,,,,,,,,,,,,,,,,,,,,,,,Sunderland,3439,,,,,,,,,,,,,,,,,,,,,,,,,,,,,,,,,,,,,,,,,,,,,,,,,,,,,,,,,,,,,,,,,,,,,,,,,,,,,,,,,,,,,,,,,,,,,,,,,,,,,,,,,,,,,,,,,,,,,,,,,,,,,,,,,,,,,,,,,,,,,,,,,,,,,,,,,,,,,,,,,,,,,,,,,,,,,,,,,,,,,,,,,,,,,,,,,,,,,,,,,,,,,,,,,,,,,,,,,,,,,,,,,,,,,,,,,,,,,,,,,,,,,,,
TLD,North West,,,34.58,,,,,,,,,,,,,,,,,,,,,,,,,,,,,,,,,,,,,,,,,,,,,,,,,,,,,,,,,,,,,,,,,North West,,,,56944,,North West,,,122856.0,,,North West,,,92135.0,,,,,,,,,,,,,,,,,,,,,,,,,,,,,,,,,,,,,,,,,,,,,,,,,,,,,,,,,,,,,,,,,,,,,,,,,,,,,,,,,,,,,,,,,,,,,,,,,,,,,,,,,,,,,,,,,,,,,,,,,,,,,,,,,,,,,,,,,,,,,,,,,,,,,,,,,,,,,,,,,,,,,,,,,,,,,,,,,,,,,,,,,,,,,,,,,,,,,,,,,,,,,,,,,,,,,,,,,,,,,,,,,,,,,,,,,,,,
TLD1,,,,,,,,,,,,,,,,,,,,,,,,,,,,,,,,,,,,,,,,,,,,,,,,,,,,,,,,,,,,,,,,,,,,,,Cumbria,,,3211,,,Cumbria,,4630.0,,,,Cumbria,,5993.0,,,,,,,,,,,,,,,,,,,,,,,,,,,,,,,,,,,,,,,,,,,,,,,,,,,,,,,,,,,,,,,,,,,,,,,,,,,,,,,,,,,,,,,,,,,,,,,,,,,,,,,,,,,,,,,,,,,,,,,,,,,,,,,,,,,,,,,,,,,,,,,,,,,,,,,,,,,,,,,,,,,,,,,,,,,,,,,,,,,,,,,,,,,,,,,,,,,,,,,,,,,,,,,,,,,,,,,,,,,,,,,,,,,,,,,,,,,,
TLD11,,,,,,,,,,,,,,,,,,,,,,,,,,,,,,,,,,,,,,,,,,,,,,,,,,,,,,,,,,,,,,,,,,,,,,,,West Cumbria,1318,,,,,,,,,,,,,,,,,,,,,,,,,,,,,,,,,,,,,,,,,,,,,,,,,,,,,,,,,,,,,,,,,,,,,,,,,,,,,,,,,,,,,,,,,,,,,,,,,,,,,,,,,,,,,,,,,,,,,,,,,,,,,,,,,,,,,,,,,,,,,,,,,,,,,,,,,,,,,,,,,,,,,,,,,,,,,,,,,,,,,,,,,,,,,,,,,,,,,,,,,,,,,,,,,,,,,,,,,,,,,,,,,,,,,,,,,,,,,,,,,,,,,,,
TLD12,,,,,,,,,,,,,,,,,,,,,,,,,,,,,,,,,,,,,,,,,,,,,,,,,,,,,,,,,,,,,,,,,,,,,,,,East Cumbria,1893,,,,,,,,,,,,,,,,,,,,,,,,,,,,,,,,,,,,,,,,,,,,,,,,,,,,,,,,,,,,,,,,,,,,,,,,,,,,,,,,,,,,,,,,,,,,,,,,,,,,,,,,,,,,,,,,,,,,,,,,,,,,,,,,,,,,,,,,,,,,,,,,,,,,,,,,,,,,,,,,,,,,,,,,,,,,,,,,,,,,,,,,,,,,,,,,,,,,,,,,,,,,,,,,,,,,,,,,,,,,,,,,,,,,,,,,,,,,,,,,,,,,,,,
TLD3,,,,,,,,,,,,,,,,,,,,,,,,,,,,,,,,,,,,,,,,,,,,,,,,,,,,,,,,,,,,,,,,,,,,,,Greater Manchester,,,15631,,,Greater Manchester,,41792.0,,,,Greater Manchester,,38487.0,,,,,,,,,,,,,,,,,,,,,,,,,,,,,,,,,,,,,,,,,,,,,,,,,,,,,,,,,,,,,,,,,,,,,,,,,,,,,,,,,,,,,,,,,,,,,,,,,,,,,,,,,,,,,,,,,,,,,,,,,,,,,,,,,,,,,,,,,,,,,,,,,,,,,,,,,,,,,,,,,,,,,,,,,,,,,,,,,,,,,,,,,,,,,,,,,,,,,,,,,,,,,,,,,,,,,,,,,,,,,,,,,,,,,,,,,,,,
TLD33,,,,,,,,,,,,,,,,,,,,,,,,,,,,,,,,,,,,,,,,,,,,,,,,,,,,,,,,,,,,,,,,,,,,,,,,Manchester,6279,,,,,,,,,,,,,,,,,,,,,,,,,,,,,,,,,,,,,,,,,,,,,,,,,,,,,,,,,,,,,,,,,,,,,,,,,,,,,,,,,,,,,,,,,,,,,,,,,,,,,,,,,,,,,,,,,,,,,,,,,,,,,,,,,,,,,,,,,,,,,,,,,,,,,,,,,,,,,,,,,,,,,,,,,,,,,,,,,,,,,,,,,,,,,,,,,,,,,,,,,,,,,,,,,,,,,,,,,,,,,,,,,,,,,,,,,,,,,,,,,,,,,,,
TLD34,,,,,,,,,,,,,,,,,,,,,,,,,,,,,,,,,,,,,,,,,,,,,,,,,,,,,,,,,,,,,,,,,,,,,,,,Greater Manchester South West,3715,,,,,,,,,,,,,,,,,,,,,,,,,,,,,,,,,,,,,,,,,,,,,,,,,,,,,,,,,,,,,,,,,,,,,,,,,,,,,,,,,,,,,,,,,,,,,,,,,,,,,,,,,,,,,,,,,,,,,,,,,,,,,,,,,,,,,,,,,,,,,,,,,,,,,,,,,,,,,,,,,,,,,,,,,,,,,,,,,,,,,,,,,,,,,,,,,,,,,,,,,,,,,,,,,,,,,,,,,,,,,,,,,,,,,,,,,,,,,,,,,,,,,,,
TLD35,,,,,,,,,,,,,,,,,,,,,,,,,,,,,,,,,,,,,,,,,,,,,,,,,,,,,,,,,,,,,,,,,,,,,,,,Greater Manchester South East,2017,,,,,,,,,,,,,,,,,,,,,,,,,,,,,,,,,,,,,,,,,,,,,,,,,,,,,,,,,,,,,,,,,,,,,,,,,,,,,,,,,,,,,,,,,,,,,,,,,,,,,,,,,,,,,,,,,,,,,,,,,,,,,,,,,,,,,,,,,,,,,,,,,,,,,,,,,,,,,,,,,,,,,,,,,,,,,,,,,,,,,,,,,,,,,,,,,,,,,,,,,,,,,,,,,,,,,,,,,,,,,,,,,,,,,,,,,,,,,,,,,,,,,,,
TLD36,,,,,,,,,,,,,,,,,,,,,,,,,,,,,,,,,,,,,,,,,,,,,,,,,,,,,,,,,,,,,,,,,,,,,,,,Greater Manchester North West,1672,,,,,,,,,,,,,,,,,,,,,,,,,,,,,,,,,,,,,,,,,,,,,,,,,,,,,,,,,,,,,,,,,,,,,,,,,,,,,,,,,,,,,,,,,,,,,,,,,,,,,,,,,,,,,,,,,,,,,,,,,,,,,,,,,,,,,,,,,,,,,,,,,,,,,,,,,,,,,,,,,,,,,,,,,,,,,,,,,,,,,,,,,,,,,,,,,,,,,,,,,,,,,,,,,,,,,,,,,,,,,,,,,,,,,,,,,,,,,,,,,,,,,,,
TLD37,,,,,,,,,,,,,,,,,,,,,,,,,,,,,,,,,,,,,,,,,,,,,,,,,,,,,,,,,,,,,,,,,,,,,,,,Greater Manchester North East,1948,,,,,,,,,,,,,,,,,,,,,,,,,,,,,,,,,,,,,,,,,,,,,,,,,,,,,,,,,,,,,,,,,,,,,,,,,,,,,,,,,,,,,,,,,,,,,,,,,,,,,,,,,,,,,,,,,,,,,,,,,,,,,,,,,,,,,,,,,,,,,,,,,,,,,,,,,,,,,,,,,,,,,,,,,,,,,,,,,,,,,,,,,,,,,,,,,,,,,,,,,,,,,,,,,,,,,,,,,,,,,,,,,,,,,,,,,,,,,,,,,,,,,,,
TLD4,,,,,,,,,,,,,,,,,,,,,,,,,,,,,,,,,,,,,,,,,,,,,,,,,,,,,,,,,,,,,,,,,,,,,,Lancashire,,,12385,,,Lancashire,,37193.0,,,,Lancashire,,7994.0,,,,,,,,,,,,,,,,,,,,,,,,,,,,,,,,,,,,,,,,,,,,,,,,,,,,,,,,,,,,,,,,,,,,,,,,,,,,,,,,,,,,,,,,,,,,,,,,,,,,,,,,,,,,,,,,,,,,,,,,,,,,,,,,,,,,,,,,,,,,,,,,,,,,,,,,,,,,,,,,,,,,,,,,,,,,,,,,,,,,,,,,,,,,,,,,,,,,,,,,,,,,,,,,,,,,,,,,,,,,,,,,,,,,,,,,,,,,
TLD41,,,,,,,,,,,,,,,,,,,,,,,,,,,,,,,,,,,,,,,,,,,,,,,,,,,,,,,,,,,,,,,,,,,,,,,,Blackburn with Darwen,583,,,,,,,,,,,,,,,,,,,,,,,,,,,,,,,,,,,,,,,,,,,,,,,,,,,,,,,,,,,,,,,,,,,,,,,,,,,,,,,,,,,,,,,,,,,,,,,,,,,,,,,,,,,,,,,,,,,,,,,,,,,,,,,,,,,,,,,,,,,,,,,,,,,,,,,,,,,,,,,,,,,,,,,,,,,,,,,,,,,,,,,,,,,,,,,,,,,,,,,,,,,,,,,,,,,,,,,,,,,,,,,,,,,,,,,,,,,,,,,,,,,,,,,
TLD42,,,,,,,,,,,,,,,,,,,,,,,,,,,,,,,,,,,,,,,,,,,,,,,,,,,,,,,,,,,,,,,,,,,,,,,,Blackpool,na,,,,,,,,,,,,,,,,,,,,,,,,,,,,,,,,,,,,,,,,,,,,,,,,,,,,,,,,,,,,,,,,,,,,,,,,,,,,,,,,,,,,,,,,,,,,,,,,,,,,,,,,,,,,,,,,,,,,,,,,,,,,,,,,,,,,,,,,,,,,,,,,,,,,,,,,,,,,,,,,,,,,,,,,,,,,,,,,,,,,,,,,,,,,,,,,,,,,,,,,,,,,,,,,,,,,,,,,,,,,,,,,,,,,,,,,,,,,,,,,,,,,,,,
TLD44,,,,,,,,,,,,,,,,,,,,,,,,,,,,,,,,,,,,,,,,,,,,,,,,,,,,,,,,,,,,,,,,,,,,,,,,Lancaster and Wyre,804,,,,,,,,,,,,,,,,,,,,,,,,,,,,,,,,,,,,,,,,,,,,,,,,,,,,,,,,,,,,,,,,,,,,,,,,,,,,,,,,,,,,,,,,,,,,,,,,,,,,,,,,,,,,,,,,,,,,,,,,,,,,,,,,,,,,,,,,,,,,,,,,,,,,,,,,,,,,,,,,,,,,,,,,,,,,,,,,,,,,,,,,,,,,,,,,,,,,,,,,,,,,,,,,,,,,,,,,,,,,,,,,,,,,,,,,,,,,,,,,,,,,,,,
TLD45,,,,,,,,,,,,,,,,,,,,,,,,,,,,,,,,,,,,,,,,,,,,,,,,,,,,,,,,,,,,,,,,,,,,,,,,Mid Lancashire,8704,,,,,,,,,,,,,,,,,,,,,,,,,,,,,,,,,,,,,,,,,,,,,,,,,,,,,,,,,,,,,,,,,,,,,,,,,,,,,,,,,,,,,,,,,,,,,,,,,,,,,,,,,,,,,,,,,,,,,,,,,,,,,,,,,,,,,,,,,,,,,,,,,,,,,,,,,,,,,,,,,,,,,,,,,,,,,,,,,,,,,,,,,,,,,,,,,,,,,,,,,,,,,,,,,,,,,,,,,,,,,,,,,,,,,,,,,,,,,,,,,,,,,,,
TLD46,,,,,,,,,,,,,,,,,,,,,,,,,,,,,,,,,,,,,,,,,,,,,,,,,,,,,,,,,,,,,,,,,,,,,,,,East Lancashire,1420,,,,,,,,,,,,,,,,,,,,,,,,,,,,,,,,,,,,,,,,,,,,,,,,,,,,,,,,,,,,,,,,,,,,,,,,,,,,,,,,,,,,,,,,,,,,,,,,,,,,,,,,,,,,,,,,,,,,,,,,,,,,,,,,,,,,,,,,,,,,,,,,,,,,,,,,,,,,,,,,,,,,,,,,,,,,,,,,,,,,,,,,,,,,,,,,,,,,,,,,,,,,,,,,,,,,,,,,,,,,,,,,,,,,,,,,,,,,,,,,,,,,,,,
TLD47,,,,,,,,,,,,,,,,,,,,,,,,,,,,,,,,,,,,,,,,,,,,,,,,,,,,,,,,,,,,,,,,,,,,,,,,Chorley and West Lancashire,na,,,,,,,,,,,,,,,,,,,,,,,,,,,,,,,,,,,,,,,,,,,,,,,,,,,,,,,,,,,,,,,,,,,,,,,,,,,,,,,,,,,,,,,,,,,,,,,,,,,,,,,,,,,,,,,,,,,,,,,,,,,,,,,,,,,,,,,,,,,,,,,,,,,,,,,,,,,,,,,,,,,,,,,,,,,,,,,,,,,,,,,,,,,,,,,,,,,,,,,,,,,,,,,,,,,,,,,,,,,,,,,,,,,,,,,,,,,,,,,,,,,,,,,
TLD6,,,,,,,,,,,,,,,,,,,,,,,,,,,,,,,,,,,,,,,,,,,,,,,,,,,,,,,,,,,,,,,,,,,,,,Cheshire,,,15840,,,Cheshire,,29176.0,,,,Cheshire,,17301.0,,,,,,,,,,,,,,,,,,,,,,,,,,,,,,,,,,,,,,,,,,,,,,,,,,,,,,,,,,,,,,,,,,,,,,,,,,,,,,,,,,,,,,,,,,,,,,,,,,,,,,,,,,,,,,,,,,,,,,,,,,,,,,,,,,,,,,,,,,,,,,,,,,,,,,,,,,,,,,,,,,,,,,,,,,,,,,,,,,,,,,,,,,,,,,,,,,,,,,,,,,,,,,,,,,,,,,,,,,,,,,,,,,,,,,,,,,,,
TLD61,,,,,,,,,,,,,,,,,,,,,,,,,,,,,,,,,,,,,,,,,,,,,,,,,,,,,,,,,,,,,,,,,,,,,,,,Warrington,2076,,,,,,,,,,,,,,,,,,,,,,,,,,,,,,,,,,,,,,,,,,,,,,,,,,,,,,,,,,,,,,,,,,,,,,,,,,,,,,,,,,,,,,,,,,,,,,,,,,,,,,,,,,,,,,,,,,,,,,,,,,,,,,,,,,,,,,,,,,,,,,,,,,,,,,,,,,,,,,,,,,,,,,,,,,,,,,,,,,,,,,,,,,,,,,,,,,,,,,,,,,,,,,,,,,,,,,,,,,,,,,,,,,,,,,,,,,,,,,,,,,,,,,,
TLD62,,,,,,,,,,,,,,,,,,,,,,,,,,,,,,,,,,,,,,,,,,,,,,,,,,,,,,,,,,,,,,,,,,,,,,,,Cheshire East,8196,,,,,,,,,,,,,,,,,,,,,,,,,,,,,,,,,,,,,,,,,,,,,,,,,,,,,,,,,,,,,,,,,,,,,,,,,,,,,,,,,,,,,,,,,,,,,,,,,,,,,,,,,,,,,,,,,,,,,,,,,,,,,,,,,,,,,,,,,,,,,,,,,,,,,,,,,,,,,,,,,,,,,,,,,,,,,,,,,,,,,,,,,,,,,,,,,,,,,,,,,,,,,,,,,,,,,,,,,,,,,,,,,,,,,,,,,,,,,,,,,,,,,,,
TLD63,,,,,,,,,,,,,,,,,,,,,,,,,,,,,,,,,,,,,,,,,,,,,,,,,,,,,,,,,,,,,,,,,,,,,,,,Cheshire West and Chester,5568,,,,,,,,,,,,,,,,,,,,,,,,,,,,,,,,,,,,,,,,,,,,,,,,,,,,,,,,,,,,,,,,,,,,,,,,,,,,,,,,,,,,,,,,,,,,,,,,,,,,,,,,,,,,,,,,,,,,,,,,,,,,,,,,,,,,,,,,,,,,,,,,,,,,,,,,,,,,,,,,,,,,,,,,,,,,,,,,,,,,,,,,,,,,,,,,,,,,,,,,,,,,,,,,,,,,,,,,,,,,,,,,,,,,,,,,,,,,,,,,,,,,,,,
TLD7,,,,,,,,,,,,,,,,,,,,,,,,,,,,,,,,,,,,,,,,,,,,,,,,,,,,,,,,,,,,,,,,,,,,,,Merseyside,,,9876,,,Merseyside,,10067.0,,,,Merseyside,,22359.0,,,,,,,,,,,,,,,,,,,,,,,,,,,,,,,,,,,,,,,,,,,,,,,,,,,,,,,,,,,,,,,,,,,,,,,,,,,,,,,,,,,,,,,,,,,,,,,,,,,,,,,,,,,,,,,,,,,,,,,,,,,,,,,,,,,,,,,,,,,,,,,,,,,,,,,,,,,,,,,,,,,,,,,,,,,,,,,,,,,,,,,,,,,,,,,,,,,,,,,,,,,,,,,,,,,,,,,,,,,,,,,,,,,,,,,,,,,,
TLD71,,,,,,,,,,,,,,,,,,,,,,,,,,,,,,,,,,,,,,,,,,,,,,,,,,,,,,,,,,,,,,,,,,,,,,,,East Merseyside,4670,,,,,,,,,,,,,,,,,,,,,,,,,,,,,,,,,,,,,,,,,,,,,,,,,,,,,,,,,,,,,,,,,,,,,,,,,,,,,,,,,,,,,,,,,,,,,,,,,,,,,,,,,,,,,,,,,,,,,,,,,,,,,,,,,,,,,,,,,,,,,,,,,,,,,,,,,,,,,,,,,,,,,,,,,,,,,,,,,,,,,,,,,,,,,,,,,,,,,,,,,,,,,,,,,,,,,,,,,,,,,,,,,,,,,,,,,,,,,,,,,,,,,,,
TLD72,,,,,,,,,,,,,,,,,,,,,,,,,,,,,,,,,,,,,,,,,,,,,,,,,,,,,,,,,,,,,,,,,,,,,,,,Liverpool,3236,,,,,,,,,,,,,,,,,,,,,,,,,,,,,,,,,,,,,,,,,,,,,,,,,,,,,,,,,,,,,,,,,,,,,,,,,,,,,,,,,,,,,,,,,,,,,,,,,,,,,,,,,,,,,,,,,,,,,,,,,,,,,,,,,,,,,,,,,,,,,,,,,,,,,,,,,,,,,,,,,,,,,,,,,,,,,,,,,,,,,,,,,,,,,,,,,,,,,,,,,,,,,,,,,,,,,,,,,,,,,,,,,,,,,,,,,,,,,,,,,,,,,,,
TLD73,,,,,,,,,,,,,,,,,,,,,,,,,,,,,,,,,,,,,,,,,,,,,,,,,,,,,,,,,,,,,,,,,,,,,,,,Sefton,1113,,,,,,,,,,,,,,,,,,,,,,,,,,,,,,,,,,,,,,,,,,,,,,,,,,,,,,,,,,,,,,,,,,,,,,,,,,,,,,,,,,,,,,,,,,,,,,,,,,,,,,,,,,,,,,,,,,,,,,,,,,,,,,,,,,,,,,,,,,,,,,,,,,,,,,,,,,,,,,,,,,,,,,,,,,,,,,,,,,,,,,,,,,,,,,,,,,,,,,,,,,,,,,,,,,,,,,,,,,,,,,,,,,,,,,,,,,,,,,,,,,,,,,,
TLD74,,,,,,,,,,,,,,,,,,,,,,,,,,,,,,,,,,,,,,,,,,,,,,,,,,,,,,,,,,,,,,,,,,,,,,,,Wirral,857,,,,,,,,,,,,,,,,,,,,,,,,,,,,,,,,,,,,,,,,,,,,,,,,,,,,,,,,,,,,,,,,,,,,,,,,,,,,,,,,,,,,,,,,,,,,,,,,,,,,,,,,,,,,,,,,,,,,,,,,,,,,,,,,,,,,,,,,,,,,,,,,,,,,,,,,,,,,,,,,,,,,,,,,,,,,,,,,,,,,,,,,,,,,,,,,,,,,,,,,,,,,,,,,,,,,,,,,,,,,,,,,,,,,,,,,,,,,,,,,,,,,,,,
TLE,Yorkshire and The Humber,,,32.59,,,,,,,,,,,,,,,,,,,,,,,,,,,,,,,,,,,,,,,,,,,,,,,,,,,,,,,,,,,,,,,,,Yorkshire and The Humber,,,,29267,,Yorkshire and The Humber,,,80922.0,,,Yorkshire and The Humber,,,61364.0,,,,,,,,,,,,,,,,,,,,,,,,,,,,,,,,,,,,,,,,,,,,,,,,,,,,,,,,,,,,,,,,,,,,,,,,,,,,,,,,,,,,,,,,,,,,,,,,,,,,,,,,,,,,,,,,,,,,,,,,,,,,,,,,,,,,,,,,,,,,,,,,,,,,,,,,,,,,,,,,,,,,,,,,,,,,,,,,,,,,,,,,,,,,,,,,,,,,,,,,,,,,,,,,,,,,,,,,,,,,,,,,,,,,,,,,,,,,
TLE1,,,,,,,,,,,,,,,,,,,,,,,,,,,,,,,,,,,,,,,,,,,,,,,,,,,,,,,,,,,,,,,,,,,,,,East Yorkshire and Northern Lincolnshire,,,7674,,,East Yorkshire and Northern Lincolnshire,,18174.0,,,,East Yorkshire and Northern Lincolnshire,,10379.0,,,,,,,,,,,,,,,,,,,,,,,,,,,,,,,,,,,,,,,,,,,,,,,,,,,,,,,,,,,,,,,,,,,,,,,,,,,,,,,,,,,,,,,,,,,,,,,,,,,,,,,,,,,,,,,,,,,,,,,,,,,,,,,,,,,,,,,,,,,,,,,,,,,,,,,,,,,,,,,,,,,,,,,,,,,,,,,,,,,,,,,,,,,,,,,,,,,,,,,,,,,,,,,,,,,,,,,,,,,,,,,,,,,,,,,,,,,,
TLE11,,,,,,,,,,,,,,,,,,,,,,,,,,,,,,,,,,,,,,,,,,,,,,,,,,,,,,,,,,,,,,,,,,,,,,,,"Kingston upon Hull, City of",1376,,,,,,,,,,,,,,,,,,,,,,,,,,,,,,,,,,,,,,,,,,,,,,,,,,,,,,,,,,,,,,,,,,,,,,,,,,,,,,,,,,,,,,,,,,,,,,,,,,,,,,,,,,,,,,,,,,,,,,,,,,,,,,,,,,,,,,,,,,,,,,,,,,,,,,,,,,,,,,,,,,,,,,,,,,,,,,,,,,,,,,,,,,,,,,,,,,,,,,,,,,,,,,,,,,,,,,,,,,,,,,,,,,,,,,,,,,,,,,,,,,,,,,,
TLE12,,,,,,,,,,,,,,,,,,,,,,,,,,,,,,,,,,,,,,,,,,,,,,,,,,,,,,,,,,,,,,,,,,,,,,,,East Riding of Yorkshire,1349,,,,,,,,,,,,,,,,,,,,,,,,,,,,,,,,,,,,,,,,,,,,,,,,,,,,,,,,,,,,,,,,,,,,,,,,,,,,,,,,,,,,,,,,,,,,,,,,,,,,,,,,,,,,,,,,,,,,,,,,,,,,,,,,,,,,,,,,,,,,,,,,,,,,,,,,,,,,,,,,,,,,,,,,,,,,,,,,,,,,,,,,,,,,,,,,,,,,,,,,,,,,,,,,,,,,,,,,,,,,,,,,,,,,,,,,,,,,,,,,,,,,,,,
TLE13,,,,,,,,,,,,,,,,,,,,,,,,,,,,,,,,,,,,,,,,,,,,,,,,,,,,,,,,,,,,,,,,,,,,,,,,North and North East Lincolnshire,4949,,,,,,,,,,,,,,,,,,,,,,,,,,,,,,,,,,,,,,,,,,,,,,,,,,,,,,,,,,,,,,,,,,,,,,,,,,,,,,,,,,,,,,,,,,,,,,,,,,,,,,,,,,,,,,,,,,,,,,,,,,,,,,,,,,,,,,,,,,,,,,,,,,,,,,,,,,,,,,,,,,,,,,,,,,,,,,,,,,,,,,,,,,,,,,,,,,,,,,,,,,,,,,,,,,,,,,,,,,,,,,,,,,,,,,,,,,,,,,,,,,,,,,,
TLE2,,,,,,,,,,,,,,,,,,,,,,,,,,,,,,,,,,,,,,,,,,,,,,,,,,,,,,,,,,,,,,,,,,,,,,North Yorkshire,,,3268,,,North Yorkshire,,7508.0,,,,North Yorkshire,,5185.0,,,,,,,,,,,,,,,,,,,,,,,,,,,,,,,,,,,,,,,,,,,,,,,,,,,,,,,,,,,,,,,,,,,,,,,,,,,,,,,,,,,,,,,,,,,,,,,,,,,,,,,,,,,,,,,,,,,,,,,,,,,,,,,,,,,,,,,,,,,,,,,,,,,,,,,,,,,,,,,,,,,,,,,,,,,,,,,,,,,,,,,,,,,,,,,,,,,,,,,,,,,,,,,,,,,,,,,,,,,,,,,,,,,,,,,,,,,,
TLE21,,,,,,,,,,,,,,,,,,,,,,,,,,,,,,,,,,,,,,,,,,,,,,,,,,,,,,,,,,,,,,,,,,,,,,,,York,1155,,,,,,,,,,,,,,,,,,,,,,,,,,,,,,,,,,,,,,,,,,,,,,,,,,,,,,,,,,,,,,,,,,,,,,,,,,,,,,,,,,,,,,,,,,,,,,,,,,,,,,,,,,,,,,,,,,,,,,,,,,,,,,,,,,,,,,,,,,,,,,,,,,,,,,,,,,,,,,,,,,,,,,,,,,,,,,,,,,,,,,,,,,,,,,,,,,,,,,,,,,,,,,,,,,,,,,,,,,,,,,,,,,,,,,,,,,,,,,,,,,,,,,,
TLE22,,,,,,,,,,,,,,,,,,,,,,,,,,,,,,,,,,,,,,,,,,,,,,,,,,,,,,,,,,,,,,,,,,,,,,,,North Yorkshire CC,2114,,,,,,,,,,,,,,,,,,,,,,,,,,,,,,,,,,,,,,,,,,,,,,,,,,,,,,,,,,,,,,,,,,,,,,,,,,,,,,,,,,,,,,,,,,,,,,,,,,,,,,,,,,,,,,,,,,,,,,,,,,,,,,,,,,,,,,,,,,,,,,,,,,,,,,,,,,,,,,,,,,,,,,,,,,,,,,,,,,,,,,,,,,,,,,,,,,,,,,,,,,,,,,,,,,,,,,,,,,,,,,,,,,,,,,,,,,,,,,,,,,,,,,,
TLE3,,,,,,,,,,,,,,,,,,,,,,,,,,,,,,,,,,,,,,,,,,,,,,,,,,,,,,,,,,,,,,,,,,,,,,South Yorkshire,,,5596,,,South Yorkshire,,13624.0,,,,South Yorkshire,,8513.0,,,,,,,,,,,,,,,,,,,,,,,,,,,,,,,,,,,,,,,,,,,,,,,,,,,,,,,,,,,,,,,,,,,,,,,,,,,,,,,,,,,,,,,,,,,,,,,,,,,,,,,,,,,,,,,,,,,,,,,,,,,,,,,,,,,,,,,,,,,,,,,,,,,,,,,,,,,,,,,,,,,,,,,,,,,,,,,,,,,,,,,,,,,,,,,,,,,,,,,,,,,,,,,,,,,,,,,,,,,,,,,,,,,,,,,,,,,,
TLE31,,,,,,,,,,,,,,,,,,,,,,,,,,,,,,,,,,,,,,,,,,,,,,,,,,,,,,,,,,,,,,,,,,,,,,,,"Barnsley, Doncaster and Rotherham",2150,,,,,,,,,,,,,,,,,,,,,,,,,,,,,,,,,,,,,,,,,,,,,,,,,,,,,,,,,,,,,,,,,,,,,,,,,,,,,,,,,,,,,,,,,,,,,,,,,,,,,,,,,,,,,,,,,,,,,,,,,,,,,,,,,,,,,,,,,,,,,,,,,,,,,,,,,,,,,,,,,,,,,,,,,,,,,,,,,,,,,,,,,,,,,,,,,,,,,,,,,,,,,,,,,,,,,,,,,,,,,,,,,,,,,,,,,,,,,,,,,,,,,,,
TLE32,,,,,,,,,,,,,,,,,,,,,,,,,,,,,,,,,,,,,,,,,,,,,,,,,,,,,,,,,,,,,,,,,,,,,,,,Sheffield,3446,,,,,,,,,,,,,,,,,,,,,,,,,,,,,,,,,,,,,,,,,,,,,,,,,,,,,,,,,,,,,,,,,,,,,,,,,,,,,,,,,,,,,,,,,,,,,,,,,,,,,,,,,,,,,,,,,,,,,,,,,,,,,,,,,,,,,,,,,,,,,,,,,,,,,,,,,,,,,,,,,,,,,,,,,,,,,,,,,,,,,,,,,,,,,,,,,,,,,,,,,,,,,,,,,,,,,,,,,,,,,,,,,,,,,,,,,,,,,,,,,,,,,,,
TLE4,,,,,,,,,,,,,,,,,,,,,,,,,,,,,,,,,,,,,,,,,,,,,,,,,,,,,,,,,,,,,,,,,,,,,,West Yorkshire,,,12728,,,West Yorkshire,,41616.0,,,,West Yorkshire,,37288.0,,,,,,,,,,,,,,,,,,,,,,,,,,,,,,,,,,,,,,,,,,,,,,,,,,,,,,,,,,,,,,,,,,,,,,,,,,,,,,,,,,,,,,,,,,,,,,,,,,,,,,,,,,,,,,,,,,,,,,,,,,,,,,,,,,,,,,,,,,,,,,,,,,,,,,,,,,,,,,,,,,,,,,,,,,,,,,,,,,,,,,,,,,,,,,,,,,,,,,,,,,,,,,,,,,,,,,,,,,,,,,,,,,,,,,,,,,,,
TLE41,,,,,,,,,,,,,,,,,,,,,,,,,,,,,,,,,,,,,,,,,,,,,,,,,,,,,,,,,,,,,,,,,,,,,,,,Bradford,2690,,,,,,,,,,,,,,,,,,,,,,,,,,,,,,,,,,,,,,,,,,,,,,,,,,,,,,,,,,,,,,,,,,,,,,,,,,,,,,,,,,,,,,,,,,,,,,,,,,,,,,,,,,,,,,,,,,,,,,,,,,,,,,,,,,,,,,,,,,,,,,,,,,,,,,,,,,,,,,,,,,,,,,,,,,,,,,,,,,,,,,,,,,,,,,,,,,,,,,,,,,,,,,,,,,,,,,,,,,,,,,,,,,,,,,,,,,,,,,,,,,,,,,,
TLE42,,,,,,,,,,,,,,,,,,,,,,,,,,,,,,,,,,,,,,,,,,,,,,,,,,,,,,,,,,,,,,,,,,,,,,,,Leeds,5361,,,,,,,,,,,,,,,,,,,,,,,,,,,,,,,,,,,,,,,,,,,,,,,,,,,,,,,,,,,,,,,,,,,,,,,,,,,,,,,,,,,,,,,,,,,,,,,,,,,,,,,,,,,,,,,,,,,,,,,,,,,,,,,,,,,,,,,,,,,,,,,,,,,,,,,,,,,,,,,,,,,,,,,,,,,,,,,,,,,,,,,,,,,,,,,,,,,,,,,,,,,,,,,,,,,,,,,,,,,,,,,,,,,,,,,,,,,,,,,,,,,,,,,
TLE44,,,,,,,,,,,,,,,,,,,,,,,,,,,,,,,,,,,,,,,,,,,,,,,,,,,,,,,,,,,,,,,,,,,,,,,,Calderdale and Kirklees,3256,,,,,,,,,,,,,,,,,,,,,,,,,,,,,,,,,,,,,,,,,,,,,,,,,,,,,,,,,,,,,,,,,,,,,,,,,,,,,,,,,,,,,,,,,,,,,,,,,,,,,,,,,,,,,,,,,,,,,,,,,,,,,,,,,,,,,,,,,,,,,,,,,,,,,,,,,,,,,,,,,,,,,,,,,,,,,,,,,,,,,,,,,,,,,,,,,,,,,,,,,,,,,,,,,,,,,,,,,,,,,,,,,,,,,,,,,,,,,,,,,,,,,,,
TLE45,,,,,,,,,,,,,,,,,,,,,,,,,,,,,,,,,,,,,,,,,,,,,,,,,,,,,,,,,,,,,,,,,,,,,,,,Wakefield,1421,,,,,,,,,,,,,,,,,,,,,,,,,,,,,,,,,,,,,,,,,,,,,,,,,,,,,,,,,,,,,,,,,,,,,,,,,,,,,,,,,,,,,,,,,,,,,,,,,,,,,,,,,,,,,,,,,,,,,,,,,,,,,,,,,,,,,,,,,,,,,,,,,,,,,,,,,,,,,,,,,,,,,,,,,,,,,,,,,,,,,,,,,,,,,,,,,,,,,,,,,,,,,,,,,,,,,,,,,,,,,,,,,,,,,,,,,,,,,,,,,,,,,,,
TLF,East Midlands,,,33.22,,,,,,,,,,,,,,,,,,,,,,,,,,,,,,,,,,,,,,,,,,,,,,,,,,,,,,,,,,,,,,,,,East Midlands,,,,30247,,East Midlands,,,56699.0,,,East Midlands,,,37563.0,,,,,,,,,,,,,,,,,,,,,,,,,,,,,,,,,,,,,,,,,,,,,,,,,,,,,,,,,,,,,,,,,,,,,,,,,,,,,,,,,,,,,,,,,,,,,,,,,,,,,,,,,,,,,,,,,,,,,,,,,,,,,,,,,,,,,,,,,,,,,,,,,,,,,,,,,,,,,,,,,,,,,,,,,,,,,,,,,,,,,,,,,,,,,,,,,,,,,,,,,,,,,,,,,,,,,,,,,,,,,,,,,,,,,,,,,,,,
TLF1,,,,,,,,,,,,,,,,,,,,,,,,,,,,,,,,,,,,,,,,,,,,,,,,,,,,,,,,,,,,,,,,,,,,,,Derbyshire and Nottinghamshire,,,18259,,,Derbyshire and Nottinghamshire,,27895.0,,,,Derbyshire and Nottinghamshire,,16894.0,,,,,,,,,,,,,,,,,,,,,,,,,,,,,,,,,,,,,,,,,,,,,,,,,,,,,,,,,,,,,,,,,,,,,,,,,,,,,,,,,,,,,,,,,,,,,,,,,,,,,,,,,,,,,,,,,,,,,,,,,,,,,,,,,,,,,,,,,,,,,,,,,,,,,,,,,,,,,,,,,,,,,,,,,,,,,,,,,,,,,,,,,,,,,,,,,,,,,,,,,,,,,,,,,,,,,,,,,,,,,,,,,,,,,,,,,,,,
TLF11,,,,,,,,,,,,,,,,,,,,,,,,,,,,,,,,,,,,,,,,,,,,,,,,,,,,,,,,,,,,,,,,,,,,,,,,Derby,8407,,,,,,,,,,,,,,,,,,,,,,,,,,,,,,,,,,,,,,,,,,,,,,,,,,,,,,,,,,,,,,,,,,,,,,,,,,,,,,,,,,,,,,,,,,,,,,,,,,,,,,,,,,,,,,,,,,,,,,,,,,,,,,,,,,,,,,,,,,,,,,,,,,,,,,,,,,,,,,,,,,,,,,,,,,,,,,,,,,,,,,,,,,,,,,,,,,,,,,,,,,,,,,,,,,,,,,,,,,,,,,,,,,,,,,,,,,,,,,,,,,,,,,,
TLF12,,,,,,,,,,,,,,,,,,,,,,,,,,,,,,,,,,,,,,,,,,,,,,,,,,,,,,,,,,,,,,,,,,,,,,,,East Derbyshire,1210,,,,,,,,,,,,,,,,,,,,,,,,,,,,,,,,,,,,,,,,,,,,,,,,,,,,,,,,,,,,,,,,,,,,,,,,,,,,,,,,,,,,,,,,,,,,,,,,,,,,,,,,,,,,,,,,,,,,,,,,,,,,,,,,,,,,,,,,,,,,,,,,,,,,,,,,,,,,,,,,,,,,,,,,,,,,,,,,,,,,,,,,,,,,,,,,,,,,,,,,,,,,,,,,,,,,,,,,,,,,,,,,,,,,,,,,,,,,,,,,,,,,,,,
TLF13,,,,,,,,,,,,,,,,,,,,,,,,,,,,,,,,,,,,,,,,,,,,,,,,,,,,,,,,,,,,,,,,,,,,,,,,South and West Derbyshire,3747,,,,,,,,,,,,,,,,,,,,,,,,,,,,,,,,,,,,,,,,,,,,,,,,,,,,,,,,,,,,,,,,,,,,,,,,,,,,,,,,,,,,,,,,,,,,,,,,,,,,,,,,,,,,,,,,,,,,,,,,,,,,,,,,,,,,,,,,,,,,,,,,,,,,,,,,,,,,,,,,,,,,,,,,,,,,,,,,,,,,,,,,,,,,,,,,,,,,,,,,,,,,,,,,,,,,,,,,,,,,,,,,,,,,,,,,,,,,,,,,,,,,,,,
TLF14,,,,,,,,,,,,,,,,,,,,,,,,,,,,,,,,,,,,,,,,,,,,,,,,,,,,,,,,,,,,,,,,,,,,,,,,Nottingham,2118,,,,,,,,,,,,,,,,,,,,,,,,,,,,,,,,,,,,,,,,,,,,,,,,,,,,,,,,,,,,,,,,,,,,,,,,,,,,,,,,,,,,,,,,,,,,,,,,,,,,,,,,,,,,,,,,,,,,,,,,,,,,,,,,,,,,,,,,,,,,,,,,,,,,,,,,,,,,,,,,,,,,,,,,,,,,,,,,,,,,,,,,,,,,,,,,,,,,,,,,,,,,,,,,,,,,,,,,,,,,,,,,,,,,,,,,,,,,,,,,,,,,,,,
TLF15,,,,,,,,,,,,,,,,,,,,,,,,,,,,,,,,,,,,,,,,,,,,,,,,,,,,,,,,,,,,,,,,,,,,,,,,North Nottinghamshire,1928,,,,,,,,,,,,,,,,,,,,,,,,,,,,,,,,,,,,,,,,,,,,,,,,,,,,,,,,,,,,,,,,,,,,,,,,,,,,,,,,,,,,,,,,,,,,,,,,,,,,,,,,,,,,,,,,,,,,,,,,,,,,,,,,,,,,,,,,,,,,,,,,,,,,,,,,,,,,,,,,,,,,,,,,,,,,,,,,,,,,,,,,,,,,,,,,,,,,,,,,,,,,,,,,,,,,,,,,,,,,,,,,,,,,,,,,,,,,,,,,,,,,,,,
TLF16,,,,,,,,,,,,,,,,,,,,,,,,,,,,,,,,,,,,,,,,,,,,,,,,,,,,,,,,,,,,,,,,,,,,,,,,South Nottinghamshire,848,,,,,,,,,,,,,,,,,,,,,,,,,,,,,,,,,,,,,,,,,,,,,,,,,,,,,,,,,,,,,,,,,,,,,,,,,,,,,,,,,,,,,,,,,,,,,,,,,,,,,,,,,,,,,,,,,,,,,,,,,,,,,,,,,,,,,,,,,,,,,,,,,,,,,,,,,,,,,,,,,,,,,,,,,,,,,,,,,,,,,,,,,,,,,,,,,,,,,,,,,,,,,,,,,,,,,,,,,,,,,,,,,,,,,,,,,,,,,,,,,,,,,,,
TLF2,,,,,,,,,,,,,,,,,,,,,,,,,,,,,,,,,,,,,,,,,,,,,,,,,,,,,,,,,,,,,,,,,,,,,,"Leicestershire, Rutland and Northamptonshire",,,9878,,,"Leicestershire, Rutland and Northamptonshire",,23606.0,,,,"Leicestershire, Rutland and Northamptonshire",,18004.0,,,,,,,,,,,,,,,,,,,,,,,,,,,,,,,,,,,,,,,,,,,,,,,,,,,,,,,,,,,,,,,,,,,,,,,,,,,,,,,,,,,,,,,,,,,,,,,,,,,,,,,,,,,,,,,,,,,,,,,,,,,,,,,,,,,,,,,,,,,,,,,,,,,,,,,,,,,,,,,,,,,,,,,,,,,,,,,,,,,,,,,,,,,,,,,,,,,,,,,,,,,,,,,,,,,,,,,,,,,,,,,,,,,,,,,,,,,,
TLF21,,,,,,,,,,,,,,,,,,,,,,,,,,,,,,,,,,,,,,,,,,,,,,,,,,,,,,,,,,,,,,,,,,,,,,,,Leicester,1055,,,,,,,,,,,,,,,,,,,,,,,,,,,,,,,,,,,,,,,,,,,,,,,,,,,,,,,,,,,,,,,,,,,,,,,,,,,,,,,,,,,,,,,,,,,,,,,,,,,,,,,,,,,,,,,,,,,,,,,,,,,,,,,,,,,,,,,,,,,,,,,,,,,,,,,,,,,,,,,,,,,,,,,,,,,,,,,,,,,,,,,,,,,,,,,,,,,,,,,,,,,,,,,,,,,,,,,,,,,,,,,,,,,,,,,,,,,,,,,,,,,,,,,
TLF22,,,,,,,,,,,,,,,,,,,,,,,,,,,,,,,,,,,,,,,,,,,,,,,,,,,,,,,,,,,,,,,,,,,,,,,,Leicestershire CC and Rutland,3640,,,,,,,,,,,,,,,,,,,,,,,,,,,,,,,,,,,,,,,,,,,,,,,,,,,,,,,,,,,,,,,,,,,,,,,,,,,,,,,,,,,,,,,,,,,,,,,,,,,,,,,,,,,,,,,,,,,,,,,,,,,,,,,,,,,,,,,,,,,,,,,,,,,,,,,,,,,,,,,,,,,,,,,,,,,,,,,,,,,,,,,,,,,,,,,,,,,,,,,,,,,,,,,,,,,,,,,,,,,,,,,,,,,,,,,,,,,,,,,,,,,,,,,
TLF24,,,,,,,,,,,,,,,,,,,,,,,,,,,,,,,,,,,,,,,,,,,,,,,,,,,,,,,,,,,,,,,,,,,,,,,,West Northamptonshire,3314,,,,,,,,,,,,,,,,,,,,,,,,,,,,,,,,,,,,,,,,,,,,,,,,,,,,,,,,,,,,,,,,,,,,,,,,,,,,,,,,,,,,,,,,,,,,,,,,,,,,,,,,,,,,,,,,,,,,,,,,,,,,,,,,,,,,,,,,,,,,,,,,,,,,,,,,,,,,,,,,,,,,,,,,,,,,,,,,,,,,,,,,,,,,,,,,,,,,,,,,,,,,,,,,,,,,,,,,,,,,,,,,,,,,,,,,,,,,,,,,,,,,,,,
TLF25,,,,,,,,,,,,,,,,,,,,,,,,,,,,,,,,,,,,,,,,,,,,,,,,,,,,,,,,,,,,,,,,,,,,,,,,North Northamptonshire,1869,,,,,,,,,,,,,,,,,,,,,,,,,,,,,,,,,,,,,,,,,,,,,,,,,,,,,,,,,,,,,,,,,,,,,,,,,,,,,,,,,,,,,,,,,,,,,,,,,,,,,,,,,,,,,,,,,,,,,,,,,,,,,,,,,,,,,,,,,,,,,,,,,,,,,,,,,,,,,,,,,,,,,,,,,,,,,,,,,,,,,,,,,,,,,,,,,,,,,,,,,,,,,,,,,,,,,,,,,,,,,,,,,,,,,,,,,,,,,,,,,,,,,,,
TLF3,,,,,,,,,,,,,,,,,,,,,,,,,,,,,,,,,,,,,,,,,,,,,,,,,,,,,,,,,,,,,,,,,,,,,,Lincolnshire,,,2110,,,Lincolnshire,,5199.0,,,,Lincolnshire,,2666.0,,,,,,,,,,,,,,,,,,,,,,,,,,,,,,,,,,,,,,,,,,,,,,,,,,,,,,,,,,,,,,,,,,,,,,,,,,,,,,,,,,,,,,,,,,,,,,,,,,,,,,,,,,,,,,,,,,,,,,,,,,,,,,,,,,,,,,,,,,,,,,,,,,,,,,,,,,,,,,,,,,,,,,,,,,,,,,,,,,,,,,,,,,,,,,,,,,,,,,,,,,,,,,,,,,,,,,,,,,,,,,,,,,,,,,,,,,,,
TLF30,,,,,,,,,,,,,,,,,,,,,,,,,,,,,,,,,,,,,,,,,,,,,,,,,,,,,,,,,,,,,,,,,,,,,,,,Lincolnshire CC,2110,,,,,,,,,,,,,,,,,,,,,,,,,,,,,,,,,,,,,,,,,,,,,,,,,,,,,,,,,,,,,,,,,,,,,,,,,,,,,,,,,,,,,,,,,,,,,,,,,,,,,,,,,,,,,,,,,,,,,,,,,,,,,,,,,,,,,,,,,,,,,,,,,,,,,,,,,,,,,,,,,,,,,,,,,,,,,,,,,,,,,,,,,,,,,,,,,,,,,,,,,,,,,,,,,,,,,,,,,,,,,,,,,,,,,,,,,,,,,,,,,,,,,,,
TLG,West Midlands,,,33.35,,,,,,,,,,,,,,,,,,,,,,,,,,,,,,,,,,,,,,,,,,,,,,,,,,,,,,,,,,,,,,,,,West Midlands,,,,40519,,West Midlands,,,91384.0,,,West Midlands,,,107051.0,,,,,,,,,,,,,,,,,,,,,,,,,,,,,,,,,,,,,,,,,,,,,,,,,,,,,,,,,,,,,,,,,,,,,,,,,,,,,,,,,,,,,,,,,,,,,,,,,,,,,,,,,,,,,,,,,,,,,,,,,,,,,,,,,,,,,,,,,,,,,,,,,,,,,,,,,,,,,,,,,,,,,,,,,,,,,,,,,,,,,,,,,,,,,,,,,,,,,,,,,,,,,,,,,,,,,,,,,,,,,,,,,,,,,,,,,,,,
TLG1,,,,,,,,,,,,,,,,,,,,,,,,,,,,,,,,,,,,,,,,,,,,,,,,,,,,,,,,,,,,,,,,,,,,,,"Herefordshire, Worcestershire and Warwickshire",,,8914,,,"Herefordshire, Worcestershire and Warwickshire",,17247.0,,,,"Herefordshire, Worcestershire and Warwickshire",,26018.0,,,,,,,,,,,,,,,,,,,,,,,,,,,,,,,,,,,,,,,,,,,,,,,,,,,,,,,,,,,,,,,,,,,,,,,,,,,,,,,,,,,,,,,,,,,,,,,,,,,,,,,,,,,,,,,,,,,,,,,,,,,,,,,,,,,,,,,,,,,,,,,,,,,,,,,,,,,,,,,,,,,,,,,,,,,,,,,,,,,,,,,,,,,,,,,,,,,,,,,,,,,,,,,,,,,,,,,,,,,,,,,,,,,,,,,,,,,,
TLG11,,,,,,,,,,,,,,,,,,,,,,,,,,,,,,,,,,,,,,,,,,,,,,,,,,,,,,,,,,,,,,,,,,,,,,,,"Herefordshire, County of",499,,,,,,,,,,,,,,,,,,,,,,,,,,,,,,,,,,,,,,,,,,,,,,,,,,,,,,,,,,,,,,,,,,,,,,,,,,,,,,,,,,,,,,,,,,,,,,,,,,,,,,,,,,,,,,,,,,,,,,,,,,,,,,,,,,,,,,,,,,,,,,,,,,,,,,,,,,,,,,,,,,,,,,,,,,,,,,,,,,,,,,,,,,,,,,,,,,,,,,,,,,,,,,,,,,,,,,,,,,,,,,,,,,,,,,,,,,,,,,,,,,,,,,,
TLG12,,,,,,,,,,,,,,,,,,,,,,,,,,,,,,,,,,,,,,,,,,,,,,,,,,,,,,,,,,,,,,,,,,,,,,,,Worcestershire CC,2131,,,,,,,,,,,,,,,,,,,,,,,,,,,,,,,,,,,,,,,,,,,,,,,,,,,,,,,,,,,,,,,,,,,,,,,,,,,,,,,,,,,,,,,,,,,,,,,,,,,,,,,,,,,,,,,,,,,,,,,,,,,,,,,,,,,,,,,,,,,,,,,,,,,,,,,,,,,,,,,,,,,,,,,,,,,,,,,,,,,,,,,,,,,,,,,,,,,,,,,,,,,,,,,,,,,,,,,,,,,,,,,,,,,,,,,,,,,,,,,,,,,,,,,
TLG13,,,,,,,,,,,,,,,,,,,,,,,,,,,,,,,,,,,,,,,,,,,,,,,,,,,,,,,,,,,,,,,,,,,,,,,,Warwickshire CC,6284,,,,,,,,,,,,,,,,,,,,,,,,,,,,,,,,,,,,,,,,,,,,,,,,,,,,,,,,,,,,,,,,,,,,,,,,,,,,,,,,,,,,,,,,,,,,,,,,,,,,,,,,,,,,,,,,,,,,,,,,,,,,,,,,,,,,,,,,,,,,,,,,,,,,,,,,,,,,,,,,,,,,,,,,,,,,,,,,,,,,,,,,,,,,,,,,,,,,,,,,,,,,,,,,,,,,,,,,,,,,,,,,,,,,,,,,,,,,,,,,,,,,,,,
TLG2,,,,,,,,,,,,,,,,,,,,,,,,,,,,,,,,,,,,,,,,,,,,,,,,,,,,,,,,,,,,,,,,,,,,,,Shropshire and Staffordshire,,,11308,,,Shropshire and Staffordshire,,13494.0,,,,Shropshire and Staffordshire,,14536.0,,,,,,,,,,,,,,,,,,,,,,,,,,,,,,,,,,,,,,,,,,,,,,,,,,,,,,,,,,,,,,,,,,,,,,,,,,,,,,,,,,,,,,,,,,,,,,,,,,,,,,,,,,,,,,,,,,,,,,,,,,,,,,,,,,,,,,,,,,,,,,,,,,,,,,,,,,,,,,,,,,,,,,,,,,,,,,,,,,,,,,,,,,,,,,,,,,,,,,,,,,,,,,,,,,,,,,,,,,,,,,,,,,,,,,,,,,,,
TLG21,,,,,,,,,,,,,,,,,,,,,,,,,,,,,,,,,,,,,,,,,,,,,,,,,,,,,,,,,,,,,,,,,,,,,,,,Telford and Wrekin,2302,,,,,,,,,,,,,,,,,,,,,,,,,,,,,,,,,,,,,,,,,,,,,,,,,,,,,,,,,,,,,,,,,,,,,,,,,,,,,,,,,,,,,,,,,,,,,,,,,,,,,,,,,,,,,,,,,,,,,,,,,,,,,,,,,,,,,,,,,,,,,,,,,,,,,,,,,,,,,,,,,,,,,,,,,,,,,,,,,,,,,,,,,,,,,,,,,,,,,,,,,,,,,,,,,,,,,,,,,,,,,,,,,,,,,,,,,,,,,,,,,,,,,,,
TLG22,,,,,,,,,,,,,,,,,,,,,,,,,,,,,,,,,,,,,,,,,,,,,,,,,,,,,,,,,,,,,,,,,,,,,,,,Shropshire,1040,,,,,,,,,,,,,,,,,,,,,,,,,,,,,,,,,,,,,,,,,,,,,,,,,,,,,,,,,,,,,,,,,,,,,,,,,,,,,,,,,,,,,,,,,,,,,,,,,,,,,,,,,,,,,,,,,,,,,,,,,,,,,,,,,,,,,,,,,,,,,,,,,,,,,,,,,,,,,,,,,,,,,,,,,,,,,,,,,,,,,,,,,,,,,,,,,,,,,,,,,,,,,,,,,,,,,,,,,,,,,,,,,,,,,,,,,,,,,,,,,,,,,,,
TLG23,,,,,,,,,,,,,,,,,,,,,,,,,,,,,,,,,,,,,,,,,,,,,,,,,,,,,,,,,,,,,,,,,,,,,,,,Stoke-on-Trent,2836,,,,,,,,,,,,,,,,,,,,,,,,,,,,,,,,,,,,,,,,,,,,,,,,,,,,,,,,,,,,,,,,,,,,,,,,,,,,,,,,,,,,,,,,,,,,,,,,,,,,,,,,,,,,,,,,,,,,,,,,,,,,,,,,,,,,,,,,,,,,,,,,,,,,,,,,,,,,,,,,,,,,,,,,,,,,,,,,,,,,,,,,,,,,,,,,,,,,,,,,,,,,,,,,,,,,,,,,,,,,,,,,,,,,,,,,,,,,,,,,,,,,,,,
TLG24,,,,,,,,,,,,,,,,,,,,,,,,,,,,,,,,,,,,,,,,,,,,,,,,,,,,,,,,,,,,,,,,,,,,,,,,Staffordshire CC,5131,,,,,,,,,,,,,,,,,,,,,,,,,,,,,,,,,,,,,,,,,,,,,,,,,,,,,,,,,,,,,,,,,,,,,,,,,,,,,,,,,,,,,,,,,,,,,,,,,,,,,,,,,,,,,,,,,,,,,,,,,,,,,,,,,,,,,,,,,,,,,,,,,,,,,,,,,,,,,,,,,,,,,,,,,,,,,,,,,,,,,,,,,,,,,,,,,,,,,,,,,,,,,,,,,,,,,,,,,,,,,,,,,,,,,,,,,,,,,,,,,,,,,,,
TLG3,,,,,,,,,,,,,,,,,,,,,,,,,,,,,,,,,,,,,,,,,,,,,,,,,,,,,,,,,,,,,,,,,,,,,,West Midlands,,,20296,,,West Midlands,,60642.0,,,,West Midlands,,66497.0,,,,,,,,,,,,,,,,,,,,,,,,,,,,,,,,,,,,,,,,,,,,,,,,,,,,,,,,,,,,,,,,,,,,,,,,,,,,,,,,,,,,,,,,,,,,,,,,,,,,,,,,,,,,,,,,,,,,,,,,,,,,,,,,,,,,,,,,,,,,,,,,,,,,,,,,,,,,,,,,,,,,,,,,,,,,,,,,,,,,,,,,,,,,,,,,,,,,,,,,,,,,,,,,,,,,,,,,,,,,,,,,,,,,,,,,,,,,
TLG31,,,,,,,,,,,,,,,,,,,,,,,,,,,,,,,,,,,,,,,,,,,,,,,,,,,,,,,,,,,,,,,,,,,,,,,,Birmingham,7409,,,,,,,,,,,,,,,,,,,,,,,,,,,,,,,,,,,,,,,,,,,,,,,,,,,,,,,,,,,,,,,,,,,,,,,,,,,,,,,,,,,,,,,,,,,,,,,,,,,,,,,,,,,,,,,,,,,,,,,,,,,,,,,,,,,,,,,,,,,,,,,,,,,,,,,,,,,,,,,,,,,,,,,,,,,,,,,,,,,,,,,,,,,,,,,,,,,,,,,,,,,,,,,,,,,,,,,,,,,,,,,,,,,,,,,,,,,,,,,,,,,,,,,
TLG32,,,,,,,,,,,,,,,,,,,,,,,,,,,,,,,,,,,,,,,,,,,,,,,,,,,,,,,,,,,,,,,,,,,,,,,,Solihull,4853,,,,,,,,,,,,,,,,,,,,,,,,,,,,,,,,,,,,,,,,,,,,,,,,,,,,,,,,,,,,,,,,,,,,,,,,,,,,,,,,,,,,,,,,,,,,,,,,,,,,,,,,,,,,,,,,,,,,,,,,,,,,,,,,,,,,,,,,,,,,,,,,,,,,,,,,,,,,,,,,,,,,,,,,,,,,,,,,,,,,,,,,,,,,,,,,,,,,,,,,,,,,,,,,,,,,,,,,,,,,,,,,,,,,,,,,,,,,,,,,,,,,,,,
TLG33,,,,,,,,,,,,,,,,,,,,,,,,,,,,,,,,,,,,,,,,,,,,,,,,,,,,,,,,,,,,,,,,,,,,,,,,Coventry,3659,,,,,,,,,,,,,,,,,,,,,,,,,,,,,,,,,,,,,,,,,,,,,,,,,,,,,,,,,,,,,,,,,,,,,,,,,,,,,,,,,,,,,,,,,,,,,,,,,,,,,,,,,,,,,,,,,,,,,,,,,,,,,,,,,,,,,,,,,,,,,,,,,,,,,,,,,,,,,,,,,,,,,,,,,,,,,,,,,,,,,,,,,,,,,,,,,,,,,,,,,,,,,,,,,,,,,,,,,,,,,,,,,,,,,,,,,,,,,,,,,,,,,,,
TLG36,,,,,,,,,,,,,,,,,,,,,,,,,,,,,,,,,,,,,,,,,,,,,,,,,,,,,,,,,,,,,,,,,,,,,,,,Dudley,698,,,,,,,,,,,,,,,,,,,,,,,,,,,,,,,,,,,,,,,,,,,,,,,,,,,,,,,,,,,,,,,,,,,,,,,,,,,,,,,,,,,,,,,,,,,,,,,,,,,,,,,,,,,,,,,,,,,,,,,,,,,,,,,,,,,,,,,,,,,,,,,,,,,,,,,,,,,,,,,,,,,,,,,,,,,,,,,,,,,,,,,,,,,,,,,,,,,,,,,,,,,,,,,,,,,,,,,,,,,,,,,,,,,,,,,,,,,,,,,,,,,,,,,
TLG37,,,,,,,,,,,,,,,,,,,,,,,,,,,,,,,,,,,,,,,,,,,,,,,,,,,,,,,,,,,,,,,,,,,,,,,,Sandwell,1229,,,,,,,,,,,,,,,,,,,,,,,,,,,,,,,,,,,,,,,,,,,,,,,,,,,,,,,,,,,,,,,,,,,,,,,,,,,,,,,,,,,,,,,,,,,,,,,,,,,,,,,,,,,,,,,,,,,,,,,,,,,,,,,,,,,,,,,,,,,,,,,,,,,,,,,,,,,,,,,,,,,,,,,,,,,,,,,,,,,,,,,,,,,,,,,,,,,,,,,,,,,,,,,,,,,,,,,,,,,,,,,,,,,,,,,,,,,,,,,,,,,,,,,
TLG38,,,,,,,,,,,,,,,,,,,,,,,,,,,,,,,,,,,,,,,,,,,,,,,,,,,,,,,,,,,,,,,,,,,,,,,,Walsall,1158,,,,,,,,,,,,,,,,,,,,,,,,,,,,,,,,,,,,,,,,,,,,,,,,,,,,,,,,,,,,,,,,,,,,,,,,,,,,,,,,,,,,,,,,,,,,,,,,,,,,,,,,,,,,,,,,,,,,,,,,,,,,,,,,,,,,,,,,,,,,,,,,,,,,,,,,,,,,,,,,,,,,,,,,,,,,,,,,,,,,,,,,,,,,,,,,,,,,,,,,,,,,,,,,,,,,,,,,,,,,,,,,,,,,,,,,,,,,,,,,,,,,,,,
TLG39,,,,,,,,,,,,,,,,,,,,,,,,,,,,,,,,,,,,,,,,,,,,,,,,,,,,,,,,,,,,,,,,,,,,,,,,Wolverhampton,1290,,,,,,,,,,,,,,,,,,,,,,,,,,,,,,,,,,,,,,,,,,,,,,,,,,,,,,,,,,,,,,,,,,,,,,,,,,,,,,,,,,,,,,,,,,,,,,,,,,,,,,,,,,,,,,,,,,,,,,,,,,,,,,,,,,,,,,,,,,,,,,,,,,,,,,,,,,,,,,,,,,,,,,,,,,,,,,,,,,,,,,,,,,,,,,,,,,,,,,,,,,,,,,,,,,,,,,,,,,,,,,,,,,,,,,,,,,,,,,,,,,,,,,,
TLH,East of England,,,35.9,,,,,,,,,,,,,,,,,,,,,,,,,,,,,,,,,,,,,,,,,,,,,,,,,,,,,,,,,,,,,,,,,East of England,,,,51057,,East of England,,,84770.0,,,East of England,,,98721.0,,,,,,,,,,,,,,,,,,,,,,,,,,,,,,,,,,,,,,,,,,,,,,,,,,,,,,,,,,,,,,,,,,,,,,,,,,,,,,,,,,,,,,,,,,,,,,,,,,,,,,,,,,,,,,,,,,,,,,,,,,,,,,,,,,,,,,,,,,,,,,,,,,,,,,,,,,,,,,,,,,,,,,,,,,,,,,,,,,,,,,,,,,,,,,,,,,,,,,,,,,,,,,,,,,,,,,,,,,,,,,,,,,,,,,,,,,,,
TLH1,,,,,,,,,,,,,,,,,,,,,,,,,,,,,,,,,,,,,,,,,,,,,,,,,,,,,,,,,,,,,,,,,,,,,,East Anglia,,,23068,,,East Anglia,,32396.0,,,,East Anglia,,20853.0,,,,,,,,,,,,,,,,,,,,,,,,,,,,,,,,,,,,,,,,,,,,,,,,,,,,,,,,,,,,,,,,,,,,,,,,,,,,,,,,,,,,,,,,,,,,,,,,,,,,,,,,,,,,,,,,,,,,,,,,,,,,,,,,,,,,,,,,,,,,,,,,,,,,,,,,,,,,,,,,,,,,,,,,,,,,,,,,,,,,,,,,,,,,,,,,,,,,,,,,,,,,,,,,,,,,,,,,,,,,,,,,,,,,,,,,,,,,
TLH11,,,,,,,,,,,,,,,,,,,,,,,,,,,,,,,,,,,,,,,,,,,,,,,,,,,,,,,,,,,,,,,,,,,,,,,,Peterborough,2573,,,,,,,,,,,,,,,,,,,,,,,,,,,,,,,,,,,,,,,,,,,,,,,,,,,,,,,,,,,,,,,,,,,,,,,,,,,,,,,,,,,,,,,,,,,,,,,,,,,,,,,,,,,,,,,,,,,,,,,,,,,,,,,,,,,,,,,,,,,,,,,,,,,,,,,,,,,,,,,,,,,,,,,,,,,,,,,,,,,,,,,,,,,,,,,,,,,,,,,,,,,,,,,,,,,,,,,,,,,,,,,,,,,,,,,,,,,,,,,,,,,,,,,
TLH12,,,,,,,,,,,,,,,,,,,,,,,,,,,,,,,,,,,,,,,,,,,,,,,,,,,,,,,,,,,,,,,,,,,,,,,,Cambridgeshire CC,13757,,,,,,,,,,,,,,,,,,,,,,,,,,,,,,,,,,,,,,,,,,,,,,,,,,,,,,,,,,,,,,,,,,,,,,,,,,,,,,,,,,,,,,,,,,,,,,,,,,,,,,,,,,,,,,,,,,,,,,,,,,,,,,,,,,,,,,,,,,,,,,,,,,,,,,,,,,,,,,,,,,,,,,,,,,,,,,,,,,,,,,,,,,,,,,,,,,,,,,,,,,,,,,,,,,,,,,,,,,,,,,,,,,,,,,,,,,,,,,,,,,,,,,,
TLH14,,,,,,,,,,,,,,,,,,,,,,,,,,,,,,,,,,,,,,,,,,,,,,,,,,,,,,,,,,,,,,,,,,,,,,,,Suffolk CC,2919,,,,,,,,,,,,,,,,,,,,,,,,,,,,,,,,,,,,,,,,,,,,,,,,,,,,,,,,,,,,,,,,,,,,,,,,,,,,,,,,,,,,,,,,,,,,,,,,,,,,,,,,,,,,,,,,,,,,,,,,,,,,,,,,,,,,,,,,,,,,,,,,,,,,,,,,,,,,,,,,,,,,,,,,,,,,,,,,,,,,,,,,,,,,,,,,,,,,,,,,,,,,,,,,,,,,,,,,,,,,,,,,,,,,,,,,,,,,,,,,,,,,,,,
TLH15,,,,,,,,,,,,,,,,,,,,,,,,,,,,,,,,,,,,,,,,,,,,,,,,,,,,,,,,,,,,,,,,,,,,,,,,Norwich and East Norfolk,2622,,,,,,,,,,,,,,,,,,,,,,,,,,,,,,,,,,,,,,,,,,,,,,,,,,,,,,,,,,,,,,,,,,,,,,,,,,,,,,,,,,,,,,,,,,,,,,,,,,,,,,,,,,,,,,,,,,,,,,,,,,,,,,,,,,,,,,,,,,,,,,,,,,,,,,,,,,,,,,,,,,,,,,,,,,,,,,,,,,,,,,,,,,,,,,,,,,,,,,,,,,,,,,,,,,,,,,,,,,,,,,,,,,,,,,,,,,,,,,,,,,,,,,,
TLH16,,,,,,,,,,,,,,,,,,,,,,,,,,,,,,,,,,,,,,,,,,,,,,,,,,,,,,,,,,,,,,,,,,,,,,,,North and West Norfolk,732,,,,,,,,,,,,,,,,,,,,,,,,,,,,,,,,,,,,,,,,,,,,,,,,,,,,,,,,,,,,,,,,,,,,,,,,,,,,,,,,,,,,,,,,,,,,,,,,,,,,,,,,,,,,,,,,,,,,,,,,,,,,,,,,,,,,,,,,,,,,,,,,,,,,,,,,,,,,,,,,,,,,,,,,,,,,,,,,,,,,,,,,,,,,,,,,,,,,,,,,,,,,,,,,,,,,,,,,,,,,,,,,,,,,,,,,,,,,,,,,,,,,,,,
TLH17,,,,,,,,,,,,,,,,,,,,,,,,,,,,,,,,,,,,,,,,,,,,,,,,,,,,,,,,,,,,,,,,,,,,,,,,Breckland and South Norfolk,465,,,,,,,,,,,,,,,,,,,,,,,,,,,,,,,,,,,,,,,,,,,,,,,,,,,,,,,,,,,,,,,,,,,,,,,,,,,,,,,,,,,,,,,,,,,,,,,,,,,,,,,,,,,,,,,,,,,,,,,,,,,,,,,,,,,,,,,,,,,,,,,,,,,,,,,,,,,,,,,,,,,,,,,,,,,,,,,,,,,,,,,,,,,,,,,,,,,,,,,,,,,,,,,,,,,,,,,,,,,,,,,,,,,,,,,,,,,,,,,,,,,,,,,
TLH2,,,,,,,,,,,,,,,,,,,,,,,,,,,,,,,,,,,,,,,,,,,,,,,,,,,,,,,,,,,,,,,,,,,,,,Bedfordshire and Hertfordshire,,,18763,,,Bedfordshire and Hertfordshire,,39855.0,,,,Bedfordshire and Hertfordshire,,68312.0,,,,,,,,,,,,,,,,,,,,,,,,,,,,,,,,,,,,,,,,,,,,,,,,,,,,,,,,,,,,,,,,,,,,,,,,,,,,,,,,,,,,,,,,,,,,,,,,,,,,,,,,,,,,,,,,,,,,,,,,,,,,,,,,,,,,,,,,,,,,,,,,,,,,,,,,,,,,,,,,,,,,,,,,,,,,,,,,,,,,,,,,,,,,,,,,,,,,,,,,,,,,,,,,,,,,,,,,,,,,,,,,,,,,,,,,,,,,
TLH21,,,,,,,,,,,,,,,,,,,,,,,,,,,,,,,,,,,,,,,,,,,,,,,,,,,,,,,,,,,,,,,,,,,,,,,,Luton,1890,,,,,,,,,,,,,,,,,,,,,,,,,,,,,,,,,,,,,,,,,,,,,,,,,,,,,,,,,,,,,,,,,,,,,,,,,,,,,,,,,,,,,,,,,,,,,,,,,,,,,,,,,,,,,,,,,,,,,,,,,,,,,,,,,,,,,,,,,,,,,,,,,,,,,,,,,,,,,,,,,,,,,,,,,,,,,,,,,,,,,,,,,,,,,,,,,,,,,,,,,,,,,,,,,,,,,,,,,,,,,,,,,,,,,,,,,,,,,,,,,,,,,,,
TLH23,,,,,,,,,,,,,,,,,,,,,,,,,,,,,,,,,,,,,,,,,,,,,,,,,,,,,,,,,,,,,,,,,,,,,,,,Hertfordshire CC,15151,,,,,,,,,,,,,,,,,,,,,,,,,,,,,,,,,,,,,,,,,,,,,,,,,,,,,,,,,,,,,,,,,,,,,,,,,,,,,,,,,,,,,,,,,,,,,,,,,,,,,,,,,,,,,,,,,,,,,,,,,,,,,,,,,,,,,,,,,,,,,,,,,,,,,,,,,,,,,,,,,,,,,,,,,,,,,,,,,,,,,,,,,,,,,,,,,,,,,,,,,,,,,,,,,,,,,,,,,,,,,,,,,,,,,,,,,,,,,,,,,,,,,,,
TLH24,,,,,,,,,,,,,,,,,,,,,,,,,,,,,,,,,,,,,,,,,,,,,,,,,,,,,,,,,,,,,,,,,,,,,,,,Bedford,564,,,,,,,,,,,,,,,,,,,,,,,,,,,,,,,,,,,,,,,,,,,,,,,,,,,,,,,,,,,,,,,,,,,,,,,,,,,,,,,,,,,,,,,,,,,,,,,,,,,,,,,,,,,,,,,,,,,,,,,,,,,,,,,,,,,,,,,,,,,,,,,,,,,,,,,,,,,,,,,,,,,,,,,,,,,,,,,,,,,,,,,,,,,,,,,,,,,,,,,,,,,,,,,,,,,,,,,,,,,,,,,,,,,,,,,,,,,,,,,,,,,,,,,
TLH25,,,,,,,,,,,,,,,,,,,,,,,,,,,,,,,,,,,,,,,,,,,,,,,,,,,,,,,,,,,,,,,,,,,,,,,,Central Bedfordshire,1159,,,,,,,,,,,,,,,,,,,,,,,,,,,,,,,,,,,,,,,,,,,,,,,,,,,,,,,,,,,,,,,,,,,,,,,,,,,,,,,,,,,,,,,,,,,,,,,,,,,,,,,,,,,,,,,,,,,,,,,,,,,,,,,,,,,,,,,,,,,,,,,,,,,,,,,,,,,,,,,,,,,,,,,,,,,,,,,,,,,,,,,,,,,,,,,,,,,,,,,,,,,,,,,,,,,,,,,,,,,,,,,,,,,,,,,,,,,,,,,,,,,,,,,
TLH3,,,,,,,,,,,,,,,,,,,,,,,,,,,,,,,,,,,,,,,,,,,,,,,,,,,,,,,,,,,,,,,,,,,,,,Essex,,,9226,,,Essex,,12519.0,,,,Essex,,9555.0,,,,,,,,,,,,,,,,,,,,,,,,,,,,,,,,,,,,,,,,,,,,,,,,,,,,,,,,,,,,,,,,,,,,,,,,,,,,,,,,,,,,,,,,,,,,,,,,,,,,,,,,,,,,,,,,,,,,,,,,,,,,,,,,,,,,,,,,,,,,,,,,,,,,,,,,,,,,,,,,,,,,,,,,,,,,,,,,,,,,,,,,,,,,,,,,,,,,,,,,,,,,,,,,,,,,,,,,,,,,,,,,,,,,,,,,,,,,
TLH31,,,,,,,,,,,,,,,,,,,,,,,,,,,,,,,,,,,,,,,,,,,,,,,,,,,,,,,,,,,,,,,,,,,,,,,,Southend-on-Sea,217,,,,,,,,,,,,,,,,,,,,,,,,,,,,,,,,,,,,,,,,,,,,,,,,,,,,,,,,,,,,,,,,,,,,,,,,,,,,,,,,,,,,,,,,,,,,,,,,,,,,,,,,,,,,,,,,,,,,,,,,,,,,,,,,,,,,,,,,,,,,,,,,,,,,,,,,,,,,,,,,,,,,,,,,,,,,,,,,,,,,,,,,,,,,,,,,,,,,,,,,,,,,,,,,,,,,,,,,,,,,,,,,,,,,,,,,,,,,,,,,,,,,,,,
TLH32,,,,,,,,,,,,,,,,,,,,,,,,,,,,,,,,,,,,,,,,,,,,,,,,,,,,,,,,,,,,,,,,,,,,,,,,Thurrock,629,,,,,,,,,,,,,,,,,,,,,,,,,,,,,,,,,,,,,,,,,,,,,,,,,,,,,,,,,,,,,,,,,,,,,,,,,,,,,,,,,,,,,,,,,,,,,,,,,,,,,,,,,,,,,,,,,,,,,,,,,,,,,,,,,,,,,,,,,,,,,,,,,,,,,,,,,,,,,,,,,,,,,,,,,,,,,,,,,,,,,,,,,,,,,,,,,,,,,,,,,,,,,,,,,,,,,,,,,,,,,,,,,,,,,,,,,,,,,,,,,,,,,,,
TLH34,,,,,,,,,,,,,,,,,,,,,,,,,,,,,,,,,,,,,,,,,,,,,,,,,,,,,,,,,,,,,,,,,,,,,,,,Essex Haven Gateway,2222,,,,,,,,,,,,,,,,,,,,,,,,,,,,,,,,,,,,,,,,,,,,,,,,,,,,,,,,,,,,,,,,,,,,,,,,,,,,,,,,,,,,,,,,,,,,,,,,,,,,,,,,,,,,,,,,,,,,,,,,,,,,,,,,,,,,,,,,,,,,,,,,,,,,,,,,,,,,,,,,,,,,,,,,,,,,,,,,,,,,,,,,,,,,,,,,,,,,,,,,,,,,,,,,,,,,,,,,,,,,,,,,,,,,,,,,,,,,,,,,,,,,,,,
TLH35,,,,,,,,,,,,,,,,,,,,,,,,,,,,,,,,,,,,,,,,,,,,,,,,,,,,,,,,,,,,,,,,,,,,,,,,West Essex,2091,,,,,,,,,,,,,,,,,,,,,,,,,,,,,,,,,,,,,,,,,,,,,,,,,,,,,,,,,,,,,,,,,,,,,,,,,,,,,,,,,,,,,,,,,,,,,,,,,,,,,,,,,,,,,,,,,,,,,,,,,,,,,,,,,,,,,,,,,,,,,,,,,,,,,,,,,,,,,,,,,,,,,,,,,,,,,,,,,,,,,,,,,,,,,,,,,,,,,,,,,,,,,,,,,,,,,,,,,,,,,,,,,,,,,,,,,,,,,,,,,,,,,,,
TLH36,,,,,,,,,,,,,,,,,,,,,,,,,,,,,,,,,,,,,,,,,,,,,,,,,,,,,,,,,,,,,,,,,,,,,,,,Heart of Essex,1385,,,,,,,,,,,,,,,,,,,,,,,,,,,,,,,,,,,,,,,,,,,,,,,,,,,,,,,,,,,,,,,,,,,,,,,,,,,,,,,,,,,,,,,,,,,,,,,,,,,,,,,,,,,,,,,,,,,,,,,,,,,,,,,,,,,,,,,,,,,,,,,,,,,,,,,,,,,,,,,,,,,,,,,,,,,,,,,,,,,,,,,,,,,,,,,,,,,,,,,,,,,,,,,,,,,,,,,,,,,,,,,,,,,,,,,,,,,,,,,,,,,,,,,
TLH37,,,,,,,,,,,,,,,,,,,,,,,,,,,,,,,,,,,,,,,,,,,,,,,,,,,,,,,,,,,,,,,,,,,,,,,,Essex Thames Gateway,2682,,,,,,,,,,,,,,,,,,,,,,,,,,,,,,,,,,,,,,,,,,,,,,,,,,,,,,,,,,,,,,,,,,,,,,,,,,,,,,,,,,,,,,,,,,,,,,,,,,,,,,,,,,,,,,,,,,,,,,,,,,,,,,,,,,,,,,,,,,,,,,,,,,,,,,,,,,,,,,,,,,,,,,,,,,,,,,,,,,,,,,,,,,,,,,,,,,,,,,,,,,,,,,,,,,,,,,,,,,,,,,,,,,,,,,,,,,,,,,,,,,,,,,,
TLI,London,,,51.08,,,,,,,,,,,,,,,,,,,,,,,,,,,,,,,,,,,,,,,,,,,,,,,,,,,,,,,,,,,,,,,,,London,,,,190048,,London,,,907427.0,,,London,,,805325.0,,,,,,,,,,,,,,,,,,,,,,,,,,,,,,,,,,,,,,,,,,,,,,,,,,,,,,,,,,,,,,,,,,,,,,,,,,,,,,,,,,,,,,,,,,,,,,,,,,,,,,,,,,,,,,,,,,,,,,,,,,,,,,,,,,,,,,,,,,,,,,,,,,,,,,,,,,,,,,,,,,,,,,,,,,,,,,,,,,,,,,,,,,,,,,,,,,,,,,,,,,,,,,,,,,,,,,,,,,,,,,,,,,,,,,,,,,,,
TLI3,,,,,,,,,,,,,,,,,,,,,,,,,,,,,,,,,,,,,,,,,,,,,,,,,,,,,,,,,,,,,,,,,,,,,,Inner London - West,,,119679,,,Inner London - West,,620556.0,,,,Inner London - West,,609764.0,,,,,,,,,,,,,,,,,,,,,,,,,,,,,,,,,,,,,,,,,,,,,,,,,,,,,,,,,,,,,,,,,,,,,,,,,,,,,,,,,,,,,,,,,,,,,,,,,,,,,,,,,,,,,,,,,,,,,,,,,,,,,,,,,,,,,,,,,,,,,,,,,,,,,,,,,,,,,,,,,,,,,,,,,,,,,,,,,,,,,,,,,,,,,,,,,,,,,,,,,,,,,,,,,,,,,,,,,,,,,,,,,,,,,,,,,,,,
TLI31,,,,,,,,,,,,,,,,,,,,,,,,,,,,,,,,,,,,,,,,,,,,,,,,,,,,,,,,,,,,,,,,,,,,,,,,Camden and City of London,55151,,,,,,,,,,,,,,,,,,,,,,,,,,,,,,,,,,,,,,,,,,,,,,,,,,,,,,,,,,,,,,,,,,,,,,,,,,,,,,,,,,,,,,,,,,,,,,,,,,,,,,,,,,,,,,,,,,,,,,,,,,,,,,,,,,,,,,,,,,,,,,,,,,,,,,,,,,,,,,,,,,,,,,,,,,,,,,,,,,,,,,,,,,,,,,,,,,,,,,,,,,,,,,,,,,,,,,,,,,,,,,,,,,,,,,,,,,,,,,,,,,,,,,,
TLI32,,,,,,,,,,,,,,,,,,,,,,,,,,,,,,,,,,,,,,,,,,,,,,,,,,,,,,,,,,,,,,,,,,,,,,,,Westminster,56905,,,,,,,,,,,,,,,,,,,,,,,,,,,,,,,,,,,,,,,,,,,,,,,,,,,,,,,,,,,,,,,,,,,,,,,,,,,,,,,,,,,,,,,,,,,,,,,,,,,,,,,,,,,,,,,,,,,,,,,,,,,,,,,,,,,,,,,,,,,,,,,,,,,,,,,,,,,,,,,,,,,,,,,,,,,,,,,,,,,,,,,,,,,,,,,,,,,,,,,,,,,,,,,,,,,,,,,,,,,,,,,,,,,,,,,,,,,,,,,,,,,,,,,
TLI33,,,,,,,,,,,,,,,,,,,,,,,,,,,,,,,,,,,,,,,,,,,,,,,,,,,,,,,,,,,,,,,,,,,,,,,,Kensington & Chelsea and Hammersmith & Fulham,6435,,,,,,,,,,,,,,,,,,,,,,,,,,,,,,,,,,,,,,,,,,,,,,,,,,,,,,,,,,,,,,,,,,,,,,,,,,,,,,,,,,,,,,,,,,,,,,,,,,,,,,,,,,,,,,,,,,,,,,,,,,,,,,,,,,,,,,,,,,,,,,,,,,,,,,,,,,,,,,,,,,,,,,,,,,,,,,,,,,,,,,,,,,,,,,,,,,,,,,,,,,,,,,,,,,,,,,,,,,,,,,,,,,,,,,,,,,,,,,,,,,,,,,,
TLI34,,,,,,,,,,,,,,,,,,,,,,,,,,,,,,,,,,,,,,,,,,,,,,,,,,,,,,,,,,,,,,,,,,,,,,,,Wandsworth,1188,,,,,,,,,,,,,,,,,,,,,,,,,,,,,,,,,,,,,,,,,,,,,,,,,,,,,,,,,,,,,,,,,,,,,,,,,,,,,,,,,,,,,,,,,,,,,,,,,,,,,,,,,,,,,,,,,,,,,,,,,,,,,,,,,,,,,,,,,,,,,,,,,,,,,,,,,,,,,,,,,,,,,,,,,,,,,,,,,,,,,,,,,,,,,,,,,,,,,,,,,,,,,,,,,,,,,,,,,,,,,,,,,,,,,,,,,,,,,,,,,,,,,,,
TLI4,,,,,,,,,,,,,,,,,,,,,,,,,,,,,,,,,,,,,,,,,,,,,,,,,,,,,,,,,,,,,,,,,,,,,,Inner London - East,,,42584,,,Inner London - East,,185788.0,,,,Inner London - East,,120219.0,,,,,,,,,,,,,,,,,,,,,,,,,,,,,,,,,,,,,,,,,,,,,,,,,,,,,,,,,,,,,,,,,,,,,,,,,,,,,,,,,,,,,,,,,,,,,,,,,,,,,,,,,,,,,,,,,,,,,,,,,,,,,,,,,,,,,,,,,,,,,,,,,,,,,,,,,,,,,,,,,,,,,,,,,,,,,,,,,,,,,,,,,,,,,,,,,,,,,,,,,,,,,,,,,,,,,,,,,,,,,,,,,,,,,,,,,,,,
TLI41,,,,,,,,,,,,,,,,,,,,,,,,,,,,,,,,,,,,,,,,,,,,,,,,,,,,,,,,,,,,,,,,,,,,,,,,Hackney and Newham,4864,,,,,,,,,,,,,,,,,,,,,,,,,,,,,,,,,,,,,,,,,,,,,,,,,,,,,,,,,,,,,,,,,,,,,,,,,,,,,,,,,,,,,,,,,,,,,,,,,,,,,,,,,,,,,,,,,,,,,,,,,,,,,,,,,,,,,,,,,,,,,,,,,,,,,,,,,,,,,,,,,,,,,,,,,,,,,,,,,,,,,,,,,,,,,,,,,,,,,,,,,,,,,,,,,,,,,,,,,,,,,,,,,,,,,,,,,,,,,,,,,,,,,,,
TLI42,,,,,,,,,,,,,,,,,,,,,,,,,,,,,,,,,,,,,,,,,,,,,,,,,,,,,,,,,,,,,,,,,,,,,,,,Tower Hamlets,16980,,,,,,,,,,,,,,,,,,,,,,,,,,,,,,,,,,,,,,,,,,,,,,,,,,,,,,,,,,,,,,,,,,,,,,,,,,,,,,,,,,,,,,,,,,,,,,,,,,,,,,,,,,,,,,,,,,,,,,,,,,,,,,,,,,,,,,,,,,,,,,,,,,,,,,,,,,,,,,,,,,,,,,,,,,,,,,,,,,,,,,,,,,,,,,,,,,,,,,,,,,,,,,,,,,,,,,,,,,,,,,,,,,,,,,,,,,,,,,,,,,,,,,,
TLI43,,,,,,,,,,,,,,,,,,,,,,,,,,,,,,,,,,,,,,,,,,,,,,,,,,,,,,,,,,,,,,,,,,,,,,,,Haringey and Islington,11203,,,,,,,,,,,,,,,,,,,,,,,,,,,,,,,,,,,,,,,,,,,,,,,,,,,,,,,,,,,,,,,,,,,,,,,,,,,,,,,,,,,,,,,,,,,,,,,,,,,,,,,,,,,,,,,,,,,,,,,,,,,,,,,,,,,,,,,,,,,,,,,,,,,,,,,,,,,,,,,,,,,,,,,,,,,,,,,,,,,,,,,,,,,,,,,,,,,,,,,,,,,,,,,,,,,,,,,,,,,,,,,,,,,,,,,,,,,,,,,,,,,,,,,
TLI44,,,,,,,,,,,,,,,,,,,,,,,,,,,,,,,,,,,,,,,,,,,,,,,,,,,,,,,,,,,,,,,,,,,,,,,,Lewisham and Southwark,5182,,,,,,,,,,,,,,,,,,,,,,,,,,,,,,,,,,,,,,,,,,,,,,,,,,,,,,,,,,,,,,,,,,,,,,,,,,,,,,,,,,,,,,,,,,,,,,,,,,,,,,,,,,,,,,,,,,,,,,,,,,,,,,,,,,,,,,,,,,,,,,,,,,,,,,,,,,,,,,,,,,,,,,,,,,,,,,,,,,,,,,,,,,,,,,,,,,,,,,,,,,,,,,,,,,,,,,,,,,,,,,,,,,,,,,,,,,,,,,,,,,,,,,,
TLI45,,,,,,,,,,,,,,,,,,,,,,,,,,,,,,,,,,,,,,,,,,,,,,,,,,,,,,,,,,,,,,,,,,,,,,,,Lambeth,4355,,,,,,,,,,,,,,,,,,,,,,,,,,,,,,,,,,,,,,,,,,,,,,,,,,,,,,,,,,,,,,,,,,,,,,,,,,,,,,,,,,,,,,,,,,,,,,,,,,,,,,,,,,,,,,,,,,,,,,,,,,,,,,,,,,,,,,,,,,,,,,,,,,,,,,,,,,,,,,,,,,,,,,,,,,,,,,,,,,,,,,,,,,,,,,,,,,,,,,,,,,,,,,,,,,,,,,,,,,,,,,,,,,,,,,,,,,,,,,,,,,,,,,,
TLI5,,,,,,,,,,,,,,,,,,,,,,,,,,,,,,,,,,,,,,,,,,,,,,,,,,,,,,,,,,,,,,,,,,,,,,Outer London - East and North East,,,na,,,Outer London - East and North East,,10527.0,,,,Outer London - East and North East,,4579.0,,,,,,,,,,,,,,,,,,,,,,,,,,,,,,,,,,,,,,,,,,,,,,,,,,,,,,,,,,,,,,,,,,,,,,,,,,,,,,,,,,,,,,,,,,,,,,,,,,,,,,,,,,,,,,,,,,,,,,,,,,,,,,,,,,,,,,,,,,,,,,,,,,,,,,,,,,,,,,,,,,,,,,,,,,,,,,,,,,,,,,,,,,,,,,,,,,,,,,,,,,,,,,,,,,,,,,,,,,,,,,,,,,,,,,,,,,,,
TLI51,,,,,,,,,,,,,,,,,,,,,,,,,,,,,,,,,,,,,,,,,,,,,,,,,,,,,,,,,,,,,,,,,,,,,,,,Bexley and Greenwich,725,,,,,,,,,,,,,,,,,,,,,,,,,,,,,,,,,,,,,,,,,,,,,,,,,,,,,,,,,,,,,,,,,,,,,,,,,,,,,,,,,,,,,,,,,,,,,,,,,,,,,,,,,,,,,,,,,,,,,,,,,,,,,,,,,,,,,,,,,,,,,,,,,,,,,,,,,,,,,,,,,,,,,,,,,,,,,,,,,,,,,,,,,,,,,,,,,,,,,,,,,,,,,,,,,,,,,,,,,,,,,,,,,,,,,,,,,,,,,,,,,,,,,,,
TLI52,,,,,,,,,,,,,,,,,,,,,,,,,,,,,,,,,,,,,,,,,,,,,,,,,,,,,,,,,,,,,,,,,,,,,,,,Barking & Dagenham and Havering,1079,,,,,,,,,,,,,,,,,,,,,,,,,,,,,,,,,,,,,,,,,,,,,,,,,,,,,,,,,,,,,,,,,,,,,,,,,,,,,,,,,,,,,,,,,,,,,,,,,,,,,,,,,,,,,,,,,,,,,,,,,,,,,,,,,,,,,,,,,,,,,,,,,,,,,,,,,,,,,,,,,,,,,,,,,,,,,,,,,,,,,,,,,,,,,,,,,,,,,,,,,,,,,,,,,,,,,,,,,,,,,,,,,,,,,,,,,,,,,,,,,,,,,,,
TLI53,,,,,,,,,,,,,,,,,,,,,,,,,,,,,,,,,,,,,,,,,,,,,,,,,,,,,,,,,,,,,,,,,,,,,,,,Redbridge and Waltham Forest,na,,,,,,,,,,,,,,,,,,,,,,,,,,,,,,,,,,,,,,,,,,,,,,,,,,,,,,,,,,,,,,,,,,,,,,,,,,,,,,,,,,,,,,,,,,,,,,,,,,,,,,,,,,,,,,,,,,,,,,,,,,,,,,,,,,,,,,,,,,,,,,,,,,,,,,,,,,,,,,,,,,,,,,,,,,,,,,,,,,,,,,,,,,,,,,,,,,,,,,,,,,,,,,,,,,,,,,,,,,,,,,,,,,,,,,,,,,,,,,,,,,,,,,,
TLI54,,,,,,,,,,,,,,,,,,,,,,,,,,,,,,,,,,,,,,,,,,,,,,,,,,,,,,,,,,,,,,,,,,,,,,,,Enfield,1558,,,,,,,,,,,,,,,,,,,,,,,,,,,,,,,,,,,,,,,,,,,,,,,,,,,,,,,,,,,,,,,,,,,,,,,,,,,,,,,,,,,,,,,,,,,,,,,,,,,,,,,,,,,,,,,,,,,,,,,,,,,,,,,,,,,,,,,,,,,,,,,,,,,,,,,,,,,,,,,,,,,,,,,,,,,,,,,,,,,,,,,,,,,,,,,,,,,,,,,,,,,,,,,,,,,,,,,,,,,,,,,,,,,,,,,,,,,,,,,,,,,,,,,
TLI6,,,,,,,,,,,,,,,,,,,,,,,,,,,,,,,,,,,,,,,,,,,,,,,,,,,,,,,,,,,,,,,,,,,,,,Outer London - South,,,3483,,,Outer London - South,,11876.0,,,,Outer London - South,,13355.0,,,,,,,,,,,,,,,,,,,,,,,,,,,,,,,,,,,,,,,,,,,,,,,,,,,,,,,,,,,,,,,,,,,,,,,,,,,,,,,,,,,,,,,,,,,,,,,,,,,,,,,,,,,,,,,,,,,,,,,,,,,,,,,,,,,,,,,,,,,,,,,,,,,,,,,,,,,,,,,,,,,,,,,,,,,,,,,,,,,,,,,,,,,,,,,,,,,,,,,,,,,,,,,,,,,,,,,,,,,,,,,,,,,,,,,,,,,,
TLI61,,,,,,,,,,,,,,,,,,,,,,,,,,,,,,,,,,,,,,,,,,,,,,,,,,,,,,,,,,,,,,,,,,,,,,,,Bromley,575,,,,,,,,,,,,,,,,,,,,,,,,,,,,,,,,,,,,,,,,,,,,,,,,,,,,,,,,,,,,,,,,,,,,,,,,,,,,,,,,,,,,,,,,,,,,,,,,,,,,,,,,,,,,,,,,,,,,,,,,,,,,,,,,,,,,,,,,,,,,,,,,,,,,,,,,,,,,,,,,,,,,,,,,,,,,,,,,,,,,,,,,,,,,,,,,,,,,,,,,,,,,,,,,,,,,,,,,,,,,,,,,,,,,,,,,,,,,,,,,,,,,,,,
TLI62,,,,,,,,,,,,,,,,,,,,,,,,,,,,,,,,,,,,,,,,,,,,,,,,,,,,,,,,,,,,,,,,,,,,,,,,Croydon,924,,,,,,,,,,,,,,,,,,,,,,,,,,,,,,,,,,,,,,,,,,,,,,,,,,,,,,,,,,,,,,,,,,,,,,,,,,,,,,,,,,,,,,,,,,,,,,,,,,,,,,,,,,,,,,,,,,,,,,,,,,,,,,,,,,,,,,,,,,,,,,,,,,,,,,,,,,,,,,,,,,,,,,,,,,,,,,,,,,,,,,,,,,,,,,,,,,,,,,,,,,,,,,,,,,,,,,,,,,,,,,,,,,,,,,,,,,,,,,,,,,,,,,,
TLI63,,,,,,,,,,,,,,,,,,,,,,,,,,,,,,,,,,,,,,,,,,,,,,,,,,,,,,,,,,,,,,,,,,,,,,,,"Merton, Kingston upon Thames and Sutton",1984,,,,,,,,,,,,,,,,,,,,,,,,,,,,,,,,,,,,,,,,,,,,,,,,,,,,,,,,,,,,,,,,,,,,,,,,,,,,,,,,,,,,,,,,,,,,,,,,,,,,,,,,,,,,,,,,,,,,,,,,,,,,,,,,,,,,,,,,,,,,,,,,,,,,,,,,,,,,,,,,,,,,,,,,,,,,,,,,,,,,,,,,,,,,,,,,,,,,,,,,,,,,,,,,,,,,,,,,,,,,,,,,,,,,,,,,,,,,,,,,,,,,,,,
TLI7,,,,,,,,,,,,,,,,,,,,,,,,,,,,,,,,,,,,,,,,,,,,,,,,,,,,,,,,,,,,,,,,,,,,,,Outer London - West and North West,,,na,,,Outer London - West and North West,,78680.0,,,,Outer London - West and North West,,57409.0,,,,,,,,,,,,,,,,,,,,,,,,,,,,,,,,,,,,,,,,,,,,,,,,,,,,,,,,,,,,,,,,,,,,,,,,,,,,,,,,,,,,,,,,,,,,,,,,,,,,,,,,,,,,,,,,,,,,,,,,,,,,,,,,,,,,,,,,,,,,,,,,,,,,,,,,,,,,,,,,,,,,,,,,,,,,,,,,,,,,,,,,,,,,,,,,,,,,,,,,,,,,,,,,,,,,,,,,,,,,,,,,,,,,,,,,,,,,
TLI71,,,,,,,,,,,,,,,,,,,,,,,,,,,,,,,,,,,,,,,,,,,,,,,,,,,,,,,,,,,,,,,,,,,,,,,,Barnet,762,,,,,,,,,,,,,,,,,,,,,,,,,,,,,,,,,,,,,,,,,,,,,,,,,,,,,,,,,,,,,,,,,,,,,,,,,,,,,,,,,,,,,,,,,,,,,,,,,,,,,,,,,,,,,,,,,,,,,,,,,,,,,,,,,,,,,,,,,,,,,,,,,,,,,,,,,,,,,,,,,,,,,,,,,,,,,,,,,,,,,,,,,,,,,,,,,,,,,,,,,,,,,,,,,,,,,,,,,,,,,,,,,,,,,,,,,,,,,,,,,,,,,,,
TLI72,,,,,,,,,,,,,,,,,,,,,,,,,,,,,,,,,,,,,,,,,,,,,,,,,,,,,,,,,,,,,,,,,,,,,,,,Brent,1820,,,,,,,,,,,,,,,,,,,,,,,,,,,,,,,,,,,,,,,,,,,,,,,,,,,,,,,,,,,,,,,,,,,,,,,,,,,,,,,,,,,,,,,,,,,,,,,,,,,,,,,,,,,,,,,,,,,,,,,,,,,,,,,,,,,,,,,,,,,,,,,,,,,,,,,,,,,,,,,,,,,,,,,,,,,,,,,,,,,,,,,,,,,,,,,,,,,,,,,,,,,,,,,,,,,,,,,,,,,,,,,,,,,,,,,,,,,,,,,,,,,,,,,
TLI73,,,,,,,,,,,,,,,,,,,,,,,,,,,,,,,,,,,,,,,,,,,,,,,,,,,,,,,,,,,,,,,,,,,,,,,,Ealing,na,,,,,,,,,,,,,,,,,,,,,,,,,,,,,,,,,,,,,,,,,,,,,,,,,,,,,,,,,,,,,,,,,,,,,,,,,,,,,,,,,,,,,,,,,,,,,,,,,,,,,,,,,,,,,,,,,,,,,,,,,,,,,,,,,,,,,,,,,,,,,,,,,,,,,,,,,,,,,,,,,,,,,,,,,,,,,,,,,,,,,,,,,,,,,,,,,,,,,,,,,,,,,,,,,,,,,,,,,,,,,,,,,,,,,,,,,,,,,,,,,,,,,,,
TLI74,,,,,,,,,,,,,,,,,,,,,,,,,,,,,,,,,,,,,,,,,,,,,,,,,,,,,,,,,,,,,,,,,,,,,,,,Harrow and Hillingdon,4651,,,,,,,,,,,,,,,,,,,,,,,,,,,,,,,,,,,,,,,,,,,,,,,,,,,,,,,,,,,,,,,,,,,,,,,,,,,,,,,,,,,,,,,,,,,,,,,,,,,,,,,,,,,,,,,,,,,,,,,,,,,,,,,,,,,,,,,,,,,,,,,,,,,,,,,,,,,,,,,,,,,,,,,,,,,,,,,,,,,,,,,,,,,,,,,,,,,,,,,,,,,,,,,,,,,,,,,,,,,,,,,,,,,,,,,,,,,,,,,,,,,,,,,
TLI75,,,,,,,,,,,,,,,,,,,,,,,,,,,,,,,,,,,,,,,,,,,,,,,,,,,,,,,,,,,,,,,,,,,,,,,,Hounslow and Richmond upon Thames,10200,,,,,,,,,,,,,,,,,,,,,,,,,,,,,,,,,,,,,,,,,,,,,,,,,,,,,,,,,,,,,,,,,,,,,,,,,,,,,,,,,,,,,,,,,,,,,,,,,,,,,,,,,,,,,,,,,,,,,,,,,,,,,,,,,,,,,,,,,,,,,,,,,,,,,,,,,,,,,,,,,,,,,,,,,,,,,,,,,,,,,,,,,,,,,,,,,,,,,,,,,,,,,,,,,,,,,,,,,,,,,,,,,,,,,,,,,,,,,,,,,,,,,,,
TLJ,South East (England),,,42.23,,,,,,,,,,,,,,,,,,,,,,,,,,,,,,,,,,,,,,,,,,,,,,,,,,,,,,,,,,,,,,,,,South East (England),,,,87620,,South East (England),,,340538.0,,,South East (England),,,348021.0,,,,,,,,,,,,,,,,,,,,,,,,,,,,,,,,,,,,,,,,,,,,,,,,,,,,,,,,,,,,,,,,,,,,,,,,,,,,,,,,,,,,,,,,,,,,,,,,,,,,,,,,,,,,,,,,,,,,,,,,,,,,,,,,,,,,,,,,,,,,,,,,,,,,,,,,,,,,,,,,,,,,,,,,,,,,,,,,,,,,,,,,,,,,,,,,,,,,,,,,,,,,,,,,,,,,,,,,,,,,,,,,,,,,,,,,,,,,
TLJ1,,,,,,,,,,,,,,,,,,,,,,,,,,,,,,,,,,,,,,,,,,,,,,,,,,,,,,,,,,,,,,,,,,,,,,"Berkshire, Buckinghamshire and Oxfordshire",,,34196,,,"Berkshire, Buckinghamshire and Oxfordshire",,198684.0,,,,"Berkshire, Buckinghamshire and Oxfordshire",,120309.0,,,,,,,,,,,,,,,,,,,,,,,,,,,,,,,,,,,,,,,,,,,,,,,,,,,,,,,,,,,,,,,,,,,,,,,,,,,,,,,,,,,,,,,,,,,,,,,,,,,,,,,,,,,,,,,,,,,,,,,,,,,,,,,,,,,,,,,,,,,,,,,,,,,,,,,,,,,,,,,,,,,,,,,,,,,,,,,,,,,,,,,,,,,,,,,,,,,,,,,,,,,,,,,,,,,,,,,,,,,,,,,,,,,,,,,,,,,,
TLJ11,,,,,,,,,,,,,,,,,,,,,,,,,,,,,,,,,,,,,,,,,,,,,,,,,,,,,,,,,,,,,,,,,,,,,,,,Berkshire,15419,,,,,,,,,,,,,,,,,,,,,,,,,,,,,,,,,,,,,,,,,,,,,,,,,,,,,,,,,,,,,,,,,,,,,,,,,,,,,,,,,,,,,,,,,,,,,,,,,,,,,,,,,,,,,,,,,,,,,,,,,,,,,,,,,,,,,,,,,,,,,,,,,,,,,,,,,,,,,,,,,,,,,,,,,,,,,,,,,,,,,,,,,,,,,,,,,,,,,,,,,,,,,,,,,,,,,,,,,,,,,,,,,,,,,,,,,,,,,,,,,,,,,,,
TLJ12,,,,,,,,,,,,,,,,,,,,,,,,,,,,,,,,,,,,,,,,,,,,,,,,,,,,,,,,,,,,,,,,,,,,,,,,Milton Keynes,3567,,,,,,,,,,,,,,,,,,,,,,,,,,,,,,,,,,,,,,,,,,,,,,,,,,,,,,,,,,,,,,,,,,,,,,,,,,,,,,,,,,,,,,,,,,,,,,,,,,,,,,,,,,,,,,,,,,,,,,,,,,,,,,,,,,,,,,,,,,,,,,,,,,,,,,,,,,,,,,,,,,,,,,,,,,,,,,,,,,,,,,,,,,,,,,,,,,,,,,,,,,,,,,,,,,,,,,,,,,,,,,,,,,,,,,,,,,,,,,,,,,,,,,,
TLJ13,,,,,,,,,,,,,,,,,,,,,,,,,,,,,,,,,,,,,,,,,,,,,,,,,,,,,,,,,,,,,,,,,,,,,,,,Buckinghamshire,6853,,,,,,,,,,,,,,,,,,,,,,,,,,,,,,,,,,,,,,,,,,,,,,,,,,,,,,,,,,,,,,,,,,,,,,,,,,,,,,,,,,,,,,,,,,,,,,,,,,,,,,,,,,,,,,,,,,,,,,,,,,,,,,,,,,,,,,,,,,,,,,,,,,,,,,,,,,,,,,,,,,,,,,,,,,,,,,,,,,,,,,,,,,,,,,,,,,,,,,,,,,,,,,,,,,,,,,,,,,,,,,,,,,,,,,,,,,,,,,,,,,,,,,,
TLJ14,,,,,,,,,,,,,,,,,,,,,,,,,,,,,,,,,,,,,,,,,,,,,,,,,,,,,,,,,,,,,,,,,,,,,,,,Oxfordshire CC,8356,,,,,,,,,,,,,,,,,,,,,,,,,,,,,,,,,,,,,,,,,,,,,,,,,,,,,,,,,,,,,,,,,,,,,,,,,,,,,,,,,,,,,,,,,,,,,,,,,,,,,,,,,,,,,,,,,,,,,,,,,,,,,,,,,,,,,,,,,,,,,,,,,,,,,,,,,,,,,,,,,,,,,,,,,,,,,,,,,,,,,,,,,,,,,,,,,,,,,,,,,,,,,,,,,,,,,,,,,,,,,,,,,,,,,,,,,,,,,,,,,,,,,,,
TLJ2,,,,,,,,,,,,,,,,,,,,,,,,,,,,,,,,,,,,,,,,,,,,,,,,,,,,,,,,,,,,,,,,,,,,,,"Surrey, East and West Sussex",,,26402,,,"Surrey, East and West Sussex",,58935.0,,,,"Surrey, East and West Sussex",,130242.0,,,,,,,,,,,,,,,,,,,,,,,,,,,,,,,,,,,,,,,,,,,,,,,,,,,,,,,,,,,,,,,,,,,,,,,,,,,,,,,,,,,,,,,,,,,,,,,,,,,,,,,,,,,,,,,,,,,,,,,,,,,,,,,,,,,,,,,,,,,,,,,,,,,,,,,,,,,,,,,,,,,,,,,,,,,,,,,,,,,,,,,,,,,,,,,,,,,,,,,,,,,,,,,,,,,,,,,,,,,,,,,,,,,,,,,,,,,,
TLJ21,,,,,,,,,,,,,,,,,,,,,,,,,,,,,,,,,,,,,,,,,,,,,,,,,,,,,,,,,,,,,,,,,,,,,,,,Brighton and Hove,2293,,,,,,,,,,,,,,,,,,,,,,,,,,,,,,,,,,,,,,,,,,,,,,,,,,,,,,,,,,,,,,,,,,,,,,,,,,,,,,,,,,,,,,,,,,,,,,,,,,,,,,,,,,,,,,,,,,,,,,,,,,,,,,,,,,,,,,,,,,,,,,,,,,,,,,,,,,,,,,,,,,,,,,,,,,,,,,,,,,,,,,,,,,,,,,,,,,,,,,,,,,,,,,,,,,,,,,,,,,,,,,,,,,,,,,,,,,,,,,,,,,,,,,,
TLJ22,,,,,,,,,,,,,,,,,,,,,,,,,,,,,,,,,,,,,,,,,,,,,,,,,,,,,,,,,,,,,,,,,,,,,,,,East Sussex CC,921,,,,,,,,,,,,,,,,,,,,,,,,,,,,,,,,,,,,,,,,,,,,,,,,,,,,,,,,,,,,,,,,,,,,,,,,,,,,,,,,,,,,,,,,,,,,,,,,,,,,,,,,,,,,,,,,,,,,,,,,,,,,,,,,,,,,,,,,,,,,,,,,,,,,,,,,,,,,,,,,,,,,,,,,,,,,,,,,,,,,,,,,,,,,,,,,,,,,,,,,,,,,,,,,,,,,,,,,,,,,,,,,,,,,,,,,,,,,,,,,,,,,,,,
TLJ25,,,,,,,,,,,,,,,,,,,,,,,,,,,,,,,,,,,,,,,,,,,,,,,,,,,,,,,,,,,,,,,,,,,,,,,,West Surrey,10272,,,,,,,,,,,,,,,,,,,,,,,,,,,,,,,,,,,,,,,,,,,,,,,,,,,,,,,,,,,,,,,,,,,,,,,,,,,,,,,,,,,,,,,,,,,,,,,,,,,,,,,,,,,,,,,,,,,,,,,,,,,,,,,,,,,,,,,,,,,,,,,,,,,,,,,,,,,,,,,,,,,,,,,,,,,,,,,,,,,,,,,,,,,,,,,,,,,,,,,,,,,,,,,,,,,,,,,,,,,,,,,,,,,,,,,,,,,,,,,,,,,,,,,
TLJ26,,,,,,,,,,,,,,,,,,,,,,,,,,,,,,,,,,,,,,,,,,,,,,,,,,,,,,,,,,,,,,,,,,,,,,,,East Surrey,5475,,,,,,,,,,,,,,,,,,,,,,,,,,,,,,,,,,,,,,,,,,,,,,,,,,,,,,,,,,,,,,,,,,,,,,,,,,,,,,,,,,,,,,,,,,,,,,,,,,,,,,,,,,,,,,,,,,,,,,,,,,,,,,,,,,,,,,,,,,,,,,,,,,,,,,,,,,,,,,,,,,,,,,,,,,,,,,,,,,,,,,,,,,,,,,,,,,,,,,,,,,,,,,,,,,,,,,,,,,,,,,,,,,,,,,,,,,,,,,,,,,,,,,,
TLJ27,,,,,,,,,,,,,,,,,,,,,,,,,,,,,,,,,,,,,,,,,,,,,,,,,,,,,,,,,,,,,,,,,,,,,,,,West Sussex (South West),2023,,,,,,,,,,,,,,,,,,,,,,,,,,,,,,,,,,,,,,,,,,,,,,,,,,,,,,,,,,,,,,,,,,,,,,,,,,,,,,,,,,,,,,,,,,,,,,,,,,,,,,,,,,,,,,,,,,,,,,,,,,,,,,,,,,,,,,,,,,,,,,,,,,,,,,,,,,,,,,,,,,,,,,,,,,,,,,,,,,,,,,,,,,,,,,,,,,,,,,,,,,,,,,,,,,,,,,,,,,,,,,,,,,,,,,,,,,,,,,,,,,,,,,,
TLJ28,,,,,,,,,,,,,,,,,,,,,,,,,,,,,,,,,,,,,,,,,,,,,,,,,,,,,,,,,,,,,,,,,,,,,,,,West Sussex (North East),5419,,,,,,,,,,,,,,,,,,,,,,,,,,,,,,,,,,,,,,,,,,,,,,,,,,,,,,,,,,,,,,,,,,,,,,,,,,,,,,,,,,,,,,,,,,,,,,,,,,,,,,,,,,,,,,,,,,,,,,,,,,,,,,,,,,,,,,,,,,,,,,,,,,,,,,,,,,,,,,,,,,,,,,,,,,,,,,,,,,,,,,,,,,,,,,,,,,,,,,,,,,,,,,,,,,,,,,,,,,,,,,,,,,,,,,,,,,,,,,,,,,,,,,,
TLJ3,,,,,,,,,,,,,,,,,,,,,,,,,,,,,,,,,,,,,,,,,,,,,,,,,,,,,,,,,,,,,,,,,,,,,,Hampshire and Isle of Wight,,,20185,,,Hampshire and Isle of Wight,,50920.0,,,,Hampshire and Isle of Wight,,84226.0,,,,,,,,,,,,,,,,,,,,,,,,,,,,,,,,,,,,,,,,,,,,,,,,,,,,,,,,,,,,,,,,,,,,,,,,,,,,,,,,,,,,,,,,,,,,,,,,,,,,,,,,,,,,,,,,,,,,,,,,,,,,,,,,,,,,,,,,,,,,,,,,,,,,,,,,,,,,,,,,,,,,,,,,,,,,,,,,,,,,,,,,,,,,,,,,,,,,,,,,,,,,,,,,,,,,,,,,,,,,,,,,,,,,,,,,,,,,
TLJ31,,,,,,,,,,,,,,,,,,,,,,,,,,,,,,,,,,,,,,,,,,,,,,,,,,,,,,,,,,,,,,,,,,,,,,,,Portsmouth,1285,,,,,,,,,,,,,,,,,,,,,,,,,,,,,,,,,,,,,,,,,,,,,,,,,,,,,,,,,,,,,,,,,,,,,,,,,,,,,,,,,,,,,,,,,,,,,,,,,,,,,,,,,,,,,,,,,,,,,,,,,,,,,,,,,,,,,,,,,,,,,,,,,,,,,,,,,,,,,,,,,,,,,,,,,,,,,,,,,,,,,,,,,,,,,,,,,,,,,,,,,,,,,,,,,,,,,,,,,,,,,,,,,,,,,,,,,,,,,,,,,,,,,,,
TLJ32,,,,,,,,,,,,,,,,,,,,,,,,,,,,,,,,,,,,,,,,,,,,,,,,,,,,,,,,,,,,,,,,,,,,,,,,Southampton,na,,,,,,,,,,,,,,,,,,,,,,,,,,,,,,,,,,,,,,,,,,,,,,,,,,,,,,,,,,,,,,,,,,,,,,,,,,,,,,,,,,,,,,,,,,,,,,,,,,,,,,,,,,,,,,,,,,,,,,,,,,,,,,,,,,,,,,,,,,,,,,,,,,,,,,,,,,,,,,,,,,,,,,,,,,,,,,,,,,,,,,,,,,,,,,,,,,,,,,,,,,,,,,,,,,,,,,,,,,,,,,,,,,,,,,,,,,,,,,,,,,,,,,,
TLJ34,,,,,,,,,,,,,,,,,,,,,,,,,,,,,,,,,,,,,,,,,,,,,,,,,,,,,,,,,,,,,,,,,,,,,,,,Isle of Wight,na,,,,,,,,,,,,,,,,,,,,,,,,,,,,,,,,,,,,,,,,,,,,,,,,,,,,,,,,,,,,,,,,,,,,,,,,,,,,,,,,,,,,,,,,,,,,,,,,,,,,,,,,,,,,,,,,,,,,,,,,,,,,,,,,,,,,,,,,,,,,,,,,,,,,,,,,,,,,,,,,,,,,,,,,,,,,,,,,,,,,,,,,,,,,,,,,,,,,,,,,,,,,,,,,,,,,,,,,,,,,,,,,,,,,,,,,,,,,,,,,,,,,,,,
TLJ35,,,,,,,,,,,,,,,,,,,,,,,,,,,,,,,,,,,,,,,,,,,,,,,,,,,,,,,,,,,,,,,,,,,,,,,,South Hampshire,3069,,,,,,,,,,,,,,,,,,,,,,,,,,,,,,,,,,,,,,,,,,,,,,,,,,,,,,,,,,,,,,,,,,,,,,,,,,,,,,,,,,,,,,,,,,,,,,,,,,,,,,,,,,,,,,,,,,,,,,,,,,,,,,,,,,,,,,,,,,,,,,,,,,,,,,,,,,,,,,,,,,,,,,,,,,,,,,,,,,,,,,,,,,,,,,,,,,,,,,,,,,,,,,,,,,,,,,,,,,,,,,,,,,,,,,,,,,,,,,,,,,,,,,,
TLJ36,,,,,,,,,,,,,,,,,,,,,,,,,,,,,,,,,,,,,,,,,,,,,,,,,,,,,,,,,,,,,,,,,,,,,,,,Central Hampshire,4882,,,,,,,,,,,,,,,,,,,,,,,,,,,,,,,,,,,,,,,,,,,,,,,,,,,,,,,,,,,,,,,,,,,,,,,,,,,,,,,,,,,,,,,,,,,,,,,,,,,,,,,,,,,,,,,,,,,,,,,,,,,,,,,,,,,,,,,,,,,,,,,,,,,,,,,,,,,,,,,,,,,,,,,,,,,,,,,,,,,,,,,,,,,,,,,,,,,,,,,,,,,,,,,,,,,,,,,,,,,,,,,,,,,,,,,,,,,,,,,,,,,,,,,
TLJ37,,,,,,,,,,,,,,,,,,,,,,,,,,,,,,,,,,,,,,,,,,,,,,,,,,,,,,,,,,,,,,,,,,,,,,,,North Hampshire,8604,,,,,,,,,,,,,,,,,,,,,,,,,,,,,,,,,,,,,,,,,,,,,,,,,,,,,,,,,,,,,,,,,,,,,,,,,,,,,,,,,,,,,,,,,,,,,,,,,,,,,,,,,,,,,,,,,,,,,,,,,,,,,,,,,,,,,,,,,,,,,,,,,,,,,,,,,,,,,,,,,,,,,,,,,,,,,,,,,,,,,,,,,,,,,,,,,,,,,,,,,,,,,,,,,,,,,,,,,,,,,,,,,,,,,,,,,,,,,,,,,,,,,,,
TLJ4,,,,,,,,,,,,,,,,,,,,,,,,,,,,,,,,,,,,,,,,,,,,,,,,,,,,,,,,,,,,,,,,,,,,,,Kent,,,6837,,,Kent,,32000.0,,,,Kent,,13245.0,,,,,,,,,,,,,,,,,,,,,,,,,,,,,,,,,,,,,,,,,,,,,,,,,,,,,,,,,,,,,,,,,,,,,,,,,,,,,,,,,,,,,,,,,,,,,,,,,,,,,,,,,,,,,,,,,,,,,,,,,,,,,,,,,,,,,,,,,,,,,,,,,,,,,,,,,,,,,,,,,,,,,,,,,,,,,,,,,,,,,,,,,,,,,,,,,,,,,,,,,,,,,,,,,,,,,,,,,,,,,,,,,,,,,,,,,,,,
TLJ41,,,,,,,,,,,,,,,,,,,,,,,,,,,,,,,,,,,,,,,,,,,,,,,,,,,,,,,,,,,,,,,,,,,,,,,,Medway,na,,,,,,,,,,,,,,,,,,,,,,,,,,,,,,,,,,,,,,,,,,,,,,,,,,,,,,,,,,,,,,,,,,,,,,,,,,,,,,,,,,,,,,,,,,,,,,,,,,,,,,,,,,,,,,,,,,,,,,,,,,,,,,,,,,,,,,,,,,,,,,,,,,,,,,,,,,,,,,,,,,,,,,,,,,,,,,,,,,,,,,,,,,,,,,,,,,,,,,,,,,,,,,,,,,,,,,,,,,,,,,,,,,,,,,,,,,,,,,,,,,,,,,,
TLJ43,,,,,,,,,,,,,,,,,,,,,,,,,,,,,,,,,,,,,,,,,,,,,,,,,,,,,,,,,,,,,,,,,,,,,,,,Kent Thames Gateway,1880,,,,,,,,,,,,,,,,,,,,,,,,,,,,,,,,,,,,,,,,,,,,,,,,,,,,,,,,,,,,,,,,,,,,,,,,,,,,,,,,,,,,,,,,,,,,,,,,,,,,,,,,,,,,,,,,,,,,,,,,,,,,,,,,,,,,,,,,,,,,,,,,,,,,,,,,,,,,,,,,,,,,,,,,,,,,,,,,,,,,,,,,,,,,,,,,,,,,,,,,,,,,,,,,,,,,,,,,,,,,,,,,,,,,,,,,,,,,,,,,,,,,,,,
TLJ44,,,,,,,,,,,,,,,,,,,,,,,,,,,,,,,,,,,,,,,,,,,,,,,,,,,,,,,,,,,,,,,,,,,,,,,,East Kent,1438,,,,,,,,,,,,,,,,,,,,,,,,,,,,,,,,,,,,,,,,,,,,,,,,,,,,,,,,,,,,,,,,,,,,,,,,,,,,,,,,,,,,,,,,,,,,,,,,,,,,,,,,,,,,,,,,,,,,,,,,,,,,,,,,,,,,,,,,,,,,,,,,,,,,,,,,,,,,,,,,,,,,,,,,,,,,,,,,,,,,,,,,,,,,,,,,,,,,,,,,,,,,,,,,,,,,,,,,,,,,,,,,,,,,,,,,,,,,,,,,,,,,,,,
TLJ45,,,,,,,,,,,,,,,,,,,,,,,,,,,,,,,,,,,,,,,,,,,,,,,,,,,,,,,,,,,,,,,,,,,,,,,,Mid Kent,968,,,,,,,,,,,,,,,,,,,,,,,,,,,,,,,,,,,,,,,,,,,,,,,,,,,,,,,,,,,,,,,,,,,,,,,,,,,,,,,,,,,,,,,,,,,,,,,,,,,,,,,,,,,,,,,,,,,,,,,,,,,,,,,,,,,,,,,,,,,,,,,,,,,,,,,,,,,,,,,,,,,,,,,,,,,,,,,,,,,,,,,,,,,,,,,,,,,,,,,,,,,,,,,,,,,,,,,,,,,,,,,,,,,,,,,,,,,,,,,,,,,,,,,
TLJ46,,,,,,,,,,,,,,,,,,,,,,,,,,,,,,,,,,,,,,,,,,,,,,,,,,,,,,,,,,,,,,,,,,,,,,,,West Kent,na,,,,,,,,,,,,,,,,,,,,,,,,,,,,,,,,,,,,,,,,,,,,,,,,,,,,,,,,,,,,,,,,,,,,,,,,,,,,,,,,,,,,,,,,,,,,,,,,,,,,,,,,,,,,,,,,,,,,,,,,,,,,,,,,,,,,,,,,,,,,,,,,,,,,,,,,,,,,,,,,,,,,,,,,,,,,,,,,,,,,,,,,,,,,,,,,,,,,,,,,,,,,,,,,,,,,,,,,,,,,,,,,,,,,,,,,,,,,,,,,,,,,,,,
TLK,South West (England),,,34.48,,,,,,,,,,,,,,,,,,,,,,,,,,,,,,,,,,,,,,,,,,,,,,,,,,,,,,,,,,,,,,,,,South West (England),,,,34900,,South West (England),,,83533.0,,,South West (England),,,68092.0,,,,,,,,,,,,,,,,,,,,,,,,,,,,,,,,,,,,,,,,,,,,,,,,,,,,,,,,,,,,,,,,,,,,,,,,,,,,,,,,,,,,,,,,,,,,,,,,,,,,,,,,,,,,,,,,,,,,,,,,,,,,,,,,,,,,,,,,,,,,,,,,,,,,,,,,,,,,,,,,,,,,,,,,,,,,,,,,,,,,,,,,,,,,,,,,,,,,,,,,,,,,,,,,,,,,,,,,,,,,,,,,,,,,,,,,,,,,
TLK1,,,,,,,,,,,,,,,,,,,,,,,,,,,,,,,,,,,,,,,,,,,,,,,,,,,,,,,,,,,,,,,,,,,,,,"Gloucestershire, Wiltshire and Bath/Bristol area",,,23331,,,"Gloucestershire, Wiltshire and Bath/Bristol area",,71801.0,,,,"Gloucestershire, Wiltshire and Bath/Bristol area",,55436.0,,,,,,,,,,,,,,,,,,,,,,,,,,,,,,,,,,,,,,,,,,,,,,,,,,,,,,,,,,,,,,,,,,,,,,,,,,,,,,,,,,,,,,,,,,,,,,,,,,,,,,,,,,,,,,,,,,,,,,,,,,,,,,,,,,,,,,,,,,,,,,,,,,,,,,,,,,,,,,,,,,,,,,,,,,,,,,,,,,,,,,,,,,,,,,,,,,,,,,,,,,,,,,,,,,,,,,,,,,,,,,,,,,,,,,,,,,,,
TLK11,,,,,,,,,,,,,,,,,,,,,,,,,,,,,,,,,,,,,,,,,,,,,,,,,,,,,,,,,,,,,,,,,,,,,,,,"Bristol, City of",3032,,,,,,,,,,,,,,,,,,,,,,,,,,,,,,,,,,,,,,,,,,,,,,,,,,,,,,,,,,,,,,,,,,,,,,,,,,,,,,,,,,,,,,,,,,,,,,,,,,,,,,,,,,,,,,,,,,,,,,,,,,,,,,,,,,,,,,,,,,,,,,,,,,,,,,,,,,,,,,,,,,,,,,,,,,,,,,,,,,,,,,,,,,,,,,,,,,,,,,,,,,,,,,,,,,,,,,,,,,,,,,,,,,,,,,,,,,,,,,,,,,,,,,,
TLK12,,,,,,,,,,,,,,,,,,,,,,,,,,,,,,,,,,,,,,,,,,,,,,,,,,,,,,,,,,,,,,,,,,,,,,,,"Bath and North East Somerset, North Somerset and South Gloucestershire",5163,,,,,,,,,,,,,,,,,,,,,,,,,,,,,,,,,,,,,,,,,,,,,,,,,,,,,,,,,,,,,,,,,,,,,,,,,,,,,,,,,,,,,,,,,,,,,,,,,,,,,,,,,,,,,,,,,,,,,,,,,,,,,,,,,,,,,,,,,,,,,,,,,,,,,,,,,,,,,,,,,,,,,,,,,,,,,,,,,,,,,,,,,,,,,,,,,,,,,,,,,,,,,,,,,,,,,,,,,,,,,,,,,,,,,,,,,,,,,,,,,,,,,,,
TLK13,,,,,,,,,,,,,,,,,,,,,,,,,,,,,,,,,,,,,,,,,,,,,,,,,,,,,,,,,,,,,,,,,,,,,,,,Gloucestershire CC,10549,,,,,,,,,,,,,,,,,,,,,,,,,,,,,,,,,,,,,,,,,,,,,,,,,,,,,,,,,,,,,,,,,,,,,,,,,,,,,,,,,,,,,,,,,,,,,,,,,,,,,,,,,,,,,,,,,,,,,,,,,,,,,,,,,,,,,,,,,,,,,,,,,,,,,,,,,,,,,,,,,,,,,,,,,,,,,,,,,,,,,,,,,,,,,,,,,,,,,,,,,,,,,,,,,,,,,,,,,,,,,,,,,,,,,,,,,,,,,,,,,,,,,,,
TLK14,,,,,,,,,,,,,,,,,,,,,,,,,,,,,,,,,,,,,,,,,,,,,,,,,,,,,,,,,,,,,,,,,,,,,,,,Swindon,2781,,,,,,,,,,,,,,,,,,,,,,,,,,,,,,,,,,,,,,,,,,,,,,,,,,,,,,,,,,,,,,,,,,,,,,,,,,,,,,,,,,,,,,,,,,,,,,,,,,,,,,,,,,,,,,,,,,,,,,,,,,,,,,,,,,,,,,,,,,,,,,,,,,,,,,,,,,,,,,,,,,,,,,,,,,,,,,,,,,,,,,,,,,,,,,,,,,,,,,,,,,,,,,,,,,,,,,,,,,,,,,,,,,,,,,,,,,,,,,,,,,,,,,,
TLK15,,,,,,,,,,,,,,,,,,,,,,,,,,,,,,,,,,,,,,,,,,,,,,,,,,,,,,,,,,,,,,,,,,,,,,,,Wiltshire,1806,,,,,,,,,,,,,,,,,,,,,,,,,,,,,,,,,,,,,,,,,,,,,,,,,,,,,,,,,,,,,,,,,,,,,,,,,,,,,,,,,,,,,,,,,,,,,,,,,,,,,,,,,,,,,,,,,,,,,,,,,,,,,,,,,,,,,,,,,,,,,,,,,,,,,,,,,,,,,,,,,,,,,,,,,,,,,,,,,,,,,,,,,,,,,,,,,,,,,,,,,,,,,,,,,,,,,,,,,,,,,,,,,,,,,,,,,,,,,,,,,,,,,,,
TLK2,,,,,,,,,,,,,,,,,,,,,,,,,,,,,,,,,,,,,,,,,,,,,,,,,,,,,,,,,,,,,,,,,,,,,,Dorset and Somerset,,,6626,,,Dorset and Somerset,,7481.0,,,,Dorset and Somerset,,8649.0,,,,,,,,,,,,,,,,,,,,,,,,,,,,,,,,,,,,,,,,,,,,,,,,,,,,,,,,,,,,,,,,,,,,,,,,,,,,,,,,,,,,,,,,,,,,,,,,,,,,,,,,,,,,,,,,,,,,,,,,,,,,,,,,,,,,,,,,,,,,,,,,,,,,,,,,,,,,,,,,,,,,,,,,,,,,,,,,,,,,,,,,,,,,,,,,,,,,,,,,,,,,,,,,,,,,,,,,,,,,,,,,,,,,,,,,,,,,
TLK23,,,,,,,,,,,,,,,,,,,,,,,,,,,,,,,,,,,,,,,,,,,,,,,,,,,,,,,,,,,,,,,,,,,,,,,,Somerset CC,2834,,,,,,,,,,,,,,,,,,,,,,,,,,,,,,,,,,,,,,,,,,,,,,,,,,,,,,,,,,,,,,,,,,,,,,,,,,,,,,,,,,,,,,,,,,,,,,,,,,,,,,,,,,,,,,,,,,,,,,,,,,,,,,,,,,,,,,,,,,,,,,,,,,,,,,,,,,,,,,,,,,,,,,,,,,,,,,,,,,,,,,,,,,,,,,,,,,,,,,,,,,,,,,,,,,,,,,,,,,,,,,,,,,,,,,,,,,,,,,,,,,,,,,,
TLK24,,,,,,,,,,,,,,,,,,,,,,,,,,,,,,,,,,,,,,,,,,,,,,,,,,,,,,,,,,,,,,,,,,,,,,,,"Bournemouth, Christchurch and Poole",2907,,,,,,,,,,,,,,,,,,,,,,,,,,,,,,,,,,,,,,,,,,,,,,,,,,,,,,,,,,,,,,,,,,,,,,,,,,,,,,,,,,,,,,,,,,,,,,,,,,,,,,,,,,,,,,,,,,,,,,,,,,,,,,,,,,,,,,,,,,,,,,,,,,,,,,,,,,,,,,,,,,,,,,,,,,,,,,,,,,,,,,,,,,,,,,,,,,,,,,,,,,,,,,,,,,,,,,,,,,,,,,,,,,,,,,,,,,,,,,,,,,,,,,,
TLK25,,,,,,,,,,,,,,,,,,,,,,,,,,,,,,,,,,,,,,,,,,,,,,,,,,,,,,,,,,,,,,,,,,,,,,,,Dorset,885,,,,,,,,,,,,,,,,,,,,,,,,,,,,,,,,,,,,,,,,,,,,,,,,,,,,,,,,,,,,,,,,,,,,,,,,,,,,,,,,,,,,,,,,,,,,,,,,,,,,,,,,,,,,,,,,,,,,,,,,,,,,,,,,,,,,,,,,,,,,,,,,,,,,,,,,,,,,,,,,,,,,,,,,,,,,,,,,,,,,,,,,,,,,,,,,,,,,,,,,,,,,,,,,,,,,,,,,,,,,,,,,,,,,,,,,,,,,,,,,,,,,,,,
TLK3,,,,,,,,,,,,,,,,,,,,,,,,,,,,,,,,,,,,,,,,,,,,,,,,,,,,,,,,,,,,,,,,,,,,,,Cornwall and Isles of Scilly,,,1121,,,Cornwall and Isles of Scilly,,900.0,,,,Cornwall and Isles of Scilly,,1084.0,,,,,,,,,,,,,,,,,,,,,,,,,,,,,,,,,,,,,,,,,,,,,,,,,,,,,,,,,,,,,,,,,,,,,,,,,,,,,,,,,,,,,,,,,,,,,,,,,,,,,,,,,,,,,,,,,,,,,,,,,,,,,,,,,,,,,,,,,,,,,,,,,,,,,,,,,,,,,,,,,,,,,,,,,,,,,,,,,,,,,,,,,,,,,,,,,,,,,,,,,,,,,,,,,,,,,,,,,,,,,,,,,,,,,,,,,,,,
TLK30,,,,,,,,,,,,,,,,,,,,,,,,,,,,,,,,,,,,,,,,,,,,,,,,,,,,,,,,,,,,,,,,,,,,,,,,Cornwall and Isles of Scilly,1121,,,,,,,,,,,,,,,,,,,,,,,,,,,,,,,,,,,,,,,,,,,,,,,,,,,,,,,,,,,,,,,,,,,,,,,,,,,,,,,,,,,,,,,,,,,,,,,,,,,,,,,,,,,,,,,,,,,,,,,,,,,,,,,,,,,,,,,,,,,,,,,,,,,,,,,,,,,,,,,,,,,,,,,,,,,,,,,,,,,,,,,,,,,,,,,,,,,,,,,,,,,,,,,,,,,,,,,,,,,,,,,,,,,,,,,,,,,,,,,,,,,,,,,
TLK4,,,,,,,,,,,,,,,,,,,,,,,,,,,,,,,,,,,,,,,,,,,,,,,,,,,,,,,,,,,,,,,,,,,,,,Devon,,,3823,,,Devon,,3351.0,,,,Devon,,2924.0,,,,,,,,,,,,,,,,,,,,,,,,,,,,,,,,,,,,,,,,,,,,,,,,,,,,,,,,,,,,,,,,,,,,,,,,,,,,,,,,,,,,,,,,,,,,,,,,,,,,,,,,,,,,,,,,,,,,,,,,,,,,,,,,,,,,,,,,,,,,,,,,,,,,,,,,,,,,,,,,,,,,,,,,,,,,,,,,,,,,,,,,,,,,,,,,,,,,,,,,,,,,,,,,,,,,,,,,,,,,,,,,,,,,,,,,,,,,
TLK41,,,,,,,,,,,,,,,,,,,,,,,,,,,,,,,,,,,,,,,,,,,,,,,,,,,,,,,,,,,,,,,,,,,,,,,,Plymouth,na,,,,,,,,,,,,,,,,,,,,,,,,,,,,,,,,,,,,,,,,,,,,,,,,,,,,,,,,,,,,,,,,,,,,,,,,,,,,,,,,,,,,,,,,,,,,,,,,,,,,,,,,,,,,,,,,,,,,,,,,,,,,,,,,,,,,,,,,,,,,,,,,,,,,,,,,,,,,,,,,,,,,,,,,,,,,,,,,,,,,,,,,,,,,,,,,,,,,,,,,,,,,,,,,,,,,,,,,,,,,,,,,,,,,,,,,,,,,,,,,,,,,,,,
TLK42,,,,,,,,,,,,,,,,,,,,,,,,,,,,,,,,,,,,,,,,,,,,,,,,,,,,,,,,,,,,,,,,,,,,,,,,Torbay,na,,,,,,,,,,,,,,,,,,,,,,,,,,,,,,,,,,,,,,,,,,,,,,,,,,,,,,,,,,,,,,,,,,,,,,,,,,,,,,,,,,,,,,,,,,,,,,,,,,,,,,,,,,,,,,,,,,,,,,,,,,,,,,,,,,,,,,,,,,,,,,,,,,,,,,,,,,,,,,,,,,,,,,,,,,,,,,,,,,,,,,,,,,,,,,,,,,,,,,,,,,,,,,,,,,,,,,,,,,,,,,,,,,,,,,,,,,,,,,,,,,,,,,,
TLK43,,,,,,,,,,,,,,,,,,,,,,,,,,,,,,,,,,,,,,,,,,,,,,,,,,,,,,,,,,,,,,,,,,,,,,,,Devon CC,2408,,,,,,,,,,,,,,,,,,,,,,,,,,,,,,,,,,,,,,,,,,,,,,,,,,,,,,,,,,,,,,,,,,,,,,,,,,,,,,,,,,,,,,,,,,,,,,,,,,,,,,,,,,,,,,,,,,,,,,,,,,,,,,,,,,,,,,,,,,,,,,,,,,,,,,,,,,,,,,,,,,,,,,,,,,,,,,,,,,,,,,,,,,,,,,,,,,,,,,,,,,,,,,,,,,,,,,,,,,,,,,,,,,,,,,,,,,,,,,,,,,,,,,,
TLL,Wales,,,32.19,,,,,,,,,,,,,,,,,,,,,,,,,,,,,,,,,,,,,,,,,,,,,,,,,,,,,,,,,,,,,,,,,Wales,,,,23773,,Wales,,,41900.0,,,Wales,,,19582.0,,,,,,,,,,,,,,,,,,,,,,,,,,,,,,,,,,,,,,,,,,,,,,,,,,,,,,,,,,,,,,,,,,,,,,,,,,,,,,,,,,,,,,,,,,,,,,,,,,,,,,,,,,,,,,,,,,,,,,,,,,,,,,,,,,,,,,,,,,,,,,,,,,,,,,,,,,,,,,,,,,,,,,,,,,,,,,,,,,,,,,,,,,,,,,,,,,,,,,,,,,,,,,,,,,,,,,,,,,,,,,,,,,,,,,,,,,,,
TLL1,,,,,,,,,,,,,,,,,,,,,,,,,,,,,,,,,,,,,,,,,,,,,,,,,,,,,,,,,,,,,,,,,,,,,,West Wales and The Valleys,,,na,,,West Wales and The Valleys,,9288.0,,,,West Wales and The Valleys,,7369.0,,,,,,,,,,,,,,,,,,,,,,,,,,,,,,,,,,,,,,,,,,,,,,,,,,,,,,,,,,,,,,,,,,,,,,,,,,,,,,,,,,,,,,,,,,,,,,,,,,,,,,,,,,,,,,,,,,,,,,,,,,,,,,,,,,,,,,,,,,,,,,,,,,,,,,,,,,,,,,,,,,,,,,,,,,,,,,,,,,,,,,,,,,,,,,,,,,,,,,,,,,,,,,,,,,,,,,,,,,,,,,,,,,,,,,,,,,,,
TLL11,,,,,,,,,,,,,,,,,,,,,,,,,,,,,,,,,,,,,,,,,,,,,,,,,,,,,,,,,,,,,,,,,,,,,,,,Isle of Anglesey,na,,,,,,,,,,,,,,,,,,,,,,,,,,,,,,,,,,,,,,,,,,,,,,,,,,,,,,,,,,,,,,,,,,,,,,,,,,,,,,,,,,,,,,,,,,,,,,,,,,,,,,,,,,,,,,,,,,,,,,,,,,,,,,,,,,,,,,,,,,,,,,,,,,,,,,,,,,,,,,,,,,,,,,,,,,,,,,,,,,,,,,,,,,,,,,,,,,,,,,,,,,,,,,,,,,,,,,,,,,,,,,,,,,,,,,,,,,,,,,,,,,,,,,,
TLL12,,,,,,,,,,,,,,,,,,,,,,,,,,,,,,,,,,,,,,,,,,,,,,,,,,,,,,,,,,,,,,,,,,,,,,,,Gwynedd,308,,,,,,,,,,,,,,,,,,,,,,,,,,,,,,,,,,,,,,,,,,,,,,,,,,,,,,,,,,,,,,,,,,,,,,,,,,,,,,,,,,,,,,,,,,,,,,,,,,,,,,,,,,,,,,,,,,,,,,,,,,,,,,,,,,,,,,,,,,,,,,,,,,,,,,,,,,,,,,,,,,,,,,,,,,,,,,,,,,,,,,,,,,,,,,,,,,,,,,,,,,,,,,,,,,,,,,,,,,,,,,,,,,,,,,,,,,,,,,,,,,,,,,,
TLL13,,,,,,,,,,,,,,,,,,,,,,,,,,,,,,,,,,,,,,,,,,,,,,,,,,,,,,,,,,,,,,,,,,,,,,,,Conwy and Denbighshire,458,,,,,,,,,,,,,,,,,,,,,,,,,,,,,,,,,,,,,,,,,,,,,,,,,,,,,,,,,,,,,,,,,,,,,,,,,,,,,,,,,,,,,,,,,,,,,,,,,,,,,,,,,,,,,,,,,,,,,,,,,,,,,,,,,,,,,,,,,,,,,,,,,,,,,,,,,,,,,,,,,,,,,,,,,,,,,,,,,,,,,,,,,,,,,,,,,,,,,,,,,,,,,,,,,,,,,,,,,,,,,,,,,,,,,,,,,,,,,,,,,,,,,,,
TLL14,,,,,,,,,,,,,,,,,,,,,,,,,,,,,,,,,,,,,,,,,,,,,,,,,,,,,,,,,,,,,,,,,,,,,,,,South West Wales,3448,,,,,,,,,,,,,,,,,,,,,,,,,,,,,,,,,,,,,,,,,,,,,,,,,,,,,,,,,,,,,,,,,,,,,,,,,,,,,,,,,,,,,,,,,,,,,,,,,,,,,,,,,,,,,,,,,,,,,,,,,,,,,,,,,,,,,,,,,,,,,,,,,,,,,,,,,,,,,,,,,,,,,,,,,,,,,,,,,,,,,,,,,,,,,,,,,,,,,,,,,,,,,,,,,,,,,,,,,,,,,,,,,,,,,,,,,,,,,,,,,,,,,,,
TLL15,,,,,,,,,,,,,,,,,,,,,,,,,,,,,,,,,,,,,,,,,,,,,,,,,,,,,,,,,,,,,,,,,,,,,,,,Central Valleys,3578,,,,,,,,,,,,,,,,,,,,,,,,,,,,,,,,,,,,,,,,,,,,,,,,,,,,,,,,,,,,,,,,,,,,,,,,,,,,,,,,,,,,,,,,,,,,,,,,,,,,,,,,,,,,,,,,,,,,,,,,,,,,,,,,,,,,,,,,,,,,,,,,,,,,,,,,,,,,,,,,,,,,,,,,,,,,,,,,,,,,,,,,,,,,,,,,,,,,,,,,,,,,,,,,,,,,,,,,,,,,,,,,,,,,,,,,,,,,,,,,,,,,,,,
TLL16,,,,,,,,,,,,,,,,,,,,,,,,,,,,,,,,,,,,,,,,,,,,,,,,,,,,,,,,,,,,,,,,,,,,,,,,Gwent Valleys,1520,,,,,,,,,,,,,,,,,,,,,,,,,,,,,,,,,,,,,,,,,,,,,,,,,,,,,,,,,,,,,,,,,,,,,,,,,,,,,,,,,,,,,,,,,,,,,,,,,,,,,,,,,,,,,,,,,,,,,,,,,,,,,,,,,,,,,,,,,,,,,,,,,,,,,,,,,,,,,,,,,,,,,,,,,,,,,,,,,,,,,,,,,,,,,,,,,,,,,,,,,,,,,,,,,,,,,,,,,,,,,,,,,,,,,,,,,,,,,,,,,,,,,,,
TLL17,,,,,,,,,,,,,,,,,,,,,,,,,,,,,,,,,,,,,,,,,,,,,,,,,,,,,,,,,,,,,,,,,,,,,,,,Bridgend and Neath Port Talbot,2865,,,,,,,,,,,,,,,,,,,,,,,,,,,,,,,,,,,,,,,,,,,,,,,,,,,,,,,,,,,,,,,,,,,,,,,,,,,,,,,,,,,,,,,,,,,,,,,,,,,,,,,,,,,,,,,,,,,,,,,,,,,,,,,,,,,,,,,,,,,,,,,,,,,,,,,,,,,,,,,,,,,,,,,,,,,,,,,,,,,,,,,,,,,,,,,,,,,,,,,,,,,,,,,,,,,,,,,,,,,,,,,,,,,,,,,,,,,,,,,,,,,,,,,
TLL18,,,,,,,,,,,,,,,,,,,,,,,,,,,,,,,,,,,,,,,,,,,,,,,,,,,,,,,,,,,,,,,,,,,,,,,,Swansea,1668,,,,,,,,,,,,,,,,,,,,,,,,,,,,,,,,,,,,,,,,,,,,,,,,,,,,,,,,,,,,,,,,,,,,,,,,,,,,,,,,,,,,,,,,,,,,,,,,,,,,,,,,,,,,,,,,,,,,,,,,,,,,,,,,,,,,,,,,,,,,,,,,,,,,,,,,,,,,,,,,,,,,,,,,,,,,,,,,,,,,,,,,,,,,,,,,,,,,,,,,,,,,,,,,,,,,,,,,,,,,,,,,,,,,,,,,,,,,,,,,,,,,,,,
TLL2,,,,,,,,,,,,,,,,,,,,,,,,,,,,,,,,,,,,,,,,,,,,,,,,,,,,,,,,,,,,,,,,,,,,,,East Wales,,,na,,,East Wales,,32612.0,,,,East Wales,,12213.0,,,,,,,,,,,,,,,,,,,,,,,,,,,,,,,,,,,,,,,,,,,,,,,,,,,,,,,,,,,,,,,,,,,,,,,,,,,,,,,,,,,,,,,,,,,,,,,,,,,,,,,,,,,,,,,,,,,,,,,,,,,,,,,,,,,,,,,,,,,,,,,,,,,,,,,,,,,,,,,,,,,,,,,,,,,,,,,,,,,,,,,,,,,,,,,,,,,,,,,,,,,,,,,,,,,,,,,,,,,,,,,,,,,,,,,,,,,,
TLL21,,,,,,,,,,,,,,,,,,,,,,,,,,,,,,,,,,,,,,,,,,,,,,,,,,,,,,,,,,,,,,,,,,,,,,,,Monmouthshire and Newport,1985,,,,,,,,,,,,,,,,,,,,,,,,,,,,,,,,,,,,,,,,,,,,,,,,,,,,,,,,,,,,,,,,,,,,,,,,,,,,,,,,,,,,,,,,,,,,,,,,,,,,,,,,,,,,,,,,,,,,,,,,,,,,,,,,,,,,,,,,,,,,,,,,,,,,,,,,,,,,,,,,,,,,,,,,,,,,,,,,,,,,,,,,,,,,,,,,,,,,,,,,,,,,,,,,,,,,,,,,,,,,,,,,,,,,,,,,,,,,,,,,,,,,,,,
TLL22,,,,,,,,,,,,,,,,,,,,,,,,,,,,,,,,,,,,,,,,,,,,,,,,,,,,,,,,,,,,,,,,,,,,,,,,Cardiff and Vale of Glamorgan,3206,,,,,,,,,,,,,,,,,,,,,,,,,,,,,,,,,,,,,,,,,,,,,,,,,,,,,,,,,,,,,,,,,,,,,,,,,,,,,,,,,,,,,,,,,,,,,,,,,,,,,,,,,,,,,,,,,,,,,,,,,,,,,,,,,,,,,,,,,,,,,,,,,,,,,,,,,,,,,,,,,,,,,,,,,,,,,,,,,,,,,,,,,,,,,,,,,,,,,,,,,,,,,,,,,,,,,,,,,,,,,,,,,,,,,,,,,,,,,,,,,,,,,,,
TLL23,,,,,,,,,,,,,,,,,,,,,,,,,,,,,,,,,,,,,,,,,,,,,,,,,,,,,,,,,,,,,,,,,,,,,,,,Flintshire and Wrexham,4034,,,,,,,,,,,,,,,,,,,,,,,,,,,,,,,,,,,,,,,,,,,,,,,,,,,,,,,,,,,,,,,,,,,,,,,,,,,,,,,,,,,,,,,,,,,,,,,,,,,,,,,,,,,,,,,,,,,,,,,,,,,,,,,,,,,,,,,,,,,,,,,,,,,,,,,,,,,,,,,,,,,,,,,,,,,,,,,,,,,,,,,,,,,,,,,,,,,,,,,,,,,,,,,,,,,,,,,,,,,,,,,,,,,,,,,,,,,,,,,,,,,,,,,
TLL24,,,,,,,,,,,,,,,,,,,,,,,,,,,,,,,,,,,,,,,,,,,,,,,,,,,,,,,,,,,,,,,,,,,,,,,,Powys,na,,,,,,,,,,,,,,,,,,,,,,,,,,,,,,,,,,,,,,,,,,,,,,,,,,,,,,,,,,,,,,,,,,,,,,,,,,,,,,,,,,,,,,,,,,,,,,,,,,,,,,,,,,,,,,,,,,,,,,,,,,,,,,,,,,,,,,,,,,,,,,,,,,,,,,,,,,,,,,,,,,,,,,,,,,,,,,,,,,,,,,,,,,,,,,,,,,,,,,,,,,,,,,,,,,,,,,,,,,,,,,,,,,,,,,,,,,,,,,,,,,,,,,,
TLM,Scotland,,,36.95,,,,,,,,,,,,,,,,,,,,,,,,,,,,,,,,,,,,,,,,,,,,,,,,,,,,,,,,,,,,,,,,,Scotland,,,,50109,,Scotland,,,57650.0,,,Scotland,,,91250.0,,,,,,,,,,,,,,,,,,,,,,,,,,,,,,,,,,,,,,,,,,,,,,,,,,,,,,,,,,,,,,,,,,,,,,,,,,,,,,,,,,,,,,,,,,,,,,,,,,,,,,,,,,,,,,,,,,,,,,,,,,,,,,,,,,,,,,,,,,,,,,,,,,,,,,,,,,,,,,,,,,,,,,,,,,,,,,,,,,,,,,,,,,,,,,,,,,,,,,,,,,,,,,,,,,,,,,,,,,,,,,,,,,,,,,,,,,,,
TLM5,,,,,,,,,,,,,,,,,,,,,,,,,,,,,,,,,,,,,,,,,,,,,,,,,,,,,,,,,,,,,,,,,,,,,,North Eastern Scotland,,,na,,,North Eastern Scotland,,1828.0,,,,North Eastern Scotland,,10271.0,,,,,,,,,,,,,,,,,,,,,,,,,,,,,,,,,,,,,,,,,,,,,,,,,,,,,,,,,,,,,,,,,,,,,,,,,,,,,,,,,,,,,,,,,,,,,,,,,,,,,,,,,,,,,,,,,,,,,,,,,,,,,,,,,,,,,,,,,,,,,,,,,,,,,,,,,,,,,,,,,,,,,,,,,,,,,,,,,,,,,,,,,,,,,,,,,,,,,,,,,,,,,,,,,,,,,,,,,,,,,,,,,,,,,,,,,,,,
TLM50,,,,,,,,,,,,,,,,,,,,,,,,,,,,,,,,,,,,,,,,,,,,,,,,,,,,,,,,,,,,,,,,,,,,,,,,Aberdeen City and Aberdeenshire,na,,,,,,,,,,,,,,,,,,,,,,,,,,,,,,,,,,,,,,,,,,,,,,,,,,,,,,,,,,,,,,,,,,,,,,,,,,,,,,,,,,,,,,,,,,,,,,,,,,,,,,,,,,,,,,,,,,,,,,,,,,,,,,,,,,,,,,,,,,,,,,,,,,,,,,,,,,,,,,,,,,,,,,,,,,,,,,,,,,,,,,,,,,,,,,,,,,,,,,,,,,,,,,,,,,,,,,,,,,,,,,,,,,,,,,,,,,,,,,,,,,,,,,,
TLM6,,,,,,,,,,,,,,,,,,,,,,,,,,,,,,,,,,,,,,,,,,,,,,,,,,,,,,,,,,,,,,,,,,,,,,Highlands and Islands,,,na,,,Highlands and Islands,,1918.0,,,,Highlands and Islands,,4268.0,,,,,,,,,,,,,,,,,,,,,,,,,,,,,,,,,,,,,,,,,,,,,,,,,,,,,,,,,,,,,,,,,,,,,,,,,,,,,,,,,,,,,,,,,,,,,,,,,,,,,,,,,,,,,,,,,,,,,,,,,,,,,,,,,,,,,,,,,,,,,,,,,,,,,,,,,,,,,,,,,,,,,,,,,,,,,,,,,,,,,,,,,,,,,,,,,,,,,,,,,,,,,,,,,,,,,,,,,,,,,,,,,,,,,,,,,,,,
TLM61,,,,,,,,,,,,,,,,,,,,,,,,,,,,,,,,,,,,,,,,,,,,,,,,,,,,,,,,,,,,,,,,,,,,,,,,"Caithness and Sutherland, and Ross and Cromarty",340,,,,,,,,,,,,,,,,,,,,,,,,,,,,,,,,,,,,,,,,,,,,,,,,,,,,,,,,,,,,,,,,,,,,,,,,,,,,,,,,,,,,,,,,,,,,,,,,,,,,,,,,,,,,,,,,,,,,,,,,,,,,,,,,,,,,,,,,,,,,,,,,,,,,,,,,,,,,,,,,,,,,,,,,,,,,,,,,,,,,,,,,,,,,,,,,,,,,,,,,,,,,,,,,,,,,,,,,,,,,,,,,,,,,,,,,,,,,,,,,,,,,,,,
TLM62,,,,,,,,,,,,,,,,,,,,,,,,,,,,,,,,,,,,,,,,,,,,,,,,,,,,,,,,,,,,,,,,,,,,,,,,"Inverness and Nairn, Moray, and Badenoch and Strathspey",965,,,,,,,,,,,,,,,,,,,,,,,,,,,,,,,,,,,,,,,,,,,,,,,,,,,,,,,,,,,,,,,,,,,,,,,,,,,,,,,,,,,,,,,,,,,,,,,,,,,,,,,,,,,,,,,,,,,,,,,,,,,,,,,,,,,,,,,,,,,,,,,,,,,,,,,,,,,,,,,,,,,,,,,,,,,,,,,,,,,,,,,,,,,,,,,,,,,,,,,,,,,,,,,,,,,,,,,,,,,,,,,,,,,,,,,,,,,,,,,,,,,,,,,
TLM63,,,,,,,,,,,,,,,,,,,,,,,,,,,,,,,,,,,,,,,,,,,,,,,,,,,,,,,,,,,,,,,,,,,,,,,,"Lochaber, Skye and Lochalsh, Arran and Cumbrae, and Argyll and Bute",745,,,,,,,,,,,,,,,,,,,,,,,,,,,,,,,,,,,,,,,,,,,,,,,,,,,,,,,,,,,,,,,,,,,,,,,,,,,,,,,,,,,,,,,,,,,,,,,,,,,,,,,,,,,,,,,,,,,,,,,,,,,,,,,,,,,,,,,,,,,,,,,,,,,,,,,,,,,,,,,,,,,,,,,,,,,,,,,,,,,,,,,,,,,,,,,,,,,,,,,,,,,,,,,,,,,,,,,,,,,,,,,,,,,,,,,,,,,,,,,,,,,,,,,
TLM64,,,,,,,,,,,,,,,,,,,,,,,,,,,,,,,,,,,,,,,,,,,,,,,,,,,,,,,,,,,,,,,,,,,,,,,,Na h-Eileanan Siar,na,,,,,,,,,,,,,,,,,,,,,,,,,,,,,,,,,,,,,,,,,,,,,,,,,,,,,,,,,,,,,,,,,,,,,,,,,,,,,,,,,,,,,,,,,,,,,,,,,,,,,,,,,,,,,,,,,,,,,,,,,,,,,,,,,,,,,,,,,,,,,,,,,,,,,,,,,,,,,,,,,,,,,,,,,,,,,,,,,,,,,,,,,,,,,,,,,,,,,,,,,,,,,,,,,,,,,,,,,,,,,,,,,,,,,,,,,,,,,,,,,,,,,,,
TLM65,,,,,,,,,,,,,,,,,,,,,,,,,,,,,,,,,,,,,,,,,,,,,,,,,,,,,,,,,,,,,,,,,,,,,,,,Orkney Islands,na,,,,,,,,,,,,,,,,,,,,,,,,,,,,,,,,,,,,,,,,,,,,,,,,,,,,,,,,,,,,,,,,,,,,,,,,,,,,,,,,,,,,,,,,,,,,,,,,,,,,,,,,,,,,,,,,,,,,,,,,,,,,,,,,,,,,,,,,,,,,,,,,,,,,,,,,,,,,,,,,,,,,,,,,,,,,,,,,,,,,,,,,,,,,,,,,,,,,,,,,,,,,,,,,,,,,,,,,,,,,,,,,,,,,,,,,,,,,,,,,,,,,,,,
TLM66,,,,,,,,,,,,,,,,,,,,,,,,,,,,,,,,,,,,,,,,,,,,,,,,,,,,,,,,,,,,,,,,,,,,,,,,Shetland Islands,na,,,,,,,,,,,,,,,,,,,,,,,,,,,,,,,,,,,,,,,,,,,,,,,,,,,,,,,,,,,,,,,,,,,,,,,,,,,,,,,,,,,,,,,,,,,,,,,,,,,,,,,,,,,,,,,,,,,,,,,,,,,,,,,,,,,,,,,,,,,,,,,,,,,,,,,,,,,,,,,,,,,,,,,,,,,,,,,,,,,,,,,,,,,,,,,,,,,,,,,,,,,,,,,,,,,,,,,,,,,,,,,,,,,,,,,,,,,,,,,,,,,,,,,
TLM7,,,,,,,,,,,,,,,,,,,,,,,,,,,,,,,,,,,,,,,,,,,,,,,,,,,,,,,,,,,,,,,,,,,,,,Eastern Scotland,,,18349,,,Eastern Scotland,,21541.0,,,,Eastern Scotland,,43697.0,,,,,,,,,,,,,,,,,,,,,,,,,,,,,,,,,,,,,,,,,,,,,,,,,,,,,,,,,,,,,,,,,,,,,,,,,,,,,,,,,,,,,,,,,,,,,,,,,,,,,,,,,,,,,,,,,,,,,,,,,,,,,,,,,,,,,,,,,,,,,,,,,,,,,,,,,,,,,,,,,,,,,,,,,,,,,,,,,,,,,,,,,,,,,,,,,,,,,,,,,,,,,,,,,,,,,,,,,,,,,,,,,,,,,,,,,,,,
TLM71,,,,,,,,,,,,,,,,,,,,,,,,,,,,,,,,,,,,,,,,,,,,,,,,,,,,,,,,,,,,,,,,,,,,,,,,Angus and Dundee City,1393,,,,,,,,,,,,,,,,,,,,,,,,,,,,,,,,,,,,,,,,,,,,,,,,,,,,,,,,,,,,,,,,,,,,,,,,,,,,,,,,,,,,,,,,,,,,,,,,,,,,,,,,,,,,,,,,,,,,,,,,,,,,,,,,,,,,,,,,,,,,,,,,,,,,,,,,,,,,,,,,,,,,,,,,,,,,,,,,,,,,,,,,,,,,,,,,,,,,,,,,,,,,,,,,,,,,,,,,,,,,,,,,,,,,,,,,,,,,,,,,,,,,,,,
TLM72,,,,,,,,,,,,,,,,,,,,,,,,,,,,,,,,,,,,,,,,,,,,,,,,,,,,,,,,,,,,,,,,,,,,,,,,Clackmannanshire and Fife,4409,,,,,,,,,,,,,,,,,,,,,,,,,,,,,,,,,,,,,,,,,,,,,,,,,,,,,,,,,,,,,,,,,,,,,,,,,,,,,,,,,,,,,,,,,,,,,,,,,,,,,,,,,,,,,,,,,,,,,,,,,,,,,,,,,,,,,,,,,,,,,,,,,,,,,,,,,,,,,,,,,,,,,,,,,,,,,,,,,,,,,,,,,,,,,,,,,,,,,,,,,,,,,,,,,,,,,,,,,,,,,,,,,,,,,,,,,,,,,,,,,,,,,,,
TLM73,,,,,,,,,,,,,,,,,,,,,,,,,,,,,,,,,,,,,,,,,,,,,,,,,,,,,,,,,,,,,,,,,,,,,,,,East Lothian and Midlothian,566,,,,,,,,,,,,,,,,,,,,,,,,,,,,,,,,,,,,,,,,,,,,,,,,,,,,,,,,,,,,,,,,,,,,,,,,,,,,,,,,,,,,,,,,,,,,,,,,,,,,,,,,,,,,,,,,,,,,,,,,,,,,,,,,,,,,,,,,,,,,,,,,,,,,,,,,,,,,,,,,,,,,,,,,,,,,,,,,,,,,,,,,,,,,,,,,,,,,,,,,,,,,,,,,,,,,,,,,,,,,,,,,,,,,,,,,,,,,,,,,,,,,,,,
TLM75,,,,,,,,,,,,,,,,,,,,,,,,,,,,,,,,,,,,,,,,,,,,,,,,,,,,,,,,,,,,,,,,,,,,,,,,City of Edinburgh,7306,,,,,,,,,,,,,,,,,,,,,,,,,,,,,,,,,,,,,,,,,,,,,,,,,,,,,,,,,,,,,,,,,,,,,,,,,,,,,,,,,,,,,,,,,,,,,,,,,,,,,,,,,,,,,,,,,,,,,,,,,,,,,,,,,,,,,,,,,,,,,,,,,,,,,,,,,,,,,,,,,,,,,,,,,,,,,,,,,,,,,,,,,,,,,,,,,,,,,,,,,,,,,,,,,,,,,,,,,,,,,,,,,,,,,,,,,,,,,,,,,,,,,,,
TLM76,,,,,,,,,,,,,,,,,,,,,,,,,,,,,,,,,,,,,,,,,,,,,,,,,,,,,,,,,,,,,,,,,,,,,,,,Falkirk,1487,,,,,,,,,,,,,,,,,,,,,,,,,,,,,,,,,,,,,,,,,,,,,,,,,,,,,,,,,,,,,,,,,,,,,,,,,,,,,,,,,,,,,,,,,,,,,,,,,,,,,,,,,,,,,,,,,,,,,,,,,,,,,,,,,,,,,,,,,,,,,,,,,,,,,,,,,,,,,,,,,,,,,,,,,,,,,,,,,,,,,,,,,,,,,,,,,,,,,,,,,,,,,,,,,,,,,,,,,,,,,,,,,,,,,,,,,,,,,,,,,,,,,,,
TLM77,,,,,,,,,,,,,,,,,,,,,,,,,,,,,,,,,,,,,,,,,,,,,,,,,,,,,,,,,,,,,,,,,,,,,,,,"Perth and Kinross, and Stirling",1126,,,,,,,,,,,,,,,,,,,,,,,,,,,,,,,,,,,,,,,,,,,,,,,,,,,,,,,,,,,,,,,,,,,,,,,,,,,,,,,,,,,,,,,,,,,,,,,,,,,,,,,,,,,,,,,,,,,,,,,,,,,,,,,,,,,,,,,,,,,,,,,,,,,,,,,,,,,,,,,,,,,,,,,,,,,,,,,,,,,,,,,,,,,,,,,,,,,,,,,,,,,,,,,,,,,,,,,,,,,,,,,,,,,,,,,,,,,,,,,,,,,,,,,
TLM78,,,,,,,,,,,,,,,,,,,,,,,,,,,,,,,,,,,,,,,,,,,,,,,,,,,,,,,,,,,,,,,,,,,,,,,,West Lothian,2063,,,,,,,,,,,,,,,,,,,,,,,,,,,,,,,,,,,,,,,,,,,,,,,,,,,,,,,,,,,,,,,,,,,,,,,,,,,,,,,,,,,,,,,,,,,,,,,,,,,,,,,,,,,,,,,,,,,,,,,,,,,,,,,,,,,,,,,,,,,,,,,,,,,,,,,,,,,,,,,,,,,,,,,,,,,,,,,,,,,,,,,,,,,,,,,,,,,,,,,,,,,,,,,,,,,,,,,,,,,,,,,,,,,,,,,,,,,,,,,,,,,,,,,
TLM8,,,,,,,,,,,,,,,,,,,,,,,,,,,,,,,,,,,,,,,,,,,,,,,,,,,,,,,,,,,,,,,,,,,,,,West Central Scotland,,,13572,,,West Central Scotland,,26718.0,,,,West Central Scotland,,27271.0,,,,,,,,,,,,,,,,,,,,,,,,,,,,,,,,,,,,,,,,,,,,,,,,,,,,,,,,,,,,,,,,,,,,,,,,,,,,,,,,,,,,,,,,,,,,,,,,,,,,,,,,,,,,,,,,,,,,,,,,,,,,,,,,,,,,,,,,,,,,,,,,,,,,,,,,,,,,,,,,,,,,,,,,,,,,,,,,,,,,,,,,,,,,,,,,,,,,,,,,,,,,,,,,,,,,,,,,,,,,,,,,,,,,,,,,,,,,
TLM81,,,,,,,,,,,,,,,,,,,,,,,,,,,,,,,,,,,,,,,,,,,,,,,,,,,,,,,,,,,,,,,,,,,,,,,,"East Dunbartonshire, West Dunbartonshire, and Helensburgh and Lomond",1354,,,,,,,,,,,,,,,,,,,,,,,,,,,,,,,,,,,,,,,,,,,,,,,,,,,,,,,,,,,,,,,,,,,,,,,,,,,,,,,,,,,,,,,,,,,,,,,,,,,,,,,,,,,,,,,,,,,,,,,,,,,,,,,,,,,,,,,,,,,,,,,,,,,,,,,,,,,,,,,,,,,,,,,,,,,,,,,,,,,,,,,,,,,,,,,,,,,,,,,,,,,,,,,,,,,,,,,,,,,,,,,,,,,,,,,,,,,,,,,,,,,,,,,
TLM82,,,,,,,,,,,,,,,,,,,,,,,,,,,,,,,,,,,,,,,,,,,,,,,,,,,,,,,,,,,,,,,,,,,,,,,,Glasgow City,7545,,,,,,,,,,,,,,,,,,,,,,,,,,,,,,,,,,,,,,,,,,,,,,,,,,,,,,,,,,,,,,,,,,,,,,,,,,,,,,,,,,,,,,,,,,,,,,,,,,,,,,,,,,,,,,,,,,,,,,,,,,,,,,,,,,,,,,,,,,,,,,,,,,,,,,,,,,,,,,,,,,,,,,,,,,,,,,,,,,,,,,,,,,,,,,,,,,,,,,,,,,,,,,,,,,,,,,,,,,,,,,,,,,,,,,,,,,,,,,,,,,,,,,,
TLM83,,,,,,,,,,,,,,,,,,,,,,,,,,,,,,,,,,,,,,,,,,,,,,,,,,,,,,,,,,,,,,,,,,,,,,,,"Inverclyde, East Renfrewshire, and Renfrewshire",2950,,,,,,,,,,,,,,,,,,,,,,,,,,,,,,,,,,,,,,,,,,,,,,,,,,,,,,,,,,,,,,,,,,,,,,,,,,,,,,,,,,,,,,,,,,,,,,,,,,,,,,,,,,,,,,,,,,,,,,,,,,,,,,,,,,,,,,,,,,,,,,,,,,,,,,,,,,,,,,,,,,,,,,,,,,,,,,,,,,,,,,,,,,,,,,,,,,,,,,,,,,,,,,,,,,,,,,,,,,,,,,,,,,,,,,,,,,,,,,,,,,,,,,,
TLM84,,,,,,,,,,,,,,,,,,,,,,,,,,,,,,,,,,,,,,,,,,,,,,,,,,,,,,,,,,,,,,,,,,,,,,,,North Lanarkshire,1723,,,,,,,,,,,,,,,,,,,,,,,,,,,,,,,,,,,,,,,,,,,,,,,,,,,,,,,,,,,,,,,,,,,,,,,,,,,,,,,,,,,,,,,,,,,,,,,,,,,,,,,,,,,,,,,,,,,,,,,,,,,,,,,,,,,,,,,,,,,,,,,,,,,,,,,,,,,,,,,,,,,,,,,,,,,,,,,,,,,,,,,,,,,,,,,,,,,,,,,,,,,,,,,,,,,,,,,,,,,,,,,,,,,,,,,,,,,,,,,,,,,,,,,
TLM9,,,,,,,,,,,,,,,,,,,,,,,,,,,,,,,,,,,,,,,,,,,,,,,,,,,,,,,,,,,,,,,,,,,,,,Southern Scotland,,,na,,,Southern Scotland,,5645.0,,,,Southern Scotland,,5742.0,,,,,,,,,,,,,,,,,,,,,,,,,,,,,,,,,,,,,,,,,,,,,,,,,,,,,,,,,,,,,,,,,,,,,,,,,,,,,,,,,,,,,,,,,,,,,,,,,,,,,,,,,,,,,,,,,,,,,,,,,,,,,,,,,,,,,,,,,,,,,,,,,,,,,,,,,,,,,,,,,,,,,,,,,,,,,,,,,,,,,,,,,,,,,,,,,,,,,,,,,,,,,,,,,,,,,,,,,,,,,,,,,,,,,,,,,,,,
TLM91,,,,,,,,,,,,,,,,,,,,,,,,,,,,,,,,,,,,,,,,,,,,,,,,,,,,,,,,,,,,,,,,,,,,,,,,Scottish Borders,na,,,,,,,,,,,,,,,,,,,,,,,,,,,,,,,,,,,,,,,,,,,,,,,,,,,,,,,,,,,,,,,,,,,,,,,,,,,,,,,,,,,,,,,,,,,,,,,,,,,,,,,,,,,,,,,,,,,,,,,,,,,,,,,,,,,,,,,,,,,,,,,,,,,,,,,,,,,,,,,,,,,,,,,,,,,,,,,,,,,,,,,,,,,,,,,,,,,,,,,,,,,,,,,,,,,,,,,,,,,,,,,,,,,,,,,,,,,,,,,,,,,,,,,
TLM92,,,,,,,,,,,,,,,,,,,,,,,,,,,,,,,,,,,,,,,,,,,,,,,,,,,,,,,,,,,,,,,,,,,,,,,,Dumfries and Galloway,529,,,,,,,,,,,,,,,,,,,,,,,,,,,,,,,,,,,,,,,,,,,,,,,,,,,,,,,,,,,,,,,,,,,,,,,,,,,,,,,,,,,,,,,,,,,,,,,,,,,,,,,,,,,,,,,,,,,,,,,,,,,,,,,,,,,,,,,,,,,,,,,,,,,,,,,,,,,,,,,,,,,,,,,,,,,,,,,,,,,,,,,,,,,,,,,,,,,,,,,,,,,,,,,,,,,,,,,,,,,,,,,,,,,,,,,,,,,,,,,,,,,,,,,
TLM93,,,,,,,,,,,,,,,,,,,,,,,,,,,,,,,,,,,,,,,,,,,,,,,,,,,,,,,,,,,,,,,,,,,,,,,,East Ayrshire and North Ayrshire mainland,918,,,,,,,,,,,,,,,,,,,,,,,,,,,,,,,,,,,,,,,,,,,,,,,,,,,,,,,,,,,,,,,,,,,,,,,,,,,,,,,,,,,,,,,,,,,,,,,,,,,,,,,,,,,,,,,,,,,,,,,,,,,,,,,,,,,,,,,,,,,,,,,,,,,,,,,,,,,,,,,,,,,,,,,,,,,,,,,,,,,,,,,,,,,,,,,,,,,,,,,,,,,,,,,,,,,,,,,,,,,,,,,,,,,,,,,,,,,,,,,,,,,,,,,
TLM94,,,,,,,,,,,,,,,,,,,,,,,,,,,,,,,,,,,,,,,,,,,,,,,,,,,,,,,,,,,,,,,,,,,,,,,,South Ayrshire,1888,,,,,,,,,,,,,,,,,,,,,,,,,,,,,,,,,,,,,,,,,,,,,,,,,,,,,,,,,,,,,,,,,,,,,,,,,,,,,,,,,,,,,,,,,,,,,,,,,,,,,,,,,,,,,,,,,,,,,,,,,,,,,,,,,,,,,,,,,,,,,,,,,,,,,,,,,,,,,,,,,,,,,,,,,,,,,,,,,,,,,,,,,,,,,,,,,,,,,,,,,,,,,,,,,,,,,,,,,,,,,,,,,,,,,,,,,,,,,,,,,,,,,,,
TLM95,,,,,,,,,,,,,,,,,,,,,,,,,,,,,,,,,,,,,,,,,,,,,,,,,,,,,,,,,,,,,,,,,,,,,,,,South Lanarkshire,764,,,,,,,,,,,,,,,,,,,,,,,,,,,,,,,,,,,,,,,,,,,,,,,,,,,,,,,,,,,,,,,,,,,,,,,,,,,,,,,,,,,,,,,,,,,,,,,,,,,,,,,,,,,,,,,,,,,,,,,,,,,,,,,,,,,,,,,,,,,,,,,,,,,,,,,,,,,,,,,,,,,,,,,,,,,,,,,,,,,,,,,,,,,,,,,,,,,,,,,,,,,,,,,,,,,,,,,,,,,,,,,,,,,,,,,,,,,,,,,,,,,,,,,
TLN,Northern Ireland,,,32.96,,,,,,,,,,,,,,,,,,,,,,,,,,,,,,,,,,,,,,,,,,,,,,,,,,,,,,,,,,,,,,,,,Northern Ireland,,,,13245,,Northern Ireland,,,19153.0,,,Northern Ireland,,,10736.0,,,,,,,,,,,,,,,,,,,,,,,,,,,,,,,,,,,,,,,,,,,,,,,,,,,,,,,,,,,,,,,,,,,,,,,,,,,,,,,,,,,,,,,,,,,,,,,,,,,,,,,,,,,,,,,,,,,,,,,,,,,,,,,,,,,,,,,,,,,,,,,,,,,,,,,,,,,,,,,,,,,,,,,,,,,,,,,,,,,,,,,,,,,,,,,,,,,,,,,,,,,,,,,,,,,,,,,,,,,,,,,,,,,,,,,,,,,,
TLN06,,,,,,,,,,,,,,,,,,,,,,,,,,,,,,,,,,,,,,,,,,,,,,,,,,,,,,,,,,,,,,,,,,,,,,,,Belfast,3326,,,,,,,,,,,,,,,,,,,,,,,,,,,,,,,,,,,,,,,,,,,,,,,,,,,,,,,,,,,,,,,,,,,,,,,,,,,,,,,,,,,,,,,,,,,,,,,,,,,,,,,,,,,,,,,,,,,,,,,,,,,,,,,,,,,,,,,,,,,,,,,,,,,,,,,,,,,,,,,,,,,,,,,,,,,,,,,,,,,,,,,,,,,,,,,,,,,,,,,,,,,,,,,,,,,,,,,,,,,,,,,,,,,,,,,,,,,,,,,,,,,,,,,
TLN07,,,,,,,,,,,,,,,,,,,,,,,,,,,,,,,,,,,,,,,,,,,,,,,,,,,,,,,,,,,,,,,,,,,,,,,,"Armagh City, Banbridge and Craigavon",1878,,,,,,,,,,,,,,,,,,,,,,,,,,,,,,,,,,,,,,,,,,,,,,,,,,,,,,,,,,,,,,,,,,,,,,,,,,,,,,,,,,,,,,,,,,,,,,,,,,,,,,,,,,,,,,,,,,,,,,,,,,,,,,,,,,,,,,,,,,,,,,,,,,,,,,,,,,,,,,,,,,,,,,,,,,,,,,,,,,,,,,,,,,,,,,,,,,,,,,,,,,,,,,,,,,,,,,,,,,,,,,,,,,,,,,,,,,,,,,,,,,,,,,,
TLN08,,,,,,,,,,,,,,,,,,,,,,,,,,,,,,,,,,,,,,,,,,,,,,,,,,,,,,,,,,,,,,,,,,,,,,,,"Newry, Mourne and Down",886,,,,,,,,,,,,,,,,,,,,,,,,,,,,,,,,,,,,,,,,,,,,,,,,,,,,,,,,,,,,,,,,,,,,,,,,,,,,,,,,,,,,,,,,,,,,,,,,,,,,,,,,,,,,,,,,,,,,,,,,,,,,,,,,,,,,,,,,,,,,,,,,,,,,,,,,,,,,,,,,,,,,,,,,,,,,,,,,,,,,,,,,,,,,,,,,,,,,,,,,,,,,,,,,,,,,,,,,,,,,,,,,,,,,,,,,,,,,,,,,,,,,,,,
TLN09,,,,,,,,,,,,,,,,,,,,,,,,,,,,,,,,,,,,,,,,,,,,,,,,,,,,,,,,,,,,,,,,,,,,,,,,Ards and North Down,na,,,,,,,,,,,,,,,,,,,,,,,,,,,,,,,,,,,,,,,,,,,,,,,,,,,,,,,,,,,,,,,,,,,,,,,,,,,,,,,,,,,,,,,,,,,,,,,,,,,,,,,,,,,,,,,,,,,,,,,,,,,,,,,,,,,,,,,,,,,,,,,,,,,,,,,,,,,,,,,,,,,,,,,,,,,,,,,,,,,,,,,,,,,,,,,,,,,,,,,,,,,,,,,,,,,,,,,,,,,,,,,,,,,,,,,,,,,,,,,,,,,,,,,
TLN0A,,,,,,,,,,,,,,,,,,,,,,,,,,,,,,,,,,,,,,,,,,,,,,,,,,,,,,,,,,,,,,,,,,,,,,,,Derry City and Strabane,1176,,,,,,,,,,,,,,,,,,,,,,,,,,,,,,,,,,,,,,,,,,,,,,,,,,,,,,,,,,,,,,,,,,,,,,,,,,,,,,,,,,,,,,,,,,,,,,,,,,,,,,,,,,,,,,,,,,,,,,,,,,,,,,,,,,,,,,,,,,,,,,,,,,,,,,,,,,,,,,,,,,,,,,,,,,,,,,,,,,,,,,,,,,,,,,,,,,,,,,,,,,,,,,,,,,,,,,,,,,,,,,,,,,,,,,,,,,,,,,,,,,,,,,,
TLN0B,,,,,,,,,,,,,,,,,,,,,,,,,,,,,,,,,,,,,,,,,,,,,,,,,,,,,,,,,,,,,,,,,,,,,,,,Mid Ulster,1786,,,,,,,,,,,,,,,,,,,,,,,,,,,,,,,,,,,,,,,,,,,,,,,,,,,,,,,,,,,,,,,,,,,,,,,,,,,,,,,,,,,,,,,,,,,,,,,,,,,,,,,,,,,,,,,,,,,,,,,,,,,,,,,,,,,,,,,,,,,,,,,,,,,,,,,,,,,,,,,,,,,,,,,,,,,,,,,,,,,,,,,,,,,,,,,,,,,,,,,,,,,,,,,,,,,,,,,,,,,,,,,,,,,,,,,,,,,,,,,,,,,,,,,
TLN0C,,,,,,,,,,,,,,,,,,,,,,,,,,,,,,,,,,,,,,,,,,,,,,,,,,,,,,,,,,,,,,,,,,,,,,,,Causeway Coast and Glens,na,,,,,,,,,,,,,,,,,,,,,,,,,,,,,,,,,,,,,,,,,,,,,,,,,,,,,,,,,,,,,,,,,,,,,,,,,,,,,,,,,,,,,,,,,,,,,,,,,,,,,,,,,,,,,,,,,,,,,,,,,,,,,,,,,,,,,,,,,,,,,,,,,,,,,,,,,,,,,,,,,,,,,,,,,,,,,,,,,,,,,,,,,,,,,,,,,,,,,,,,,,,,,,,,,,,,,,,,,,,,,,,,,,,,,,,,,,,,,,,,,,,,,,,
TLN0D,,,,,,,,,,,,,,,,,,,,,,,,,,,,,,,,,,,,,,,,,,,,,,,,,,,,,,,,,,,,,,,,,,,,,,,,Antrim and Newtownabbey,748,,,,,,,,,,,,,,,,,,,,,,,,,,,,,,,,,,,,,,,,,,,,,,,,,,,,,,,,,,,,,,,,,,,,,,,,,,,,,,,,,,,,,,,,,,,,,,,,,,,,,,,,,,,,,,,,,,,,,,,,,,,,,,,,,,,,,,,,,,,,,,,,,,,,,,,,,,,,,,,,,,,,,,,,,,,,,,,,,,,,,,,,,,,,,,,,,,,,,,,,,,,,,,,,,,,,,,,,,,,,,,,,,,,,,,,,,,,,,,,,,,,,,,,
TLN0E,,,,,,,,,,,,,,,,,,,,,,,,,,,,,,,,,,,,,,,,,,,,,,,,,,,,,,,,,,,,,,,,,,,,,,,,Lisburn and Castlereagh,616,,,,,,,,,,,,,,,,,,,,,,,,,,,,,,,,,,,,,,,,,,,,,,,,,,,,,,,,,,,,,,,,,,,,,,,,,,,,,,,,,,,,,,,,,,,,,,,,,,,,,,,,,,,,,,,,,,,,,,,,,,,,,,,,,,,,,,,,,,,,,,,,,,,,,,,,,,,,,,,,,,,,,,,,,,,,,,,,,,,,,,,,,,,,,,,,,,,,,,,,,,,,,,,,,,,,,,,,,,,,,,,,,,,,,,,,,,,,,,,,,,,,,,,
TLN0F,,,,,,,,,,,,,,,,,,,,,,,,,,,,,,,,,,,,,,,,,,,,,,,,,,,,,,,,,,,,,,,,,,,,,,,,Mid and East Antrim,596,,,,,,,,,,,,,,,,,,,,,,,,,,,,,,,,,,,,,,,,,,,,,,,,,,,,,,,,,,,,,,,,,,,,,,,,,,,,,,,,,,,,,,,,,,,,,,,,,,,,,,,,,,,,,,,,,,,,,,,,,,,,,,,,,,,,,,,,,,,,,,,,,,,,,,,,,,,,,,,,,,,,,,,,,,,,,,,,,,,,,,,,,,,,,,,,,,,,,,,,,,,,,,,,,,,,,,,,,,,,,,,,,,,,,,,,,,,,,,,,,,,,,,,
TLN0G,,,,,,,,,,,,,,,,,,,,,,,,,,,,,,,,,,,,,,,,,,,,,,,,,,,,,,,,,,,,,,,,,,,,,,,,Fermanagh and Omagh,801,,,,,,,,,,,,,,,,,,,,,,,,,,,,,,,,,,,,,,,,,,,,,,,,,,,,,,,,,,,,,,,,,,,,,,,,,,,,,,,,,,,,,,,,,,,,,,,,,,,,,,,,,,,,,,,,,,,,,,,,,,,,,,,,,,,,,,,,,,,,,,,,,,,,,,,,,,,,,,,,,,,,,,,,,,,,,,,,,,,,,,,,,,,,,,,,,,,,,,,,,,,,,,,,,,,,,,,,,,,,,,,,,,,,,,,,,,,,,,,,,,,,,,,
W06000001,,,Isle of Anglesey,28.54,,,,,,Isle of Anglesey,579.4,,,,,,Isle of Anglesey,,78.7,,,,,,,,,Isle of Anglesey,,3.7,,,,,,Isle of Anglesey,18046.0,,,,,,Isle of Anglesey,185.0,,,,,,Isle of Anglesey,190.0,,,,,,Isle of Anglesey,2180.0,,,,,,Isle of Anglesey,10.0,,,,,,,,,,,,,,,,,,,,,,,,,,,,,,,,,,,,,,,,,,,,Isle of Anglesey,30.7,,,Isle of Anglesey,99.61,,,,,,,,,,,,,,,,,,,,,,,,,,,,,,,,,,,,,,,,,,,,,,,,,,,,,,,,,,,,,,,,,,,,,,,,,,,,,,,,Isle of Anglesey,,58.1,,,,,,,,,,,,,,,,Isle of Anglesey,,,63.59,,,,,,Isle of Anglesey,,,64.19,,,,,,Isle of Anglesey,17.1,,,,,,,,,,,,,,,,,,,,,,,,,,,,,,,,,,,,,,,,,,,Isle of Anglesey,7.5,,"coefficient of variation is less than or equal to 5%, estimate is considered precise.",,,,,,Isle of Anglesey,7.91,,"coefficient of variation is less than or equal to 5%, estimate is considered precise.",,,,,,Isle of Anglesey,7.38,,"coefficient of variation is less than or equal to 5%, estimate is considered precise.",,,,,,Isle of Anglesey,3.47,,"coefficient of variation is greater than 5% but less than or equal to 10%, estimate is considered reasonably precise.",,,,,,,,,,,,,,,,
W06000002,,,Gwynedd,26.94,,,,,,Gwynedd,473.4,,,,,,Gwynedd,,71.6,,,,,,,,,Gwynedd,,3.7,,,,,,Gwynedd,17430.0,,,,,,Gwynedd,345.0,,,,,,Gwynedd,320.0,,,,,,Gwynedd,4425.0,,,,,,Gwynedd,15.0,,,,,,,,,,,,,,,,,,,,,,,,,,,,,,,,,,,,,,,,,,,,Gwynedd,39.3,,,Gwynedd,81.8,,,,,,,,,,,,,,,,,,,,,,,,,,,,,,,,,,,,,,,,,,,,,,,,,,,,,,,,,,,,,,,,,,,,,,,,,,,,,,,,Gwynedd,,60.7,,,,,,,,,,,,,,,,Gwynedd,,,68.1,,,,,,Gwynedd,,,65.05,,,,,,Gwynedd,16.5,,,,,,,,,,,,,,,,,,,,,,,,,,,,,,,,,,,,,,,,,,,Gwynedd,7.63,,"coefficient of variation is less than or equal to 5%, estimate is considered precise.",,,,,,Gwynedd,7.81,,"coefficient of variation is less than or equal to 5%, estimate is considered precise.",,,,,,Gwynedd,7.51,,"coefficient of variation is less than or equal to 5%, estimate is considered precise.",,,,,,Gwynedd,3.54,,"coefficient of variation is greater than 5% but less than or equal to 10%, estimate is considered reasonably precise.",,,,,,,,,,,,,,,,
W06000003,,,Conwy,26.03,,,,,,Conwy,509.7,,,,,,Conwy,,73.9,,,,,,,,,Conwy,,3.6,,,,,,Conwy,18975.0,,,,,,Conwy,390.0,,,,,,Conwy,410.0,,,,,,Conwy,4290.0,,,,,,Conwy,15.0,,,,,,,,,,,,,,,,,,,,,,,,,,,,,,,,,,,,,,,,,,,,Conwy,78.1,,,Conwy,88.41,,,,,,,,,,,,,,,,,,,,,,,,,,,,,,,,,,,,,,,,,,,,,,,,,,,,,,,,,,,,,,,,,,,,,,,,,,,,,,,,Conwy,,63.5,,,,,,,,,,,,,,,,Conwy,,,66.01,,,,,,Conwy,,,63.41,,,,,,Conwy,15.2,,,,,,,,,,,,,,,,,,,,,,,,,,,,,,,,,,,,,,,,,,,Conwy,7.33,,"coefficient of variation is less than or equal to 5%, estimate is considered precise.",,,,,,Conwy,7.68,,"coefficient of variation is less than or equal to 5%, estimate is considered precise.",,,,,,Conwy,7.32,,"coefficient of variation is less than or equal to 5%, estimate is considered precise.",,,,,,Conwy,3.36,,"coefficient of variation is greater than 5% but less than or equal to 10%, estimate is considered reasonably precise.",,,,,,,,,,,,,,,,
W06000004,,,Denbighshire,28.01,,,,,,Denbighshire,469.7,,,,,,Denbighshire,,71.2,,,,,,,,,Denbighshire,,3.8,,,,,,Denbighshire,17786.0,,,,,,Denbighshire,310.0,,,,,,Denbighshire,385.0,,,,,,Denbighshire,3435.0,,,,,,Denbighshire,15.0,,,,,,,,,,,,,,,,,,,,,,,,,,,,,,,,,,,,,,,,,,,,Denbighshire,66.5,,,Denbighshire,95.17,,,,,,,,,,,,,,,,,,,,,,,,,,,,,,,,,,,,,,,,,,,,,,,,,,,,,,,,,,,,,,,,,,,,,,,,,,,,,,,,Denbighshire,,58.4,,,,,,,,,,,,,,,,Denbighshire,,,65.83,,,,,,Denbighshire,,,63.25,,,,,,Denbighshire,18.8,,,,,,,,,,,,,,,,,,,,,,,,,,,,,,,,,,,,,,,,,,,Denbighshire,7.55,,"coefficient of variation is less than or equal to 5%, estimate is considered precise.",,,,,,Denbighshire,7.63,,"coefficient of variation is less than or equal to 5%, estimate is considered precise.",,,,,,Denbighshire,7.3,,"coefficient of variation is less than or equal to 5%, estimate is considered precise.",,,,,,Denbighshire,2.85,,"coefficient of variation is greater than 5% but less than or equal to 10%, estimate is considered reasonably precise.",,,,,,,,,,,,,,,,
W06000005,,,Flintshire,38.08,,,,,,Flintshire,568.7,,,,,,Flintshire,,81,,,,,,,,,Flintshire,,2.8,,,,,,Flintshire,19212.0,,,,,,Flintshire,690.0,,,,,,Flintshire,755.0,,,,,,Flintshire,5880.0,,,,,,Flintshire,25.0,,,,,,,,,,,,,,,,,,,,,,,,,,,,,,,,,,,,,,,,,,,,Flintshire,70.3,,,Flintshire,99.81,,,,,,,,,,,,,,,,,,,,,,,,,,,,,,,,,,,,,,,,,,,,,,,,,,,,,,,,,,,,,,,,,,,,,,,,,,,,,,,,Flintshire,,55.8,,,,,,,,,,,,,,,,Flintshire,,,63.95,,,,,,Flintshire,,,64.22,,,,,,Flintshire,13.6,,,,,,,,,,,,,,,,,,,,,,,,,,,,,,,,,,,,,,,,,,,Flintshire,7.31,,"coefficient of variation is less than or equal to 5%, estimate is considered precise.",,,,,,Flintshire,7.66,,"coefficient of variation is less than or equal to 5%, estimate is considered precise.",,,,,,Flintshire,7.4,,"coefficient of variation is less than or equal to 5%, estimate is considered precise.",,,,,,Flintshire,2.87,,"coefficient of variation is greater than 5% but less than or equal to 10%, estimate is considered reasonably precise.",,,,,,,,,,,,,,,,
W06000006,,,Wrexham,34.24,,,,,,Wrexham,547.9,,,,,,Wrexham,,80.5,,,,,,,,,Wrexham,,2.9,,,,,,Wrexham,17661.0,,,,,,Wrexham,395.0,,,,,,Wrexham,425.0,,,,,,Wrexham,4090.0,,,,,,Wrexham,15.0,,,,,,,,,,,,,,,,,,,,,,,,,,,,,,,,,,,,,,,,,,,,Wrexham,56.2,,,Wrexham,91.63,,,,,,,,,,,,,,,,,,,,,,,,,,,,,,,,,,,,,,,,,,,,,,,,,,,,,,,,,,,,,,,,,,,,,,,,,,,,,,,,Wrexham,,52.6,,,,,,,,,,,,,,,,Wrexham,,,63.26,,,,,,Wrexham,,,63.77,,,,,,Wrexham,14.3,,,,,,,,,,,,,,,,,,,,,,,,,,,,,,,,,,,,,,,,,,,Wrexham,7.53,,"coefficient of variation is less than or equal to 5%, estimate is considered precise.",,,,,,Wrexham,7.8,,"coefficient of variation is less than or equal to 5%, estimate is considered precise.",,,,,,Wrexham,7.39,,"coefficient of variation is less than or equal to 5%, estimate is considered precise.",,,,,,Wrexham,3.22,,"coefficient of variation is greater than 5% but less than or equal to 10%, estimate is considered reasonably precise.",,,,,,,,,,,,,,,,
W06000008,,,Ceredigion,26.56,,,,,,Ceredigion,513.8,,,,,,Ceredigion,,72.7,,,,,,,,,Ceredigion,,3.4,,,,,,Ceredigion,17824.0,,,,,,Ceredigion,225.0,,,,,,Ceredigion,185.0,,,,,,Ceredigion,2885.0,,,,,,Ceredigion,10.0,,,,,,,,,,,,,,,,,,,,,,,,,,,,,,,,,,,,,,,,,,,,Ceredigion,37.4,,,Ceredigion,84.87,,,,,,,,,,,,,,,,,,,,,,,,,,,,,,,,,,,,,,,,,,,,,,,,,,,,,,,,,,,,,,,,,,,,,,,,,,,,,,,,Ceredigion,,71.2,,,,,,,,,,,,,,,,Ceredigion,,,64.17,,,,,,Ceredigion,,,62.62,,,,,,Ceredigion,10.7,,,,,,,,,,,,,,,,,,,,,,,,,,,,,,,,,,,,,,,,,,,Ceredigion,7.32,,"coefficient of variation is less than or equal to 5%, estimate is considered precise.",,,,,,Ceredigion,7.63,,"coefficient of variation is less than or equal to 5%, estimate is considered precise.",,,,,,Ceredigion,7.34,,"coefficient of variation is less than or equal to 5%, estimate is considered precise.",,,,,,Ceredigion,3.28,,"coefficient of variation is greater than 5% but less than or equal to 10%, estimate is considered reasonably precise.",,,,,,,,,,,,,,,,
W06000009,,,Pembrokeshire,35.13,,,,,,Pembrokeshire,510,,,,,,Pembrokeshire,,74.7,,,,,,,,,Pembrokeshire,,4,,,,,,Pembrokeshire,18109.0,,,,,,Pembrokeshire,430.0,,,,,,Pembrokeshire,440.0,,,,,,Pembrokeshire,4835.0,,,,,,Pembrokeshire,20.0,,,,,,,,,,,,,,,,,,,,,,,,,,,,,,,,,,,,,,,,,,,,Pembrokeshire,38.8,,,Pembrokeshire,98.7,,,,,,,,,,,,,,,,,,,,,,,,,,,,,,,,,,,,,,,,,,,,,,,,,,,,,,,,,,,,,,,,,,,,,,,,,,,,,,,,Pembrokeshire,,57.3,,,,,,,,,,,,,,,,Pembrokeshire,,,65.75,,,,,,Pembrokeshire,,,61.76,,,,,,Pembrokeshire,14.5,,,,,,,,,,,,,,,,,,,,,,,,,,,,,,,,,,,,,,,,,,,Pembrokeshire,7.48,,"coefficient of variation is less than or equal to 5%, estimate is considered precise.",,,,,,Pembrokeshire,7.69,,"coefficient of variation is less than or equal to 5%, estimate is considered precise.",,,,,,Pembrokeshire,7.55,,"coefficient of variation is less than or equal to 5%, estimate is considered precise.",,,,,,Pembrokeshire,2.65,,"coefficient of variation is greater than 5% but less than or equal to 10%, estimate is considered reasonably precise.",,,,,,,,,,,,,,,,
W06000010,,,Carmarthenshire,29.01,,,,,,Carmarthenshire,543.9,,,,,,Carmarthenshire,,72.5,,,,,,,,,Carmarthenshire,,4.1,,,,,,Carmarthenshire,17419.0,,,,,,Carmarthenshire,630.0,,,,,,Carmarthenshire,700.0,,,,,,Carmarthenshire,6550.0,,,,,,Carmarthenshire,25.0,,,,,,,,,,,,,,,,,,,,,,,,,,,,,,,,,,,,,,,,,,,,Carmarthenshire,52.7,,,Carmarthenshire,94.84,,,,,,,,,,,,,,,,,,,,,,,,,,,,,,,,,,,,,,,,,,,,,,,,,,,,,,,,,,,,,,,,,,,,,,,,,,,,,,,,Carmarthenshire,,59,,,,,,,,,,,,,,,,Carmarthenshire,,,61.83,,,,,,Carmarthenshire,,,59.74,,,,,,Carmarthenshire,11.9,,,,,,,,,,,,,,,,,,,,,,,,,,,,,,,,,,,,,,,,,,,Carmarthenshire,7.45,,"coefficient of variation is less than or equal to 5%, estimate is considered precise.",,,,,,Carmarthenshire,7.71,,"coefficient of variation is less than or equal to 5%, estimate is considered precise.",,,,,,Carmarthenshire,7.43,,"coefficient of variation is less than or equal to 5%, estimate is considered precise.",,,,,,Carmarthenshire,3.21,,"coefficient of variation is greater than 5% but less than or equal to 10%, estimate is considered reasonably precise.",,,,,,,,,,,,,,,,
W06000011,,,Swansea,32.55,,,,,,Swansea,535.9,,,,,,Swansea,,74.1,,,,,,,,,Swansea,,4.2,,,,,,Swansea,17772.0,,,,,,Swansea,855.0,,,,,,Swansea,850.0,,,,,,Swansea,7395.0,,,,,,Swansea,35.0,,,,,,,,,,,,,,,,,,,,,,,,,,,,,,,,,,,,,,,,,,,,Swansea,82.3,,,Swansea,98.15,,,,,,,,,,,,,,,,,,,,,,,,,,,,,,,,,,,,,,,,,,,,,,,,,,,,,,,,,,,,,,,,,,,,,,,,,,,,,,,,Swansea,,62,,,,,,,,,,,,,,,,Swansea,,,60.51,,,,,,Swansea,,,61.92,,,,,,Swansea,12,,,,,,,,,,,,,,,,,,,,,,,,,,,,,,,,,,,,,,,,,,,Swansea,7.47,,"coefficient of variation is less than or equal to 5%, estimate is considered precise.",,,,,,Swansea,7.57,,"coefficient of variation is less than or equal to 5%, estimate is considered precise.",,,,,,Swansea,7.34,,"coefficient of variation is less than or equal to 5%, estimate is considered precise.",,,,,,Swansea,3.46,,"coefficient of variation is greater than 5% but less than or equal to 10%, estimate is considered reasonably precise.",,,,,,,,,,,,,,,,
W06000012,,,Neath Port Talbot,29.6,,,,,,Neath Port Talbot,561.3,,,,,,Neath Port Talbot,,72.1,,,,,,,,,Neath Port Talbot,,3.5,,,,,,Neath Port Talbot,17181.0,,,,,,Neath Port Talbot,530.0,,,,,,Neath Port Talbot,405.0,,,,,,Neath Port Talbot,3520.0,,,,,,Neath Port Talbot,15.0,,,,,,,,,,,,,,,,,,,,,,,,,,,,,,,,,,,,,,,,,,,,Neath Port Talbot,71.1,,,Neath Port Talbot,97.21,,,,,,,,,,,,,,,,,,,,,,,,,,,,,,,,,,,,,,,,,,,,,,,,,,,,,,,,,,,,,,,,,,,,,,,,,,,,,,,,Neath Port Talbot,,50.4,,,,,,,,,,,,,,,,Neath Port Talbot,,,57.92,,,,,,Neath Port Talbot,,,59.67,,,,,,Neath Port Talbot,15.6,,,,,,,,,,,,,,,,,,,,,,,,,,,,,,,,,,,,,,,,,,,Neath Port Talbot,7.35,,"coefficient of variation is less than or equal to 5%, estimate is considered precise.",,,,,,Neath Port Talbot,7.68,,"coefficient of variation is less than or equal to 5%, estimate is considered precise.",,,,,,Neath Port Talbot,7.32,,"coefficient of variation is less than or equal to 5%, estimate is considered precise.",,,,,,Neath Port Talbot,3.58,,"coefficient of variation is greater than 5% but less than or equal to 10%, estimate is considered reasonably precise.",,,,,,,,,,,,,,,,
W06000013,,,Bridgend,35.68,,,,,,Bridgend,551.9,,,,,,Bridgend,,68.8,,,,,,,,,Bridgend,,3.4,,,,,,Bridgend,17177.0,,,,,,Bridgend,745.0,,,,,,Bridgend,585.0,,,,,,Bridgend,4545.0,,,,,,Bridgend,15.0,,,,,,,,,,,,,,,,,,,,,,,,,,,,,,,,,,,,,,,,,,,,Bridgend,65.3,,,Bridgend,99.51,,,,,,,,,,,,,,,,,,,,,,,,,,,,,,,,,,,,,,,,,,,,,,,,,,,,,,,,,,,,,,,,,,,,,,,,,,,,,,,,Bridgend,,55.5,,,,,,,,,,,,,,,,Bridgend,,,58.24,,,,,,Bridgend,,,60.16,,,,,,Bridgend,13.1,,,,,,,,,,,,,,,,,,,,,,,,,,,,,,,,,,,,,,,,,,,Bridgend,7.49,,"coefficient of variation is less than or equal to 5%, estimate is considered precise.",,,,,,Bridgend,7.78,,"coefficient of variation is less than or equal to 5%, estimate is considered precise.",,,,,,Bridgend,7.72,,"coefficient of variation is less than or equal to 5%, estimate is considered precise.",,,,,,Bridgend,3.13,,"coefficient of variation is greater than 5% but less than or equal to 10%, estimate is considered reasonably precise.",,,,,,,,,,,,,,,,
W06000014,,,Vale of Glamorgan,29.48,,,,,,Vale of Glamorgan,559.9,,,,,,Vale of Glamorgan,,76.6,,,,,,,,,Vale of Glamorgan,,3.2,,,,,,Vale of Glamorgan,21923.0,,,,,,Vale of Glamorgan,555.0,,,,,,Vale of Glamorgan,605.0,,,,,,Vale of Glamorgan,4895.0,,,,,,Vale of Glamorgan,10.0,,,,,,,,,,,,,,,,,,,,,,,,,,,,,,,,,,,,,,,,,,,,Vale of Glamorgan,82.6,,,Vale of Glamorgan,99.8,,,,,,,,,,,,,,,,,,,,,,,,,,,,,,,,,,,,,,,,,,,,,,,,,,,,,,,,,,,,,,,,,,,,,,,,,,,,,,,,Vale of Glamorgan,,65.1,,,,,,,,,,,,,,,,Vale of Glamorgan,,,64.74,,,,,,Vale of Glamorgan,,,61.94,,,,,,Vale of Glamorgan,8.7,,,,,,,,,,,,,,,,,,,,,,,,,,,,,,,,,,,,,,,,,,,Vale of Glamorgan,7.5,,"coefficient of variation is less than or equal to 5%, estimate is considered precise.",,,,,,Vale of Glamorgan,7.68,,"coefficient of variation is less than or equal to 5%, estimate is considered precise.",,,,,,Vale of Glamorgan,7.43,,"coefficient of variation is less than or equal to 5%, estimate is considered precise.",,,,,,Vale of Glamorgan,3.43,,"coefficient of variation is greater than 5% but less than or equal to 10%, estimate is considered reasonably precise.",,,,,,,,,,,,,,,,
W06000015,,,Cardiff,36.09,,,,,,Cardiff,570.7,,,,,,Cardiff,,76.1,,,,,,,,,Cardiff,,4.5,,,,,,Cardiff,18536.0,,,,,,Cardiff,2115.0,,,,,,Cardiff,1645.0,,,,,,Cardiff,13840.0,,,,,,Cardiff,60.0,,,,,,,,,,,,,,,,,,,,,,,,,,,,,,,,,,,,,,,,,,,,Cardiff,88.2,,,Cardiff,100.0,,,,,,,,,,,,,,,,,,,,,,,,,,,,,,,,,,,,,,,,,,,,,,,,,,,,,,,,,,,,,,,,,,,,,,,,,,,,,,,,Cardiff,,65.8,,,,,,,,,,,,,,,,Cardiff,,,65.86,,,,,,Cardiff,,,62.87,,,,,,Cardiff,13.7,,,,,,,,,,,,,,,,,,,,,,,,,,,,,,,,,,,,,,,,,,,Cardiff,7.15,,"coefficient of variation is less than or equal to 5%, estimate is considered precise.",,,,,,Cardiff,7.33,,"coefficient of variation is less than or equal to 5%, estimate is considered precise.",,,,,,Cardiff,7.1,,"coefficient of variation is less than or equal to 5%, estimate is considered precise.",,,,,,Cardiff,3.55,,"coefficient of variation is greater than 5% but less than or equal to 10%, estimate is considered reasonably precise.",,,,,,,,,,,,,,,,
W06000016,,,Rhondda Cynon Taf,35.92,,,,,,Rhondda Cynon Taf,528.8,,,,,,Rhondda Cynon Taf,,70,,,,,,,,,Rhondda Cynon Taf,,3.9,,,,,,Rhondda Cynon Taf,16694.0,,,,,,Rhondda Cynon Taf,855.0,,,,,,Rhondda Cynon Taf,990.0,,,,,,Rhondda Cynon Taf,6835.0,,,,,,Rhondda Cynon Taf,25.0,,,,,,,,,,,,,,,,,,,,,,,,,,,,,,,,,,,,,,,,,,,,Rhondda Cynon Taf,48.0,,,Rhondda Cynon Taf,99.04,,,,,,,,,,,,,,,,,,,,,,,,,,,,,,,,,,,,,,,,,,,,,,,,,,,,,,,,,,,,,,,,,,,,,,,,,,,,,,,,Rhondda Cynon Taf,,53.1,,,,,,,,,,,,,,,,Rhondda Cynon Taf,,,60.68,,,,,,Rhondda Cynon Taf,,,57.14,,,,,,Rhondda Cynon Taf,17.2,,,,,,,,,,,,,,,,,,,,,,,,,,,,,,,,,,,,,,,,,,,Rhondda Cynon Taf,7.39,,"coefficient of variation is less than or equal to 5%, estimate is considered precise.",,,,,,Rhondda Cynon Taf,7.83,,"coefficient of variation is less than or equal to 5%, estimate is considered precise.",,,,,,Rhondda Cynon Taf,7.22,,"coefficient of variation is less than or equal to 5%, estimate is considered precise.",,,,,,Rhondda Cynon Taf,3.35,,"coefficient of variation is greater than 5% but less than or equal to 10%, estimate is considered reasonably precise.",,,,,,,,,,,,,,,,
W06000018,,,Caerphilly,31.86,,,,,,Caerphilly,529.5,,,,,,Caerphilly,,74,,,,,,,,,Caerphilly,,3.6,,,,,,Caerphilly,17411.0,,,,,,Caerphilly,575.0,,,,,,Caerphilly,570.0,,,,,,Caerphilly,4595.0,,,,,,Caerphilly,20.0,,,,,,,,,,,,,,,,,,,,,,,,,,,,,,,,,,,,,,,,,,,,Caerphilly,63.3,,,Caerphilly,98.71,,,,,,,,,,,,,,,,,,,,,,,,,,,,,,,,,,,,,,,,,,,,,,,,,,,,,,,,,,,,,,,,,,,,,,,,,,,,,,,,Caerphilly,,49.7,,,,,,,,,,,,,,,,Caerphilly,,,57.03,,,,,,Caerphilly,,,56.7,,,,,,Caerphilly,13.9,,,,,,,,,,,,,,,,,,,,,,,,,,,,,,,,,,,,,,,,,,,Caerphilly,7.34,,"coefficient of variation is less than or equal to 5%, estimate is considered precise.",,,,,,Caerphilly,7.85,,"coefficient of variation is less than or equal to 5%, estimate is considered precise.",,,,,,Caerphilly,7.37,,"coefficient of variation is less than or equal to 5%, estimate is considered precise.",,,,,,Caerphilly,3.51,,"coefficient of variation is less than or equal to 5%, estimate is considered precise.",,,,,,,,,,,,,,,,
W06000019,,,Blaenau Gwent,30.78,,,,,,Blaenau Gwent,513.2,,,,,,Blaenau Gwent,,67.2,,,,,,,,,Blaenau Gwent,,4.6,,,,,,Blaenau Gwent,14884.0,,,,,,Blaenau Gwent,195.0,,,,,,Blaenau Gwent,170.0,,,,,,Blaenau Gwent,1485.0,,,,,,Blaenau Gwent,5.0,,,,,,,,,,,,,,,,,,,,,,,,,,,,,,,,,,,,,,,,,,,,Blaenau Gwent,37.5,,,Blaenau Gwent,99.85,,,,,,,,,,,,,,,,,,,,,,,,,,,,,,,,,,,,,,,,,,,,,,,,,,,,,,,,,,,,,,,,,,,,,,,,,,,,,,,,Blaenau Gwent,,44.8,,,,,,,,,,,,,,,,Blaenau Gwent,,,56.46,,,,,,Blaenau Gwent,,,55.65,,,,,,Blaenau Gwent,17,,,,,,,,,,,,,,,,,,,,,,,,,,,,,,,,,,,,,,,,,,,Blaenau Gwent,7.32,,"coefficient of variation is less than or equal to 5%, estimate is considered precise.",,,,,,Blaenau Gwent,7.75,,"coefficient of variation is less than or equal to 5%, estimate is considered precise.",,,,,,Blaenau Gwent,7.22,,"coefficient of variation is less than or equal to 5%, estimate is considered precise.",,,,,,Blaenau Gwent,3.61,,"coefficient of variation is greater than 5% but less than or equal to 10%, estimate is considered reasonably precise.",,,,,,,,,,,,,,,,
W06000020,,,Torfaen,29.74,,,,,,Torfaen,547.6,,,,,,Torfaen,,75.6,,,,,,,,,Torfaen,,3.4,,,,,,Torfaen,17117.0,,,,,,Torfaen,350.0,,,,,,Torfaen,250.0,,,,,,Torfaen,2455.0,,,,,,Torfaen,5.0,,,,,,,,,,,,,,,,,,,,,,,,,,,,,,,,,,,,,,,,,,,,Torfaen,43.3,,,Torfaen,98.57,,,,,,,,,,,,,,,,,,,,,,,,,,,,,,,,,,,,,,,,,,,,,,,,,,,,,,,,,,,,,,,,,,,,,,,,,,,,,,,,Torfaen,,46.4,,,,,,,,,,,,,,,,Torfaen,,,55.26,,,,,,Torfaen,,,60.75,,,,,,Torfaen,19.1,,,,,,,,,,,,,,,,,,,,,,,,,,,,,,,,,,,,,,,,,,,Torfaen,7.37,,"coefficient of variation is less than or equal to 5%, estimate is considered precise.",,,,,,Torfaen,7.72,,"coefficient of variation is less than or equal to 5%, estimate is considered precise.",,,,,,Torfaen,7.3,,"coefficient of variation is less than or equal to 5%, estimate is considered precise.",,,,,,Torfaen,3.13,,"coefficient of variation is greater than 5% but less than or equal to 10%, estimate is considered reasonably precise.",,,,,,,,,,,,,,,,
W06000021,,,Monmouthshire,34.72,,,,,,Monmouthshire,577.3,,,,,,Monmouthshire,,77,,,,,,,,,Monmouthshire,,2.9,,,,,,Monmouthshire,22720.0,,,,,,Monmouthshire,380.0,,,,,,Monmouthshire,380.0,,,,,,Monmouthshire,4240.0,,,,,,Monmouthshire,20.0,,,,,,,,,,,,,,,,,,,,,,,,,,,,,,,,,,,,,,,,,,,,Monmouthshire,56.5,,,Monmouthshire,93.26,,,,,,,,,,,,,,,,,,,,,,,,,,,,,,,,,,,,,,,,,,,,,,,,,,,,,,,,,,,,,,,,,,,,,,,,,,,,,,,,Monmouthshire,,68.8,,,,,,,,,,,,,,,,Monmouthshire,,,69.3,,,,,,Monmouthshire,,,68.74,,,,,,Monmouthshire,8.4,,,,,,,,,,,,,,,,,,,,,,,,,,,,,,,,,,,,,,,,,,,Monmouthshire,7.63,,"coefficient of variation is less than or equal to 5%, estimate is considered precise.",,,,,,Monmouthshire,7.98,,"coefficient of variation is less than or equal to 5%, estimate is considered precise.",,,,,,Monmouthshire,7.64,,"coefficient of variation is less than or equal to 5%, estimate is considered precise.",,,,,,Monmouthshire,3.23,,"coefficient of variation is less than or equal to 5%, estimate is considered precise.",,,,,,,,,,,,,,,,
W06000022,,,Newport,32.33,,,,,,Newport,551.2,,,,,,Newport,,74.3,,,,,,,,,Newport,,4.9,,,,,,Newport,17154.0,,,,,,Newport,730.0,,,,,,Newport,740.0,,,,,,Newport,4885.0,,,,,,Newport,15.0,,,,,,,,,,,,,,,,,,,,,,,,,,,,,,,,,,,,,,,,,,,,Newport,86.0,,,Newport,100.0,,,,,,,,,,,,,,,,,,,,,,,,,,,,,,,,,,,,,,,,,,,,,,,,,,,,,,,,,,,,,,,,,,,,,,,,,,,,,,,,Newport,,56.3,,,,,,,,,,,,,,,,Newport,,,58.11,,,,,,Newport,,,60.66,,,,,,Newport,15.1,,,,,,,,,,,,,,,,,,,,,,,,,,,,,,,,,,,,,,,,,,,Newport,7.27,,"coefficient of variation is less than or equal to 5%, estimate is considered precise.",,,,,,Newport,7.47,,"coefficient of variation is less than or equal to 5%, estimate is considered precise.",,,,,,Newport,7.13,,"coefficient of variation is less than or equal to 5%, estimate is considered precise.",,,,,,Newport,3.22,,"coefficient of variation is greater than 5% but less than or equal to 10%, estimate is considered reasonably precise.",,,,,,,,,,,,,,,,
W06000023,,,Powys,24.02,,,,,,Powys,537.2,,,,,,Powys,,74,,,,,,,,,Powys,,3.4,,,,,,Powys,19113.0,,,,,,Powys,415.0,,,,,,Powys,450.0,,,,,,Powys,5795.0,,,,,,Powys,20.0,,,,,,,,,,,,,,,,,,,,,,,,,,,,,,,,,,,,,,,,,,,,Powys,34.9,,,Powys,85.38,,,,,,,,,,,,,,,,,,,,,,,,,,,,,,,,,,,,,,,,,,,,,,,,,,,,,,,,,,,,,,,,,,,,,,,,,,,,,,,,Powys,,60.6,,,,,,,,,,,,,,,,Powys,,,65.62,,,,,,Powys,,,62.02,,,,,,Powys,9.8,,,,,,,,,,,,,,,,,,,,,,,,,,,,,,,,,,,,,,,,,,,Powys,7.43,,"coefficient of variation is less than or equal to 5%, estimate is considered precise.",,,,,,Powys,7.77,,"coefficient of variation is less than or equal to 5%, estimate is considered precise.",,,,,,Powys,7.45,,"coefficient of variation is less than or equal to 5%, estimate is considered precise.",,,,,,Powys,2.96,,"coefficient of variation is greater than 5% but less than or equal to 10%, estimate is considered reasonably precise.",,,,,,,,,,,,,,,,
W06000024,,,Merthyr Tydfil,29.03,,,,,,Merthyr Tydfil,544.9,,,,,,Merthyr Tydfil,,69.8,,,,,,,,,Merthyr Tydfil,,4.3,,,,,,Merthyr Tydfil,16043.0,,,,,,Merthyr Tydfil,190.0,,,,,,Merthyr Tydfil,210.0,,,,,,Merthyr Tydfil,1465.0,,,,,,Merthyr Tydfil,5.0,,,,,,,,,,,,,,,,,,,,,,,,,,,,,,,,,,,,,,,,,,,,Merthyr Tydfil,66.7,,,Merthyr Tydfil,98.85,,,,,,,,,,,,,,,,,,,,,,,,,,,,,,,,,,,,,,,,,,,,,,,,,,,,,,,,,,,,,,,,,,,,,,,,,,,,,,,,Merthyr Tydfil,,44.3,,,,,,,,,,,,,,,,Merthyr Tydfil,,,57,,,,,,Merthyr Tydfil,,,57.67,,,,,,Merthyr Tydfil,19.9,,,,,,,,,,,,,,,,,,,,,,,,,,,,,,,,,,,,,,,,,,,Merthyr Tydfil,7.47,,"coefficient of variation is less than or equal to 5%, estimate is considered precise.",,,,,,Merthyr Tydfil,8.12,,"coefficient of variation is less than or equal to 5%, estimate is considered precise.",,,,,,Merthyr Tydfil,7.48,,"coefficient of variation is less than or equal to 5%, estimate is considered precise.",,,,,,Merthyr Tydfil,3.6,,"coefficient of variation is greater than 5% but less than or equal to 10%, estimate is considered reasonably precise.",,,,,,,,,,,,,,,,
W11000023,,,,,,,,,,,,,,,,,,,,,,,,,,,,,,,,,,,,,,,,,,,,,,,,,,,,,,,,,,,,,,,,,,,,,,,,,,,,,,,,,,,,,,,,,,,,,,,,,,,,,,,,,,,,,,,,,,,,,,,,,,,,,,,,,,,,,,,,,,,,,,,,,,,,,,,,,,,,,,,,,,,,,,,,,,,,,,,,,,,,,,,,,,,,,,,,,,,,,,,,,,,,,,,,,,,,,Betsi Cadwaladr University Health Board,,65.24,,,,,,,Betsi Cadwaladr University Health Board,,63.93,,,,,,,,,,,,,,,,,,,,,,,,,,,,,,,,,,,,,,,,,,,,,,,,,,,,,,,,,,,,,,,,,,,,,,,,,,,,,,,,,,,,,,,,,,,,,,,,
W11000024,,,,,,,,,,,,,,,,,,,,,,,,,,,,,,,,,,,,,,,,,,,,,,,,,,,,,,,,,,,,,,,,,,,,,,,,,,,,,,,,,,,,,,,,,,,,,,,,,,,,,,,,,,,,,,,,,,,,,,,,,,,,,,,,,,,,,,,,,,,,,,,,,,,,,,,,,,,,,,,,,,,,,,,,,,,,,,,,,,,,,,,,,,,,,,,,,,,,,,,,,,,,,,,,,,,,,Powys Teaching Health Board,,65.62,,,,,,,Powys Teaching Health Board,,62.02,,,,,,,,,,,,,,,,,,,,,,,,,,,,,,,,,,,,,,,,,,,,,,,,,,,,,,,,,,,,,,,,,,,,,,,,,,,,,,,,,,,,,,,,,,,,,,,,
W11000025,,,,,,,,,,,,,,,,,,,,,,,,,,,,,,,,,,,,,,,,,,,,,,,,,,,,,,,,,,,,,,,,,,,,,,,,,,,,,,,,,,,,,,,,,,,,,,,,,,,,,,,,,,,,,,,,,,,,,,,,,,,,,,,,,,,,,,,,,,,,,,,,,,,,,,,,,,,,,,,,,,,,,,,,,,,,,,,,,,,,,,,,,,,,,,,,,,,,,,,,,,,,,,,,,,,,,Hywel Dda University Health Board,,63.45,,,,,,,Hywel Dda University Health Board,,60.93,,,,,,,,,,,,,,,,,,,,,,,,,,,,,,,,,,,,,,,,,,,,,,,,,,,,,,,,,,,,,,,,,,,,,,,,,,,,,,,,,,,,,,,,,,,,,,,,
W11000028,,,,,,,,,,,,,,,,,,,,,,,,,,,,,,,,,,,,,,,,,,,,,,,,,,,,,,,,,,,,,,,,,,,,,,,,,,,,,,,,,,,,,,,,,,,,,,,,,,,,,,,,,,,,,,,,,,,,,,,,,,,,,,,,,,,,,,,,,,,,,,,,,,,,,,,,,,,,,,,,,,,,,,,,,,,,,,,,,,,,,,,,,,,,,,,,,,,,,,,,,,,,,,,,,,,,,Aneurin Bevan University Health Board,,58.88,,,,,,,Aneurin Bevan University Health Board,,60.12,,,,,,,,,,,,,,,,,,,,,,,,,,,,,,,,,,,,,,,,,,,,,,,,,,,,,,,,,,,,,,,,,,,,,,,,,,,,,,,,,,,,,,,,,,,,,,,,
W11000029,,,,,,,,,,,,,,,,,,,,,,,,,,,,,,,,,,,,,,,,,,,,,,,,,,,,,,,,,,,,,,,,,,,,,,,,,,,,,,,,,,,,,,,,,,,,,,,,,,,,,,,,,,,,,,,,,,,,,,,,,,,,,,,,,,,,,,,,,,,,,,,,,,,,,,,,,,,,,,,,,,,,,,,,,,,,,,,,,,,,,,,,,,,,,,,,,,,,,,,,,,,,,,,,,,,,,Cardiff and Vale University Health Board,,65.87,,,,,,,Cardiff and Vale University Health Board,,62.6,,,,,,,,,,,,,,,,,,,,,,,,,,,,,,,,,,,,,,,,,,,,,,,,,,,,,,,,,,,,,,,,,,,,,,,,,,,,,,,,,,,,,,,,,,,,,,,,
W11000030,,,,,,,,,,,,,,,,,,,,,,,,,,,,,,,,,,,,,,,,,,,,,,,,,,,,,,,,,,,,,,,,,,,,,,,,,,,,,,,,,,,,,,,,,,,,,,,,,,,,,,,,,,,,,,,,,,,,,,,,,,,,,,,,,,,,,,,,,,,,,,,,,,,,,,,,,,,,,,,,,,,,,,,,,,,,,,,,,,,,,,,,,,,,,,,,,,,,,,,,,,,,,,,,,,,,,Cwm Taf Morgannwg University Health Board,,59.59,,,,,,,Cwm Taf Morgannwg University Health Board,,58.3,,,,,,,,,,,,,,,,,,,,,,,,,,,,,,,,,,,,,,,,,,,,,,,,,,,,,,,,,,,,,,,,,,,,,,,,,,,,,,,,,,,,,,,,,,,,,,,,
W11000031,,,,,,,,,,,,,,,,,,,,,,,,,,,,,,,,,,,,,,,,,,,,,,,,,,,,,,,,,,,,,,,,,,,,,,,,,,,,,,,,,,,,,,,,,,,,,,,,,,,,,,,,,,,,,,,,,,,,,,,,,,,,,,,,,,,,,,,,,,,,,,,,,,,,,,,,,,,,,,,,,,,,,,,,,,,,,,,,,,,,,,,,,,,,,,,,,,,,,,,,,,,,,,,,,,,,,Swansea Bay University Health Board,,59.49,,,,,,,Swansea Bay University Health Board,,61.1,,,,,,,,,,,,,,,,,,,,,,,,,,,,,,,,,,,,,,,,,,,,,,,,,,,,,,,,,,,,,,,,,,,,,,,,,,,,,,,,,,,,,,,,,,,,,,,,
W15000001,,,,,,,,,,,,,,,,,,,,,,,,,,,,,,,,,,,,,,,,,,,,,,,,,,,,,,,,,,,,,,,,,,,,,,,,,,,,,,,,,,,,,,,,,,,,,,,,,,,,,,,,,,,,,,,,,,,,,,,,,,,,,,,,,,,,,,,,,,,,,,,,,,,,,,,,,,,,,,,,,,,,,,,,,,,,,,,,,,,,,,,,,,,,,,,,,,,,,,,,,,,,,,,,,,,,,,,,,,,,,,,,,,,,,,,,,,,,,,,,,,,,,,,,,,,,,,,,,,,,,,,,,,,,,,,,,,,,,,,,,,,,,,,,,,,,,,,,,,,,,,,,,,,,,,,,,,,North Wales,8.664022214552958,,,,
W15000002,,,,,,,,,,,,,,,,,,,,,,,,,,,,,,,,,,,,,,,,,,,,,,,,,,,,,,,,,,,,,,,,,,,,,,,,,,,,,,,,,,,,,,,,,,,,,,,,,,,,,,,,,,,,,,,,,,,,,,,,,,,,,,,,,,,,,,,,,,,,,,,,,,,,,,,,,,,,,,,,,,,,,,,,,,,,,,,,,,,,,,,,,,,,,,,,,,,,,,,,,,,,,,,,,,,,,,,,,,,,,,,,,,,,,,,,,,,,,,,,,,,,,,,,,,,,,,,,,,,,,,,,,,,,,,,,,,,,,,,,,,,,,,,,,,,,,,,,,,,,,,,,,,,,,,,,,,,Gwent,8.451656524678837,,,,
W15000003,,,,,,,,,,,,,,,,,,,,,,,,,,,,,,,,,,,,,,,,,,,,,,,,,,,,,,,,,,,,,,,,,,,,,,,,,,,,,,,,,,,,,,,,,,,,,,,,,,,,,,,,,,,,,,,,,,,,,,,,,,,,,,,,,,,,,,,,,,,,,,,,,,,,,,,,,,,,,,,,,,,,,,,,,,,,,,,,,,,,,,,,,,,,,,,,,,,,,,,,,,,,,,,,,,,,,,,,,,,,,,,,,,,,,,,,,,,,,,,,,,,,,,,,,,,,,,,,,,,,,,,,,,,,,,,,,,,,,,,,,,,,,,,,,,,,,,,,,,,,,,,,,,,,,,,,,,,South Wales,6.292236638435498,,,,
W15000004,,,,,,,,,,,,,,,,,,,,,,,,,,,,,,,,,,,,,,,,,,,,,,,,,,,,,,,,,,,,,,,,,,,,,,,,,,,,,,,,,,,,,,,,,,,,,,,,,,,,,,,,,,,,,,,,,,,,,,,,,,,,,,,,,,,,,,,,,,,,,,,,,,,,,,,,,,,,,,,,,,,,,,,,,,,,,,,,,,,,,,,,,,,,,,,,,,,,,,,,,,,,,,,,,,,,,,,,,,,,,,,,,,,,,,,,,,,,,,,,,,,,,,,,,,,,,,,,,,,,,,,,,,,,,,,,,,,,,,,,,,,,,,,,,,,,,,,,,,,,,,,,,,,,,,,,,,,Dyfed-Powys,10.29005742495172,,,,
W42000001,,,,,,,,,,,,,,,,,,,,,,,,,,,,,,,,,,,,,,,,,,,,,,,,,,,,,,,,,,,,,,,,,,,,,,,Cardiff Capital Region,,11472,,,,Cardiff Capital Region,30181.0,,,,,Cardiff Capital Region,12914.0,,,,,,,,,,,,,,,,,,,,,,,,,,,,,,,,,,,,,,,,,,,,,,,,,,,,,,,,,,,,,,,,,,,,,,,,,,,,,,,,,,,,,,,,,,,,,,,,,,,,,,,,,,,,,,,,,,,,,,,,,,,,,,,,,,,,,,,,,,,,,,,,,,,,,,,,,,,,,,,,,,,,,,,,,,,,,,,,,,,,,,,,,,,,,,,,,,,,,,,,,,,,,,,,,,,,,,,,,,,,,,,,,,,,,,,,,,,,
W42000004,,,,,,,,,,,,,,,,,,,,,,,,,,,,,,,,,,,,,,,,,,,,,,,,,,,,,,,,,,,,,,,,,,,,,,,Swansea Bay City Region,,6570,,,,Swansea Bay City Region,4214.0,,,,,Swansea Bay City Region,3052.0,,,,,,,,,,,,,,,,,,,,,,,,,,,,,,,,,,,,,,,,,,,,,,,,,,,,,,,,,,,,,,,,,,,,,,,,,,,,,,,,,,,,,,,,,,,,,,,,,,,,,,,,,,,,,,,,,,,,,,,,,,,,,,,,,,,,,,,,,,,,,,,,,,,,,,,,,,,,,,,,,,,,,,,,,,,,,,,,,,,,,,,,,,,,,,,,,,,,,,,,,,,,,,,,,,,,,,,,,,,,,,,,,,,,,,,,,,,,
W92000004,,,,,,,Wales,,,,540,,,Wales,,,,,74.1,,,,,,Wales,,,,,3.8,,,Wales,,,,18038.0,,,Wales,,,,12090.0,,,Wales,,,,11660.0,,,Wales,,,,104520.0,,,Wales,,,,400.0,,,,,,,,,,,,,,,,,,,,,,Wales,,361.0,,,,,,,,,,,,,,,,,,,,,,,,,,,,,,,,,,,,,,,,,,,,,,,,,,,,,,,,,,,,,,,,,,,,,,,,,,,,,,,,,,,,,,,,,,,,,,,,,,,,,,Wales,,,,,58,,,,,,,,,,,,,Wales,,,,,,62.38,,,Wales,,,,,,61.46,,,Wales,,,,14.1,,,,,,,,,,,,,,,,,,,,,,,,,,,,,,,,,,,,,,,,Wales,,,,7.4,,"coefficient of variation is less than or equal to 5%, estimate is considered precise.",,,Wales,,,,7.69,,"coefficient of variation is less than or equal to 5%, estimate is considered precise.",,,Wales,,,,7.35,,"coefficient of variation is less than or equal to 5%, estimate is considered precise.",,,Wales,,,,3.3,,"coefficient of variation is less than or equal to 5%, estimate is considered precise.",,,,,,,,,Wales,,,7.888784344728789,,,,
na,,,,,,,,,,,,,,,,,,,,,,,,,,,,,,,,,,,,,,,,,,,,,,,,,,,,,,,,,,,,,,,,,,,,,,,Aberdeen City Region,,na,,,,Aberdeen City Region,1828.0,,,,,Aberdeen City Region,10271.0,,,,,,,,,,,,,,,,,,,,,,,,,,,,,,,,,,,,,,,,,,,,,,,,,,,,,,,,,,,,,,,,,,,,,,,,,,,,,,,,,,,,,,,,,,,,,,,,,,,,,,,,,,,,,,,,,,,,,,,,,,,,,,,,,,,,,,,,,,,,,,,,,,,,,,,,,,,,,,,,,,,,,,,,,,,,,,,,,,,,,,,,,,,,,,,,,,,,,,,,,,,,,,,,,,,,,,,,,,,,,,,,,,,,,,,,,,,,
na,,,,,,,,,,,,,,,,,,,,,,,,,,,,,,,,,,,,,,,,,,,,,,,,,,,,,,,,,,,,,,,,,,,,,,,Aberdeen City Region,,na,,,,Aberdeen City Region,1828.0,,,,,Edinburgh and South East Scotland City Region,24227.0,,,,,,,,,,,,,,,,,,,,,,,,,,,,,,,,,,,,,,,,,,,,,,,,,,,,,,,,,,,,,,,,,,,,,,,,,,,,,,,,,,,,,,,,,,,,,,,,,,,,,,,,,,,,,,,,,,,,,,,,,,,,,,,,,,,,,,,,,,,,,,,,,,,,,,,,,,,,,,,,,,,,,,,,,,,,,,,,,,,,,,,,,,,,,,,,,,,,,,,,,,,,,,,,,,,,,,,,,,,,,,,,,,,,,,,,,,,,
na,,,,,,,,,,,,,,,,,,,,,,,,,,,,,,,,,,,,,,,,,,,,,,,,,,,,,,,,,,,,,,,,,,,,,,,Aberdeen City Region,,na,,,,Aberdeen City Region,1828.0,,,,,Glasgow City Region,27470.0,,,,,,,,,,,,,,,,,,,,,,,,,,,,,,,,,,,,,,,,,,,,,,,,,,,,,,,,,,,,,,,,,,,,,,,,,,,,,,,,,,,,,,,,,,,,,,,,,,,,,,,,,,,,,,,,,,,,,,,,,,,,,,,,,,,,,,,,,,,,,,,,,,,,,,,,,,,,,,,,,,,,,,,,,,,,,,,,,,,,,,,,,,,,,,,,,,,,,,,,,,,,,,,,,,,,,,,,,,,,,,,,,,,,,,,,,,,,
na,,,,,,,,,,,,,,,,,,,,,,,,,,,,,,,,,,,,,,,,,,,,,,,,,,,,,,,,,,,,,,,,,,,,,,,Aberdeen City Region,,na,,,,Edinburgh and South East Scotland City Region,23149.0,,,,,Aberdeen City Region,10271.0,,,,,,,,,,,,,,,,,,,,,,,,,,,,,,,,,,,,,,,,,,,,,,,,,,,,,,,,,,,,,,,,,,,,,,,,,,,,,,,,,,,,,,,,,,,,,,,,,,,,,,,,,,,,,,,,,,,,,,,,,,,,,,,,,,,,,,,,,,,,,,,,,,,,,,,,,,,,,,,,,,,,,,,,,,,,,,,,,,,,,,,,,,,,,,,,,,,,,,,,,,,,,,,,,,,,,,,,,,,,,,,,,,,,,,,,,,,,
na,,,,,,,,,,,,,,,,,,,,,,,,,,,,,,,,,,,,,,,,,,,,,,,,,,,,,,,,,,,,,,,,,,,,,,,Aberdeen City Region,,na,,,,Edinburgh and South East Scotland City Region,23149.0,,,,,Edinburgh and South East Scotland City Region,24227.0,,,,,,,,,,,,,,,,,,,,,,,,,,,,,,,,,,,,,,,,,,,,,,,,,,,,,,,,,,,,,,,,,,,,,,,,,,,,,,,,,,,,,,,,,,,,,,,,,,,,,,,,,,,,,,,,,,,,,,,,,,,,,,,,,,,,,,,,,,,,,,,,,,,,,,,,,,,,,,,,,,,,,,,,,,,,,,,,,,,,,,,,,,,,,,,,,,,,,,,,,,,,,,,,,,,,,,,,,,,,,,,,,,,,,,,,,,,,
na,,,,,,,,,,,,,,,,,,,,,,,,,,,,,,,,,,,,,,,,,,,,,,,,,,,,,,,,,,,,,,,,,,,,,,,Aberdeen City Region,,na,,,,Edinburgh and South East Scotland City Region,23149.0,,,,,Glasgow City Region,27470.0,,,,,,,,,,,,,,,,,,,,,,,,,,,,,,,,,,,,,,,,,,,,,,,,,,,,,,,,,,,,,,,,,,,,,,,,,,,,,,,,,,,,,,,,,,,,,,,,,,,,,,,,,,,,,,,,,,,,,,,,,,,,,,,,,,,,,,,,,,,,,,,,,,,,,,,,,,,,,,,,,,,,,,,,,,,,,,,,,,,,,,,,,,,,,,,,,,,,,,,,,,,,,,,,,,,,,,,,,,,,,,,,,,,,,,,,,,,,
na,,,,,,,,,,,,,,,,,,,,,,,,,,,,,,,,,,,,,,,,,,,,,,,,,,,,,,,,,,,,,,,,,,,,,,,Aberdeen City Region,,na,,,,Glasgow City Region,29328.0,,,,,Aberdeen City Region,10271.0,,,,,,,,,,,,,,,,,,,,,,,,,,,,,,,,,,,,,,,,,,,,,,,,,,,,,,,,,,,,,,,,,,,,,,,,,,,,,,,,,,,,,,,,,,,,,,,,,,,,,,,,,,,,,,,,,,,,,,,,,,,,,,,,,,,,,,,,,,,,,,,,,,,,,,,,,,,,,,,,,,,,,,,,,,,,,,,,,,,,,,,,,,,,,,,,,,,,,,,,,,,,,,,,,,,,,,,,,,,,,,,,,,,,,,,,,,,,
na,,,,,,,,,,,,,,,,,,,,,,,,,,,,,,,,,,,,,,,,,,,,,,,,,,,,,,,,,,,,,,,,,,,,,,,Aberdeen City Region,,na,,,,Glasgow City Region,29328.0,,,,,Edinburgh and South East Scotland City Region,24227.0,,,,,,,,,,,,,,,,,,,,,,,,,,,,,,,,,,,,,,,,,,,,,,,,,,,,,,,,,,,,,,,,,,,,,,,,,,,,,,,,,,,,,,,,,,,,,,,,,,,,,,,,,,,,,,,,,,,,,,,,,,,,,,,,,,,,,,,,,,,,,,,,,,,,,,,,,,,,,,,,,,,,,,,,,,,,,,,,,,,,,,,,,,,,,,,,,,,,,,,,,,,,,,,,,,,,,,,,,,,,,,,,,,,,,,,,,,,,
na,,,,,,,,,,,,,,,,,,,,,,,,,,,,,,,,,,,,,,,,,,,,,,,,,,,,,,,,,,,,,,,,,,,,,,,Aberdeen City Region,,na,,,,Glasgow City Region,29328.0,,,,,Glasgow City Region,27470.0,,,,,,,,,,,,,,,,,,,,,,,,,,,,,,,,,,,,,,,,,,,,,,,,,,,,,,,,,,,,,,,,,,,,,,,,,,,,,,,,,,,,,,,,,,,,,,,,,,,,,,,,,,,,,,,,,,,,,,,,,,,,,,,,,,,,,,,,,,,,,,,,,,,,,,,,,,,,,,,,,,,,,,,,,,,,,,,,,,,,,,,,,,,,,,,,,,,,,,,,,,,,,,,,,,,,,,,,,,,,,,,,,,,,,,,,,,,,
na,,,,,,,,,,,,,,,,,,,,,,,,,,,,,,,,,,,,,,,,,,,,,,,,,,,,,,,,,,,,,,,,,,,,,,,Edinburgh and South East Scotland City Region,,13765,,,,Aberdeen City Region,1828.0,,,,,Aberdeen City Region,10271.0,,,,,,,,,,,,,,,,,,,,,,,,,,,,,,,,,,,,,,,,,,,,,,,,,,,,,,,,,,,,,,,,,,,,,,,,,,,,,,,,,,,,,,,,,,,,,,,,,,,,,,,,,,,,,,,,,,,,,,,,,,,,,,,,,,,,,,,,,,,,,,,,,,,,,,,,,,,,,,,,,,,,,,,,,,,,,,,,,,,,,,,,,,,,,,,,,,,,,,,,,,,,,,,,,,,,,,,,,,,,,,,,,,,,,,,,,,,,
na,,,,,,,,,,,,,,,,,,,,,,,,,,,,,,,,,,,,,,,,,,,,,,,,,,,,,,,,,,,,,,,,,,,,,,,Edinburgh and South East Scotland City Region,,13765,,,,Aberdeen City Region,1828.0,,,,,Edinburgh and South East Scotland City Region,24227.0,,,,,,,,,,,,,,,,,,,,,,,,,,,,,,,,,,,,,,,,,,,,,,,,,,,,,,,,,,,,,,,,,,,,,,,,,,,,,,,,,,,,,,,,,,,,,,,,,,,,,,,,,,,,,,,,,,,,,,,,,,,,,,,,,,,,,,,,,,,,,,,,,,,,,,,,,,,,,,,,,,,,,,,,,,,,,,,,,,,,,,,,,,,,,,,,,,,,,,,,,,,,,,,,,,,,,,,,,,,,,,,,,,,,,,,,,,,,
na,,,,,,,,,,,,,,,,,,,,,,,,,,,,,,,,,,,,,,,,,,,,,,,,,,,,,,,,,,,,,,,,,,,,,,,Edinburgh and South East Scotland City Region,,13765,,,,Aberdeen City Region,1828.0,,,,,Glasgow City Region,27470.0,,,,,,,,,,,,,,,,,,,,,,,,,,,,,,,,,,,,,,,,,,,,,,,,,,,,,,,,,,,,,,,,,,,,,,,,,,,,,,,,,,,,,,,,,,,,,,,,,,,,,,,,,,,,,,,,,,,,,,,,,,,,,,,,,,,,,,,,,,,,,,,,,,,,,,,,,,,,,,,,,,,,,,,,,,,,,,,,,,,,,,,,,,,,,,,,,,,,,,,,,,,,,,,,,,,,,,,,,,,,,,,,,,,,,,,,,,,,
na,,,,,,,,,,,,,,,,,,,,,,,,,,,,,,,,,,,,,,,,,,,,,,,,,,,,,,,,,,,,,,,,,,,,,,,Edinburgh and South East Scotland City Region,,13765,,,,Edinburgh and South East Scotland City Region,23149.0,,,,,Aberdeen City Region,10271.0,,,,,,,,,,,,,,,,,,,,,,,,,,,,,,,,,,,,,,,,,,,,,,,,,,,,,,,,,,,,,,,,,,,,,,,,,,,,,,,,,,,,,,,,,,,,,,,,,,,,,,,,,,,,,,,,,,,,,,,,,,,,,,,,,,,,,,,,,,,,,,,,,,,,,,,,,,,,,,,,,,,,,,,,,,,,,,,,,,,,,,,,,,,,,,,,,,,,,,,,,,,,,,,,,,,,,,,,,,,,,,,,,,,,,,,,,,,,
na,,,,,,,,,,,,,,,,,,,,,,,,,,,,,,,,,,,,,,,,,,,,,,,,,,,,,,,,,,,,,,,,,,,,,,,Edinburgh and South East Scotland City Region,,13765,,,,Edinburgh and South East Scotland City Region,23149.0,,,,,Edinburgh and South East Scotland City Region,24227.0,,,,,,,,,,,,,,,,,,,,,,,,,,,,,,,,,,,,,,,,,,,,,,,,,,,,,,,,,,,,,,,,,,,,,,,,,,,,,,,,,,,,,,,,,,,,,,,,,,,,,,,,,,,,,,,,,,,,,,,,,,,,,,,,,,,,,,,,,,,,,,,,,,,,,,,,,,,,,,,,,,,,,,,,,,,,,,,,,,,,,,,,,,,,,,,,,,,,,,,,,,,,,,,,,,,,,,,,,,,,,,,,,,,,,,,,,,,,
na,,,,,,,,,,,,,,,,,,,,,,,,,,,,,,,,,,,,,,,,,,,,,,,,,,,,,,,,,,,,,,,,,,,,,,,Edinburgh and South East Scotland City Region,,13765,,,,Edinburgh and South East Scotland City Region,23149.0,,,,,Glasgow City Region,27470.0,,,,,,,,,,,,,,,,,,,,,,,,,,,,,,,,,,,,,,,,,,,,,,,,,,,,,,,,,,,,,,,,,,,,,,,,,,,,,,,,,,,,,,,,,,,,,,,,,,,,,,,,,,,,,,,,,,,,,,,,,,,,,,,,,,,,,,,,,,,,,,,,,,,,,,,,,,,,,,,,,,,,,,,,,,,,,,,,,,,,,,,,,,,,,,,,,,,,,,,,,,,,,,,,,,,,,,,,,,,,,,,,,,,,,,,,,,,,
na,,,,,,,,,,,,,,,,,,,,,,,,,,,,,,,,,,,,,,,,,,,,,,,,,,,,,,,,,,,,,,,,,,,,,,,Edinburgh and South East Scotland City Region,,13765,,,,Glasgow City Region,29328.0,,,,,Aberdeen City Region,10271.0,,,,,,,,,,,,,,,,,,,,,,,,,,,,,,,,,,,,,,,,,,,,,,,,,,,,,,,,,,,,,,,,,,,,,,,,,,,,,,,,,,,,,,,,,,,,,,,,,,,,,,,,,,,,,,,,,,,,,,,,,,,,,,,,,,,,,,,,,,,,,,,,,,,,,,,,,,,,,,,,,,,,,,,,,,,,,,,,,,,,,,,,,,,,,,,,,,,,,,,,,,,,,,,,,,,,,,,,,,,,,,,,,,,,,,,,,,,,
na,,,,,,,,,,,,,,,,,,,,,,,,,,,,,,,,,,,,,,,,,,,,,,,,,,,,,,,,,,,,,,,,,,,,,,,Edinburgh and South East Scotland City Region,,13765,,,,Glasgow City Region,29328.0,,,,,Edinburgh and South East Scotland City Region,24227.0,,,,,,,,,,,,,,,,,,,,,,,,,,,,,,,,,,,,,,,,,,,,,,,,,,,,,,,,,,,,,,,,,,,,,,,,,,,,,,,,,,,,,,,,,,,,,,,,,,,,,,,,,,,,,,,,,,,,,,,,,,,,,,,,,,,,,,,,,,,,,,,,,,,,,,,,,,,,,,,,,,,,,,,,,,,,,,,,,,,,,,,,,,,,,,,,,,,,,,,,,,,,,,,,,,,,,,,,,,,,,,,,,,,,,,,,,,,,
na,,,,,,,,,,,,,,,,,,,,,,,,,,,,,,,,,,,,,,,,,,,,,,,,,,,,,,,,,,,,,,,,,,,,,,,Edinburgh and South East Scotland City Region,,13765,,,,Glasgow City Region,29328.0,,,,,Glasgow City Region,27470.0,,,,,,,,,,,,,,,,,,,,,,,,,,,,,,,,,,,,,,,,,,,,,,,,,,,,,,,,,,,,,,,,,,,,,,,,,,,,,,,,,,,,,,,,,,,,,,,,,,,,,,,,,,,,,,,,,,,,,,,,,,,,,,,,,,,,,,,,,,,,,,,,,,,,,,,,,,,,,,,,,,,,,,,,,,,,,,,,,,,,,,,,,,,,,,,,,,,,,,,,,,,,,,,,,,,,,,,,,,,,,,,,,,,,,,,,,,,,
na,,,,,,,,,,,,,,,,,,,,,,,,,,,,,,,,,,,,,,,,,,,,,,,,,,,,,,,,,,,,,,,,,,,,,,,Glasgow City Region,,14273,,,,Aberdeen City Region,1828.0,,,,,Aberdeen City Region,10271.0,,,,,,,,,,,,,,,,,,,,,,,,,,,,,,,,,,,,,,,,,,,,,,,,,,,,,,,,,,,,,,,,,,,,,,,,,,,,,,,,,,,,,,,,,,,,,,,,,,,,,,,,,,,,,,,,,,,,,,,,,,,,,,,,,,,,,,,,,,,,,,,,,,,,,,,,,,,,,,,,,,,,,,,,,,,,,,,,,,,,,,,,,,,,,,,,,,,,,,,,,,,,,,,,,,,,,,,,,,,,,,,,,,,,,,,,,,,,
na,,,,,,,,,,,,,,,,,,,,,,,,,,,,,,,,,,,,,,,,,,,,,,,,,,,,,,,,,,,,,,,,,,,,,,,Glasgow City Region,,14273,,,,Aberdeen City Region,1828.0,,,,,Edinburgh and South East Scotland City Region,24227.0,,,,,,,,,,,,,,,,,,,,,,,,,,,,,,,,,,,,,,,,,,,,,,,,,,,,,,,,,,,,,,,,,,,,,,,,,,,,,,,,,,,,,,,,,,,,,,,,,,,,,,,,,,,,,,,,,,,,,,,,,,,,,,,,,,,,,,,,,,,,,,,,,,,,,,,,,,,,,,,,,,,,,,,,,,,,,,,,,,,,,,,,,,,,,,,,,,,,,,,,,,,,,,,,,,,,,,,,,,,,,,,,,,,,,,,,,,,,
na,,,,,,,,,,,,,,,,,,,,,,,,,,,,,,,,,,,,,,,,,,,,,,,,,,,,,,,,,,,,,,,,,,,,,,,Glasgow City Region,,14273,,,,Aberdeen City Region,1828.0,,,,,Glasgow City Region,27470.0,,,,,,,,,,,,,,,,,,,,,,,,,,,,,,,,,,,,,,,,,,,,,,,,,,,,,,,,,,,,,,,,,,,,,,,,,,,,,,,,,,,,,,,,,,,,,,,,,,,,,,,,,,,,,,,,,,,,,,,,,,,,,,,,,,,,,,,,,,,,,,,,,,,,,,,,,,,,,,,,,,,,,,,,,,,,,,,,,,,,,,,,,,,,,,,,,,,,,,,,,,,,,,,,,,,,,,,,,,,,,,,,,,,,,,,,,,,,
na,,,,,,,,,,,,,,,,,,,,,,,,,,,,,,,,,,,,,,,,,,,,,,,,,,,,,,,,,,,,,,,,,,,,,,,Glasgow City Region,,14273,,,,Edinburgh and South East Scotland City Region,23149.0,,,,,Aberdeen City Region,10271.0,,,,,,,,,,,,,,,,,,,,,,,,,,,,,,,,,,,,,,,,,,,,,,,,,,,,,,,,,,,,,,,,,,,,,,,,,,,,,,,,,,,,,,,,,,,,,,,,,,,,,,,,,,,,,,,,,,,,,,,,,,,,,,,,,,,,,,,,,,,,,,,,,,,,,,,,,,,,,,,,,,,,,,,,,,,,,,,,,,,,,,,,,,,,,,,,,,,,,,,,,,,,,,,,,,,,,,,,,,,,,,,,,,,,,,,,,,,,
na,,,,,,,,,,,,,,,,,,,,,,,,,,,,,,,,,,,,,,,,,,,,,,,,,,,,,,,,,,,,,,,,,,,,,,,Glasgow City Region,,14273,,,,Edinburgh and South East Scotland City Region,23149.0,,,,,Edinburgh and South East Scotland City Region,24227.0,,,,,,,,,,,,,,,,,,,,,,,,,,,,,,,,,,,,,,,,,,,,,,,,,,,,,,,,,,,,,,,,,,,,,,,,,,,,,,,,,,,,,,,,,,,,,,,,,,,,,,,,,,,,,,,,,,,,,,,,,,,,,,,,,,,,,,,,,,,,,,,,,,,,,,,,,,,,,,,,,,,,,,,,,,,,,,,,,,,,,,,,,,,,,,,,,,,,,,,,,,,,,,,,,,,,,,,,,,,,,,,,,,,,,,,,,,,,
na,,,,,,,,,,,,,,,,,,,,,,,,,,,,,,,,,,,,,,,,,,,,,,,,,,,,,,,,,,,,,,,,,,,,,,,Glasgow City Region,,14273,,,,Edinburgh and South East Scotland City Region,23149.0,,,,,Glasgow City Region,27470.0,,,,,,,,,,,,,,,,,,,,,,,,,,,,,,,,,,,,,,,,,,,,,,,,,,,,,,,,,,,,,,,,,,,,,,,,,,,,,,,,,,,,,,,,,,,,,,,,,,,,,,,,,,,,,,,,,,,,,,,,,,,,,,,,,,,,,,,,,,,,,,,,,,,,,,,,,,,,,,,,,,,,,,,,,,,,,,,,,,,,,,,,,,,,,,,,,,,,,,,,,,,,,,,,,,,,,,,,,,,,,,,,,,,,,,,,,,,,
na,,,,,,,,,,,,,,,,,,,,,,,,,,,,,,,,,,,,,,,,,,,,,,,,,,,,,,,,,,,,,,,,,,,,,,,Glasgow City Region,,14273,,,,Glasgow City Region,29328.0,,,,,Aberdeen City Region,10271.0,,,,,,,,,,,,,,,,,,,,,,,,,,,,,,,,,,,,,,,,,,,,,,,,,,,,,,,,,,,,,,,,,,,,,,,,,,,,,,,,,,,,,,,,,,,,,,,,,,,,,,,,,,,,,,,,,,,,,,,,,,,,,,,,,,,,,,,,,,,,,,,,,,,,,,,,,,,,,,,,,,,,,,,,,,,,,,,,,,,,,,,,,,,,,,,,,,,,,,,,,,,,,,,,,,,,,,,,,,,,,,,,,,,,,,,,,,,,
na,,,,,,,,,,,,,,,,,,,,,,,,,,,,,,,,,,,,,,,,,,,,,,,,,,,,,,,,,,,,,,,,,,,,,,,Glasgow City Region,,14273,,,,Glasgow City Region,29328.0,,,,,Edinburgh and South East Scotland City Region,24227.0,,,,,,,,,,,,,,,,,,,,,,,,,,,,,,,,,,,,,,,,,,,,,,,,,,,,,,,,,,,,,,,,,,,,,,,,,,,,,,,,,,,,,,,,,,,,,,,,,,,,,,,,,,,,,,,,,,,,,,,,,,,,,,,,,,,,,,,,,,,,,,,,,,,,,,,,,,,,,,,,,,,,,,,,,,,,,,,,,,,,,,,,,,,,,,,,,,,,,,,,,,,,,,,,,,,,,,,,,,,,,,,,,,,,,,,,,,,,
na,,,,,,,,,,,,,,,,,,,,,,,,,,,,,,,,,,,,,,,,,,,,,,,,,,,,,,,,,,,,,,,,,,,,,,,Glasgow City Region,,14273,,,,Glasgow City Region,29328.0,,,,,Glasgow City Region,27470.0,,,,,,,,,,,,,,,,,,,,,,,,,,,,,,,,,,,,,,,,,,,,,,,,,,,,,,,,,,,,,,,,,,,,,,,,,,,,,,,,,,,,,,,,,,,,,,,,,,,,,,,,,,,,,,,,,,,,,,,,,,,,,,,,,,,,,,,,,,,,,,,,,,,,,,,,,,,,,,,,,,,,,,,,,,,,,,,,,,,,,,,,,,,,,,,,,,,,,,,,,,,,,,,,,,,,,,,,,,,,,,,,,,,,,,,,,,,,
